{"props": {"pageProps": {"initialState": {"route": {"locationBeforeTransitions": {"pathname": "/imovel/892790378/alugar/apartamento-2-quartos-paraiso-sao-paulo", "search": "", "hash": "", "action": "POP", "query": {}}, "topLevelRouteName": "house details", "businessContext": "RENT", "favoriteListsBusinessContext": "RENT"}, "router": {"location": {"href": "/", "pathname": "/", "search": "", "hash": ""}}, "progress": {"pendingRequests": -1}, "login": {"response": {}, "user": {"isLoggedIn": false, "id": 0, "agentId": 0, "hashId": "", "sessionId": null, "name": "", "email": "", "maskedEmail": "", "jwt": {"app": "", "firebase": ""}, "phone": {"countryCode": "+55", "areaCode": "", "phoneNumber": ""}, "country": "BR", "channel": "", "isPhoneRegistered": false, "acceptWhatsapp": true, "hasDocument": false, "isPartner": false}, "accountForm": {}, "redirectUrl": "", "isRequestOngoing": false}, "captcha": {"token": "", "hasLoadedRemoteConfig": false, "provider": "", "friction": "low", "unavailableCountriesCode": []}, "supportedCities": [], "inAppMessages": {"biomaSurvey": {"isOpen": false, "formId": null, "data": {"opaque": true}}}, "metaData": {"similar_houses_clicked": []}, "appData": {"device": {"type": "desktop", "isSearchEngineCrawler": false}, "experiments": "X-AB-Test=ab_exposed_filter_sale_desktop:1,ab_exposed_filter_sale_v1:1,ab_exposed_filters:1,ab_load_more_v0:-1,ab_new_house_card_v2:0,ab_new_rent_listing_phase2:0,ab_profiling_create_alert_filters:0,ab_scheduling_step_by_step_v1:1,ab_show_floor_sale:0,ab_street_search_retrieval_v1:0"}, "house": {"houseInfo": {"id": "892790378", "displayId": "90378", "bedrooms": 2, "city": "S\u00e3o Paulo", "cityId": 39, "bathrooms": 1, "iptu": 101, "amenities": [{"key": "BANHEIRA_DE_HIDROMASSAGEM", "text": "Banheira", "value": "NAO", "optional": false}, {"key": "BOX", "text": "Box", "value": "SIM", "optional": false}, {"key": "VARANDA", "text": "Varanda", "value": "NAO", "optional": false}, {"key": "PISCINA_PRIVATIVA", "text": "Piscina privativa", "value": "NAO", "optional": false}, {"key": "ARMARIOS_EMBUTIDOS_NO_QUARTO", "text": "Arm\u00e1rios no quarto", "value": "SIM", "optional": false}, {"key": "ARMARIOS_NOS_BANHEIROS", "text": "Arm\u00e1rios no banheiro", "value": "SIM", "optional": false}, {"key": "ARMARIOS_NA_COZINHA", "text": "Arm\u00e1rios na cozinha", "value": "SIM", "optional": false}, {"key": "AR_CONDICIONADO", "text": "Ar condicionado", "value": "NAO", "optional": false}, {"key": "CHUVEIRO_A_GAS", "text": "Chuveiro a g\u00e1s", "value": "NAO", "optional": false}, {"key": "QUARTO_DE_SERVICO", "text": "Quarto de servi\u00e7o", "value": "NAO", "optional": false}, {"key": "BANHEIRO_DE_SERVICO", "text": "Banheiro de servi\u00e7o", "value": "NAO", "optional": false}, {"key": "VARANDA_GOURMET", "text": "Varanda gourmet", "value": "NAO", "optional": false}, {"key": "APARTAMENTO_COBERTURA", "text": "Apartamento cobertura", "value": "NAO", "optional": false}, {"key": "QUARTO_EXTRA_REVERSIVEL", "text": "Quarto extra revers\u00edvel", "value": "NAO", "optional": false}, {"key": "FOGAO_INCLUSO", "text": "Fog\u00e3o", "value": "NAO", "optional": false}, {"key": "GELADEIRA_INCLUSO", "text": "Geladeira", "value": "NAO", "optional": false}, {"key": "BANHEIRO_ADAPTADO", "text": "Banheiro adaptado", "value": "NAO", "optional": false}, {"key": "CLOSET", "text": "Closet", "value": "NAO", "optional": false}, {"key": "COZINHA_AMERICANA", "text": "Cozinha americana", "value": "NAO_INFORMADO", "optional": false}, {"key": "MESAS_E_CADEIRAS_DE_ESCRITORIO", "text": "Mesas e cadeiras de escrit\u00f3rio", "value": "NAO", "optional": false}, {"key": "JARDIM", "text": "Jardim", "value": "NAO", "optional": false}, {"key": "QUARTOS_E_CORREDORES_COM_PORTAS_AMPLAS", "text": "Quartos e corredores com portas amplas", "value": "NAO", "optional": false}, {"key": "QUINTAL", "text": "Quintal", "value": "NAO", "optional": false}, {"key": "SOMENTE_UMA_CASA_NO_TERRENO", "text": "Somente uma casa no terreno", "value": "NAO", "optional": false}, {"key": "AREA_DE_SERVICO", "text": "\u00c1rea de servi\u00e7o", "value": "SIM", "optional": false}], "comfortCommodities": [{"key": "BANHEIRA_DE_HIDROMASSAGEM", "text": "Banheira", "value": "NAO", "optional": false}, {"key": "PISCINA_PRIVATIVA", "text": "Piscina privativa", "value": "NAO", "optional": false}, {"key": "AR_CONDICIONADO", "text": "Ar condicionado", "value": "NAO", "optional": false}, {"key": "SOL_DA_MANHA", "text": "Sol da manh\u00e3", "value": "NAO", "optional": false}, {"key": "SOL_DA_TARDE", "text": "Sol da tarde", "value": "NAO", "optional": false}, {"key": "CORTINAS_BLACK_OUT", "text": "Cortinas corta luz", "value": "NAO_INFORMADO", "optional": false}, {"key": "CORTINAS_DECORATIVAS", "text": "Cortina transl\u00facida", "value": "NAO_INFORMADO", "optional": false}, {"key": "JANELA_ANTI_RUIDO", "text": "Janela anti-ru\u00eddo", "value": "NAO_INFORMADO", "optional": false}, {"key": "VENTILADOR_DE_TETO", "text": "Ventilador de teto", "value": "NAO", "optional": false}, {"key": "LUMINOSIDADE_NATURAL", "text": "Janelas grandes", "value": "NAO_INFORMADO", "optional": false}, {"key": "VISTA_LIVRE", "text": "Vista livre", "value": "NAO", "optional": false}, {"key": "RUA_SILENCIOSA", "text": "Rua silenciosa", "value": "NAO", "optional": false}], "practicalityCommodities": [{"key": "BOX", "text": "Box", "value": "SIM", "optional": false}, {"key": "ARMARIOS_EMBUTIDOS_NO_QUARTO", "text": "Arm\u00e1rios no quarto", "value": "SIM", "optional": false}, {"key": "ARMARIOS_NOS_BANHEIROS", "text": "Arm\u00e1rios no banheiro", "value": "SIM", "optional": false}, {"key": "ARMARIOS_NA_COZINHA", "text": "Arm\u00e1rios na cozinha", "value": "SIM", "optional": false}, {"key": "CHUVEIRO_A_GAS", "text": "Chuveiro a g\u00e1s", "value": "NAO", "optional": false}, {"key": "FOGAO_INCLUSO", "text": "Fog\u00e3o", "value": "NAO", "optional": false}, {"key": "GELADEIRA_INCLUSO", "text": "Geladeira", "value": "NAO", "optional": false}, {"key": "CHUVEIRO_ELETRICO", "text": "Chuveiro el\u00e9trico", "value": "NAO", "optional": false}, {"key": "MICROONDAS", "text": "Microondas", "value": "NAO", "optional": false}, {"key": "SOFA", "text": "Sof\u00e1", "value": "NAO", "optional": false}, {"key": "MAQUINA_DE_LAVAR", "text": "M\u00e1quina de lavar", "value": "NAO", "optional": false}, {"key": "TANQUE", "text": "Tanque", "value": "NAO", "optional": false}, {"key": "REDE_DE_PROTECAO", "text": "Tela nas janelas", "value": "NAO_INFORMADO", "optional": false}, {"key": "VARAL_DE_ROUPAS", "text": "Varal de roupas", "value": "NAO_INFORMADO", "optional": false}, {"key": "TOMADAS_NOVAS", "text": "Tomadas 3 pinos", "value": "NAO_INFORMADO", "optional": false}, {"key": "TELEVISAO", "text": "Televis\u00e3o", "value": "NAO_INFORMADO", "optional": false}, {"key": "MESAS_E_CADEIRAS_DE_JANTAR", "text": "Mesas e cadeiras de jantar", "value": "NAO", "optional": false}, {"key": "CHURRASQUEIRA", "text": "Churrasqueira", "value": "NAO", "optional": false}, {"key": "ACESSO_SEM_DEGRAUS", "text": "Acesso sem degraus", "value": "NAO_INFORMADO", "optional": false}, {"key": "COOKTOP", "text": "Fog\u00e3o cooktop", "value": "NAO", "optional": false}, {"key": "UTENSILIOS_DE_COZINHA", "text": "Utens\u00edlios de cozinha", "value": "NAO_INFORMADO", "optional": false}, {"key": "CAMA_DE_CASAL", "text": "Cama de casal", "value": "NAO", "optional": false}, {"key": "CAMA_DE_SOLTEIRO", "text": "Cama de solteiro", "value": "NAO", "optional": false}, {"key": "ESPELHO_NO_BANHEIRO", "text": "Espelho no banheiro", "value": "NAO_INFORMADO", "optional": false}, {"key": "FECHADURA_ELETRONICA", "text": "Fechadura eletr\u00f4nica", "value": "NAO_INFORMADO", "optional": false}, {"key": "ENERGIA", "text": "Energia no im\u00f3vel", "value": "NAO_INFORMADO", "optional": false}], "area": 50, "installations": [{"key": "PLAYGROUND", "text": "Playground", "value": "NAO"}, {"key": "PISCINA", "text": "Piscina", "value": "NAO"}, {"key": "CHURRASQUEIRA", "text": "Churrasqueira", "value": "NAO"}, {"key": "QUADRA_ESPORTIVA", "text": "Quadra esportiva", "value": "NAO"}, {"key": "ACADEMIA", "text": "Academia", "value": "NAO"}, {"key": "SALAO_DE_FESTAS", "text": "Sal\u00e3o de festas", "value": "NAO"}, {"key": "SAUNA", "text": "Sauna", "value": "NAO"}, {"key": "LAVANDERIA_NO_PREDIO", "text": "Lavanderia no pr\u00e9dio", "value": "NAO"}, {"key": "GAS_ENCANADO", "text": "G\u00e1s encanado", "value": "SIM"}, {"key": "ESPACO_GOURMET_NA_AREA_COMUM", "text": "Espa\u00e7o gourmet na \u00e1rea comum", "value": "NAO"}, {"key": "BRINQUEDOTECA", "text": "Brinquedoteca", "value": "NAO_INFORMADO"}, {"key": "CORRIMAO", "text": "Corrim\u00e3o", "value": "NAO_INFORMADO"}, {"key": "PISO_TATIL", "text": "Piso t\u00e1til", "value": "NAO_INFORMADO"}, {"key": "RAMPAS_DE_ACESSO", "text": "Rampas de acesso", "value": "NAO_INFORMADO"}, {"key": "SALAO_DE_JOGOS", "text": "Sal\u00e3o de jogos", "value": "NAO_INFORMADO"}, {"key": "VAGA_DE_GARAGEM_ACESSIVEL", "text": "Vaga de garagem acess\u00edvel", "value": "NAO_INFORMADO"}, {"key": "AREA_VERDE", "text": "\u00c1rea verde", "value": "NAO_INFORMADO"}, {"key": "Elevador", "value": "SIM"}, {"key": "Porteiro24H", "value": "SIM"}], "rentPrice": 3190, "condoPrice": 1019, "condoType": "Normal", "region": {"name": "Para\u00edso", "hub": {"loading": "UNSET", "enabled": false, "abSecretariat": false, "isPrimaryMarket": false}, "id": 1329}, "type": "Apartamento", "iptuType": "Normal", "totalCost": 4433, "parkingSpaces": 1, "address": {"street": "Rua Ab\u00edlio Soares", "neighborhood": "Para\u00edso", "city": "S\u00e3o Paulo", "zipCode": "04005-003", "stateName": "S\u00e3o Paulo", "stateAcronym": "SP", "lat": -23.5772661, "lng": -46.6505307, "countryName": "Brasil", "countryCode": "BR", "country": "Brasil"}, "floor": 14, "homeProtection": 41, "remarks": "2 quartos!!! Apartamento charmoso, alto, vista linda, super bem localizado: da pra ir a p\u00e9 para o Parque do Ibirapuera e a p\u00e9  para o Metro Para\u00edso. Supermercado Hirota do lado, na mesma ca\u00e7ada, 50m. Farm\u00e1cia, com\u00e9rcio, restaurantes, tudo pertinho! Muitas op\u00e7\u00f5es de transporte p\u00fablico e ao mesmo tempo silencioso a noite!\nO apartamento tem excelente ilumina\u00e7\u00e3o natural e est\u00e1 vazio.", "furniture": "O apto tem arm\u00e1rios nos 2 quartos, na cozinha e no banheiro. Tem 2 suportes para TV e cortina rolon na sala. Tem tamb\u00e9m prateleiras na \u00e1rea de servi\u00e7o", "acceptsPets": true, "hasFurniture": false, "isNearSubway": false, "placesNearby": [{"name": "Minds", "type": "SCHOOL", "slug": "minds-paraiso-sao-paulo-sp"}, {"name": "Est\u00e1dio \u00cdcaro de Castro Melo", "type": "STADIUM", "slug": "estadio-\u00edcaro-de-castro-melo-paraiso-sao-paulo-sp"}, {"name": "Belas Artes - Campus 3", "type": "UNIVERSITY_OR_COLLEGE", "slug": "belas-artes-unidade-3-jose-antonio-coelho-sao-paulo-sp"}, {"name": "Escola Santi", "type": "SCHOOL", "slug": "escola-santi-paraiso-sao-paulo-sp"}, {"name": "Pra\u00e7a Eisenhower", "type": "PARK_OR_GREEN_AREA", "slug": "praca-eisenhower-paraiso-sao-paulo-sp"}, {"name": "Escola Mundial de L\u00ednguas", "type": "SCHOOL", "slug": "escola-mundial-de-linguas-vila-mariana-sao-paulo-sp"}, {"name": "Supletivo e cursos t\u00e9cnicos Inaci", "type": "SCHOOL", "slug": "supletivo-e-cursos-tecnicos-inaci-paraiso-sao-paulo-sp"}, {"name": "Pra\u00e7a Ayrton Senna do Brasil", "type": "PARK_OR_GREEN_AREA", "slug": "praca-ayrton-senna-do-brasil-paraiso-sao-paulo-sp"}, {"name": "Santa Maria", "type": "HOSPITAL", "slug": "santa-maria-paraiso-sao-paulo-sp"}, {"name": "Escola do Vinho", "type": "SCHOOL", "slug": "escola-do-vinho-paraiso-sao-paulo-sp"}, {"name": "Escola Pipoquinha", "type": "SCHOOL", "slug": "escola-pipoquinha-jardim-paulista-sao-paulo-sp"}, {"name": "Col\u00e9gio Bandeirantes", "type": "SCHOOL", "slug": "colegio-bandeirantes-vila-mariana-sao-paulo-sp"}, {"name": "Col\u00e9gio Esta\u00e7\u00e3o Fundamental", "type": "SCHOOL", "slug": "colegio-estacao-fundamental-vila-mariana-sao-paulo-sp"}, {"name": "Escola de Yoga", "type": "SCHOOL", "slug": "escola-de-yoga-paraiso-sao-paulo-sp"}, {"name": "Hcor", "type": "HOSPITAL", "slug": "hcor-paraiso-sao-paulo-sp"}, {"name": "Sesc Vila Mariana", "type": "MUSEUM_THEATRE_OR_CONCERT_HALL", "slug": "sesc-vila-mariana-vila-mariana-sao-paulo-sp"}, {"name": "Incenna Escola de Teatro, TV e Cinema", "type": "UNIVERSITY_OR_COLLEGE", "slug": "incenna-escola-de-teatro-tv-e-cinema-vila-mariana-sao-paulo-sp"}, {"name": "Escola de idiomas", "type": "SCHOOL", "slug": "escola-de-idiomas-jardim-paulista-sao-paulo-sp"}, {"name": "Escola Kumon", "type": "SCHOOL", "slug": "escola-kumon-jardim-paulista-sao-paulo-sp"}, {"name": "Ita\u00fa Cultural", "type": "MUSEUM_THEATRE_OR_CONCERT_HALL", "slug": "itau-cultural-bela-vista-sao-paulo-sp"}, {"name": "Escola Estadual Rodrigues Alves", "type": "SCHOOL", "slug": "escola-estadual-rodrigues-alves-paraiso-sao-paulo-sp"}, {"name": "Escola UNS de Ingl\u00eas", "type": "SCHOOL", "slug": "escola-uns-de-ingles-jardim-paulista-sao-paulo-sp"}, {"name": "Escola Dom Ratinho", "type": "SCHOOL", "slug": "escola-dom-ratinho-jardim-paulista-sao-paulo-sp"}, {"name": "DeRose Method Casa Paulista", "type": "UNIVERSITY_OR_COLLEGE", "slug": "derose-method-casa-paulista-jardim-paulista-sao-paulo-sp"}, {"name": "Planeta Inseto", "type": "PARK_OR_GREEN_AREA", "slug": "planeta-inseto-sao-paulo-sp-brasil"}, {"name": "Japan House", "type": "MUSEUM_THEATRE_OR_CONCERT_HALL", "slug": "japan-house-bela-vista-sao-paulo-sp"}, {"name": "Col\u00e9gio Benjamin Constant", "type": "SCHOOL", "slug": "colegio-benjamin-constant-vila-mariana-sao-paulo-sp"}, {"name": "Shopping Veneza", "type": "SHOPPING_MALL", "slug": "shopping-veneza-bela-vista-sao-paulo-sp"}, {"name": "Boulevard Monti Mare", "type": "SHOPPING_MALL", "slug": "boulevard-monti-mare-bela-vista-sao-paulo-sp"}, {"name": "Hospital Total Cor", "type": "HOSPITAL", "slug": "hospital-total-cor-jardim-paulista-sao-paulo-sp"}], "availabilityType": "IMMEDIATE", "photos": [{"id": 472685, "subtitle": "Sala", "url": "892790378-302.3153553368052IMG7713.jpg", "cover": true}, {"id": 472686, "subtitle": "Sala", "url": "892790378-282.9222593838537IMG7714.jpg", "cover": false}, {"id": 472687, "subtitle": "Vista da sala", "url": "892790378-743.0814015012129IMG7715.jpg", "cover": false}, {"id": 472688, "subtitle": "Banheiro", "url": "892790378-938.2809033471996IMG7716.jpg", "cover": false}, {"id": 472689, "subtitle": "Banheiro", "url": "892790378-92.38509260908212IMG7717.jpg", "cover": false}, {"id": 472690, "subtitle": "Quarto 1", "url": "892790378-810.2274836914145IMG7719.jpg", "cover": false}, {"id": 472691, "subtitle": "Quarto 1", "url": "892790378-504.0805215647908IMG7720.jpg", "cover": false}, {"id": 472692, "subtitle": "Vista quarto 1", "url": "892790378-42.95105614582617IMG7721.jpg", "cover": false}, {"id": 472693, "subtitle": "Quarto 2", "url": "892790378-950.9710070139366IMG7722.jpg", "cover": false}, {"id": 472694, "subtitle": "Quarto 2", "url": "892790378-862.5478809760713IMG7723.jpg", "cover": false}, {"id": 472695, "subtitle": "Vista Quarto 2", "url": "892790378-82.39033181344546IMG7724.jpg", "cover": false}, {"id": 472696, "subtitle": "Cozinha", "url": "892790378-424.93235466388825IMG7725.jpg", "cover": false}, {"id": 472697, "subtitle": "Cozinha", "url": "892790378-693.6147624454919IMG7726.jpg", "cover": false}, {"id": 472698, "subtitle": "Lavanderia", "url": "892790378-262.23189063116104IMG7727.jpg", "cover": false}], "photosCategorizedByRooms": [], "relevantRegions": [], "photospheres": [], "specialConditions": [], "offers": {"closingRate": 0, "shouldHighlightIcon": true, "shouldShowOfferDialog": false, "shouldShowOffers": false, "summary": []}, "status": "publicado", "showUrlHasBeenCopiedSnackbar": false, "isGalleryModalOpen": false, "error": false, "loaded": true, "loading": false, "loadingCategorizedRooms": false, "selectedMedia": "tenant/HouseMedia/PHOTOS", "video": "", "promotions": [], "condominium": {"hashId": "9ek99s11ko", "name": "Carlota e Margarida", "slug": "carlota-e-margarida-paraiso-sao-paulo", "address": "Rua Ab\u00edlio Soares", "constructionYear": 1976}, "forRent": true, "forSale": false, "salePrice": 0, "mortgageFirstInstallment": 0, "listings": [{"imovelId": 892790378, "businessContext": "RENT", "status": "publicado", "firstPublicationDate": "2016-10-25T15:38:28.000+0000", "lastPublicationDate": "2022-12-05T18:39:58.000+0000", "listingRentModel": {"listingBusinessContextId": 203039, "rentalAdministrator": "QUINTOANDAR"}, "ownership": "STANDARD"}], "listingTags": [], "businessContext": "", "regionParameters": {"loaded": false, "loading": false, "RENT": {"visitsEnabled": true, "talkToAgentEnabled": false}, "SALE": {"visitsEnabled": true, "talkToAgentEnabled": false}}, "houseAgent": {"isDialogOpen": false, "alreadyOpenedByQueryParam": false}, "tenantServiceFee": 82, "closingStatus": {"loading": false}, "rentalGuarantee": {"minValue": 797.5, "maxValue": 2392.5}, "reservationAvailability": null, "isPrimaryMarket": false, "macroRegion": {"id": 2737, "name": "SPO 07"}, "suites": 0, "allowsCustomOffer": true, "displayCustomOfferPreference": false, "movingDate": "2023-01-10", "houseVisitStatus": "ACCEPT_NEW", "visitStatusReason": null, "visitsUnavailable": false, "isReserved": false, "allowDirectOffer": true, "lastPublishedDate": "2022-12-05T18:39:58.000Z", "listingPublication": "stranded", "rentOnTermination": false, "constructionYear": 1976, "categories": []}, "markers": {"lat": -23.5772661, "lng": -46.6505307}, "talkToAgent": {"dialog": {"open": false, "questionType": null, "question": ""}, "agentSupport": {}, "error": null, "autoSubmit": false, "loading": false, "submitting": false, "success": false, "hasLoadedAgentInfo": false, "agent": null, "hasLoadedAgentsInRegion": false, "agentsInRegion": null}}}}, "__N_SSP": true}, "page": "/imovel/[houseId]/[[...slug]]", "query": {"houseId": "892790378", "slug": ["alugar", "apartamento-2-quartos-paraiso-sao-paulo"]}, "buildId": "gCr3Bg2lYzV9hxZqGibIQ", "runtimeConfig": {"NEXT_PUBLIC_HOME_ADVERTISING_BANNER": "coupon"}, "isFallback": false, "dynamicIds": [61847, 31265, 66435, 77453, 87356, 60899, 41103, 3232, 72227, 40072, 39327, 19904, 96827], "gssp": true, "customServer": true, "appGip": true, "locale": "pt-BR", "locales": ["pt-BR", "es-MX"], "defaultLocale": "pt-BR", "domainLocales": [{"domain": "www.quintoandar.com.br", "defaultLocale": "pt-BR"}, {"domain": "www.benvi.mx", "defaultLocale": "es-MX"}], "scriptLoader": []}