{"props": {"pageProps": {"initialState": {"route": {"locationBeforeTransitions": {"pathname": "/imovel/892791909/alugar/apartamento-3-quartos-paraiso-sao-paulo", "search": "", "hash": "", "action": "POP", "query": {}}, "topLevelRouteName": "house details", "businessContext": "RENT", "favoriteListsBusinessContext": "RENT"}, "router": {"location": {"href": "/", "pathname": "/", "search": "", "hash": ""}}, "progress": {"pendingRequests": -1}, "login": {"response": {}, "user": {"isLoggedIn": false, "id": 0, "agentId": 0, "hashId": "", "sessionId": null, "name": "", "email": "", "maskedEmail": "", "jwt": {"app": "", "firebase": ""}, "phone": {"countryCode": "+55", "areaCode": "", "phoneNumber": ""}, "country": "BR", "channel": "", "isPhoneRegistered": false, "acceptWhatsapp": true, "hasDocument": false, "isPartner": false}, "accountForm": {}, "redirectUrl": "", "isRequestOngoing": false}, "captcha": {"token": "", "hasLoadedRemoteConfig": false, "provider": "", "friction": "low", "unavailableCountriesCode": []}, "supportedCities": [], "inAppMessages": {"biomaSurvey": {"isOpen": false, "formId": null, "data": {"opaque": true}}}, "metaData": {"similar_houses_clicked": []}, "appData": {"device": {"type": "desktop", "isSearchEngineCrawler": false}, "experiments": "X-AB-Test=ab_exposed_filter_sale_desktop:1,ab_exposed_filter_sale_v1:1,ab_exposed_filters:1,ab_load_more_v0:-1,ab_new_house_card_v2:0,ab_new_rent_listing_phase2:0,ab_profiling_create_alert_filters:0,ab_scheduling_step_by_step_v1:1,ab_show_floor_sale:0,ab_street_search_retrieval_v1:0"}, "house": {"houseInfo": {"id": "892791909", "displayId": "91909", "bedrooms": 3, "city": "S\u00e3o Paulo", "cityId": 39, "bathrooms": 4, "iptu": 793, "amenities": [{"key": "BANHEIRA_DE_HIDROMASSAGEM", "text": "Banheira", "value": "NAO", "optional": false}, {"key": "BOX", "text": "Box", "value": "SIM", "optional": false}, {"key": "VARANDA", "text": "Varanda", "value": "NAO_INFORMADO", "optional": false}, {"key": "PISCINA_PRIVATIVA", "text": "Piscina privativa", "value": "NAO", "optional": false}, {"key": "ARMARIOS_EMBUTIDOS_NO_QUARTO", "text": "Arm\u00e1rios no quarto", "value": "SIM", "optional": false}, {"key": "ARMARIOS_NOS_BANHEIROS", "text": "Arm\u00e1rios no banheiro", "value": "NAO", "optional": false}, {"key": "ARMARIOS_NA_COZINHA", "text": "Arm\u00e1rios na cozinha", "value": "SIM", "optional": false}, {"key": "AR_CONDICIONADO", "text": "Ar condicionado", "value": "NAO", "optional": false}, {"key": "CHUVEIRO_A_GAS", "text": "Chuveiro a g\u00e1s", "value": "NAO", "optional": false}, {"key": "QUARTO_DE_SERVICO", "text": "Quarto de servi\u00e7o", "value": "SIM", "optional": false}, {"key": "BANHEIRO_DE_SERVICO", "text": "Banheiro de servi\u00e7o", "value": "SIM", "optional": false}, {"key": "VARANDA_GOURMET", "text": "Varanda gourmet", "value": "SIM", "optional": false}, {"key": "APARTAMENTO_COBERTURA", "text": "Apartamento cobertura", "value": "SIM", "optional": false}, {"key": "QUARTO_EXTRA_REVERSIVEL", "text": "Quarto extra revers\u00edvel", "value": "NAO", "optional": false}, {"key": "FOGAO_INCLUSO", "text": "Fog\u00e3o", "value": "SIM", "optional": false}, {"key": "GELADEIRA_INCLUSO", "text": "Geladeira", "value": "NAO", "optional": false}, {"key": "BANHEIRO_ADAPTADO", "text": "Banheiro adaptado", "value": "NAO_INFORMADO", "optional": false}, {"key": "CLOSET", "text": "Closet", "value": "NAO_INFORMADO", "optional": false}, {"key": "COZINHA_AMERICANA", "text": "Cozinha americana", "value": "NAO_INFORMADO", "optional": false}, {"key": "MESAS_E_CADEIRAS_DE_ESCRITORIO", "text": "Mesas e cadeiras de escrit\u00f3rio", "value": "NAO_INFORMADO", "optional": false}, {"key": "JARDIM", "text": "Jardim", "value": "NAO_INFORMADO", "optional": false}, {"key": "QUARTOS_E_CORREDORES_COM_PORTAS_AMPLAS", "text": "Quartos e corredores com portas amplas", "value": "NAO_INFORMADO", "optional": false}, {"key": "QUINTAL", "text": "Quintal", "value": "NAO_INFORMADO", "optional": false}, {"key": "SOMENTE_UMA_CASA_NO_TERRENO", "text": "Somente uma casa no terreno", "value": "NAO_INFORMADO", "optional": false}, {"key": "AREA_DE_SERVICO", "text": "\u00c1rea de servi\u00e7o", "value": "NAO_INFORMADO", "optional": false}], "comfortCommodities": [{"key": "BANHEIRA_DE_HIDROMASSAGEM", "text": "Banheira", "value": "NAO", "optional": false}, {"key": "PISCINA_PRIVATIVA", "text": "Piscina privativa", "value": "NAO", "optional": false}, {"key": "AR_CONDICIONADO", "text": "Ar condicionado", "value": "NAO", "optional": false}, {"key": "SOL_DA_MANHA", "text": "Sol da manh\u00e3", "value": "SIM", "optional": false}, {"key": "SOL_DA_TARDE", "text": "Sol da tarde", "value": "SIM", "optional": false}, {"key": "CORTINAS_BLACK_OUT", "text": "Cortinas corta luz", "value": "NAO", "optional": false}, {"key": "CORTINAS_DECORATIVAS", "text": "Cortina transl\u00facida", "value": "NAO", "optional": false}, {"key": "JANELA_ANTI_RUIDO", "text": "Janela anti-ru\u00eddo", "value": "NAO", "optional": false}, {"key": "VENTILADOR_DE_TETO", "text": "Ventilador de teto", "value": "NAO", "optional": false}, {"key": "LUMINOSIDADE_NATURAL", "text": "Janelas grandes", "value": "SIM", "optional": false}, {"key": "VISTA_LIVRE", "text": "Vista livre", "value": "SIM", "optional": false}, {"key": "RUA_SILENCIOSA", "text": "Rua silenciosa", "value": "SIM", "optional": false}], "practicalityCommodities": [{"key": "BOX", "text": "Box", "value": "SIM", "optional": false}, {"key": "ARMARIOS_EMBUTIDOS_NO_QUARTO", "text": "Arm\u00e1rios no quarto", "value": "SIM", "optional": false}, {"key": "ARMARIOS_NOS_BANHEIROS", "text": "Arm\u00e1rios no banheiro", "value": "NAO", "optional": false}, {"key": "ARMARIOS_NA_COZINHA", "text": "Arm\u00e1rios na cozinha", "value": "SIM", "optional": false}, {"key": "CHUVEIRO_A_GAS", "text": "Chuveiro a g\u00e1s", "value": "NAO", "optional": false}, {"key": "FOGAO_INCLUSO", "text": "Fog\u00e3o", "value": "SIM", "optional": false}, {"key": "GELADEIRA_INCLUSO", "text": "Geladeira", "value": "NAO", "optional": false}, {"key": "CHUVEIRO_ELETRICO", "text": "Chuveiro el\u00e9trico", "value": "SIM", "optional": false}, {"key": "MICROONDAS", "text": "Microondas", "value": "NAO", "optional": false}, {"key": "SOFA", "text": "Sof\u00e1", "value": "NAO", "optional": false}, {"key": "MAQUINA_DE_LAVAR", "text": "M\u00e1quina de lavar", "value": "NAO", "optional": false}, {"key": "TANQUE", "text": "Tanque", "value": "SIM", "optional": false}, {"key": "REDE_DE_PROTECAO", "text": "Tela nas janelas", "value": "NAO", "optional": false}, {"key": "VARAL_DE_ROUPAS", "text": "Varal de roupas", "value": "SIM", "optional": false}, {"key": "TOMADAS_NOVAS", "text": "Tomadas 3 pinos", "value": "SIM", "optional": false}, {"key": "TELEVISAO", "text": "Televis\u00e3o", "value": "NAO", "optional": false}, {"key": "MESAS_E_CADEIRAS_DE_JANTAR", "text": "Mesas e cadeiras de jantar", "value": "NAO", "optional": false}, {"key": "CHURRASQUEIRA", "text": "Churrasqueira", "value": "NAO", "optional": false}, {"key": "ACESSO_SEM_DEGRAUS", "text": "Acesso sem degraus", "value": "NAO", "optional": false}, {"key": "COOKTOP", "text": "Fog\u00e3o cooktop", "value": "NAO", "optional": false}, {"key": "UTENSILIOS_DE_COZINHA", "text": "Utens\u00edlios de cozinha", "value": "NAO", "optional": false}, {"key": "CAMA_DE_CASAL", "text": "Cama de casal", "value": "NAO", "optional": false}, {"key": "CAMA_DE_SOLTEIRO", "text": "Cama de solteiro", "value": "NAO", "optional": false}, {"key": "ESPELHO_NO_BANHEIRO", "text": "Espelho no banheiro", "value": "SIM", "optional": false}, {"key": "FECHADURA_ELETRONICA", "text": "Fechadura eletr\u00f4nica", "value": "NAO", "optional": false}, {"key": "ENERGIA", "text": "Energia no im\u00f3vel", "value": "SIM", "optional": false}], "area": 277, "installations": [{"key": "PLAYGROUND", "text": "Playground", "value": "NAO"}, {"key": "PISCINA", "text": "Piscina", "value": "NAO"}, {"key": "CHURRASQUEIRA", "text": "Churrasqueira", "value": "NAO"}, {"key": "QUADRA_ESPORTIVA", "text": "Quadra esportiva", "value": "NAO"}, {"key": "ACADEMIA", "text": "Academia", "value": "NAO"}, {"key": "SALAO_DE_FESTAS", "text": "Sal\u00e3o de festas", "value": "NAO"}, {"key": "SAUNA", "text": "Sauna", "value": "NAO"}, {"key": "LAVANDERIA_NO_PREDIO", "text": "Lavanderia no pr\u00e9dio", "value": "NAO"}, {"key": "GAS_ENCANADO", "text": "G\u00e1s encanado", "value": "SIM"}, {"key": "ESPACO_GOURMET_NA_AREA_COMUM", "text": "Espa\u00e7o gourmet na \u00e1rea comum", "value": "NAO"}, {"key": "BRINQUEDOTECA", "text": "Brinquedoteca", "value": "NAO_INFORMADO"}, {"key": "CORRIMAO", "text": "Corrim\u00e3o", "value": "NAO_INFORMADO"}, {"key": "PISO_TATIL", "text": "Piso t\u00e1til", "value": "NAO_INFORMADO"}, {"key": "RAMPAS_DE_ACESSO", "text": "Rampas de acesso", "value": "NAO_INFORMADO"}, {"key": "SALAO_DE_JOGOS", "text": "Sal\u00e3o de jogos", "value": "NAO_INFORMADO"}, {"key": "VAGA_DE_GARAGEM_ACESSIVEL", "text": "Vaga de garagem acess\u00edvel", "value": "NAO_INFORMADO"}, {"key": "AREA_VERDE", "text": "\u00c1rea verde", "value": "NAO_INFORMADO"}, {"key": "Elevador", "value": "SIM"}, {"key": "Porteiro24H", "value": "NAO"}], "rentPrice": 9600, "condoPrice": 2620, "condoType": "Normal", "region": {"name": "Para\u00edso", "hub": {"loading": "UNSET", "enabled": false, "abSecretariat": false, "isPrimaryMarket": false}, "id": 1329}, "type": "Apartamento", "iptuType": "Normal", "totalCost": 13383, "parkingSpaces": 2, "address": {"street": "Rua Manoel da N\u00f3brega", "neighborhood": "Para\u00edso", "city": "S\u00e3o Paulo", "zipCode": "04001-003", "stateName": "S\u00e3o Paulo", "stateAcronym": "SP", "lat": -23.5719765, "lng": -46.6514122, "countryName": "Brasil", "countryCode": "BR", "country": "Brasil"}, "floor": 11, "homeProtection": 122, "remarks": "Apto duplex ,lindo c lavabo e 2 varandas\nTodo reformado\nArm\u00e1rios novos nos quartos e banheiros\nBox nos banheiros\nCozinha c Fogao cooktop e arm\u00e1rios novos\nLinda vista p Ibirapuera \nA tr\u00eas quarteir\u00f5es da Av Paulista", "acceptsPets": true, "hasFurniture": false, "isNearSubway": true, "placesNearby": [{"name": "Supletivo e cursos t\u00e9cnicos Inaci", "type": "SCHOOL", "slug": "supletivo-e-cursos-tecnicos-inaci-paraiso-sao-paulo-sp"}, {"name": "Escola Pipoquinha", "type": "SCHOOL", "slug": "escola-pipoquinha-jardim-paulista-sao-paulo-sp"}, {"name": "Escola do Vinho", "type": "SCHOOL", "slug": "escola-do-vinho-paraiso-sao-paulo-sp"}, {"name": "Escola de Yoga", "type": "SCHOOL", "slug": "escola-de-yoga-paraiso-sao-paulo-sp"}, {"name": "Escola UNS de Ingl\u00eas", "type": "SCHOOL", "slug": "escola-uns-de-ingles-jardim-paulista-sao-paulo-sp"}, {"name": "Hospital Total Cor", "type": "HOSPITAL", "slug": "hospital-total-cor-jardim-paulista-sao-paulo-sp"}, {"name": "Santa Maria", "type": "HOSPITAL", "slug": "santa-maria-paraiso-sao-paulo-sp"}, {"name": "Escola Kumon", "type": "SCHOOL", "slug": "escola-kumon-jardim-paulista-sao-paulo-sp"}, {"name": "Brigadeiro", "type": "ESTACAO_METRO_OU_TREM", "slug": "estacao-brigadeiro-sao-paulo-sp"}, {"name": "DeRose Method Casa Paulista", "type": "UNIVERSITY_OR_COLLEGE", "slug": "derose-method-casa-paulista-jardim-paulista-sao-paulo-sp"}, {"name": "Shopping Veneza", "type": "SHOPPING_MALL", "slug": "shopping-veneza-bela-vista-sao-paulo-sp"}, {"name": "Funda\u00e7\u00e3o Getulio Vargas", "type": "UNIVERSITY_OR_COLLEGE", "slug": "fundacao-getulio-vargas-bela-vista-sao-paulo-sp"}, {"name": "Escola Estadual Rodrigues Alves", "type": "SCHOOL", "slug": "escola-estadual-rodrigues-alves-paraiso-sao-paulo-sp"}, {"name": "Boulevard Monti Mare", "type": "SHOPPING_MALL", "slug": "boulevard-monti-mare-bela-vista-sao-paulo-sp"}, {"name": "Ita\u00fa Cultural", "type": "MUSEUM_THEATRE_OR_CONCERT_HALL", "slug": "itau-cultural-bela-vista-sao-paulo-sp"}, {"name": "Col\u00e9gio Winnicott", "type": "SCHOOL", "slug": "colegio-winnicott-jardim-paulista-sao-paulo-sp"}, {"name": "Escola Santi", "type": "SCHOOL", "slug": "escola-santi-paraiso-sao-paulo-sp"}, {"name": "Top Center Shopping", "type": "SHOPPING_MALL", "slug": "top-center-shopping-bela-vista-sao-paulo-sp"}, {"name": "Escola de idiomas", "type": "SCHOOL", "slug": "escola-de-idiomas-jardim-paulista-sao-paulo-sp"}, {"name": "Unip", "type": "UNIVERSITY_OR_COLLEGE", "slug": "unip-bela-vista-sao-paulo-sp"}, {"name": "Escola Dom Ratinho", "type": "SCHOOL", "slug": "escola-dom-ratinho-jardim-paulista-sao-paulo-sp"}, {"name": "Faculdade C\u00e1sper L\u00edbero", "type": "UNIVERSITY_OR_COLLEGE", "slug": "faculdade-casper-libero-bela-vista-sao-paulo-sp"}, {"name": "Pr\u00f3 Matre Paulista", "type": "HOSPITAL", "slug": "pro-matre-paulista-bela-vista-sao-paulo-sp"}, {"name": "C\u00e1sper L\u00edbero", "type": "UNIVERSITY_OR_COLLEGE", "slug": "casper-libero-paulista-sao-paulo-sp"}, {"name": "Est\u00e1dio \u00cdcaro de Castro Melo", "type": "STADIUM", "slug": "estadio-\u00edcaro-de-castro-melo-paraiso-sao-paulo-sp"}, {"name": "Japan House", "type": "MUSEUM_THEATRE_OR_CONCERT_HALL", "slug": "japan-house-bela-vista-sao-paulo-sp"}, {"name": "Objetivo", "type": "SCHOOL", "slug": "objetivo-bela-vista-sao-paulo-sp"}, {"name": "Shopping P\u00e1tio Paulista", "type": "SHOPPING_MALL", "slug": "shopping-patio-paulista-bela-vista-sao-paulo-sp"}, {"name": "Minds", "type": "SCHOOL", "slug": "minds-paraiso-sao-paulo-sp"}, {"name": "Trianon - Masp", "type": "ESTACAO_METRO_OU_TREM", "slug": "estacao-trianon-masp-sao-paulo-sp"}], "availabilityType": "IMMEDIATE", "photos": [{"id": 3624879, "subtitle": "Sala", "url": "892791909-58.135994066975115IMG3634.jpg", "cover": true}, {"id": 3624874, "subtitle": "Sala", "url": "892791909-811.3273549160556IMG3631.jpg", "cover": false}, {"id": 3624876, "subtitle": "Sala", "url": "892791909-668.0056749601507IMG3632.jpg", "cover": false}, {"id": 3624878, "subtitle": "Sala", "url": "892791909-381.8937791487795IMG3633.jpg", "cover": false}, {"id": 3624881, "subtitle": "Sala", "url": "892791909-696.2167090213961IMG3635.jpg", "cover": false}, {"id": 3624883, "subtitle": "Sala", "url": "892791909-423.33309170479936IMG3636.jpg", "cover": false}, {"id": 3624885, "subtitle": "Sala", "url": "892791909-514.5489988728494IMG3637.jpg", "cover": false}, {"id": 3624891, "subtitle": "Sala", "url": "892791909-594.188303728791IMG3639.jpg", "cover": false}, {"id": 3624887, "subtitle": "Vista - Sala", "url": "892791909-616.4441114380994IMG3638.jpg", "cover": false}, {"id": 3624893, "subtitle": "Varanda", "url": "892791909-837.3521955175146IMG3640.jpg", "cover": false}, {"id": 3624895, "subtitle": "Vista - Varanda", "url": "892791909-839.7212591848761IMG3641.jpg", "cover": false}, {"id": 3624897, "subtitle": "Lavabo", "url": "892791909-671.5927989059618IMG3643.jpg", "cover": false}, {"id": 3624899, "subtitle": "Lavabo", "url": "892791909-294.0307448494972IMG3645.jpg", "cover": false}, {"id": 3624902, "subtitle": "Escada", "url": "892791909-440.1693599841794IMG3646.jpg", "cover": false}, {"id": 3624904, "subtitle": "Hall - Segundo Piso", "url": "892791909-43.49280861518867IMG3647.jpg", "cover": false}, {"id": 3624906, "subtitle": "Su\u00edte ", "url": "892791909-508.9750780857254IMG3648.jpg", "cover": false}, {"id": 3624908, "subtitle": "Su\u00edte ", "url": "892791909-916.6704803550888IMG3649.jpg", "cover": false}, {"id": 3624909, "subtitle": "Su\u00edte ", "url": "892791909-446.6317322383191IMG3650.jpg", "cover": false}, {"id": 3624912, "subtitle": "Vista - Su\u00edte ", "url": "892791909-683.4623664778746IMG3651.jpg", "cover": false}, {"id": 3624914, "subtitle": "Banheiro - Su\u00edte ", "url": "892791909-836.45252565779IMG3652.jpg", "cover": false}, {"id": 3624915, "subtitle": "Banheiro - Su\u00edte ", "url": "892791909-86.37070579384654IMG3653.jpg", "cover": false}, {"id": 3624917, "subtitle": "Banheiro - Su\u00edte ", "url": "892791909-202.0742504926074IMG3654.jpg", "cover": false}, {"id": 3624918, "subtitle": "Closet -  Su\u00edte ", "url": "892791909-204.2189227053438IMG3655.jpg", "cover": false}, {"id": 3624920, "subtitle": "Quarto 1", "url": "892791909-298.4037949343237IMG3656.jpg", "cover": false}, {"id": 3624922, "subtitle": "Quarto 1", "url": "892791909-143.065600046143IMG3657.jpg", "cover": false}, {"id": 3624923, "subtitle": "Quarto 1", "url": "892791909-619.81435061704IMG3659.jpg", "cover": false}, {"id": 3624924, "subtitle": "Quarto 1", "url": "892791909-826.6251289014747IMG3660.jpg", "cover": false}, {"id": 3624926, "subtitle": "Vista - Quarto 1", "url": "892791909-969.4925077546441IMG3661.jpg", "cover": false}, {"id": 3624928, "subtitle": "Quarto 2", "url": "892791909-271.2678662649426IMG3662.jpg", "cover": false}, {"id": 3624929, "subtitle": "Quarto 2", "url": "892791909-464.18193913442576IMG3663.jpg", "cover": false}, {"id": 3624931, "subtitle": "Quarto 2", "url": "892791909-445.6046651568819IMG3667.jpg", "cover": false}, {"id": 3624933, "subtitle": "Quarto 2", "url": "892791909-334.99531989657925IMG3668.jpg", "cover": false}, {"id": 3624934, "subtitle": "Varanda - Quarto 2", "url": "892791909-9.102452803745443IMG3669.jpg", "cover": false}, {"id": 3624936, "subtitle": "Vista - Varanda - Quarto 2", "url": "892791909-588.70001417709IMG3670.jpg", "cover": false}, {"id": 3624937, "subtitle": "Banheiro", "url": "892791909-867.7350158998632IMG3671.jpg", "cover": false}, {"id": 3624939, "subtitle": "Banheiro", "url": "892791909-147.70282075984898IMG3672.jpg", "cover": false}, {"id": 3624940, "subtitle": "Banheiro", "url": "892791909-52.13401142397289IMG3673.jpg", "cover": false}, {"id": 3624941, "subtitle": "Corredor", "url": "892791909-497.48510467005826IMG3674.jpg", "cover": false}, {"id": 3624942, "subtitle": "Cozinha", "url": "892791909-710.3547881390531IMG3675.jpg", "cover": false}, {"id": 3624944, "subtitle": "Cozinha", "url": "892791909-139.55760654508464IMG3676.jpg", "cover": false}, {"id": 3624945, "subtitle": "Cozinha", "url": "892791909-337.0181275409688IMG3677.jpg", "cover": false}, {"id": 3624946, "subtitle": "Cozinha", "url": "892791909-547.8731554607976IMG3678.jpg", "cover": false}, {"id": 3624947, "subtitle": "Cozinha", "url": "892791909-555.2374113553487IMG3680.jpg", "cover": false}, {"id": 3624948, "subtitle": "\u00c1rea de Servi\u00e7o", "url": "892791909-466.51973858519193IMG3681.jpg", "cover": false}, {"id": 3624949, "subtitle": "Quarto de Servi\u00e7o", "url": "892791909-743.31342156036IMG3682.jpg", "cover": false}, {"id": 3624950, "subtitle": "Banheiro de Servi\u00e7o", "url": "892791909-536.0988683967103IMG3683.jpg", "cover": false}, {"id": 3625192, "subtitle": "Hall", "url": "892791909-153.84465189430506IMG3726.jpg", "cover": false}, {"id": 3625193, "subtitle": "\u00c1rea Externa", "url": "892791909-580.6526588107351IMG3727.jpg", "cover": false}, {"id": 3625194, "subtitle": "Fachada", "url": "892791909-999.8538619899248IMG3728.jpg", "cover": false}], "photosCategorizedByRooms": [], "relevantRegions": [], "photospheres": [], "specialConditions": [], "offers": {"closingRate": 0, "shouldHighlightIcon": true, "shouldShowOfferDialog": false, "shouldShowOffers": false, "summary": []}, "status": "publicado", "showUrlHasBeenCopiedSnackbar": false, "isGalleryModalOpen": false, "error": false, "loaded": true, "loading": false, "loadingCategorizedRooms": false, "selectedMedia": "tenant/HouseMedia/PHOTOS", "video": "", "promotions": [], "condominium": {"hashId": "rp0gs3nmkq", "name": "Emilia Candreva", "slug": "emilia-candreva-paraiso-sao-paulo", "address": "Rua Manoel da N\u00f3brega"}, "forRent": true, "forSale": false, "salePrice": 0, "mortgageFirstInstallment": 0, "listings": [{"imovelId": 892791909, "businessContext": "RENT", "status": "publicado", "firstPublicationDate": "2016-11-19T15:23:05.000+0000", "lastPublicationDate": "2022-12-06T16:39:16.000+0000", "listingRentModel": {"listingBusinessContextId": 274924, "rentalAdministrator": "QUINTOANDAR"}, "ownership": "STANDARD"}], "listingTags": [], "businessContext": "", "regionParameters": {"loaded": false, "loading": false, "RENT": {"visitsEnabled": true, "talkToAgentEnabled": false}, "SALE": {"visitsEnabled": true, "talkToAgentEnabled": false}}, "houseAgent": {"isDialogOpen": false, "alreadyOpenedByQueryParam": false}, "tenantServiceFee": 248, "closingStatus": {"loading": false}, "rentalGuarantee": {"minValue": 2400, "maxValue": 7200}, "reservationAvailability": null, "isPrimaryMarket": false, "macroRegion": {"id": 2737, "name": "SPO 07"}, "suites": 2, "houseVisitStatus": "ACCEPT_NEW", "visitStatusReason": null, "visitsUnavailable": false, "isReserved": false, "allowDirectOffer": true, "lastPublishedDate": "2022-12-06T16:39:16.000Z", "listingPublication": "stranded", "rentOnTermination": false, "constructionYear": null, "categories": []}, "markers": {"lat": -23.5719765, "lng": -46.6514122}, "talkToAgent": {"dialog": {"open": false, "questionType": null, "question": ""}, "agentSupport": {}, "error": null, "autoSubmit": false, "loading": false, "submitting": false, "success": false, "hasLoadedAgentInfo": false, "agent": null, "hasLoadedAgentsInRegion": false, "agentsInRegion": null}}}}, "__N_SSP": true}, "page": "/imovel/[houseId]/[[...slug]]", "query": {"houseId": "892791909", "slug": ["alugar", "apartamento-3-quartos-paraiso-sao-paulo"]}, "buildId": "gCr3Bg2lYzV9hxZqGibIQ", "runtimeConfig": {"NEXT_PUBLIC_HOME_ADVERTISING_BANNER": "coupon"}, "isFallback": false, "dynamicIds": [61847, 31265, 66435, 77453, 87356, 60899, 41103, 3232, 72227, 40072, 39327, 19904, 96827], "gssp": true, "customServer": true, "appGip": true, "locale": "pt-BR", "locales": ["pt-BR", "es-MX"], "defaultLocale": "pt-BR", "domainLocales": [{"domain": "www.quintoandar.com.br", "defaultLocale": "pt-BR"}, {"domain": "www.benvi.mx", "defaultLocale": "es-MX"}], "scriptLoader": []}