{"props": {"pageProps": {"initialState": {"route": {"locationBeforeTransitions": {"pathname": "/imovel/892798033/alugar/apartamento-1-quarto-jardim-paulista-sao-paulo", "search": "", "hash": "", "action": "POP", "query": {}}, "topLevelRouteName": "house details", "businessContext": "RENT", "favoriteListsBusinessContext": "RENT"}, "router": {"location": {"href": "/", "pathname": "/", "search": "", "hash": ""}}, "progress": {"pendingRequests": -1}, "login": {"response": {}, "user": {"isLoggedIn": false, "id": 0, "agentId": 0, "hashId": "", "sessionId": null, "name": "", "email": "", "maskedEmail": "", "jwt": {"app": "", "firebase": ""}, "phone": {"countryCode": "+55", "areaCode": "", "phoneNumber": ""}, "country": "BR", "channel": "", "isPhoneRegistered": false, "acceptWhatsapp": true, "hasDocument": false, "isPartner": false}, "accountForm": {}, "redirectUrl": "", "isRequestOngoing": false}, "captcha": {"token": "", "hasLoadedRemoteConfig": false, "provider": "", "friction": "low", "unavailableCountriesCode": []}, "supportedCities": [], "inAppMessages": {"biomaSurvey": {"isOpen": false, "formId": null, "data": {"opaque": true}}}, "metaData": {"similar_houses_clicked": []}, "appData": {"device": {"type": "desktop", "isSearchEngineCrawler": false}, "experiments": "X-AB-Test=ab_exposed_filter_sale_desktop:1,ab_exposed_filter_sale_v1:1,ab_exposed_filters:1,ab_load_more_v0:-1,ab_new_house_card_v2:0,ab_new_rent_listing_phase2:0,ab_profiling_create_alert_filters:0,ab_scheduling_step_by_step_v1:1,ab_show_floor_sale:0,ab_street_search_retrieval_v1:0"}, "house": {"houseInfo": {"id": "892798033", "displayId": "98033", "bedrooms": 1, "city": "S\u00e3o Paulo", "cityId": 39, "bathrooms": 1, "iptu": 722, "amenities": [{"key": "BANHEIRA_DE_HIDROMASSAGEM", "text": "Banheira", "value": "SIM", "optional": false}, {"key": "BOX", "text": "Box", "value": "SIM", "optional": false}, {"key": "VARANDA", "text": "Varanda", "value": "NAO_INFORMADO", "optional": false}, {"key": "PISCINA_PRIVATIVA", "text": "Piscina privativa", "value": "NAO", "optional": false}, {"key": "ARMARIOS_EMBUTIDOS_NO_QUARTO", "text": "Arm\u00e1rios no quarto", "value": "SIM", "optional": false}, {"key": "ARMARIOS_NOS_BANHEIROS", "text": "Arm\u00e1rios no banheiro", "value": "SIM", "optional": false}, {"key": "ARMARIOS_NA_COZINHA", "text": "Arm\u00e1rios na cozinha", "value": "SIM", "optional": false}, {"key": "AR_CONDICIONADO", "text": "Ar condicionado", "value": "SIM", "optional": false}, {"key": "CHUVEIRO_A_GAS", "text": "Chuveiro a g\u00e1s", "value": "SIM", "optional": false}, {"key": "QUARTO_DE_SERVICO", "text": "Quarto de servi\u00e7o", "value": "NAO", "optional": false}, {"key": "BANHEIRO_DE_SERVICO", "text": "Banheiro de servi\u00e7o", "value": "SIM", "optional": false}, {"key": "VARANDA_GOURMET", "text": "Varanda gourmet", "value": "NAO", "optional": false}, {"key": "APARTAMENTO_COBERTURA", "text": "Apartamento cobertura", "value": "NAO", "optional": false}, {"key": "QUARTO_EXTRA_REVERSIVEL", "text": "Quarto extra revers\u00edvel", "value": "SIM", "optional": false}, {"key": "FOGAO_INCLUSO", "text": "Fog\u00e3o", "value": "SIM", "optional": false}, {"key": "GELADEIRA_INCLUSO", "text": "Geladeira", "value": "SIM", "optional": false}, {"key": "BANHEIRO_ADAPTADO", "text": "Banheiro adaptado", "value": "NAO_INFORMADO", "optional": false}, {"key": "CLOSET", "text": "Closet", "value": "NAO_INFORMADO", "optional": false}, {"key": "COZINHA_AMERICANA", "text": "Cozinha americana", "value": "NAO_INFORMADO", "optional": false}, {"key": "MESAS_E_CADEIRAS_DE_ESCRITORIO", "text": "Mesas e cadeiras de escrit\u00f3rio", "value": "NAO_INFORMADO", "optional": false}, {"key": "JARDIM", "text": "Jardim", "value": "NAO_INFORMADO", "optional": false}, {"key": "QUARTOS_E_CORREDORES_COM_PORTAS_AMPLAS", "text": "Quartos e corredores com portas amplas", "value": "NAO_INFORMADO", "optional": false}, {"key": "QUINTAL", "text": "Quintal", "value": "NAO_INFORMADO", "optional": false}, {"key": "SOMENTE_UMA_CASA_NO_TERRENO", "text": "Somente uma casa no terreno", "value": "NAO_INFORMADO", "optional": false}, {"key": "AREA_DE_SERVICO", "text": "\u00c1rea de servi\u00e7o", "value": "NAO_INFORMADO", "optional": false}], "comfortCommodities": [{"key": "BANHEIRA_DE_HIDROMASSAGEM", "text": "Banheira", "value": "SIM", "optional": false}, {"key": "PISCINA_PRIVATIVA", "text": "Piscina privativa", "value": "NAO", "optional": false}, {"key": "AR_CONDICIONADO", "text": "Ar condicionado", "value": "SIM", "optional": false}, {"key": "SOL_DA_MANHA", "text": "Sol da manh\u00e3", "value": "SIM", "optional": false}, {"key": "SOL_DA_TARDE", "text": "Sol da tarde", "value": "NAO", "optional": false}, {"key": "CORTINAS_BLACK_OUT", "text": "Cortinas corta luz", "value": "NAO", "optional": false}, {"key": "CORTINAS_DECORATIVAS", "text": "Cortina transl\u00facida", "value": "SIM", "optional": false}, {"key": "JANELA_ANTI_RUIDO", "text": "Janela anti-ru\u00eddo", "value": "SIM", "optional": false}, {"key": "VENTILADOR_DE_TETO", "text": "Ventilador de teto", "value": "SIM", "optional": false}, {"key": "LUMINOSIDADE_NATURAL", "text": "Janelas grandes", "value": "SIM", "optional": false}, {"key": "VISTA_LIVRE", "text": "Vista livre", "value": "SIM", "optional": false}, {"key": "RUA_SILENCIOSA", "text": "Rua silenciosa", "value": "SIM", "optional": false}], "practicalityCommodities": [{"key": "BOX", "text": "Box", "value": "SIM", "optional": false}, {"key": "ARMARIOS_EMBUTIDOS_NO_QUARTO", "text": "Arm\u00e1rios no quarto", "value": "SIM", "optional": false}, {"key": "ARMARIOS_NOS_BANHEIROS", "text": "Arm\u00e1rios no banheiro", "value": "SIM", "optional": false}, {"key": "ARMARIOS_NA_COZINHA", "text": "Arm\u00e1rios na cozinha", "value": "SIM", "optional": false}, {"key": "CHUVEIRO_A_GAS", "text": "Chuveiro a g\u00e1s", "value": "SIM", "optional": false}, {"key": "FOGAO_INCLUSO", "text": "Fog\u00e3o", "value": "SIM", "optional": false}, {"key": "GELADEIRA_INCLUSO", "text": "Geladeira", "value": "SIM", "optional": false}, {"key": "CHUVEIRO_ELETRICO", "text": "Chuveiro el\u00e9trico", "value": "NAO", "optional": false}, {"key": "MICROONDAS", "text": "Microondas", "value": "SIM", "optional": false}, {"key": "SOFA", "text": "Sof\u00e1", "value": "SIM", "optional": false}, {"key": "MAQUINA_DE_LAVAR", "text": "M\u00e1quina de lavar", "value": "SIM", "optional": false}, {"key": "TANQUE", "text": "Tanque", "value": "SIM", "optional": false}, {"key": "REDE_DE_PROTECAO", "text": "Tela nas janelas", "value": "SIM", "optional": false}, {"key": "VARAL_DE_ROUPAS", "text": "Varal de roupas", "value": "SIM", "optional": false}, {"key": "TOMADAS_NOVAS", "text": "Tomadas 3 pinos", "value": "SIM", "optional": false}, {"key": "TELEVISAO", "text": "Televis\u00e3o", "value": "SIM", "optional": false}, {"key": "MESAS_E_CADEIRAS_DE_JANTAR", "text": "Mesas e cadeiras de jantar", "value": "SIM", "optional": false}, {"key": "CHURRASQUEIRA", "text": "Churrasqueira", "value": "NAO_INFORMADO", "optional": false}, {"key": "ACESSO_SEM_DEGRAUS", "text": "Acesso sem degraus", "value": "SIM", "optional": false}, {"key": "COOKTOP", "text": "Fog\u00e3o cooktop", "value": "NAO", "optional": false}, {"key": "UTENSILIOS_DE_COZINHA", "text": "Utens\u00edlios de cozinha", "value": "SIM", "optional": false}, {"key": "CAMA_DE_CASAL", "text": "Cama de casal", "value": "SIM", "optional": false}, {"key": "CAMA_DE_SOLTEIRO", "text": "Cama de solteiro", "value": "NAO", "optional": false}, {"key": "ESPELHO_NO_BANHEIRO", "text": "Espelho no banheiro", "value": "SIM", "optional": false}, {"key": "FECHADURA_ELETRONICA", "text": "Fechadura eletr\u00f4nica", "value": "NAO", "optional": false}, {"key": "ENERGIA", "text": "Energia no im\u00f3vel", "value": "SIM", "optional": false}], "area": 100, "installations": [{"key": "PLAYGROUND", "text": "Playground", "value": "SIM"}, {"key": "PISCINA", "text": "Piscina", "value": "SIM"}, {"key": "CHURRASQUEIRA", "text": "Churrasqueira", "value": "SIM"}, {"key": "QUADRA_ESPORTIVA", "text": "Quadra esportiva", "value": "NAO"}, {"key": "ACADEMIA", "text": "Academia", "value": "SIM"}, {"key": "SALAO_DE_FESTAS", "text": "Sal\u00e3o de festas", "value": "SIM"}, {"key": "SAUNA", "text": "Sauna", "value": "SIM"}, {"key": "LAVANDERIA_NO_PREDIO", "text": "Lavanderia no pr\u00e9dio", "value": "NAO"}, {"key": "GAS_ENCANADO", "text": "G\u00e1s encanado", "value": "SIM"}, {"key": "ESPACO_GOURMET_NA_AREA_COMUM", "text": "Espa\u00e7o gourmet na \u00e1rea comum", "value": "SIM"}, {"key": "BRINQUEDOTECA", "text": "Brinquedoteca", "value": "NAO_INFORMADO"}, {"key": "CORRIMAO", "text": "Corrim\u00e3o", "value": "NAO_INFORMADO"}, {"key": "PISO_TATIL", "text": "Piso t\u00e1til", "value": "NAO_INFORMADO"}, {"key": "RAMPAS_DE_ACESSO", "text": "Rampas de acesso", "value": "NAO_INFORMADO"}, {"key": "SALAO_DE_JOGOS", "text": "Sal\u00e3o de jogos", "value": "NAO_INFORMADO"}, {"key": "VAGA_DE_GARAGEM_ACESSIVEL", "text": "Vaga de garagem acess\u00edvel", "value": "NAO_INFORMADO"}, {"key": "AREA_VERDE", "text": "\u00c1rea verde", "value": "NAO_INFORMADO"}, {"key": "Elevador", "value": "SIM"}, {"key": "Porteiro24H", "value": "SIM"}], "rentPrice": 6300, "condoPrice": 1500, "condoType": "Normal", "region": {"name": "Jardim Paulista", "hub": {"loading": "UNSET", "enabled": false, "abSecretariat": false, "isPrimaryMarket": false}, "id": 56}, "type": "Apartamento", "iptuType": "Normal", "totalCost": 8765, "parkingSpaces": 2, "address": {"street": "Alameda Campinas", "neighborhood": "Jardim Paulista", "city": "S\u00e3o Paulo", "zipCode": "01404-001", "stateName": "S\u00e3o Paulo", "stateAcronym": "SP", "lat": -23.5673785, "lng": -46.6544553, "countryName": "Brasil", "countryCode": "BR", "country": "Brasil"}, "floor": 2, "homeProtection": 80, "remarks": "Este apt e tudo que vc procura , privacidade por ser duplex vc tera sua area privada , trabalho de home office , \nPronto para morar e morar alto luxo \nLavanderia completa \nLavabo .cozinha maquina de lavar , fogao ,geladeira , sofa, retratil , tv e mesa varanda na sala e quarto cama banheira na suite e mezzanino ou quarto hospede \nO predio tem um lazer diferenciado piscina aquecida e piscina externa \nChurrasqueira ,e salao de festas , \nA localizacao perfeita 200 m da av paulista \nVc tera a sensacao , morar no centro de sp , mas com todo conforto silencio e lazer", "furniture": "Pretendo deixar pronto para morar mas clean , a pessoa deixar personalizado \nTem tudo home office , tv , geladeira , maquina de lavar prato , sofa , cama maquina lava e seca , cortinas e estofados higienizados , ar condicionado limpos e tudo com pouco uso .\nTudo novo , e predio novo . \nRealmente as varandas e o silencio sao o charme , desse apt confortavel amblo . \nE a privacidade e comodidade do home office , \nsem tirar o previlegio de estar em sp . Bem localizado no centro da metropoli \nLazer", "acceptsPets": true, "hasFurniture": true, "isNearSubway": true, "placesNearby": [{"name": "Escola UNS de Ingl\u00eas", "type": "SCHOOL", "slug": "escola-uns-de-ingles-jardim-paulista-sao-paulo-sp"}, {"name": "Hospital Total Cor", "type": "HOSPITAL", "slug": "hospital-total-cor-jardim-paulista-sao-paulo-sp"}, {"name": "Escola Pipoquinha", "type": "SCHOOL", "slug": "escola-pipoquinha-jardim-paulista-sao-paulo-sp"}, {"name": "Trianon - Masp", "type": "ESTACAO_METRO_OU_TREM", "slug": "estacao-trianon-masp-sao-paulo-sp"}, {"name": "Unip", "type": "UNIVERSITY_OR_COLLEGE", "slug": "unip-bela-vista-sao-paulo-sp"}, {"name": "Faculdade C\u00e1sper L\u00edbero", "type": "UNIVERSITY_OR_COLLEGE", "slug": "faculdade-casper-libero-bela-vista-sao-paulo-sp"}, {"name": "Col\u00e9gio Winnicott", "type": "SCHOOL", "slug": "colegio-winnicott-jardim-paulista-sao-paulo-sp"}, {"name": "Top Center Shopping", "type": "SHOPPING_MALL", "slug": "top-center-shopping-bela-vista-sao-paulo-sp"}, {"name": "Centro Cultural Fiesp", "type": "MUSEUM_THEATRE_OR_CONCERT_HALL", "slug": "centro-cultural-fiesp-jardim-paulista-sao-paulo-sp"}, {"name": "C\u00e1sper L\u00edbero", "type": "UNIVERSITY_OR_COLLEGE", "slug": "casper-libero-paulista-sao-paulo-sp"}, {"name": "DeRose Method Casa Paulista", "type": "UNIVERSITY_OR_COLLEGE", "slug": "derose-method-casa-paulista-jardim-paulista-sao-paulo-sp"}, {"name": "Escola Kumon", "type": "SCHOOL", "slug": "escola-kumon-jardim-paulista-sao-paulo-sp"}, {"name": "Supletivo e cursos t\u00e9cnicos Inaci", "type": "SCHOOL", "slug": "supletivo-e-cursos-tecnicos-inaci-paraiso-sao-paulo-sp"}, {"name": "Docas Carga e Descarga", "type": "SHOPPING_MALL", "slug": "docas-carga-e-descarga-bela-vista-sao-paulo-sp"}, {"name": "Objetivo", "type": "SCHOOL", "slug": "objetivo-bela-vista-sao-paulo-sp"}, {"name": "Pr\u00f3 Matre Paulista", "type": "HOSPITAL", "slug": "pro-matre-paulista-bela-vista-sao-paulo-sp"}, {"name": "Funda\u00e7\u00e3o Getulio Vargas", "type": "UNIVERSITY_OR_COLLEGE", "slug": "fundacao-getulio-vargas-bela-vista-sao-paulo-sp"}, {"name": "Col\u00e9gio Dante Alighieri", "type": "SCHOOL", "slug": "colegio-dante-alighieri-jardim-paulista-sao-paulo-sp"}, {"name": "Museu de Arte de S\u00e3o Paulo (MASP)", "type": "MUSEUM_THEATRE_OR_CONCERT_HALL", "slug": "museu-de-arte-de-sao-paulo-masp-bela-vista-sao-paulo-sp"}, {"name": "Escola Dom Ratinho", "type": "SCHOOL", "slug": "escola-dom-ratinho-jardim-paulista-sao-paulo-sp"}, {"name": "Brigadeiro", "type": "ESTACAO_METRO_OU_TREM", "slug": "estacao-brigadeiro-sao-paulo-sp"}, {"name": "Escola de idiomas", "type": "SCHOOL", "slug": "escola-de-idiomas-jardim-paulista-sao-paulo-sp"}, {"name": "Shopping Veneza", "type": "SHOPPING_MALL", "slug": "shopping-veneza-bela-vista-sao-paulo-sp"}, {"name": "Escola do Vinho", "type": "SCHOOL", "slug": "escola-do-vinho-paraiso-sao-paulo-sp"}, {"name": "Escola de Yoga", "type": "SCHOOL", "slug": "escola-de-yoga-paraiso-sao-paulo-sp"}, {"name": "Shopping Jardins S\u00e3o Paulo", "type": "SHOPPING_MALL", "slug": "shopping-jardins-sao-paulo-jardim-paulista-sao-paulo-sp"}, {"name": "Boulevard Monti Mare", "type": "SHOPPING_MALL", "slug": "boulevard-monti-mare-bela-vista-sao-paulo-sp"}, {"name": "Hospital 9 de Julho", "type": "HOSPITAL", "slug": "hospital-9-de-julho-consolacao-sao-paulo-sp"}, {"name": "Escola Estadual Rodrigues Alves", "type": "SCHOOL", "slug": "escola-estadual-rodrigues-alves-paraiso-sao-paulo-sp"}, {"name": "Santa Maria", "type": "HOSPITAL", "slug": "santa-maria-paraiso-sao-paulo-sp"}], "availabilityType": "IMMEDIATE", "photos": [{"id": 15045193, "subtitle": "Sala", "url": "892798033-218.5513573375284MG9065.jpg", "cover": true}, {"id": 15045196, "subtitle": "Sala", "url": "892798033-49.43783918688904MG9066.jpg", "cover": false}, {"id": 15045204, "subtitle": "Sala", "url": "892798033-387.26061184348913MG9069.jpg", "cover": false}, {"id": 15045200, "subtitle": "Sala", "url": "892798033-854.4932458072749MG9067.jpg", "cover": false}, {"id": 15045203, "subtitle": "Sala", "url": "892798033-129.67186058344515MG9068.jpg", "cover": false}, {"id": 15045209, "subtitle": "Varanda da sala", "url": "892798033-614.0207299423168MG9070.jpg", "cover": false}, {"id": 15045213, "subtitle": "Varanda da sala", "url": "892798033-537.4301608213099MG9071.jpg", "cover": false}, {"id": 15045219, "subtitle": "Varanda da sala", "url": "892798033-233.1883695694903MG9072.jpg", "cover": false}, {"id": 15045224, "subtitle": "Varanda da sala", "url": "892798033-731.1920996744096MG9073.jpg", "cover": false}, {"id": 15045228, "subtitle": "Varanda da sala - vista", "url": "892798033-986.3957198821278MG9074.jpg", "cover": false}, {"id": 15045238, "subtitle": "Mezanino", "url": "892798033-293.5406691584581MG9075.jpg", "cover": false}, {"id": 15045240, "subtitle": "Mezanino", "url": "892798033-100.72628363125602MG9076.jpg", "cover": false}, {"id": 15045245, "subtitle": "Mezanino", "url": "892798033-105.31634206550156MG9077.jpg", "cover": false}, {"id": 15045247, "subtitle": "Su\u00edte", "url": "892798033-155.21146638081117MG9078.jpg", "cover": false}, {"id": 15045254, "subtitle": "Su\u00edte", "url": "892798033-995.3812852489591MG9079.jpg", "cover": false}, {"id": 15045259, "subtitle": "Su\u00edte", "url": "892798033-799.9837091372121MG9080.jpg", "cover": false}, {"id": 15045267, "subtitle": "Su\u00edte - closet", "url": "892798033-987.8598367890969MG9081.jpg", "cover": false}, {"id": 15045269, "subtitle": "Su\u00edte - closet", "url": "892798033-127.27936106196192MG9082.jpg", "cover": false}, {"id": 15045271, "subtitle": "Su\u00edte - closet", "url": "892798033-543.8343042265844MG9083.jpg", "cover": false}, {"id": 15045273, "subtitle": "Su\u00edte - closet", "url": "892798033-749.0367283815614MG9084.jpg", "cover": false}, {"id": 15045274, "subtitle": "Varanda da su\u00edte", "url": "892798033-824.288371494805MG9085.jpg", "cover": false}, {"id": 15045275, "subtitle": "Varanda da su\u00edte", "url": "892798033-256.41746689616883MG9086.jpg", "cover": false}, {"id": 15045276, "subtitle": "Varanda da su\u00edte", "url": "892798033-827.2998896844975MG9087.jpg", "cover": false}, {"id": 15045277, "subtitle": "Varanda da su\u00edte", "url": "892798033-842.4610892965718MG9088.jpg", "cover": false}, {"id": 15045278, "subtitle": "Varanda da su\u00edte - vista", "url": "892798033-829.1009486019667MG9089.jpg", "cover": false}, {"id": 15045279, "subtitle": "Home office ", "url": "892798033-645.8858294835026MG9090.jpg", "cover": false}, {"id": 15045280, "subtitle": "Home office ", "url": "892798033-354.24416384792147MG9091.jpg", "cover": false}, {"id": 15045281, "subtitle": "Banheiro da su\u00edte", "url": "892798033-463.08951976466005MG9092.jpg", "cover": false}, {"id": 15045282, "subtitle": "Banheiro da su\u00edte", "url": "892798033-635.8153000109031MG9093.jpg", "cover": false}, {"id": 15045284, "subtitle": "Banheiro da su\u00edte", "url": "892798033-440.94716480867123MG9094.jpg", "cover": false}, {"id": 15045285, "subtitle": "Banheiro da su\u00edte", "url": "892798033-692.6825075115835MG9095.jpg", "cover": false}, {"id": 15045286, "subtitle": "Lavabo", "url": "892798033-670.0708651830171MG9096.jpg", "cover": false}, {"id": 15045287, "subtitle": "Lavabo", "url": "892798033-81.78795821997676MG9097.jpg", "cover": false}, {"id": 15045288, "subtitle": "Cozinha", "url": "892798033-862.8051041380862MG9098.jpg", "cover": false}, {"id": 15045305, "subtitle": "Cozinha", "url": "892798033-113.56497585433023MG9110.jpg", "cover": false}, {"id": 15045303, "subtitle": "Cozinha", "url": "892798033-612.4383281862221MG9109.jpg", "cover": false}, {"id": 15045289, "subtitle": "Cozinha", "url": "892798033-18.8536039903342MG9099.jpg", "cover": false}, {"id": 15045290, "subtitle": "Cozinha", "url": "892798033-538.3084892220595MG9100.jpg", "cover": false}, {"id": 15045291, "subtitle": "Cozinha", "url": "892798033-741.2840752206656MG9101.jpg", "cover": false}, {"id": 15045292, "subtitle": "Cozinha", "url": "892798033-192.3551434950116MG9102.jpg", "cover": false}, {"id": 15045294, "subtitle": "\u00c1rea de servi\u00e7o", "url": "892798033-627.4521585955958MG9103.jpg", "cover": false}, {"id": 15045296, "subtitle": "\u00c1rea de servi\u00e7o", "url": "892798033-910.9185241694288MG9104.jpg", "cover": false}, {"id": 15045297, "subtitle": "\u00c1rea de servi\u00e7o", "url": "892798033-423.70998939626804MG9105.jpg", "cover": false}, {"id": 15045301, "subtitle": "Banheiro de servi\u00e7o", "url": "892798033-775.2032525239672MG9107.jpg", "cover": false}, {"id": 15046306, "subtitle": "Ar condicionado da sala", "url": "892798033-148.420355867269ar.jpg", "cover": false}, {"id": 15045299, "subtitle": "Aquecedor a g\u00e1s", "url": "892798033-545.9999563567982MG9106.jpg", "cover": false}, {"id": 15045316, "subtitle": "Piscina", "url": "892798033-953.4455725425693MG9118.jpg", "cover": false}, {"id": 15046304, "subtitle": "Piscina infantil", "url": "892798033-733.5267775779264pin6f.jpg", "cover": false}, {"id": 15045321, "subtitle": "Piscina coberta", "url": "892798033-525.5002229407664MG9122.jpg", "cover": false}, {"id": 15045323, "subtitle": "Academia", "url": "892798033-739.9101267394101MG9123.jpg", "cover": false}, {"id": 15045324, "subtitle": "Academia", "url": "892798033-198.87304267197447MG9124.jpg", "cover": false}, {"id": 15045318, "subtitle": "Churrasqueira", "url": "892798033-609.0543271607753MG9119.jpg", "cover": false}, {"id": 15045319, "subtitle": "Churrasqueira", "url": "892798033-165.11600589345045MG9120.jpg", "cover": false}, {"id": 15045307, "subtitle": "Sala de massagem e sauna", "url": "892798033-447.11189202173216MG9112.jpg", "cover": false}, {"id": 15045308, "subtitle": "Sala de massagem", "url": "892798033-5.929314618997261MG9113.jpg", "cover": false}, {"id": 15045309, "subtitle": "Sauna", "url": "892798033-848.0996074540101MG9114.jpg", "cover": false}, {"id": 15045311, "subtitle": "Sal\u00e3o de festas", "url": "892798033-469.6621248598597MG9115.jpg", "cover": false}, {"id": 15045313, "subtitle": "Sala de reuni\u00e3o  ", "url": "892798033-931.3139744501829MG9116.jpg", "cover": false}, {"id": 15045314, "subtitle": "\u00c1rea Comum - Playground", "url": "892798033-404.9365742839607MG9117.jpg", "cover": false}, {"id": 15045320, "subtitle": "Hall social", "url": "892798033-528.559029657793MG9121.jpg", "cover": false}, {"id": 15045326, "subtitle": "Fachada", "url": "892798033-447.9893556603545MG9125.jpg", "cover": false}], "photosCategorizedByRooms": [], "relevantRegions": [], "photospheres": [], "specialConditions": [], "offers": {"closingRate": 0, "shouldHighlightIcon": true, "shouldShowOfferDialog": false, "shouldShowOffers": false, "summary": []}, "status": "publicado", "showUrlHasBeenCopiedSnackbar": false, "isGalleryModalOpen": false, "error": false, "loaded": true, "loading": false, "loadingCategorizedRooms": false, "selectedMedia": "tenant/HouseMedia/PHOTOS", "video": "", "promotions": [], "condominium": {"hashId": "ek99sm2zko", "name": "Up Town S\u00e3o Paulo Duplex", "slug": "up-town-sao-paulo-duplex-jardim-paulista-sao-paulo", "address": "Alameda Campinas", "constructionYear": 2006}, "forRent": true, "forSale": false, "salePrice": 0, "mortgageFirstInstallment": 0, "listings": [{"imovelId": 892798033, "businessContext": "RENT", "status": "publicado", "firstPublicationDate": "2017-03-21T20:39:09.000+0000", "lastPublicationDate": "2023-01-06T15:59:09.000+0000", "listingRentModel": {"listingBusinessContextId": 79954, "rentalAdministrator": "QUINTOANDAR"}, "ownership": "STANDARD"}], "listingTags": [], "businessContext": "", "regionParameters": {"loaded": false, "loading": false, "RENT": {"visitsEnabled": true, "talkToAgentEnabled": false}, "SALE": {"visitsEnabled": true, "talkToAgentEnabled": false}}, "houseAgent": {"isDialogOpen": false, "alreadyOpenedByQueryParam": false}, "tenantServiceFee": 163, "closingStatus": {"loading": false}, "rentalGuarantee": {"minValue": 1575, "maxValue": 4725}, "reservationAvailability": null, "isPrimaryMarket": false, "macroRegion": {"id": 2737, "name": "SPO 07"}, "suites": 1, "allowsCustomOffer": true, "displayCustomOfferPreference": true, "houseVisitStatus": "ACCEPT_NEW", "visitStatusReason": null, "visitsUnavailable": false, "isReserved": false, "allowDirectOffer": true, "lastPublishedDate": "2023-01-06T15:59:09.000Z", "listingPublication": "not_stranded", "rentOnTermination": false, "constructionYear": 2006, "categories": []}, "markers": {"lat": -23.5673785, "lng": -46.6544553}, "talkToAgent": {"dialog": {"open": false, "questionType": null, "question": ""}, "agentSupport": {}, "error": null, "autoSubmit": false, "loading": false, "submitting": false, "success": false, "hasLoadedAgentInfo": false, "agent": null, "hasLoadedAgentsInRegion": false, "agentsInRegion": null}}}}, "__N_SSP": true}, "page": "/imovel/[houseId]/[[...slug]]", "query": {"houseId": "892798033", "slug": ["alugar", "apartamento-1-quarto-jardim-paulista-sao-paulo"]}, "buildId": "gCr3Bg2lYzV9hxZqGibIQ", "runtimeConfig": {"NEXT_PUBLIC_HOME_ADVERTISING_BANNER": "coupon"}, "isFallback": false, "dynamicIds": [61847, 31265, 66435, 77453, 87356, 60899, 41103, 3232, 72227, 40072, 39327, 19904, 96827], "gssp": true, "customServer": true, "appGip": true, "locale": "pt-BR", "locales": ["pt-BR", "es-MX"], "defaultLocale": "pt-BR", "domainLocales": [{"domain": "www.quintoandar.com.br", "defaultLocale": "pt-BR"}, {"domain": "www.benvi.mx", "defaultLocale": "es-MX"}], "scriptLoader": []}