{"props": {"pageProps": {"initialState": {"route": {"locationBeforeTransitions": {"pathname": "/imovel/892840707/alugar/kitnet-1-quarto-campos-eliseos-sao-paulo", "search": "", "hash": "", "action": "POP", "query": {}}, "topLevelRouteName": "house details", "businessContext": "RENT", "favoriteListsBusinessContext": "RENT"}, "router": {"location": {"href": "/", "pathname": "/", "search": "", "hash": ""}}, "progress": {"pendingRequests": -1}, "login": {"response": {}, "user": {"isLoggedIn": false, "id": 0, "agentId": 0, "hashId": "", "sessionId": null, "name": "", "email": "", "maskedEmail": "", "jwt": {"app": "", "firebase": ""}, "phone": {"countryCode": "+55", "areaCode": "", "phoneNumber": ""}, "country": "BR", "channel": "", "isPhoneRegistered": false, "acceptWhatsapp": true, "hasDocument": false, "isPartner": false}, "accountForm": {}, "redirectUrl": "", "isRequestOngoing": false}, "captcha": {"token": "", "hasLoadedRemoteConfig": false, "provider": "", "friction": "low", "unavailableCountriesCode": []}, "supportedCities": [], "inAppMessages": {"biomaSurvey": {"isOpen": false, "formId": null, "data": {"opaque": true}}}, "metaData": {"similar_houses_clicked": []}, "appData": {"device": {"type": "desktop", "isSearchEngineCrawler": false}, "experiments": "X-AB-Test=ab_exposed_filter_sale_desktop:1,ab_exposed_filter_sale_v1:1,ab_exposed_filters:1,ab_load_more_v0:-1,ab_new_house_card_v2:0,ab_new_rent_listing_phase2:0,ab_profiling_create_alert_filters:0,ab_scheduling_step_by_step_v1:1,ab_show_floor_sale:0,ab_street_search_retrieval_v1:0"}, "house": {"houseInfo": {"id": "892840707", "displayId": "140707", "bedrooms": 1, "city": "S\u00e3o Paulo", "cityId": 39, "bathrooms": 1, "iptu": 0, "amenities": [{"key": "BANHEIRA_DE_HIDROMASSAGEM", "text": "Banheira", "value": "NAO", "optional": false}, {"key": "BOX", "text": "Box", "value": "NAO", "optional": false}, {"key": "VARANDA", "text": "Varanda", "value": "NAO", "optional": false}, {"key": "PISCINA_PRIVATIVA", "text": "Piscina privativa", "value": "NAO", "optional": false}, {"key": "ARMARIOS_EMBUTIDOS_NO_QUARTO", "text": "Arm\u00e1rios no quarto", "value": "NAO", "optional": false}, {"key": "ARMARIOS_NOS_BANHEIROS", "text": "Arm\u00e1rios no banheiro", "value": "SIM", "optional": false}, {"key": "ARMARIOS_NA_COZINHA", "text": "Arm\u00e1rios na cozinha", "value": "NAO", "optional": false}, {"key": "AR_CONDICIONADO", "text": "Ar condicionado", "value": "NAO", "optional": false}, {"key": "CHUVEIRO_A_GAS", "text": "Chuveiro a g\u00e1s", "value": "NAO", "optional": false}, {"key": "QUARTO_DE_SERVICO", "text": "Quarto de servi\u00e7o", "value": "NAO", "optional": false}, {"key": "BANHEIRO_DE_SERVICO", "text": "Banheiro de servi\u00e7o", "value": "NAO", "optional": false}, {"key": "VARANDA_GOURMET", "text": "Varanda gourmet", "value": "NAO", "optional": false}, {"key": "APARTAMENTO_COBERTURA", "text": "Apartamento cobertura", "value": "NAO", "optional": false}, {"key": "QUARTO_EXTRA_REVERSIVEL", "text": "Quarto extra revers\u00edvel", "value": "NAO", "optional": false}, {"key": "FOGAO_INCLUSO", "text": "Fog\u00e3o", "value": "SIM", "optional": false}, {"key": "GELADEIRA_INCLUSO", "text": "Geladeira", "value": "SIM", "optional": false}, {"key": "BANHEIRO_ADAPTADO", "text": "Banheiro adaptado", "value": "NAO", "optional": false}, {"key": "CLOSET", "text": "Closet", "value": "NAO", "optional": false}, {"key": "COZINHA_AMERICANA", "text": "Cozinha americana", "value": "SIM", "optional": false}, {"key": "MESAS_E_CADEIRAS_DE_ESCRITORIO", "text": "Mesas e cadeiras de escrit\u00f3rio", "value": "NAO", "optional": false}, {"key": "JARDIM", "text": "Jardim", "value": "NAO", "optional": false}, {"key": "QUARTOS_E_CORREDORES_COM_PORTAS_AMPLAS", "text": "Quartos e corredores com portas amplas", "value": "NAO", "optional": false}, {"key": "QUINTAL", "text": "Quintal", "value": "NAO", "optional": false}, {"key": "SOMENTE_UMA_CASA_NO_TERRENO", "text": "Somente uma casa no terreno", "value": "NAO", "optional": false}, {"key": "AREA_DE_SERVICO", "text": "\u00c1rea de servi\u00e7o", "value": "NAO", "optional": false}], "comfortCommodities": [{"key": "BANHEIRA_DE_HIDROMASSAGEM", "text": "Banheira", "value": "NAO", "optional": false}, {"key": "PISCINA_PRIVATIVA", "text": "Piscina privativa", "value": "NAO", "optional": false}, {"key": "AR_CONDICIONADO", "text": "Ar condicionado", "value": "NAO", "optional": false}, {"key": "SOL_DA_MANHA", "text": "Sol da manh\u00e3", "value": "SIM", "optional": false}, {"key": "SOL_DA_TARDE", "text": "Sol da tarde", "value": "NAO", "optional": false}, {"key": "CORTINAS_BLACK_OUT", "text": "Cortinas corta luz", "value": "NAO", "optional": false}, {"key": "CORTINAS_DECORATIVAS", "text": "Cortina transl\u00facida", "value": "NAO", "optional": false}, {"key": "JANELA_ANTI_RUIDO", "text": "Janela anti-ru\u00eddo", "value": "NAO", "optional": false}, {"key": "VENTILADOR_DE_TETO", "text": "Ventilador de teto", "value": "NAO", "optional": false}, {"key": "LUMINOSIDADE_NATURAL", "text": "Janelas grandes", "value": "NAO", "optional": false}, {"key": "VISTA_LIVRE", "text": "Vista livre", "value": "SIM", "optional": false}, {"key": "RUA_SILENCIOSA", "text": "Rua silenciosa", "value": "NAO", "optional": false}], "practicalityCommodities": [{"key": "BOX", "text": "Box", "value": "NAO", "optional": false}, {"key": "ARMARIOS_EMBUTIDOS_NO_QUARTO", "text": "Arm\u00e1rios no quarto", "value": "NAO", "optional": false}, {"key": "ARMARIOS_NOS_BANHEIROS", "text": "Arm\u00e1rios no banheiro", "value": "SIM", "optional": false}, {"key": "ARMARIOS_NA_COZINHA", "text": "Arm\u00e1rios na cozinha", "value": "NAO", "optional": false}, {"key": "CHUVEIRO_A_GAS", "text": "Chuveiro a g\u00e1s", "value": "NAO", "optional": false}, {"key": "FOGAO_INCLUSO", "text": "Fog\u00e3o", "value": "SIM", "optional": false}, {"key": "GELADEIRA_INCLUSO", "text": "Geladeira", "value": "SIM", "optional": false}, {"key": "CHUVEIRO_ELETRICO", "text": "Chuveiro el\u00e9trico", "value": "SIM", "optional": false}, {"key": "MICROONDAS", "text": "Microondas", "value": "SIM", "optional": false}, {"key": "SOFA", "text": "Sof\u00e1", "value": "NAO", "optional": false}, {"key": "MAQUINA_DE_LAVAR", "text": "M\u00e1quina de lavar", "value": "NAO", "optional": false}, {"key": "TANQUE", "text": "Tanque", "value": "NAO", "optional": false}, {"key": "REDE_DE_PROTECAO", "text": "Tela nas janelas", "value": "NAO", "optional": false}, {"key": "VARAL_DE_ROUPAS", "text": "Varal de roupas", "value": "NAO", "optional": false}, {"key": "TOMADAS_NOVAS", "text": "Tomadas 3 pinos", "value": "NAO", "optional": false}, {"key": "TELEVISAO", "text": "Televis\u00e3o", "value": "NAO", "optional": false}, {"key": "MESAS_E_CADEIRAS_DE_JANTAR", "text": "Mesas e cadeiras de jantar", "value": "SIM", "optional": false}, {"key": "CHURRASQUEIRA", "text": "Churrasqueira", "value": "NAO", "optional": false}, {"key": "ACESSO_SEM_DEGRAUS", "text": "Acesso sem degraus", "value": "NAO", "optional": false}, {"key": "COOKTOP", "text": "Fog\u00e3o cooktop", "value": "NAO", "optional": false}, {"key": "UTENSILIOS_DE_COZINHA", "text": "Utens\u00edlios de cozinha", "value": "SIM", "optional": false}, {"key": "CAMA_DE_CASAL", "text": "Cama de casal", "value": "SIM", "optional": false}, {"key": "CAMA_DE_SOLTEIRO", "text": "Cama de solteiro", "value": "NAO", "optional": false}, {"key": "ESPELHO_NO_BANHEIRO", "text": "Espelho no banheiro", "value": "SIM", "optional": false}, {"key": "FECHADURA_ELETRONICA", "text": "Fechadura eletr\u00f4nica", "value": "NAO", "optional": false}, {"key": "ENERGIA", "text": "Energia no im\u00f3vel", "value": "SIM", "optional": false}], "area": 45, "installations": [{"key": "PLAYGROUND", "text": "Playground", "value": "NAO"}, {"key": "PISCINA", "text": "Piscina", "value": "NAO"}, {"key": "CHURRASQUEIRA", "text": "Churrasqueira", "value": "NAO"}, {"key": "QUADRA_ESPORTIVA", "text": "Quadra esportiva", "value": "NAO"}, {"key": "ACADEMIA", "text": "Academia", "value": "NAO"}, {"key": "SALAO_DE_FESTAS", "text": "Sal\u00e3o de festas", "value": "NAO"}, {"key": "SAUNA", "text": "Sauna", "value": "NAO"}, {"key": "LAVANDERIA_NO_PREDIO", "text": "Lavanderia no pr\u00e9dio", "value": "NAO"}, {"key": "GAS_ENCANADO", "text": "G\u00e1s encanado", "value": "NAO"}, {"key": "ESPACO_GOURMET_NA_AREA_COMUM", "text": "Espa\u00e7o gourmet na \u00e1rea comum", "value": "NAO"}, {"key": "BRINQUEDOTECA", "text": "Brinquedoteca", "value": "NAO"}, {"key": "CORRIMAO", "text": "Corrim\u00e3o", "value": "NAO"}, {"key": "PISO_TATIL", "text": "Piso t\u00e1til", "value": "NAO"}, {"key": "RAMPAS_DE_ACESSO", "text": "Rampas de acesso", "value": "NAO"}, {"key": "SALAO_DE_JOGOS", "text": "Sal\u00e3o de jogos", "value": "NAO"}, {"key": "VAGA_DE_GARAGEM_ACESSIVEL", "text": "Vaga de garagem acess\u00edvel", "value": "NAO"}, {"key": "AREA_VERDE", "text": "\u00c1rea verde", "value": "NAO"}, {"key": "Elevador", "value": "SIM"}, {"key": "Porteiro24H", "value": "SIM"}], "rentPrice": 1020, "condoPrice": 600, "condoType": "Normal", "region": {"name": "Campos El\u00edseos", "hub": {"loading": "UNSET", "enabled": false, "abSecretariat": false, "isPrimaryMarket": false}, "id": 6626}, "type": "StudioOuKitchenette", "iptuType": "NaoExiste", "totalCost": 1659, "parkingSpaces": 0, "address": {"street": "Avenida Rio Branco", "neighborhood": "Campos El\u00edseos", "city": "S\u00e3o Paulo", "zipCode": "01206-000", "stateName": "S\u00e3o Paulo", "stateAcronym": "SP", "lat": -23.5296422, "lng": -46.6477808, "countryName": "Brasil", "countryCode": "BR", "country": "Brasil"}, "floor": 9, "homeProtection": 13, "remarks": "Kitnet mobiliado, ou (sem mobilia) pronto para morar ideal para solteiros ou casal.\n\u00d3tima localiza\u00e7\u00e3o; pr\u00f3ximo a Santa Efig\u00eania.\nPS. Se preferir o ap. vazio, posso retirar os m\u00f3veis.", "furniture": "Posso esta retirando os m\u00f3veis. \nFica a crit\u00e9rio do inquilino.", "acceptsPets": false, "hasFurniture": false, "isNearSubway": true, "placesNearby": [{"name": "Teatro Porto Seguro", "type": "MUSEUM_THEATRE_OR_CONCERT_HALL", "slug": "teatro-porto-seguro-bom-retiro-sao-paulo-sp"}, {"name": "Teatro Escola Macuna\u00edma - Unidade Matriz", "type": "UNIVERSITY_OR_COLLEGE", "slug": "teatro-escola-macunaima-unidade-matriz-bom-retiro-sao-paulo-sp"}, {"name": "Sesc Bom Retiro", "type": "MUSEUM_THEATRE_OR_CONCERT_HALL", "slug": "sesc-bom-retiro-campos-eliseos-sao-paulo-sp"}, {"name": "Col\u00e9gio Salesiano Liceu Cora\u00e7\u00e3o de Jesus", "type": "SCHOOL", "slug": "colegio-salesiano-liceu-coracao-de-jesus-campos-eliseos-sao-paulo-sp"}, {"name": "Terminal Princesa Isabel", "type": "BUS_TERMINAL_STATION", "slug": "terminal-princesa-isabel-campos-eliseos-sao-paulo-sp"}, {"name": "Theatro S\u00e3o Pedro", "type": "MUSEUM_THEATRE_OR_CONCERT_HALL", "slug": "theatro-sao-pedro-barra-funda-sao-paulo-sp"}, {"name": "Instituto de Educa\u00e7\u00e3o Jos\u00e9 de Paiva Netto", "type": "SCHOOL", "slug": "instituto-de-educacao-jose-de-paiva-netto-bom-retiro-sao-paulo-sp"}, {"name": "NotreDame Interm\u00e9dica Hospital e Pronto Socorro Santa Cecilia", "type": "HOSPITAL", "slug": "notredame-intermedica-hospital-e-pronto-socorro-santa-cecilia-santa-cecilia-sao-paulo-sp"}, {"name": "Instituto Nacional de Educa\u00e7\u00e3o a Dist\u00e2ncia", "type": "SCHOOL", "slug": "instituto-nacional-de-educacao-a-distancia-barra-funda-sao-paulo-sp"}, {"name": "J\u00falio Prestes", "type": "ESTACAO_METRO_OU_TREM", "slug": "estacao-julio-prestes-sao-paulo-sp"}, {"name": "Parque Minhoc\u00e3o (Via Elevado Pres. Jo\u00e3o Goulart)", "type": "PARK_OR_GREEN_AREA", "slug": "parque-minhocao-via-elevado-pres-joao-goulart-barra-funda-sao-paulo-sp-brasil"}, {"name": "Sala S\u00e3o Paulo", "type": "MUSEUM_THEATRE_OR_CONCERT_HALL", "slug": "sala-sao-paulo-campos-eliseos-sao-paulo-sp"}, {"name": "Memorial da Imigra\u00e7\u00e3o Judaica e do Holocausto", "type": "MUSEUM_THEATRE_OR_CONCERT_HALL", "slug": "memorial-da-imigracao-judaica-e-do-holocausto-bom-retiro-sao-paulo-sp"}, {"name": "Escola de Samba Gavi\u00f5es da Fiel", "type": "SCHOOL", "slug": "escola-de-samba-gavioes-da-fiel-bom-retiro-sao-paulo-sp"}, {"name": "Universidade de M\u00fasica Tom Jobim", "type": "MUSEUM_THEATRE_OR_CONCERT_HALL", "slug": "universidade-de-musica-tom-jobim-centro-sao-paulo-sp"}, {"name": "La Salsa Discotek", "type": "MUSEUM_THEATRE_OR_CONCERT_HALL", "slug": "la-salsa-discotek-santa-cecilia-sao-paulo-sp"}, {"name": "Casa do Povo", "type": "MUSEUM_THEATRE_OR_CONCERT_HALL", "slug": "casa-do-povo-bom-retiro-sao-paulo-sp"}, {"name": "Shopping Etecompe", "type": "SHOPPING_MALL", "slug": "shopping-etecompe-centro-sao-paulo-sp"}, {"name": "Galeria 490", "type": "SHOPPING_MALL", "slug": "galeria-490-centro-sao-paulo-sp"}, {"name": "Est\u00e1dio Municipal de Beisebol Mie Nishi", "type": "STADIUM", "slug": "estadio-municipal-de-beisebol-mie-nishi-bom-retiro-sao-paulo-sp"}, {"name": "Shopping Maravilha", "type": "SHOPPING_MALL", "slug": "shopping-maravilha-centro-sao-paulo-sp"}, {"name": "Shopping Intercontinetal", "type": "SHOPPING_MALL", "slug": "shopping-intercontinetal-centro-sao-paulo-sp"}, {"name": "Largo do Arouche", "type": "PARK_OR_GREEN_AREA", "slug": "largo-do-arouche-santa-cecilia-sao-paulo-sp"}, {"name": "Galeria Cinelli", "type": "SHOPPING_MALL", "slug": "galeria-cinelli-centro-sao-paulo-sp"}, {"name": "Oficina Cultural Casa M\u00e1rio de Andrade", "type": "MUSEUM_THEATRE_OR_CONCERT_HALL", "slug": "oficina-cultural-casa-mario-de-andrade-barra-funda-sao-paulo-sp"}, {"name": "Galeria Arouche", "type": "SHOPPING_MALL", "slug": "galeria-arouche-santa-cecilia-sao-paulo-sp"}, {"name": "Shopping 373", "type": "SHOPPING_MALL", "slug": "shopping-373-centro-sao-paulo-sp"}, {"name": "FCMSCSP - Faculdade Medicina Santa Casa", "type": "UNIVERSITY_OR_COLLEGE", "slug": "faculdade-ciencias-medicas-santa-casa-sao-paulo-sp"}, {"name": "Galeria S\u00e3o Paulo", "type": "SHOPPING_MALL", "slug": "galeria-sao-paulo-centro-sao-paulo-sp"}, {"name": "Shopping 355", "type": "SHOPPING_MALL", "slug": "shopping-355-centro-sao-paulo-sp"}], "availabilityType": "IMMEDIATE", "photos": [{"id": 32407992, "subtitle": "Sala", "url": "892840707-639.6751359943723IMG4583.JPG", "cover": true}, {"id": 32407988, "subtitle": "Sala", "url": "892840707-92.40701891542203IMG4557.JPG", "cover": false}, {"id": 32407990, "subtitle": "Sala", "url": "892840707-488.91944684074497IMG4558.JPG", "cover": false}, {"id": 32408007, "subtitle": "Sala", "url": "892840707-693.3927757032584IMG4583.JPG", "cover": false}, {"id": 32408036, "subtitle": "Quarto", "url": "892840707-671.12204711012IMG4561.JPG", "cover": false}, {"id": 32408038, "subtitle": "Quarto", "url": "892840707-397.0839012839236IMG4563.JPG", "cover": false}, {"id": 32408039, "subtitle": "Quarto", "url": "892840707-386.03248709239205IMG4565.JPG", "cover": false}, {"id": 32408041, "subtitle": "Quarto", "url": "892840707-422.7717101554612IMG4569.JPG", "cover": false}, {"id": 32408060, "subtitle": "Banheiro", "url": "892840707-561.0612599658134IMG4586.JPG", "cover": false}, {"id": 32408061, "subtitle": "Banheiro", "url": "892840707-599.8795701452984IMG4588.JPG", "cover": false}, {"id": 32408062, "subtitle": "Banheiro", "url": "892840707-82.92662996176826IMG4589.JPG", "cover": false}, {"id": 32408063, "subtitle": "Banheiro", "url": "892840707-540.7704232834233IMG4590.JPG", "cover": false}, {"id": 32408075, "subtitle": "Cozinha", "url": "892840707-171.07539542748006IMG4574.JPG", "cover": false}, {"id": 32408077, "subtitle": "Cozinha", "url": "892840707-404.19935868025493IMG4575.JPG", "cover": false}, {"id": 32408079, "subtitle": "Cozinha", "url": "892840707-967.7827138994502IMG4577.JPG", "cover": false}, {"id": 32408081, "subtitle": "Cozinha", "url": "892840707-972.3643052583681IMG4578.JPG", "cover": false}, {"id": 32408432, "subtitle": "Fachada", "url": "892840707-264.479870575287120221122170403.jpg", "cover": false}], "photosCategorizedByRooms": [], "relevantRegions": [], "photospheres": [], "specialConditions": [], "offers": {"closingRate": 0, "shouldHighlightIcon": true, "shouldShowOfferDialog": false, "shouldShowOffers": false, "summary": []}, "status": "publicado", "showUrlHasBeenCopiedSnackbar": false, "isGalleryModalOpen": false, "error": false, "loaded": true, "loading": false, "loadingCategorizedRooms": false, "selectedMedia": "tenant/HouseMedia/PHOTOS", "video": "", "promotions": [], "condominium": {}, "forRent": true, "forSale": false, "salePrice": 0, "mortgageFirstInstallment": 0, "listings": [{"imovelId": 892840707, "businessContext": "RENT", "status": "publicado", "firstPublicationDate": "2022-11-22T23:23:38.000+0000", "lastPublicationDate": "2022-11-22T23:23:38.000+0000", "listingRentModel": {"listingBusinessContextId": 22150, "rentalAdministrator": "QUINTOANDAR"}, "ownership": "STANDARD"}], "listingTags": [], "businessContext": "", "regionParameters": {"loaded": false, "loading": false, "RENT": {"visitsEnabled": true, "talkToAgentEnabled": false}, "SALE": {"visitsEnabled": true, "talkToAgentEnabled": false}}, "houseAgent": {"isDialogOpen": false, "alreadyOpenedByQueryParam": false}, "tenantServiceFee": 26, "closingStatus": {"loading": false}, "rentalGuarantee": {"minValue": 255, "maxValue": 765}, "reservationAvailability": null, "isPrimaryMarket": false, "macroRegion": {"id": 6786, "name": "S\u00e3o Paulo"}, "suites": 0, "houseVisitStatus": "ACCEPT_NEW", "visitStatusReason": null, "visitsUnavailable": false, "isReserved": false, "allowDirectOffer": true, "lastPublishedDate": "2022-11-22T23:23:38.000Z", "listingPublication": "stranded", "rentOnTermination": false, "constructionYear": 1971, "categories": []}, "markers": {"lat": -23.5296422, "lng": -46.6477808}, "talkToAgent": {"dialog": {"open": false, "questionType": null, "question": ""}, "agentSupport": {}, "error": null, "autoSubmit": false, "loading": false, "submitting": false, "success": false, "hasLoadedAgentInfo": false, "agent": null, "hasLoadedAgentsInRegion": false, "agentsInRegion": null}}}}, "__N_SSP": true}, "page": "/imovel/[houseId]/[[...slug]]", "query": {"houseId": "892840707", "slug": ["alugar", "kitnet-1-quarto-campos-eliseos-sao-paulo"]}, "buildId": "gCr3Bg2lYzV9hxZqGibIQ", "runtimeConfig": {"NEXT_PUBLIC_HOME_ADVERTISING_BANNER": "coupon"}, "isFallback": false, "dynamicIds": [61847, 31265, 66435, 77453, 87356, 60899, 41103, 3232, 72227, 40072, 39327, 19904, 96827], "gssp": true, "customServer": true, "appGip": true, "locale": "pt-BR", "locales": ["pt-BR", "es-MX"], "defaultLocale": "pt-BR", "domainLocales": [{"domain": "www.quintoandar.com.br", "defaultLocale": "pt-BR"}, {"domain": "www.benvi.mx", "defaultLocale": "es-MX"}], "scriptLoader": []}