{"props": {"pageProps": {"initialState": {"route": {"locationBeforeTransitions": {"pathname": "/imovel/892808358/alugar/apartamento-3-quartos-brooklin-paulista-sao-paulo", "search": "", "hash": "", "action": "POP", "query": {}}, "topLevelRouteName": "house details", "businessContext": "RENT", "favoriteListsBusinessContext": "RENT"}, "router": {"location": {"href": "/", "pathname": "/", "search": "", "hash": ""}}, "progress": {"pendingRequests": -1}, "login": {"response": {}, "user": {"isLoggedIn": false, "id": 0, "agentId": 0, "hashId": "", "sessionId": null, "name": "", "email": "", "maskedEmail": "", "jwt": {"app": "", "firebase": ""}, "phone": {"countryCode": "+55", "areaCode": "", "phoneNumber": ""}, "country": "BR", "channel": "", "isPhoneRegistered": false, "acceptWhatsapp": true, "hasDocument": false, "isPartner": false}, "accountForm": {}, "redirectUrl": "", "isRequestOngoing": false}, "captcha": {"token": "", "hasLoadedRemoteConfig": false, "provider": "", "friction": "low", "unavailableCountriesCode": []}, "supportedCities": [], "inAppMessages": {"biomaSurvey": {"isOpen": false, "formId": null, "data": {"opaque": true}}}, "metaData": {"similar_houses_clicked": []}, "appData": {"device": {"type": "desktop", "isSearchEngineCrawler": false}, "experiments": "X-AB-Test=ab_exposed_filter_sale_desktop:1,ab_exposed_filter_sale_v1:1,ab_exposed_filters:1,ab_load_more_v0:-1,ab_new_house_card_v2:0,ab_new_rent_listing_phase2:0,ab_profiling_create_alert_filters:0,ab_scheduling_step_by_step_v1:1,ab_show_floor_sale:0,ab_street_search_retrieval_v1:0"}, "house": {"houseInfo": {"id": "892808358", "displayId": "108358", "bedrooms": 3, "city": "S\u00e3o Paulo", "cityId": 39, "bathrooms": 3, "iptu": 220, "amenities": [{"key": "BANHEIRA_DE_HIDROMASSAGEM", "text": "Banheira", "value": "NAO", "optional": false}, {"key": "BOX", "text": "Box", "value": "SIM", "optional": false}, {"key": "VARANDA", "text": "Varanda", "value": "NAO_INFORMADO", "optional": false}, {"key": "PISCINA_PRIVATIVA", "text": "Piscina privativa", "value": "NAO", "optional": false}, {"key": "ARMARIOS_EMBUTIDOS_NO_QUARTO", "text": "Arm\u00e1rios no quarto", "value": "SIM", "optional": false}, {"key": "ARMARIOS_NOS_BANHEIROS", "text": "Arm\u00e1rios no banheiro", "value": "SIM", "optional": false}, {"key": "ARMARIOS_NA_COZINHA", "text": "Arm\u00e1rios na cozinha", "value": "SIM", "optional": false}, {"key": "AR_CONDICIONADO", "text": "Ar condicionado", "value": "NAO", "optional": false}, {"key": "CHUVEIRO_A_GAS", "text": "Chuveiro a g\u00e1s", "value": "NAO_INFORMADO", "optional": false}, {"key": "QUARTO_DE_SERVICO", "text": "Quarto de servi\u00e7o", "value": "NAO", "optional": false}, {"key": "BANHEIRO_DE_SERVICO", "text": "Banheiro de servi\u00e7o", "value": "SIM", "optional": false}, {"key": "VARANDA_GOURMET", "text": "Varanda gourmet", "value": "NAO", "optional": false}, {"key": "APARTAMENTO_COBERTURA", "text": "Apartamento cobertura", "value": "NAO", "optional": false}, {"key": "QUARTO_EXTRA_REVERSIVEL", "text": "Quarto extra revers\u00edvel", "value": "NAO", "optional": false}, {"key": "FOGAO_INCLUSO", "text": "Fog\u00e3o", "value": "NAO_INFORMADO", "optional": false}, {"key": "GELADEIRA_INCLUSO", "text": "Geladeira", "value": "NAO_INFORMADO", "optional": false}, {"key": "BANHEIRO_ADAPTADO", "text": "Banheiro adaptado", "value": "NAO_INFORMADO", "optional": false}, {"key": "CLOSET", "text": "Closet", "value": "NAO_INFORMADO", "optional": false}, {"key": "COZINHA_AMERICANA", "text": "Cozinha americana", "value": "NAO_INFORMADO", "optional": false}, {"key": "MESAS_E_CADEIRAS_DE_ESCRITORIO", "text": "Mesas e cadeiras de escrit\u00f3rio", "value": "NAO_INFORMADO", "optional": false}, {"key": "JARDIM", "text": "Jardim", "value": "NAO_INFORMADO", "optional": false}, {"key": "QUARTOS_E_CORREDORES_COM_PORTAS_AMPLAS", "text": "Quartos e corredores com portas amplas", "value": "NAO_INFORMADO", "optional": false}, {"key": "QUINTAL", "text": "Quintal", "value": "NAO_INFORMADO", "optional": false}, {"key": "SOMENTE_UMA_CASA_NO_TERRENO", "text": "Somente uma casa no terreno", "value": "NAO_INFORMADO", "optional": false}, {"key": "AREA_DE_SERVICO", "text": "\u00c1rea de servi\u00e7o", "value": "NAO_INFORMADO", "optional": false}], "comfortCommodities": [{"key": "BANHEIRA_DE_HIDROMASSAGEM", "text": "Banheira", "value": "NAO", "optional": false}, {"key": "PISCINA_PRIVATIVA", "text": "Piscina privativa", "value": "NAO", "optional": false}, {"key": "AR_CONDICIONADO", "text": "Ar condicionado", "value": "NAO", "optional": false}, {"key": "SOL_DA_MANHA", "text": "Sol da manh\u00e3", "value": "NAO_INFORMADO", "optional": false}, {"key": "SOL_DA_TARDE", "text": "Sol da tarde", "value": "NAO_INFORMADO", "optional": false}, {"key": "CORTINAS_BLACK_OUT", "text": "Cortinas corta luz", "value": "NAO_INFORMADO", "optional": false}, {"key": "CORTINAS_DECORATIVAS", "text": "Cortina transl\u00facida", "value": "NAO_INFORMADO", "optional": false}, {"key": "JANELA_ANTI_RUIDO", "text": "Janela anti-ru\u00eddo", "value": "NAO_INFORMADO", "optional": false}, {"key": "VENTILADOR_DE_TETO", "text": "Ventilador de teto", "value": "NAO_INFORMADO", "optional": false}, {"key": "LUMINOSIDADE_NATURAL", "text": "Janelas grandes", "value": "NAO_INFORMADO", "optional": false}, {"key": "VISTA_LIVRE", "text": "Vista livre", "value": "NAO_INFORMADO", "optional": false}, {"key": "RUA_SILENCIOSA", "text": "Rua silenciosa", "value": "NAO_INFORMADO", "optional": false}], "practicalityCommodities": [{"key": "BOX", "text": "Box", "value": "SIM", "optional": false}, {"key": "ARMARIOS_EMBUTIDOS_NO_QUARTO", "text": "Arm\u00e1rios no quarto", "value": "SIM", "optional": false}, {"key": "ARMARIOS_NOS_BANHEIROS", "text": "Arm\u00e1rios no banheiro", "value": "SIM", "optional": false}, {"key": "ARMARIOS_NA_COZINHA", "text": "Arm\u00e1rios na cozinha", "value": "SIM", "optional": false}, {"key": "CHUVEIRO_A_GAS", "text": "Chuveiro a g\u00e1s", "value": "NAO_INFORMADO", "optional": false}, {"key": "FOGAO_INCLUSO", "text": "Fog\u00e3o", "value": "NAO_INFORMADO", "optional": false}, {"key": "GELADEIRA_INCLUSO", "text": "Geladeira", "value": "NAO_INFORMADO", "optional": false}, {"key": "CHUVEIRO_ELETRICO", "text": "Chuveiro el\u00e9trico", "value": "NAO_INFORMADO", "optional": false}, {"key": "MICROONDAS", "text": "Microondas", "value": "NAO_INFORMADO", "optional": false}, {"key": "SOFA", "text": "Sof\u00e1", "value": "NAO_INFORMADO", "optional": false}, {"key": "MAQUINA_DE_LAVAR", "text": "M\u00e1quina de lavar", "value": "NAO_INFORMADO", "optional": false}, {"key": "TANQUE", "text": "Tanque", "value": "NAO_INFORMADO", "optional": false}, {"key": "REDE_DE_PROTECAO", "text": "Tela nas janelas", "value": "NAO_INFORMADO", "optional": false}, {"key": "VARAL_DE_ROUPAS", "text": "Varal de roupas", "value": "NAO_INFORMADO", "optional": false}, {"key": "TOMADAS_NOVAS", "text": "Tomadas 3 pinos", "value": "NAO_INFORMADO", "optional": false}, {"key": "TELEVISAO", "text": "Televis\u00e3o", "value": "NAO_INFORMADO", "optional": false}, {"key": "MESAS_E_CADEIRAS_DE_JANTAR", "text": "Mesas e cadeiras de jantar", "value": "NAO_INFORMADO", "optional": false}, {"key": "CHURRASQUEIRA", "text": "Churrasqueira", "value": "NAO_INFORMADO", "optional": false}, {"key": "ACESSO_SEM_DEGRAUS", "text": "Acesso sem degraus", "value": "NAO_INFORMADO", "optional": false}, {"key": "COOKTOP", "text": "Fog\u00e3o cooktop", "value": "NAO_INFORMADO", "optional": false}, {"key": "UTENSILIOS_DE_COZINHA", "text": "Utens\u00edlios de cozinha", "value": "NAO_INFORMADO", "optional": false}, {"key": "CAMA_DE_CASAL", "text": "Cama de casal", "value": "NAO_INFORMADO", "optional": false}, {"key": "CAMA_DE_SOLTEIRO", "text": "Cama de solteiro", "value": "NAO_INFORMADO", "optional": false}, {"key": "ESPELHO_NO_BANHEIRO", "text": "Espelho no banheiro", "value": "NAO_INFORMADO", "optional": false}, {"key": "FECHADURA_ELETRONICA", "text": "Fechadura eletr\u00f4nica", "value": "NAO_INFORMADO", "optional": false}, {"key": "ENERGIA", "text": "Energia no im\u00f3vel", "value": "NAO_INFORMADO", "optional": false}], "area": 95, "installations": [{"key": "PLAYGROUND", "text": "Playground", "value": "NAO"}, {"key": "PISCINA", "text": "Piscina", "value": "NAO"}, {"key": "CHURRASQUEIRA", "text": "Churrasqueira", "value": "NAO"}, {"key": "QUADRA_ESPORTIVA", "text": "Quadra esportiva", "value": "NAO"}, {"key": "ACADEMIA", "text": "Academia", "value": "NAO"}, {"key": "SALAO_DE_FESTAS", "text": "Sal\u00e3o de festas", "value": "SIM"}, {"key": "SAUNA", "text": "Sauna", "value": "NAO"}, {"key": "LAVANDERIA_NO_PREDIO", "text": "Lavanderia no pr\u00e9dio", "value": "NAO"}, {"key": "GAS_ENCANADO", "text": "G\u00e1s encanado", "value": "SIM"}, {"key": "ESPACO_GOURMET_NA_AREA_COMUM", "text": "Espa\u00e7o gourmet na \u00e1rea comum", "value": "NAO"}, {"key": "BRINQUEDOTECA", "text": "Brinquedoteca", "value": "NAO_INFORMADO"}, {"key": "CORRIMAO", "text": "Corrim\u00e3o", "value": "NAO_INFORMADO"}, {"key": "PISO_TATIL", "text": "Piso t\u00e1til", "value": "NAO_INFORMADO"}, {"key": "RAMPAS_DE_ACESSO", "text": "Rampas de acesso", "value": "NAO_INFORMADO"}, {"key": "SALAO_DE_JOGOS", "text": "Sal\u00e3o de jogos", "value": "NAO_INFORMADO"}, {"key": "VAGA_DE_GARAGEM_ACESSIVEL", "text": "Vaga de garagem acess\u00edvel", "value": "NAO_INFORMADO"}, {"key": "AREA_VERDE", "text": "\u00c1rea verde", "value": "NAO_INFORMADO"}, {"key": "Elevador", "value": "SIM"}, {"key": "Porteiro24H", "value": "SIM"}], "rentPrice": 7000, "condoPrice": 1412, "condoType": "Normal", "region": {"name": "Brooklin", "hub": {"loading": "UNSET", "enabled": false, "abSecretariat": false, "isPrimaryMarket": false}, "id": 42}, "type": "Apartamento", "iptuType": "Normal", "totalCost": 8902, "parkingSpaces": 1, "address": {"street": "Rua Porto Martins", "neighborhood": "Brooklin Paulista", "city": "S\u00e3o Paulo", "zipCode": "04570-140", "stateName": "S\u00e3o Paulo", "stateAcronym": "SP", "lat": -23.6046509, "lng": -46.6911522, "countryName": "Brasil", "countryCode": "BR", "country": "Brasil"}, "floor": 1, "homeProtection": 89, "remarks": "", "acceptsPets": false, "hasFurniture": false, "isNearSubway": true, "placesNearby": [{"name": "DeRose Method Berrini", "type": "UNIVERSITY_OR_COLLEGE", "slug": "derose-method-berrini-brooklin-sao-paulo-sp"}, {"name": "Berrini", "type": "ESTACAO_METRO_OU_TREM", "slug": "estacao-berrini-sao-paulo-sp"}, {"name": "Shopping Cidade Jardim", "type": "SHOPPING_MALL", "slug": "shopping-cidade-jardim-cidade-jardim-sao-paulo-sp-brasil"}, {"name": "Shopping Vila Ol\u00edmpia", "type": "SHOPPING_MALL", "slug": "shopping-vila-olimpia-vila-olimpia-sao-paulo-sp"}, {"name": "Escola M. Dias", "type": "SCHOOL", "slug": "escola-m-dias-sao-paulo-sp-brasil"}, {"name": "Diko Pataca", "type": "SCHOOL", "slug": "diko-pataca-brooklin-sao-paulo-sp"}, {"name": "Shopping JK Iguatemi", "type": "SHOPPING_MALL", "slug": "shopping-jk-iguatemi-vila-olimpia-sao-paulo-sp"}, {"name": "Col\u00e9gio Objetivo Morumbi", "type": "SCHOOL", "slug": "colegio-objetivo-morumbi-real-parque-sao-paulo-sp"}, {"name": "DeRose Method Vila Ol\u00edmpia", "type": "UNIVERSITY_OR_COLLEGE", "slug": "derose-method-vila-olimpia-vila-olimpia-sao-paulo-sp"}, {"name": "DeRose Method Brooklin", "type": "UNIVERSITY_OR_COLLEGE", "slug": "derose-method-brooklin-brooklin-sao-paulo-sp"}, {"name": "Reserva Ecol\u00f3gica do Morumbi", "type": "PARK_OR_GREEN_AREA", "slug": "reserva-ecologica-do-morumbi-cidade-jardim-sao-paulo-sp-brasil"}, {"name": "Universidade Anhembi-Morumbi", "type": "SCHOOL", "slug": "universidade-anhembi-morumbi-vila-olimpia-sao-paulo-sp"}, {"name": "Insper", "type": "UNIVERSITY_OR_COLLEGE", "slug": "insper-vila-olimpia-sao-paulo-sp"}, {"name": "Parque do Povo", "type": "PARK_OR_GREEN_AREA", "slug": "parque-do-povo-pinheiros-sao-paulo-sp"}, {"name": "Teatro Vivo", "type": "MUSEUM_THEATRE_OR_CONCERT_HALL", "slug": "teatro-vivo-brooklin-sao-paulo-sp"}, {"name": "Teatro Vento Forte", "type": "MUSEUM_THEATRE_OR_CONCERT_HALL", "slug": "teatro-vento-forte-itaim-bibi-sao-paulo-sp"}], "availabilityType": "IMMEDIATE", "photos": [{"id": 855363, "subtitle": "Sala", "url": "892808358-488.4323606294958DSC0151.jpg", "cover": true}, {"id": 855364, "subtitle": "Sala", "url": "892808358-439.4062644813009DSC0152.jpg", "cover": false}, {"id": 855366, "subtitle": "Sala", "url": "892808358-290.0884618907129DSC0153.jpg", "cover": false}, {"id": 855367, "subtitle": "Sala", "url": "892808358-975.452523891286DSC0155.jpg", "cover": false}, {"id": 855369, "subtitle": "Sala", "url": "892808358-291.7832512467845DSC0156.jpg", "cover": false}, {"id": 855370, "subtitle": "Su\u00edte", "url": "892808358-874.4692420089364DSC0157.jpg", "cover": false}, {"id": 855372, "subtitle": "Su\u00edte", "url": "892808358-799.3708944638325DSC0158.jpg", "cover": false}, {"id": 855375, "subtitle": "Su\u00edte", "url": "892808358-18.069263414997483DSC0159.jpg", "cover": false}, {"id": 855377, "subtitle": "Banheiro", "url": "892808358-767.5019138421417DSC0160.jpg", "cover": false}, {"id": 855378, "subtitle": "Banheiro", "url": "892808358-745.272604156714DSC0161.jpg", "cover": false}, {"id": 855381, "subtitle": "Quarto 01", "url": "892808358-730.0957117479509DSC0164.jpg", "cover": false}, {"id": 855382, "subtitle": "Quarto 01", "url": "892808358-964.7725646952306DSC0165.jpg", "cover": false}, {"id": 855379, "subtitle": "Banheiro", "url": "892808358-151.4630016059838DSC0162.jpg", "cover": false}, {"id": 855380, "subtitle": "Banheiro", "url": "892808358-683.8504441173744DSC0163.jpg", "cover": false}, {"id": 855384, "subtitle": "Quarto 02", "url": "892808358-879.9324021219876DSC0167.jpg", "cover": false}, {"id": 855385, "subtitle": "Quarto 02", "url": "892808358-739.7234841109715DSC0168.jpg", "cover": false}, {"id": 855386, "subtitle": "Quarto 02", "url": "892808358-28.504963869977917DSC0169.jpg", "cover": false}, {"id": 855387, "subtitle": "Cozinha", "url": "892808358-686.4249718454408DSC0170.jpg", "cover": false}, {"id": 855388, "subtitle": "Cozinha", "url": "892808358-287.0770374158208DSC0171.jpg", "cover": false}, {"id": 855389, "subtitle": "Cozinha", "url": "892808358-819.5683078774763DSC0172.jpg", "cover": false}, {"id": 855390, "subtitle": "Cozinha", "url": "892808358-36.61319259762974DSC0173.jpg", "cover": false}, {"id": 855391, "subtitle": "\u00c1rea Servi\u00e7o", "url": "892808358-818.744198098743DSC0174.jpg", "cover": false}, {"id": 855392, "subtitle": "Sal\u00e3o de Festas", "url": "892808358-183.00019525252586DSC0175.jpg", "cover": false}, {"id": 855393, "subtitle": "Fachada", "url": "892808358-179.71003728950598DSC0176.jpg", "cover": false}], "photosCategorizedByRooms": [], "relevantRegions": [], "photospheres": [], "specialConditions": [], "offers": {"closingRate": 0, "shouldHighlightIcon": true, "shouldShowOfferDialog": false, "shouldShowOffers": false, "summary": []}, "status": "publicado", "showUrlHasBeenCopiedSnackbar": false, "isGalleryModalOpen": false, "error": false, "loaded": true, "loading": false, "loadingCategorizedRooms": false, "selectedMedia": "tenant/HouseMedia/PHOTOS", "video": "", "promotions": [], "condominium": {"hashId": "1d47s4nn3d", "name": "Parati", "slug": "parati-brooklin-sao-paulo", "address": "R. P\u00f4rto Martins", "constructionYear": 1977}, "forRent": true, "forSale": true, "salePrice": 720000, "mortgageFirstInstallment": 0, "listings": [{"imovelId": 892808358, "businessContext": "SALE", "status": "publicado", "firstPublicationDate": "2021-11-23T12:35:41.000+0000", "lastPublicationDate": "2021-11-23T12:35:41.000+0000", "ownership": "STANDARD"}, {"imovelId": 892808358, "businessContext": "RENT", "status": "publicado", "firstPublicationDate": "2017-09-28T21:09:30.000+0000", "lastPublicationDate": "2023-01-13T13:08:34.000+0000", "listingRentModel": {"listingBusinessContextId": 116912, "rentalAdministrator": "QUINTOANDAR"}, "ownership": "STANDARD"}], "listingTags": [], "businessContext": "", "regionParameters": {"loaded": false, "loading": false, "RENT": {"visitsEnabled": true, "talkToAgentEnabled": false}, "SALE": {"visitsEnabled": true, "talkToAgentEnabled": false}}, "houseAgent": {"isDialogOpen": false, "alreadyOpenedByQueryParam": false}, "tenantServiceFee": 181, "closingStatus": {"loading": false}, "rentalGuarantee": {"minValue": 1750, "maxValue": 5250}, "reservationAvailability": null, "isPrimaryMarket": false, "macroRegion": {"id": 2723, "name": "SPO 05"}, "suites": 1, "movingDate": "2023-02-13", "houseVisitStatus": "ACCEPT_NEW", "visitStatusReason": null, "visitsUnavailable": false, "isReserved": false, "allowDirectOffer": true, "lastPublishedDate": "2023-01-13T13:08:34.000Z", "listingPublication": "not_stranded", "rentOnTermination": false, "constructionYear": 1977, "categories": []}, "markers": {"lat": -23.6046509, "lng": -46.6911522}, "talkToAgent": {"dialog": {"open": false, "questionType": null, "question": ""}, "agentSupport": {}, "error": null, "autoSubmit": false, "loading": false, "submitting": false, "success": false, "hasLoadedAgentInfo": false, "agent": null, "hasLoadedAgentsInRegion": false, "agentsInRegion": null}}}}, "__N_SSP": true}, "page": "/imovel/[houseId]/[[...slug]]", "query": {"houseId": "892808358", "slug": ["alugar", "apartamento-3-quartos-brooklin-paulista-sao-paulo"]}, "buildId": "gCr3Bg2lYzV9hxZqGibIQ", "runtimeConfig": {"NEXT_PUBLIC_HOME_ADVERTISING_BANNER": "coupon"}, "isFallback": false, "dynamicIds": [61847, 31265, 66435, 77453, 87356, 60899, 41103, 3232, 33207, 72227, 40072, 39327, 19904, 96827], "gssp": true, "customServer": true, "appGip": true, "locale": "pt-BR", "locales": ["pt-BR", "es-MX"], "defaultLocale": "pt-BR", "domainLocales": [{"domain": "www.quintoandar.com.br", "defaultLocale": "pt-BR"}, {"domain": "www.benvi.mx", "defaultLocale": "es-MX"}], "scriptLoader": []}