{"props": {"pageProps": {"initialState": {"route": {"locationBeforeTransitions": {"pathname": "/imovel/892813193/alugar/apartamento-3-quartos-real-parque-sao-paulo", "search": "", "hash": "", "action": "POP", "query": {}}, "topLevelRouteName": "house details", "businessContext": "RENT", "favoriteListsBusinessContext": "RENT"}, "router": {"location": {"href": "/", "pathname": "/", "search": "", "hash": ""}}, "progress": {"pendingRequests": -1}, "login": {"response": {}, "user": {"isLoggedIn": false, "id": 0, "agentId": 0, "hashId": "", "sessionId": null, "name": "", "email": "", "maskedEmail": "", "jwt": {"app": "", "firebase": ""}, "phone": {"countryCode": "+55", "areaCode": "", "phoneNumber": ""}, "country": "BR", "channel": "", "isPhoneRegistered": false, "acceptWhatsapp": true, "hasDocument": false, "isPartner": false}, "accountForm": {}, "redirectUrl": "", "isRequestOngoing": false}, "captcha": {"token": "", "hasLoadedRemoteConfig": false, "provider": "", "friction": "low", "unavailableCountriesCode": []}, "supportedCities": [], "inAppMessages": {"biomaSurvey": {"isOpen": false, "formId": null, "data": {"opaque": true}}}, "metaData": {"similar_houses_clicked": []}, "appData": {"device": {"type": "desktop", "isSearchEngineCrawler": false}, "experiments": "X-AB-Test=ab_exposed_filter_sale_desktop:1,ab_exposed_filter_sale_v1:1,ab_exposed_filters:1,ab_load_more_v0:-1,ab_new_house_card_v2:0,ab_new_rent_listing_phase2:0,ab_profiling_create_alert_filters:0,ab_scheduling_step_by_step_v1:1,ab_show_floor_sale:0,ab_street_search_retrieval_v1:0"}, "house": {"houseInfo": {"id": "892813193", "displayId": "113193", "bedrooms": 3, "city": "S\u00e3o Paulo", "cityId": 39, "bathrooms": 3, "iptu": 569, "amenities": [{"key": "BANHEIRA_DE_HIDROMASSAGEM", "text": "Banheira", "value": "NAO", "optional": false}, {"key": "BOX", "text": "Box", "value": "SIM", "optional": false}, {"key": "VARANDA", "text": "Varanda", "value": "NAO_INFORMADO", "optional": false}, {"key": "PISCINA_PRIVATIVA", "text": "Piscina privativa", "value": "NAO", "optional": false}, {"key": "ARMARIOS_EMBUTIDOS_NO_QUARTO", "text": "Arm\u00e1rios no quarto", "value": "SIM", "optional": false}, {"key": "ARMARIOS_NOS_BANHEIROS", "text": "Arm\u00e1rios no banheiro", "value": "SIM", "optional": false}, {"key": "ARMARIOS_NA_COZINHA", "text": "Arm\u00e1rios na cozinha", "value": "SIM", "optional": false}, {"key": "AR_CONDICIONADO", "text": "Ar condicionado", "value": "SIM", "optional": false}, {"key": "CHUVEIRO_A_GAS", "text": "Chuveiro a g\u00e1s", "value": "SIM", "optional": false}, {"key": "QUARTO_DE_SERVICO", "text": "Quarto de servi\u00e7o", "value": "NAO", "optional": false}, {"key": "BANHEIRO_DE_SERVICO", "text": "Banheiro de servi\u00e7o", "value": "SIM", "optional": false}, {"key": "VARANDA_GOURMET", "text": "Varanda gourmet", "value": "NAO", "optional": false}, {"key": "APARTAMENTO_COBERTURA", "text": "Apartamento cobertura", "value": "NAO", "optional": false}, {"key": "QUARTO_EXTRA_REVERSIVEL", "text": "Quarto extra revers\u00edvel", "value": "NAO", "optional": false}, {"key": "FOGAO_INCLUSO", "text": "Fog\u00e3o", "value": "SIM", "optional": false}, {"key": "GELADEIRA_INCLUSO", "text": "Geladeira", "value": "SIM", "optional": false}, {"key": "BANHEIRO_ADAPTADO", "text": "Banheiro adaptado", "value": "NAO_INFORMADO", "optional": false}, {"key": "CLOSET", "text": "Closet", "value": "NAO_INFORMADO", "optional": false}, {"key": "COZINHA_AMERICANA", "text": "Cozinha americana", "value": "NAO_INFORMADO", "optional": false}, {"key": "MESAS_E_CADEIRAS_DE_ESCRITORIO", "text": "Mesas e cadeiras de escrit\u00f3rio", "value": "NAO_INFORMADO", "optional": false}, {"key": "JARDIM", "text": "Jardim", "value": "NAO_INFORMADO", "optional": false}, {"key": "QUARTOS_E_CORREDORES_COM_PORTAS_AMPLAS", "text": "Quartos e corredores com portas amplas", "value": "NAO_INFORMADO", "optional": false}, {"key": "QUINTAL", "text": "Quintal", "value": "NAO_INFORMADO", "optional": false}, {"key": "SOMENTE_UMA_CASA_NO_TERRENO", "text": "Somente uma casa no terreno", "value": "NAO_INFORMADO", "optional": false}, {"key": "AREA_DE_SERVICO", "text": "\u00c1rea de servi\u00e7o", "value": "SIM", "optional": false}], "comfortCommodities": [{"key": "BANHEIRA_DE_HIDROMASSAGEM", "text": "Banheira", "value": "NAO", "optional": false}, {"key": "PISCINA_PRIVATIVA", "text": "Piscina privativa", "value": "NAO", "optional": false}, {"key": "AR_CONDICIONADO", "text": "Ar condicionado", "value": "SIM", "optional": false}, {"key": "SOL_DA_MANHA", "text": "Sol da manh\u00e3", "value": "SIM", "optional": false}, {"key": "SOL_DA_TARDE", "text": "Sol da tarde", "value": "SIM", "optional": false}, {"key": "CORTINAS_BLACK_OUT", "text": "Cortinas corta luz", "value": "NAO", "optional": false}, {"key": "CORTINAS_DECORATIVAS", "text": "Cortina transl\u00facida", "value": "NAO", "optional": false}, {"key": "JANELA_ANTI_RUIDO", "text": "Janela anti-ru\u00eddo", "value": "SIM", "optional": false}, {"key": "VENTILADOR_DE_TETO", "text": "Ventilador de teto", "value": "SIM", "optional": false}, {"key": "LUMINOSIDADE_NATURAL", "text": "Janelas grandes", "value": "SIM", "optional": false}, {"key": "VISTA_LIVRE", "text": "Vista livre", "value": "SIM", "optional": false}, {"key": "RUA_SILENCIOSA", "text": "Rua silenciosa", "value": "SIM", "optional": false}], "practicalityCommodities": [{"key": "BOX", "text": "Box", "value": "SIM", "optional": false}, {"key": "ARMARIOS_EMBUTIDOS_NO_QUARTO", "text": "Arm\u00e1rios no quarto", "value": "SIM", "optional": false}, {"key": "ARMARIOS_NOS_BANHEIROS", "text": "Arm\u00e1rios no banheiro", "value": "SIM", "optional": false}, {"key": "ARMARIOS_NA_COZINHA", "text": "Arm\u00e1rios na cozinha", "value": "SIM", "optional": false}, {"key": "CHUVEIRO_A_GAS", "text": "Chuveiro a g\u00e1s", "value": "SIM", "optional": false}, {"key": "FOGAO_INCLUSO", "text": "Fog\u00e3o", "value": "SIM", "optional": false}, {"key": "GELADEIRA_INCLUSO", "text": "Geladeira", "value": "SIM", "optional": false}, {"key": "CHUVEIRO_ELETRICO", "text": "Chuveiro el\u00e9trico", "value": "NAO", "optional": false}, {"key": "MICROONDAS", "text": "Microondas", "value": "NAO", "optional": false}, {"key": "SOFA", "text": "Sof\u00e1", "value": "SIM", "optional": false}, {"key": "MAQUINA_DE_LAVAR", "text": "M\u00e1quina de lavar", "value": "SIM", "optional": false}, {"key": "TANQUE", "text": "Tanque", "value": "SIM", "optional": false}, {"key": "REDE_DE_PROTECAO", "text": "Tela nas janelas", "value": "SIM", "optional": false}, {"key": "VARAL_DE_ROUPAS", "text": "Varal de roupas", "value": "SIM", "optional": false}, {"key": "TOMADAS_NOVAS", "text": "Tomadas 3 pinos", "value": "SIM", "optional": false}, {"key": "TELEVISAO", "text": "Televis\u00e3o", "value": "NAO", "optional": false}, {"key": "MESAS_E_CADEIRAS_DE_JANTAR", "text": "Mesas e cadeiras de jantar", "value": "SIM", "optional": false}, {"key": "CHURRASQUEIRA", "text": "Churrasqueira", "value": "NAO_INFORMADO", "optional": false}, {"key": "ACESSO_SEM_DEGRAUS", "text": "Acesso sem degraus", "value": "SIM", "optional": false}, {"key": "COOKTOP", "text": "Fog\u00e3o cooktop", "value": "NAO", "optional": false}, {"key": "UTENSILIOS_DE_COZINHA", "text": "Utens\u00edlios de cozinha", "value": "NAO", "optional": false}, {"key": "CAMA_DE_CASAL", "text": "Cama de casal", "value": "SIM", "optional": false}, {"key": "CAMA_DE_SOLTEIRO", "text": "Cama de solteiro", "value": "NAO", "optional": false}, {"key": "ESPELHO_NO_BANHEIRO", "text": "Espelho no banheiro", "value": "SIM", "optional": false}, {"key": "FECHADURA_ELETRONICA", "text": "Fechadura eletr\u00f4nica", "value": "NAO", "optional": false}, {"key": "ENERGIA", "text": "Energia no im\u00f3vel", "value": "NAO", "optional": false}], "area": 127, "installations": [{"key": "PLAYGROUND", "text": "Playground", "value": "NAO"}, {"key": "PISCINA", "text": "Piscina", "value": "SIM"}, {"key": "CHURRASQUEIRA", "text": "Churrasqueira", "value": "NAO"}, {"key": "QUADRA_ESPORTIVA", "text": "Quadra esportiva", "value": "NAO"}, {"key": "ACADEMIA", "text": "Academia", "value": "SIM"}, {"key": "SALAO_DE_FESTAS", "text": "Sal\u00e3o de festas", "value": "SIM"}, {"key": "SAUNA", "text": "Sauna", "value": "SIM"}, {"key": "LAVANDERIA_NO_PREDIO", "text": "Lavanderia no pr\u00e9dio", "value": "NAO"}, {"key": "GAS_ENCANADO", "text": "G\u00e1s encanado", "value": "SIM"}, {"key": "ESPACO_GOURMET_NA_AREA_COMUM", "text": "Espa\u00e7o gourmet na \u00e1rea comum", "value": "NAO"}, {"key": "BRINQUEDOTECA", "text": "Brinquedoteca", "value": "SIM"}, {"key": "CORRIMAO", "text": "Corrim\u00e3o", "value": "NAO_INFORMADO"}, {"key": "PISO_TATIL", "text": "Piso t\u00e1til", "value": "NAO_INFORMADO"}, {"key": "RAMPAS_DE_ACESSO", "text": "Rampas de acesso", "value": "NAO_INFORMADO"}, {"key": "SALAO_DE_JOGOS", "text": "Sal\u00e3o de jogos", "value": "NAO_INFORMADO"}, {"key": "VAGA_DE_GARAGEM_ACESSIVEL", "text": "Vaga de garagem acess\u00edvel", "value": "NAO_INFORMADO"}, {"key": "AREA_VERDE", "text": "\u00c1rea verde", "value": "NAO_INFORMADO"}, {"key": "Elevador", "value": "SIM"}, {"key": "Porteiro24H", "value": "SIM"}], "rentPrice": 3900, "condoPrice": 2239, "condoType": "Normal", "region": {"name": "Real Parque", "hub": {"loading": "UNSET", "enabled": false, "abSecretariat": false, "isPrimaryMarket": false}, "id": 1479}, "type": "Apartamento", "iptuType": "Normal", "totalCost": 6859, "parkingSpaces": 2, "address": {"street": "Avenida Bar\u00e3o Monte Mor", "neighborhood": "Real Parque", "city": "S\u00e3o Paulo", "zipCode": "05687-010", "stateName": "S\u00e3o Paulo", "stateAcronym": "SP", "lat": -23.6102772, "lng": -46.7065684, "countryName": "Brasil", "countryCode": "BR", "country": "Brasil"}, "floor": 3, "homeProtection": 50, "remarks": "Apartamento bem iluminado e arejado, com varandas em todos os dormit\u00f3rios e varanda fechada na sala. Cozinha integrada com a sala. Um dos quartos transformados em closet mas que pode ser removido. Padaria e mercados h\u00e1 2 quarteir\u00f5es, pr\u00f3ximo \u00e0 Leroy Merlin, P\u00e3o de A\u00e7ucar e Decathlon. Shoppings Morumbi e Market Place h\u00e1 10 minutos de carro. Pode ser alugado com ou sem mob\u00edlia. Todas as janelas e varandas possuem tela de prote\u00e7\u00e3o.\n\nIMPORTANTE: a lareira est\u00e1 pronta para instala\u00e7\u00e3o de lareira a g\u00e1s, n\u00e3o \u00e9 permitido fazer fogo convencional!", "furniture": "Cama de casal, arm\u00e1rios no dormitorio principal, armarios embutidos nos banheiros, armarios na cozinha, cozinha equipada completa com maquina de lavar lou\u00e7a, mesa de jantar com 4 cadeiras, sof\u00e1 de 2 lugares, 2 poltronas.", "acceptsPets": true, "hasFurniture": true, "isNearSubway": false, "placesNearby": [{"name": "Col\u00e9gio Objetivo Morumbi", "type": "SCHOOL", "slug": "colegio-objetivo-morumbi-real-parque-sao-paulo-sp"}, {"name": "Instituto Bardi", "type": "MUSEUM_THEATRE_OR_CONCERT_HALL", "slug": "instituto-bardi-real-parque-sao-paulo-sp"}, {"name": "Teatro Vivo", "type": "MUSEUM_THEATRE_OR_CONCERT_HALL", "slug": "teatro-vivo-brooklin-sao-paulo-sp"}, {"name": "Hospital Albert Einstein", "type": "HOSPITAL", "slug": "hospital-albert-einstein-jardim-leonor-sao-paulo-sp"}, {"name": "Shopping Cidade Jardim", "type": "SHOPPING_MALL", "slug": "shopping-cidade-jardim-cidade-jardim-sao-paulo-sp-brasil"}, {"name": "Escola M. Dias", "type": "SCHOOL", "slug": "escola-m-dias-sao-paulo-sp-brasil"}, {"name": "Shopping Morumbi", "type": "SHOPPING_MALL", "slug": "shopping-morumbi-jardim-das-acacias-sao-paulo-sp"}, {"name": "DeRose Method Berrini", "type": "UNIVERSITY_OR_COLLEGE", "slug": "derose-method-berrini-brooklin-sao-paulo-sp"}, {"name": "Kinoplex - Parque da Cidade", "type": "MUSEUM_THEATRE_OR_CONCERT_HALL", "slug": "kinoplex-parque-da-cidade-chacara-santo-antonio-sao-paulo-sp"}, {"name": "Est\u00e1dio do Morumbi - C\u00edcero Pompeu de Toledo", "type": "STADIUM", "slug": "estadio-cicero-pompeu-de-toledo-morumbi-sao-paulo-sp"}, {"name": "UAM - Anhembi Morumbi", "type": "UNIVERSITY_OR_COLLEGE", "slug": "anhembi-morumbi-jaceru-morumbi-sao-paulo-sp"}, {"name": "Reserva Ecol\u00f3gica do Morumbi", "type": "PARK_OR_GREEN_AREA", "slug": "reserva-ecologica-do-morumbi-cidade-jardim-sao-paulo-sp-brasil"}], "availabilityType": "IMMEDIATE", "photos": [{"id": 9680716, "subtitle": "Sala", "url": "892813193-599.6745971514401IMG20201126151238.jpg", "cover": true}, {"id": 9680717, "subtitle": "Sala", "url": "892813193-112.30629267340686IMG20201126151244.jpg", "cover": false}, {"id": 9680718, "subtitle": "Sala", "url": "892813193-76.45508987398519IMG20201126151301.jpg", "cover": false}, {"id": 9680719, "subtitle": "Sala", "url": "892813193-278.59029675069536IMG20201126151311.jpg", "cover": false}, {"id": 9680720, "subtitle": "Cozinha", "url": "892813193-963.9390542487969IMG20201126151318.jpg", "cover": false}, {"id": 914708, "subtitle": "hall social", "url": "892813193-980.2651241367305e4.JPG", "cover": false}, {"id": 9680721, "subtitle": "Cozinha - Arm\u00e1rios", "url": "892813193-67.41975736923445IMG20201126151328.jpg", "cover": false}, {"id": 914710, "subtitle": "fachada", "url": "892813193-679.7796792666065e5.JPG", "cover": false}, {"id": 9680722, "subtitle": "Cozinha - Arm\u00e1rios", "url": "892813193-808.7026684841816IMG20201126151334.jpg", "cover": false}, {"id": 9680723, "subtitle": "Cozinha - Arm\u00e1rios", "url": "892813193-782.3688786661488IMG20201126151341.jpg", "cover": false}, {"id": 9680724, "subtitle": "Detalhe da area de servi\u00e7o", "url": "892813193-926.3461287058226IMG20201126151346.jpg", "cover": false}, {"id": 9680725, "subtitle": "Detalhe da area de servi\u00e7o", "url": "892813193-673.463797002247IMG20201126151349.jpg", "cover": false}, {"id": 9680726, "subtitle": "Detalhe da area de servi\u00e7o", "url": "892813193-937.4026233924899IMG20201126151358.jpg", "cover": false}, {"id": 9680727, "subtitle": "Lavabo", "url": "892813193-348.7381824749091IMG20201126151420.jpg", "cover": false}, {"id": 9680728, "subtitle": "Lavabo", "url": "892813193-177.28343914623656IMG20201126151432.jpg", "cover": false}, {"id": 9680729, "subtitle": "Corredor", "url": "892813193-323.3954293899707IMG20201126151441.jpg", "cover": false}, {"id": 9680730, "subtitle": "Corredor", "url": "892813193-152.5172748929553IMG20201126151458.jpg", "cover": false}, {"id": 9680731, "subtitle": "Quarto", "url": "892813193-679.112843618559IMG20201126151506.jpg", "cover": false}, {"id": 9680733, "subtitle": "Quarto", "url": "892813193-114.36788477460924IMG20201126151528.jpg", "cover": false}, {"id": 9680734, "subtitle": "Quarto", "url": "892813193-519.7921545403865IMG20201126151542.jpg", "cover": false}, {"id": 9680732, "subtitle": "Sacada", "url": "892813193-6.239141036119222IMG20201126151519.jpg", "cover": false}, {"id": 9680735, "subtitle": "Banheiro", "url": "892813193-542.084522709338IMG20201126151550.jpg", "cover": false}, {"id": 9680736, "subtitle": "Banheiro", "url": "892813193-245.92108397608047IMG20201126151556.jpg", "cover": false}, {"id": 9680737, "subtitle": "Banheiro", "url": "892813193-805.1713429125266IMG20201126151605.jpg", "cover": false}, {"id": 9680738, "subtitle": "Quarto", "url": "892813193-895.6493826836356IMG20201126151651.jpg", "cover": false}, {"id": 9680739, "subtitle": "Quarto", "url": "892813193-977.1634805813076IMG20201126151700.jpg", "cover": false}, {"id": 9680740, "subtitle": "Quarto", "url": "892813193-57.06852973908927IMG20201126151703.jpg", "cover": false}, {"id": 9680741, "subtitle": "Sacada", "url": "892813193-53.90488742631494IMG20201126151708.jpg", "cover": false}, {"id": 9680742, "subtitle": "Sacada", "url": "892813193-22.785968196521345IMG20201126151714.jpg", "cover": false}, {"id": 9680743, "subtitle": "Banheiro", "url": "892813193-581.7848774465816IMG20201126151727.jpg", "cover": false}, {"id": 9680744, "subtitle": "Banheiro", "url": "892813193-532.147840926046IMG20201126151739.jpg", "cover": false}, {"id": 9680745, "subtitle": "Banheiro", "url": "892813193-842.4341198985097IMG20201126151757.jpg", "cover": false}, {"id": 9680746, "subtitle": "Detalhe", "url": "892813193-525.836673455271IMG20201126151809.jpg", "cover": false}, {"id": 9680747, "subtitle": "Su\u00edte", "url": "892813193-56.47719310132126IMG20201126151830.jpg", "cover": false}, {"id": 9680748, "subtitle": "Su\u00edte", "url": "892813193-122.97520327161382IMG20201126151844.jpg", "cover": false}, {"id": 9680749, "subtitle": "Su\u00edte", "url": "892813193-377.9574259650126IMG20201126151851.jpg", "cover": false}, {"id": 9680750, "subtitle": "Su\u00edte", "url": "892813193-861.8907767455524IMG20201126151907.jpg", "cover": false}, {"id": 9680751, "subtitle": "Sacada", "url": "892813193-422.71328857190537IMG20201126151917.jpg", "cover": false}, {"id": 9680715, "subtitle": "Vista", "url": "892813193-413.3359617113307IMG20201126151133.jpg", "cover": false}, {"id": 914681, "subtitle": "Vista", "url": "892813193-968.2995703263866DSC1182.JPG", "cover": false}, {"id": 9680752, "subtitle": "Vista", "url": "892813193-891.4555691650479IMG20201126151924.jpg", "cover": false}, {"id": 914688, "subtitle": "su\u00edte ", "url": "892813193-682.1016266209875DSC1190.JPG", "cover": false}, {"id": 914705, "subtitle": "academia", "url": "892813193-488.1094622489153e2.JPG", "cover": false}, {"id": 914707, "subtitle": "brinquedoteca", "url": "892813193-836.1942821654771e3.JPG", "cover": false}], "photosCategorizedByRooms": [], "relevantRegions": [], "photospheres": [], "specialConditions": [], "offers": {"closingRate": 0, "shouldHighlightIcon": true, "shouldShowOfferDialog": false, "shouldShowOffers": false, "summary": []}, "status": "publicado", "showUrlHasBeenCopiedSnackbar": false, "isGalleryModalOpen": false, "error": false, "loaded": true, "loading": false, "loadingCategorizedRooms": false, "selectedMedia": "tenant/HouseMedia/PHOTOS", "video": "", "promotions": [], "condominium": {"hashId": "wdw2s104dn", "name": "Bar\u00e3o de Bel\u00e9m", "slug": "barao-de-belem-real-parque-sao-paulo", "address": "Avenida Bar\u00e3o de Monte Mor", "constructionYear": 2003}, "forRent": true, "forSale": true, "salePrice": 820000, "mortgageFirstInstallment": 0, "listings": [{"imovelId": 892813193, "businessContext": "RENT", "status": "publicado", "firstPublicationDate": "2017-11-14T20:46:48.000+0000", "lastPublicationDate": "2022-11-08T12:06:43.000+0000", "listingRentModel": {"listingBusinessContextId": 239434, "rentalAdministrator": "QUINTOANDAR"}, "ownership": "STANDARD"}, {"imovelId": 892813193, "businessContext": "SALE", "status": "publicado", "firstPublicationDate": "2020-11-19T18:38:13.000+0000", "lastPublicationDate": "2020-11-19T18:38:13.000+0000", "ownership": "STANDARD"}], "listingTags": [], "businessContext": "", "regionParameters": {"loaded": false, "loading": false, "RENT": {"visitsEnabled": true, "talkToAgentEnabled": false}, "SALE": {"visitsEnabled": true, "talkToAgentEnabled": false}}, "houseAgent": {"isDialogOpen": false, "alreadyOpenedByQueryParam": false}, "tenantServiceFee": 101, "closingStatus": {"loading": false}, "rentalGuarantee": {"minValue": 975, "maxValue": 2925}, "reservationAvailability": null, "isPrimaryMarket": false, "macroRegion": {"id": 2702, "name": "SPO 10"}, "suites": 3, "allowsCustomOffer": true, "displayCustomOfferPreference": false, "houseVisitStatus": "ACCEPT_NEW", "visitStatusReason": null, "visitsUnavailable": false, "isReserved": false, "allowDirectOffer": true, "lastPublishedDate": "2022-11-08T12:06:43.000Z", "listingPublication": "stranded", "rentOnTermination": false, "constructionYear": 2003, "categories": []}, "markers": {"lat": -23.6102772, "lng": -46.7065684}, "talkToAgent": {"dialog": {"open": false, "questionType": null, "question": ""}, "agentSupport": {}, "error": null, "autoSubmit": false, "loading": false, "submitting": false, "success": false, "hasLoadedAgentInfo": false, "agent": null, "hasLoadedAgentsInRegion": false, "agentsInRegion": null}}}}, "__N_SSP": true}, "page": "/imovel/[houseId]/[[...slug]]", "query": {"houseId": "892813193", "slug": ["alugar", "apartamento-3-quartos-real-parque-sao-paulo"]}, "buildId": "gCr3Bg2lYzV9hxZqGibIQ", "runtimeConfig": {"NEXT_PUBLIC_HOME_ADVERTISING_BANNER": "coupon"}, "isFallback": false, "dynamicIds": [61847, 31265, 66435, 77453, 87356, 60899, 41103, 3232, 33207, 72227, 40072, 39327, 19904, 96827], "gssp": true, "customServer": true, "appGip": true, "locale": "pt-BR", "locales": ["pt-BR", "es-MX"], "defaultLocale": "pt-BR", "domainLocales": [{"domain": "www.quintoandar.com.br", "defaultLocale": "pt-BR"}, {"domain": "www.benvi.mx", "defaultLocale": "es-MX"}], "scriptLoader": []}