{"props": {"pageProps": {"initialState": {"route": {"locationBeforeTransitions": {"pathname": "/imovel/892845868/alugar/apartamento-3-quartos-casa-verde-sao-paulo", "search": "", "hash": "", "action": "POP", "query": {}}, "topLevelRouteName": "house details", "businessContext": "RENT", "favoriteListsBusinessContext": "RENT"}, "router": {"location": {"href": "/", "pathname": "/", "search": "", "hash": ""}}, "progress": {"pendingRequests": -1}, "login": {"response": {}, "user": {"isLoggedIn": false, "id": 0, "agentId": 0, "hashId": "", "sessionId": null, "name": "", "email": "", "maskedEmail": "", "jwt": {"app": "", "firebase": ""}, "phone": {"countryCode": "+55", "areaCode": "", "phoneNumber": ""}, "country": "BR", "channel": "", "isPhoneRegistered": false, "acceptWhatsapp": true, "hasDocument": false, "isPartner": false}, "accountForm": {}, "redirectUrl": "", "isRequestOngoing": false}, "captcha": {"token": "", "hasLoadedRemoteConfig": false, "provider": "", "friction": "low", "unavailableCountriesCode": []}, "supportedCities": [], "inAppMessages": {"biomaSurvey": {"isOpen": false, "formId": null, "data": {"opaque": true}}}, "metaData": {"similar_houses_clicked": []}, "appData": {"device": {"type": "desktop", "isSearchEngineCrawler": false}, "experiments": "X-AB-Test=ab_exposed_filter_sale_desktop:1,ab_exposed_filter_sale_v1:1,ab_exposed_filters:1,ab_load_more_v0:-1,ab_new_house_card_v2:0,ab_new_rent_listing_phase2:0,ab_profiling_create_alert_filters:0,ab_scheduling_step_by_step_v1:1,ab_show_floor_sale:0,ab_street_search_retrieval_v1:0"}, "house": {"houseInfo": {"id": "892845868", "displayId": "145868", "bedrooms": 3, "city": "S\u00e3o Paulo", "cityId": 39, "bathrooms": 4, "iptu": 1440, "amenities": [{"key": "BANHEIRA_DE_HIDROMASSAGEM", "text": "Banheira", "value": "NAO", "optional": false}, {"key": "BOX", "text": "Box", "value": "SIM", "optional": false}, {"key": "VARANDA", "text": "Varanda", "value": "NAO_INFORMADO", "optional": false}, {"key": "PISCINA_PRIVATIVA", "text": "Piscina privativa", "value": "NAO", "optional": false}, {"key": "ARMARIOS_EMBUTIDOS_NO_QUARTO", "text": "Arm\u00e1rios no quarto", "value": "SIM", "optional": false}, {"key": "ARMARIOS_NOS_BANHEIROS", "text": "Arm\u00e1rios no banheiro", "value": "SIM", "optional": false}, {"key": "ARMARIOS_NA_COZINHA", "text": "Arm\u00e1rios na cozinha", "value": "SIM", "optional": false}, {"key": "AR_CONDICIONADO", "text": "Ar condicionado", "value": "SIM", "optional": false}, {"key": "CHUVEIRO_A_GAS", "text": "Chuveiro a g\u00e1s", "value": "SIM", "optional": false}, {"key": "QUARTO_DE_SERVICO", "text": "Quarto de servi\u00e7o", "value": "SIM", "optional": false}, {"key": "BANHEIRO_DE_SERVICO", "text": "Banheiro de servi\u00e7o", "value": "SIM", "optional": false}, {"key": "VARANDA_GOURMET", "text": "Varanda gourmet", "value": "SIM", "optional": false}, {"key": "APARTAMENTO_COBERTURA", "text": "Apartamento cobertura", "value": "NAO", "optional": false}, {"key": "QUARTO_EXTRA_REVERSIVEL", "text": "Quarto extra revers\u00edvel", "value": "NAO", "optional": false}, {"key": "FOGAO_INCLUSO", "text": "Fog\u00e3o", "value": "SIM", "optional": false}, {"key": "GELADEIRA_INCLUSO", "text": "Geladeira", "value": "SIM", "optional": false}, {"key": "BANHEIRO_ADAPTADO", "text": "Banheiro adaptado", "value": "NAO_INFORMADO", "optional": false}, {"key": "CLOSET", "text": "Closet", "value": "NAO_INFORMADO", "optional": false}, {"key": "COZINHA_AMERICANA", "text": "Cozinha americana", "value": "NAO_INFORMADO", "optional": false}, {"key": "MESAS_E_CADEIRAS_DE_ESCRITORIO", "text": "Mesas e cadeiras de escrit\u00f3rio", "value": "NAO_INFORMADO", "optional": false}, {"key": "JARDIM", "text": "Jardim", "value": "NAO_INFORMADO", "optional": false}, {"key": "QUARTOS_E_CORREDORES_COM_PORTAS_AMPLAS", "text": "Quartos e corredores com portas amplas", "value": "NAO_INFORMADO", "optional": false}, {"key": "QUINTAL", "text": "Quintal", "value": "NAO_INFORMADO", "optional": false}, {"key": "SOMENTE_UMA_CASA_NO_TERRENO", "text": "Somente uma casa no terreno", "value": "NAO_INFORMADO", "optional": false}, {"key": "AREA_DE_SERVICO", "text": "\u00c1rea de servi\u00e7o", "value": "NAO_INFORMADO", "optional": false}], "comfortCommodities": [{"key": "BANHEIRA_DE_HIDROMASSAGEM", "text": "Banheira", "value": "NAO", "optional": false}, {"key": "PISCINA_PRIVATIVA", "text": "Piscina privativa", "value": "NAO", "optional": false}, {"key": "AR_CONDICIONADO", "text": "Ar condicionado", "value": "SIM", "optional": false}, {"key": "SOL_DA_MANHA", "text": "Sol da manh\u00e3", "value": "NAO_INFORMADO", "optional": false}, {"key": "SOL_DA_TARDE", "text": "Sol da tarde", "value": "NAO_INFORMADO", "optional": false}, {"key": "CORTINAS_BLACK_OUT", "text": "Cortinas corta luz", "value": "NAO_INFORMADO", "optional": false}, {"key": "CORTINAS_DECORATIVAS", "text": "Cortina transl\u00facida", "value": "NAO_INFORMADO", "optional": false}, {"key": "JANELA_ANTI_RUIDO", "text": "Janela anti-ru\u00eddo", "value": "NAO_INFORMADO", "optional": false}, {"key": "VENTILADOR_DE_TETO", "text": "Ventilador de teto", "value": "NAO_INFORMADO", "optional": false}, {"key": "LUMINOSIDADE_NATURAL", "text": "Janelas grandes", "value": "NAO_INFORMADO", "optional": false}, {"key": "VISTA_LIVRE", "text": "Vista livre", "value": "NAO_INFORMADO", "optional": false}, {"key": "RUA_SILENCIOSA", "text": "Rua silenciosa", "value": "NAO_INFORMADO", "optional": false}], "practicalityCommodities": [{"key": "BOX", "text": "Box", "value": "SIM", "optional": false}, {"key": "ARMARIOS_EMBUTIDOS_NO_QUARTO", "text": "Arm\u00e1rios no quarto", "value": "SIM", "optional": false}, {"key": "ARMARIOS_NOS_BANHEIROS", "text": "Arm\u00e1rios no banheiro", "value": "SIM", "optional": false}, {"key": "ARMARIOS_NA_COZINHA", "text": "Arm\u00e1rios na cozinha", "value": "SIM", "optional": false}, {"key": "CHUVEIRO_A_GAS", "text": "Chuveiro a g\u00e1s", "value": "SIM", "optional": false}, {"key": "FOGAO_INCLUSO", "text": "Fog\u00e3o", "value": "SIM", "optional": false}, {"key": "GELADEIRA_INCLUSO", "text": "Geladeira", "value": "SIM", "optional": false}, {"key": "CHUVEIRO_ELETRICO", "text": "Chuveiro el\u00e9trico", "value": "NAO_INFORMADO", "optional": false}, {"key": "MICROONDAS", "text": "Microondas", "value": "NAO_INFORMADO", "optional": false}, {"key": "SOFA", "text": "Sof\u00e1", "value": "NAO", "optional": false}, {"key": "MAQUINA_DE_LAVAR", "text": "M\u00e1quina de lavar", "value": "NAO_INFORMADO", "optional": false}, {"key": "TANQUE", "text": "Tanque", "value": "NAO_INFORMADO", "optional": false}, {"key": "REDE_DE_PROTECAO", "text": "Tela nas janelas", "value": "NAO_INFORMADO", "optional": false}, {"key": "VARAL_DE_ROUPAS", "text": "Varal de roupas", "value": "NAO_INFORMADO", "optional": false}, {"key": "TOMADAS_NOVAS", "text": "Tomadas 3 pinos", "value": "NAO_INFORMADO", "optional": false}, {"key": "TELEVISAO", "text": "Televis\u00e3o", "value": "NAO_INFORMADO", "optional": false}, {"key": "MESAS_E_CADEIRAS_DE_JANTAR", "text": "Mesas e cadeiras de jantar", "value": "SIM", "optional": false}, {"key": "CHURRASQUEIRA", "text": "Churrasqueira", "value": "NAO_INFORMADO", "optional": false}, {"key": "ACESSO_SEM_DEGRAUS", "text": "Acesso sem degraus", "value": "NAO_INFORMADO", "optional": false}, {"key": "COOKTOP", "text": "Fog\u00e3o cooktop", "value": "NAO_INFORMADO", "optional": false}, {"key": "UTENSILIOS_DE_COZINHA", "text": "Utens\u00edlios de cozinha", "value": "NAO_INFORMADO", "optional": false}, {"key": "CAMA_DE_CASAL", "text": "Cama de casal", "value": "NAO", "optional": false}, {"key": "CAMA_DE_SOLTEIRO", "text": "Cama de solteiro", "value": "NAO_INFORMADO", "optional": false}, {"key": "ESPELHO_NO_BANHEIRO", "text": "Espelho no banheiro", "value": "NAO_INFORMADO", "optional": false}, {"key": "FECHADURA_ELETRONICA", "text": "Fechadura eletr\u00f4nica", "value": "NAO_INFORMADO", "optional": false}, {"key": "ENERGIA", "text": "Energia no im\u00f3vel", "value": "NAO_INFORMADO", "optional": false}], "area": 240, "installations": [{"key": "PLAYGROUND", "text": "Playground", "value": "SIM"}, {"key": "PISCINA", "text": "Piscina", "value": "SIM"}, {"key": "CHURRASQUEIRA", "text": "Churrasqueira", "value": "SIM"}, {"key": "QUADRA_ESPORTIVA", "text": "Quadra esportiva", "value": "SIM"}, {"key": "ACADEMIA", "text": "Academia", "value": "SIM"}, {"key": "SALAO_DE_FESTAS", "text": "Sal\u00e3o de festas", "value": "SIM"}, {"key": "SAUNA", "text": "Sauna", "value": "NAO"}, {"key": "LAVANDERIA_NO_PREDIO", "text": "Lavanderia no pr\u00e9dio", "value": "NAO"}, {"key": "GAS_ENCANADO", "text": "G\u00e1s encanado", "value": "SIM"}, {"key": "ESPACO_GOURMET_NA_AREA_COMUM", "text": "Espa\u00e7o gourmet na \u00e1rea comum", "value": "NAO"}, {"key": "BRINQUEDOTECA", "text": "Brinquedoteca", "value": "NAO_INFORMADO"}, {"key": "CORRIMAO", "text": "Corrim\u00e3o", "value": "NAO_INFORMADO"}, {"key": "PISO_TATIL", "text": "Piso t\u00e1til", "value": "NAO_INFORMADO"}, {"key": "RAMPAS_DE_ACESSO", "text": "Rampas de acesso", "value": "NAO_INFORMADO"}, {"key": "SALAO_DE_JOGOS", "text": "Sal\u00e3o de jogos", "value": "NAO_INFORMADO"}, {"key": "VAGA_DE_GARAGEM_ACESSIVEL", "text": "Vaga de garagem acess\u00edvel", "value": "NAO_INFORMADO"}, {"key": "AREA_VERDE", "text": "\u00c1rea verde", "value": "NAO_INFORMADO"}, {"key": "Elevador", "value": "SIM"}, {"key": "Porteiro24H", "value": "SIM"}], "rentPrice": 12500, "condoPrice": 1800, "condoType": "Normal", "region": {"name": "Santana", "hub": {"loading": "UNSET", "enabled": false, "abSecretariat": false, "isPrimaryMarket": false}, "id": 1310}, "type": "Apartamento", "iptuType": "Normal", "totalCost": 16222, "parkingSpaces": 4, "address": {"street": "Rua C\u00f4nego Amaral Mello", "neighborhood": "Casa Verde", "city": "S\u00e3o Paulo", "zipCode": "02513-030", "stateName": "S\u00e3o Paulo", "stateAcronym": "SP", "lat": -23.5098356, "lng": -46.6507965, "countryName": "Brasil", "countryCode": "BR", "country": "Brasil"}, "floor": 5, "homeProtection": 159, "remarks": "Aspira\u00e7\u00e3o central , janelas anti ru\u00eddos, todas com cortinas , ar condicionado , arm\u00e1rios ,cozinha e \u00e1rea de servi\u00e7o completa com todas as m\u00e1quinas sacada com m\u00f3veis todos eletrodom\u00e9sticos rec\u00e9m reformado", "furniture": "Tem uma vaga a mais  totalizando 4 vagas e um dep\u00f3sito", "acceptsPets": true, "hasFurniture": true, "isNearSubway": false, "placesNearby": [{"name": "Hospital Casa Verde", "type": "HOSPITAL", "slug": "hospital-casa-verde-casa-verde-sao-paulo-sp"}, {"name": "Escola de Samba Gavi\u00f5es da Fiel", "type": "SCHOOL", "slug": "escola-de-samba-gavioes-da-fiel-bom-retiro-sao-paulo-sp"}, {"name": "Instituto de Educa\u00e7\u00e3o Jos\u00e9 de Paiva Netto", "type": "SCHOOL", "slug": "instituto-de-educacao-jose-de-paiva-netto-bom-retiro-sao-paulo-sp"}, {"name": "Escola Ary Barroso", "type": "SCHOOL", "slug": "escola-ary-barroso-sao-paulo-sp-brasil"}, {"name": "Est\u00e1dio Municipal de Beisebol Mie Nishi", "type": "STADIUM", "slug": "estadio-municipal-de-beisebol-mie-nishi-bom-retiro-sao-paulo-sp"}, {"name": "SESI \u2013 Vila Bianca", "type": "SCHOOL", "slug": "sesi-vila-bianca-vila-bianca-sao-paulo-sp"}], "availabilityType": "IMMEDIATE", "photos": [{"id": 1705315, "subtitle": "Sala", "url": "892845868-603.6714677066856SCM9733.JPG", "cover": true}, {"id": 1705311, "subtitle": "Sala", "url": "892845868-24.611892042969096SCM9729.JPG", "cover": false}, {"id": 1705314, "subtitle": "Sala", "url": "892845868-148.0198672325691SCM9732.JPG", "cover": false}, {"id": 1705316, "subtitle": "Sala", "url": "892845868-416.894270052109SCM9736.JPG", "cover": false}, {"id": 1705318, "subtitle": "Lavabo", "url": "892845868-127.38329805397464SCM9737.JPG", "cover": false}, {"id": 1705319, "subtitle": "Sacada", "url": "892845868-287.790730440492SCM9742.JPG", "cover": false}, {"id": 1705320, "subtitle": "Sacada", "url": "892845868-904.2202264045723SCM9743.JPG", "cover": false}, {"id": 1705322, "subtitle": "Vista Sacada", "url": "892845868-181.94014956625125SCM9745.JPG", "cover": false}, {"id": 1705323, "subtitle": "Vsta Sacada", "url": "892845868-117.16533733060174SCM9747.JPG", "cover": false}, {"id": 1705324, "subtitle": "Sacada", "url": "892845868-675.7672819125587SCM9748.JPG", "cover": false}, {"id": 1705325, "subtitle": "Su\u00edte 1", "url": "892845868-546.0917602518638SCM9750.JPG", "cover": false}, {"id": 1705327, "subtitle": "Su\u00edte 1", "url": "892845868-548.1934612339313SCM9753.JPG", "cover": false}, {"id": 1705328, "subtitle": "Banheiro Su\u00edte 1", "url": "892845868-738.2450129515754SCM9755.JPG", "cover": false}, {"id": 1705329, "subtitle": "Su\u00edte 2", "url": "892845868-319.4363951845627SCM9757.JPG", "cover": false}, {"id": 1705330, "subtitle": "Su\u00edte 2", "url": "892845868-477.263248209561SCM9759.JPG", "cover": false}, {"id": 1705332, "subtitle": "Vista Su\u00edte 2", "url": "892845868-272.82535733278326SCM9761.JPG", "cover": false}, {"id": 1705333, "subtitle": "Banheiro Su\u00edte 2", "url": "892845868-697.0331296448915SCM9764.JPG", "cover": false}, {"id": 1705334, "subtitle": "Su\u00edte 3", "url": "892845868-135.18899363731717SCM9765.JPG", "cover": false}, {"id": 1705335, "subtitle": "Su\u00edte 3", "url": "892845868-678.3165479386SCM9767.JPG", "cover": false}, {"id": 1705337, "subtitle": "Banheiro Su\u00edte 3", "url": "892845868-34.90500955695841SCM9769.JPG", "cover": false}, {"id": 1705339, "subtitle": "Cozinha", "url": "892845868-44.91685070832607SCM9775.JPG", "cover": false}, {"id": 1705340, "subtitle": "Cozinha", "url": "892845868-48.80594354655665SCM9778.JPG", "cover": false}, {"id": 1705342, "subtitle": "Cozinha", "url": "892845868-49.728990538476125SCM9779.JPG", "cover": false}, {"id": 1705343, "subtitle": "Cozinha", "url": "892845868-770.6495153075793SCM9780.JPG", "cover": false}, {"id": 1705345, "subtitle": "Lavanderia", "url": "892845868-920.6983053400328SCM9783.JPG", "cover": false}, {"id": 1705346, "subtitle": "Central Aspirador Lavanderia", "url": "892845868-747.8805876637307SCM9786.JPG", "cover": false}, {"id": 1705348, "subtitle": "Lavanderia", "url": "892845868-278.3724204849406SCM9790.JPG", "cover": false}, {"id": 1705349, "subtitle": "Quarto de servi\u00e7o", "url": "892845868-305.51893185902844SCM9792.JPG", "cover": false}, {"id": 1705351, "subtitle": "Banheiro de Servi\u00e7o", "url": "892845868-76.5011018196774SCM9796.JPG", "cover": false}], "photosCategorizedByRooms": [], "relevantRegions": [], "photospheres": [], "specialConditions": [], "offers": {"closingRate": 0, "shouldHighlightIcon": true, "shouldShowOfferDialog": false, "shouldShowOffers": false, "summary": []}, "status": "publicado", "showUrlHasBeenCopiedSnackbar": false, "isGalleryModalOpen": false, "error": false, "loaded": true, "loading": false, "loadingCategorizedRooms": false, "selectedMedia": "tenant/HouseMedia/PHOTOS", "video": "", "promotions": [], "condominium": {"hashId": "9dzqs1wvdz", "name": "Boulevard Santana", "slug": "boulevard-santana-casa-verde-sao-paulo", "address": "Rua C\u00f4nego Amaral Mello"}, "forRent": true, "forSale": true, "salePrice": 3200000, "mortgageFirstInstallment": 0, "listings": [{"imovelId": 892845868, "businessContext": "SALE", "status": "despublicado", "statusReason": "OWNER_OTHER", "firstPublicationDate": "2022-01-05T17:08:08.000+0000", "lastPublicationDate": "2022-11-07T14:22:06.000+0000", "ownership": "STANDARD"}, {"imovelId": 892845868, "businessContext": "RENT", "status": "publicado", "firstPublicationDate": "2018-09-29T00:44:26.000+0000", "lastPublicationDate": "2022-10-15T18:07:24.000+0000", "listingRentModel": {"listingBusinessContextId": 132873, "rentalAdministrator": "QUINTOANDAR"}, "ownership": "STANDARD"}], "listingTags": [], "businessContext": "", "regionParameters": {"loaded": false, "loading": false, "RENT": {"visitsEnabled": true, "talkToAgentEnabled": false}, "SALE": {"visitsEnabled": true, "talkToAgentEnabled": false}}, "houseAgent": {"isDialogOpen": false, "alreadyOpenedByQueryParam": false}, "tenantServiceFee": 323, "closingStatus": {"loading": false}, "rentalGuarantee": {"minValue": 3125, "maxValue": 9375}, "reservationAvailability": null, "isPrimaryMarket": false, "macroRegion": {"id": 2760, "name": "SPO09"}, "suites": 3, "allowsCustomOffer": true, "displayCustomOfferPreference": false, "houseVisitStatus": "ACCEPT_NEW", "visitStatusReason": null, "visitsUnavailable": false, "isReserved": false, "allowDirectOffer": true, "lastPublishedDate": "2022-10-15T18:07:24.000Z", "listingPublication": "stranded", "rentOnTermination": false, "constructionYear": null, "categories": []}, "markers": {"lat": -23.5098356, "lng": -46.6507965}, "talkToAgent": {"dialog": {"open": false, "questionType": null, "question": ""}, "agentSupport": {}, "error": null, "autoSubmit": false, "loading": false, "submitting": false, "success": false, "hasLoadedAgentInfo": false, "agent": null, "hasLoadedAgentsInRegion": false, "agentsInRegion": null}}}}, "__N_SSP": true}, "page": "/imovel/[houseId]/[[...slug]]", "query": {"houseId": "892845868", "slug": ["alugar", "apartamento-3-quartos-casa-verde-sao-paulo"]}, "buildId": "gCr3Bg2lYzV9hxZqGibIQ", "runtimeConfig": {"NEXT_PUBLIC_HOME_ADVERTISING_BANNER": "coupon"}, "isFallback": false, "dynamicIds": [61847, 31265, 66435, 77453, 87356, 60899, 41103, 3232, 72227, 40072, 39327, 19904, 96827], "gssp": true, "customServer": true, "appGip": true, "locale": "pt-BR", "locales": ["pt-BR", "es-MX"], "defaultLocale": "pt-BR", "domainLocales": [{"domain": "www.quintoandar.com.br", "defaultLocale": "pt-BR"}, {"domain": "www.benvi.mx", "defaultLocale": "es-MX"}], "scriptLoader": []}