{"props": {"pageProps": {"initialState": {"route": {"locationBeforeTransitions": {"pathname": "/imovel/892929503/alugar/apartamento-3-quartos-vila-pauliceia-sao-paulo", "search": "", "hash": "", "action": "POP", "query": {}}, "topLevelRouteName": "house details", "businessContext": "RENT", "favoriteListsBusinessContext": "RENT"}, "router": {"location": {"href": "/", "pathname": "/", "search": "", "hash": ""}}, "progress": {"pendingRequests": -1}, "login": {"response": {}, "user": {"isLoggedIn": false, "id": 0, "agentId": 0, "hashId": "", "sessionId": null, "name": "", "email": "", "maskedEmail": "", "jwt": {"app": "", "firebase": ""}, "phone": {"countryCode": "+55", "areaCode": "", "phoneNumber": ""}, "country": "BR", "channel": "", "isPhoneRegistered": false, "acceptWhatsapp": true, "hasDocument": false, "isPartner": false}, "accountForm": {}, "redirectUrl": "", "isRequestOngoing": false}, "captcha": {"token": "", "hasLoadedRemoteConfig": false, "provider": "", "friction": "low", "unavailableCountriesCode": []}, "supportedCities": [], "inAppMessages": {"biomaSurvey": {"isOpen": false, "formId": null, "data": {"opaque": true}}}, "metaData": {"similar_houses_clicked": []}, "appData": {"device": {"type": "desktop", "isSearchEngineCrawler": false}, "experiments": "X-AB-Test=ab_exposed_filter_sale_desktop:1,ab_exposed_filter_sale_v1:1,ab_exposed_filters:1,ab_load_more_v0:-1,ab_new_house_card_v2:0,ab_new_rent_listing_phase2:0,ab_profiling_create_alert_filters:0,ab_scheduling_step_by_step_v1:1,ab_show_floor_sale:0,ab_street_search_retrieval_v1:0"}, "house": {"houseInfo": {"id": "892929503", "displayId": "229503", "bedrooms": 3, "city": "S\u00e3o Paulo", "cityId": 39, "bathrooms": 4, "iptu": 1079, "amenities": [{"key": "BANHEIRA_DE_HIDROMASSAGEM", "text": "Banheira", "value": "SIM", "optional": false}, {"key": "BOX", "text": "Box", "value": "SIM", "optional": false}, {"key": "VARANDA", "text": "Varanda", "value": "NAO_INFORMADO", "optional": false}, {"key": "PISCINA_PRIVATIVA", "text": "Piscina privativa", "value": "NAO", "optional": false}, {"key": "ARMARIOS_EMBUTIDOS_NO_QUARTO", "text": "Arm\u00e1rios no quarto", "value": "SIM", "optional": false}, {"key": "ARMARIOS_NOS_BANHEIROS", "text": "Arm\u00e1rios no banheiro", "value": "SIM", "optional": false}, {"key": "ARMARIOS_NA_COZINHA", "text": "Arm\u00e1rios na cozinha", "value": "SIM", "optional": false}, {"key": "AR_CONDICIONADO", "text": "Ar condicionado", "value": "NAO", "optional": false}, {"key": "CHUVEIRO_A_GAS", "text": "Chuveiro a g\u00e1s", "value": "SIM", "optional": false}, {"key": "QUARTO_DE_SERVICO", "text": "Quarto de servi\u00e7o", "value": "SIM", "optional": false}, {"key": "BANHEIRO_DE_SERVICO", "text": "Banheiro de servi\u00e7o", "value": "SIM", "optional": false}, {"key": "VARANDA_GOURMET", "text": "Varanda gourmet", "value": "NAO", "optional": false}, {"key": "APARTAMENTO_COBERTURA", "text": "Apartamento cobertura", "value": "SIM", "optional": false}, {"key": "QUARTO_EXTRA_REVERSIVEL", "text": "Quarto extra revers\u00edvel", "value": "NAO", "optional": false}, {"key": "FOGAO_INCLUSO", "text": "Fog\u00e3o", "value": "NAO", "optional": false}, {"key": "GELADEIRA_INCLUSO", "text": "Geladeira", "value": "NAO", "optional": false}, {"key": "BANHEIRO_ADAPTADO", "text": "Banheiro adaptado", "value": "NAO_INFORMADO", "optional": false}, {"key": "CLOSET", "text": "Closet", "value": "NAO_INFORMADO", "optional": false}, {"key": "COZINHA_AMERICANA", "text": "Cozinha americana", "value": "NAO_INFORMADO", "optional": false}, {"key": "MESAS_E_CADEIRAS_DE_ESCRITORIO", "text": "Mesas e cadeiras de escrit\u00f3rio", "value": "NAO_INFORMADO", "optional": false}, {"key": "JARDIM", "text": "Jardim", "value": "NAO_INFORMADO", "optional": false}, {"key": "QUARTOS_E_CORREDORES_COM_PORTAS_AMPLAS", "text": "Quartos e corredores com portas amplas", "value": "NAO_INFORMADO", "optional": false}, {"key": "QUINTAL", "text": "Quintal", "value": "NAO_INFORMADO", "optional": false}, {"key": "SOMENTE_UMA_CASA_NO_TERRENO", "text": "Somente uma casa no terreno", "value": "NAO_INFORMADO", "optional": false}, {"key": "AREA_DE_SERVICO", "text": "\u00c1rea de servi\u00e7o", "value": "NAO_INFORMADO", "optional": false}], "comfortCommodities": [{"key": "BANHEIRA_DE_HIDROMASSAGEM", "text": "Banheira", "value": "SIM", "optional": false}, {"key": "PISCINA_PRIVATIVA", "text": "Piscina privativa", "value": "NAO", "optional": false}, {"key": "AR_CONDICIONADO", "text": "Ar condicionado", "value": "NAO", "optional": false}, {"key": "SOL_DA_MANHA", "text": "Sol da manh\u00e3", "value": "NAO", "optional": false}, {"key": "SOL_DA_TARDE", "text": "Sol da tarde", "value": "NAO", "optional": false}, {"key": "CORTINAS_BLACK_OUT", "text": "Cortinas corta luz", "value": "NAO", "optional": false}, {"key": "CORTINAS_DECORATIVAS", "text": "Cortina transl\u00facida", "value": "NAO", "optional": false}, {"key": "JANELA_ANTI_RUIDO", "text": "Janela anti-ru\u00eddo", "value": "SIM", "optional": false}, {"key": "VENTILADOR_DE_TETO", "text": "Ventilador de teto", "value": "NAO", "optional": false}, {"key": "LUMINOSIDADE_NATURAL", "text": "Janelas grandes", "value": "SIM", "optional": false}, {"key": "VISTA_LIVRE", "text": "Vista livre", "value": "SIM", "optional": false}, {"key": "RUA_SILENCIOSA", "text": "Rua silenciosa", "value": "SIM", "optional": false}], "practicalityCommodities": [{"key": "BOX", "text": "Box", "value": "SIM", "optional": false}, {"key": "ARMARIOS_EMBUTIDOS_NO_QUARTO", "text": "Arm\u00e1rios no quarto", "value": "SIM", "optional": false}, {"key": "ARMARIOS_NOS_BANHEIROS", "text": "Arm\u00e1rios no banheiro", "value": "SIM", "optional": false}, {"key": "ARMARIOS_NA_COZINHA", "text": "Arm\u00e1rios na cozinha", "value": "SIM", "optional": false}, {"key": "CHUVEIRO_A_GAS", "text": "Chuveiro a g\u00e1s", "value": "SIM", "optional": false}, {"key": "FOGAO_INCLUSO", "text": "Fog\u00e3o", "value": "NAO", "optional": false}, {"key": "GELADEIRA_INCLUSO", "text": "Geladeira", "value": "NAO", "optional": false}, {"key": "CHUVEIRO_ELETRICO", "text": "Chuveiro el\u00e9trico", "value": "NAO", "optional": false}, {"key": "MICROONDAS", "text": "Microondas", "value": "NAO", "optional": false}, {"key": "SOFA", "text": "Sof\u00e1", "value": "NAO", "optional": false}, {"key": "MAQUINA_DE_LAVAR", "text": "M\u00e1quina de lavar", "value": "NAO", "optional": false}, {"key": "TANQUE", "text": "Tanque", "value": "SIM", "optional": false}, {"key": "REDE_DE_PROTECAO", "text": "Tela nas janelas", "value": "NAO", "optional": false}, {"key": "VARAL_DE_ROUPAS", "text": "Varal de roupas", "value": "SIM", "optional": false}, {"key": "TOMADAS_NOVAS", "text": "Tomadas 3 pinos", "value": "SIM", "optional": false}, {"key": "TELEVISAO", "text": "Televis\u00e3o", "value": "NAO", "optional": false}, {"key": "MESAS_E_CADEIRAS_DE_JANTAR", "text": "Mesas e cadeiras de jantar", "value": "NAO", "optional": false}, {"key": "CHURRASQUEIRA", "text": "Churrasqueira", "value": "NAO", "optional": false}, {"key": "ACESSO_SEM_DEGRAUS", "text": "Acesso sem degraus", "value": "NAO", "optional": false}, {"key": "COOKTOP", "text": "Fog\u00e3o cooktop", "value": "NAO", "optional": false}, {"key": "UTENSILIOS_DE_COZINHA", "text": "Utens\u00edlios de cozinha", "value": "NAO", "optional": false}, {"key": "CAMA_DE_CASAL", "text": "Cama de casal", "value": "NAO", "optional": false}, {"key": "CAMA_DE_SOLTEIRO", "text": "Cama de solteiro", "value": "NAO", "optional": false}, {"key": "ESPELHO_NO_BANHEIRO", "text": "Espelho no banheiro", "value": "SIM", "optional": false}, {"key": "FECHADURA_ELETRONICA", "text": "Fechadura eletr\u00f4nica", "value": "NAO", "optional": false}, {"key": "ENERGIA", "text": "Energia no im\u00f3vel", "value": "SIM", "optional": false}], "area": 250, "installations": [{"key": "PLAYGROUND", "text": "Playground", "value": "SIM"}, {"key": "PISCINA", "text": "Piscina", "value": "SIM"}, {"key": "CHURRASQUEIRA", "text": "Churrasqueira", "value": "SIM"}, {"key": "QUADRA_ESPORTIVA", "text": "Quadra esportiva", "value": "SIM"}, {"key": "ACADEMIA", "text": "Academia", "value": "SIM"}, {"key": "SALAO_DE_FESTAS", "text": "Sal\u00e3o de festas", "value": "SIM"}, {"key": "SAUNA", "text": "Sauna", "value": "NAO"}, {"key": "LAVANDERIA_NO_PREDIO", "text": "Lavanderia no pr\u00e9dio", "value": "NAO"}, {"key": "GAS_ENCANADO", "text": "G\u00e1s encanado", "value": "SIM"}, {"key": "ESPACO_GOURMET_NA_AREA_COMUM", "text": "Espa\u00e7o gourmet na \u00e1rea comum", "value": "SIM"}, {"key": "BRINQUEDOTECA", "text": "Brinquedoteca", "value": "NAO_INFORMADO"}, {"key": "CORRIMAO", "text": "Corrim\u00e3o", "value": "NAO_INFORMADO"}, {"key": "PISO_TATIL", "text": "Piso t\u00e1til", "value": "NAO_INFORMADO"}, {"key": "RAMPAS_DE_ACESSO", "text": "Rampas de acesso", "value": "NAO_INFORMADO"}, {"key": "SALAO_DE_JOGOS", "text": "Sal\u00e3o de jogos", "value": "NAO_INFORMADO"}, {"key": "VAGA_DE_GARAGEM_ACESSIVEL", "text": "Vaga de garagem acess\u00edvel", "value": "NAO_INFORMADO"}, {"key": "AREA_VERDE", "text": "\u00c1rea verde", "value": "NAO_INFORMADO"}, {"key": "Elevador", "value": "SIM"}, {"key": "Porteiro24H", "value": "SIM"}], "rentPrice": 4900, "condoPrice": 2150, "condoType": "Normal", "region": {"name": "\u00c1gua Fria", "hub": {"loading": "UNSET", "enabled": false, "abSecretariat": false, "isPrimaryMarket": false}, "id": 1312}, "type": "Apartamento", "iptuType": "Normal", "totalCost": 8318, "parkingSpaces": 4, "address": {"street": "Rua Maria do Carmo Sene", "neighborhood": "Vila Paulic\u00e9ia", "city": "S\u00e3o Paulo", "zipCode": "02301-110", "stateName": "S\u00e3o Paulo", "stateAcronym": "SP", "lat": -23.4890021, "lng": -46.6123598, "countryName": "Brasil", "countryCode": "BR", "country": "Brasil"}, "floor": 15, "homeProtection": 63, "remarks": "", "acceptsPets": true, "hasFurniture": false, "isNearSubway": true, "placesNearby": [{"name": "Escola de Educa\u00e7\u00e3o Infantil \u00e9 Bom Somhar", "type": "SCHOOL", "slug": "escola-de-educacao-infantil-e-bom-somhar-\u00e1gua-fria-sao-paulo-sp"}, {"name": "Parada Inglesa", "type": "ESTACAO_METRO_OU_TREM", "slug": "estacao-parada-inglesa-sao-paulo-sp"}, {"name": "Terminal Parada Inglesa", "type": "BUS_TERMINAL_STATION", "slug": "terminal-parada-inglesa-parada-inglesa-sao-paulo-sp"}, {"name": "Escola Professor Ant\u00f4nio Lisboa", "type": "SCHOOL", "slug": "escola-professor-antonio-lisboa-sao-paulo-sp-brasil"}, {"name": "Jardim S\u00e3o Paulo - Ayrton Senna", "type": "ESTACAO_METRO_OU_TREM", "slug": "estacao-jardim-sao-paulo-ayrton-senna-sao-paulo-sp"}, {"name": "Sesc Santana", "type": "MUSEUM_THEATRE_OR_CONCERT_HALL", "slug": "sesc-santana-santana-sao-paulo-sp"}, {"name": "Escola Silva Jardim", "type": "SCHOOL", "slug": "escola-silva-jardim-sao-paulo-sp-brasil"}, {"name": "GMOArts", "type": "MUSEUM_THEATRE_OR_CONCERT_HALL", "slug": "gmoarts-\u00e1gua-fria-sao-paulo-sp"}, {"name": "Escola Gon\u00e7alves Oias", "type": "SCHOOL", "slug": "escola-goncalves-oias-sao-paulo-sp-brasil"}, {"name": "DeRose Method Santana", "type": "UNIVERSITY_OR_COLLEGE", "slug": "derose-method-santana-\u00e1gua-fria-sao-paulo-sp"}, {"name": "Ophthal Hospital Especializado", "type": "HOSPITAL", "slug": "ophthal-hospital-especializado-vila-mazzei-sao-paulo-sp-brasil"}, {"name": "Cinemark Tucuruvi", "type": "MUSEUM_THEATRE_OR_CONCERT_HALL", "slug": "cinemark-tucuruvi-vila-mazzei-sao-paulo-sp"}, {"name": "Idioma e inform\u00e1tica", "type": "UNIVERSITY_OR_COLLEGE", "slug": "idioma-e-informatica-vila-gustavo-sao-paulo-sp"}, {"name": "CNA Ingles", "type": "SCHOOL", "slug": "cna-ingles-santana-sao-paulo-sp"}, {"name": "Centro M\u00e9dico Mazzei", "type": "HOSPITAL", "slug": "centro-medico-mazzei-vila-mazzei-sao-paulo-sp-brasil"}, {"name": "Escola Estadual Albino C\u00e9sar", "type": "SCHOOL", "slug": "escola-estadual-albino-cesar-vila-mazzei-sao-paulo-sp-brasil"}, {"name": "Shopping Metr\u00f4 Tucuruvi", "type": "SHOPPING_MALL", "slug": "shopping-metro-tucuruvi-vila-gustavo-sao-paulo-sp-brasil"}, {"name": "Escola Professora Luzia Godoy", "type": "SCHOOL", "slug": "escola-professora-luzia-godoy-sao-paulo-sp-brasil"}, {"name": "Centro de Cultura Cer\u00e2mica", "type": "UNIVERSITY_OR_COLLEGE", "slug": "centro-de-cultura-ceramica-vila-guilherme-sao-paulo-sp"}, {"name": "Pra\u00e7a Iauti", "type": "PARK_OR_GREEN_AREA", "slug": "praca-iauti-santana-sao-paulo-sp"}, {"name": "Colegio Palavra Viva", "type": "SCHOOL", "slug": "colegio-palavra-viva-santana-sao-paulo-sp"}, {"name": "Conservatorio Musical S\u00e3o Paulo", "type": "SCHOOL", "slug": "conservatorio-musical-sao-paulo-santana-sao-paulo-sp"}, {"name": "Col\u00e9gio Sales", "type": "SCHOOL", "slug": "colegio-sales-vila-gustavo-sao-paulo-sp-brasil"}, {"name": "Col\u00e9gio Amorim", "type": "SCHOOL", "slug": "colegio-amorim-vila-guilherme-sao-paulo-sp-brasil"}, {"name": "Escola Estadual C\u00f4nego Jo\u00e3o Ligabue", "type": "SCHOOL", "slug": "escola-estadual-conego-joao-ligabue-vila-gustavo-sao-paulo-sp-brasil"}], "availabilityType": "IMMEDIATE", "photos": [{"id": 4022099, "subtitle": "SALA", "url": "892929503-544.0386558353597DSC1442.jpg", "cover": true}, {"id": 4022101, "subtitle": "SALA", "url": "892929503-866.3230125666315DSC1443.jpg", "cover": false}, {"id": 4022104, "subtitle": "SALA", "url": "892929503-112.54687647916906DSC1444.jpg", "cover": false}, {"id": 4022107, "subtitle": "SALA", "url": "892929503-692.5100889945819DSC1445.jpg", "cover": false}, {"id": 4022109, "subtitle": "SALA", "url": "892929503-489.5853241928292DSC1446.jpg", "cover": false}, {"id": 4022112, "subtitle": "SALA", "url": "892929503-496.1323443498263DSC1447.jpg", "cover": false}, {"id": 4022115, "subtitle": "SALA", "url": "892929503-231.84312490895266DSC1449.jpg", "cover": false}, {"id": 4022116, "subtitle": "SACADA SALA", "url": "892929503-816.8792473804132DSC1450.jpg", "cover": false}, {"id": 4022190, "subtitle": "VISTA SALA", "url": "892929503-866.1410016511817DSC1494.jpg", "cover": false}, {"id": 4022118, "subtitle": "LAVABO", "url": "892929503-237.81344302988973DSC1452.jpg", "cover": false}, {"id": 4022119, "subtitle": "LAVABO", "url": "892929503-818.2461395787682DSC1453.jpg", "cover": false}, {"id": 4022122, "subtitle": "SALA JANTAR", "url": "892929503-482.4291685308876DSC1454.jpg", "cover": false}, {"id": 4022123, "subtitle": "SALA JANTAR", "url": "892929503-724.9159793588378DSC1455.jpg", "cover": false}, {"id": 4022125, "subtitle": "SALA JANTAR", "url": "892929503-224.24856418736715DSC1456.jpg", "cover": false}, {"id": 4022127, "subtitle": "SALA JANTAR", "url": "892929503-437.73909561752413DSC1457.jpg", "cover": false}, {"id": 4022131, "subtitle": "HALL", "url": "892929503-288.69473094404066DSC1458.jpg", "cover": false}, {"id": 4022133, "subtitle": "HALL", "url": "892929503-190.04141470155645DSC1459.jpg", "cover": false}, {"id": 4022135, "subtitle": "QUARTO SUITE 1", "url": "892929503-567.5781254631111DSC1461.jpg", "cover": false}, {"id": 4022137, "subtitle": "QUARTO SUITE 1", "url": "892929503-194.39790658478984DSC1462.jpg", "cover": false}, {"id": 4022140, "subtitle": "QUARTO SUITE 1", "url": "892929503-558.7621537814332DSC1465.jpg", "cover": false}, {"id": 4022143, "subtitle": "BANHEIRO QUARTO 1", "url": "892929503-108.39474008089734DSC1466.jpg", "cover": false}, {"id": 4022145, "subtitle": "BANHEIRO QUARTO 1", "url": "892929503-540.9303989574852DSC1467.jpg", "cover": false}, {"id": 4022147, "subtitle": "BANHEIRO QUARTO 1", "url": "892929503-353.61602443961226DSC1468.jpg", "cover": false}, {"id": 4022149, "subtitle": "BANHEIRO QUARTO 1", "url": "892929503-159.71829405650305DSC1469.jpg", "cover": false}, {"id": 4022151, "subtitle": "ESCRIT\u00d3RIO", "url": "892929503-958.8225971967948DSC1471.jpg", "cover": false}, {"id": 4022153, "subtitle": "ESCRIT\u00d3RIO", "url": "892929503-254.17680588789193DSC1472.jpg", "cover": false}, {"id": 4022155, "subtitle": "CLOSET QUARTO 1", "url": "892929503-545.1417694955895DSC1473.jpg", "cover": false}, {"id": 4022158, "subtitle": "CLOSET QUARTO 1", "url": "892929503-610.8282180013227DSC1474.jpg", "cover": false}, {"id": 4022167, "subtitle": "QUARTO 2", "url": "892929503-958.6759805096616DSC1479.jpg", "cover": false}, {"id": 4022169, "subtitle": "QUARTO 2", "url": "892929503-739.9850982459786DSC1480.jpg", "cover": false}, {"id": 4022179, "subtitle": "QUARTO 3 SUITE", "url": "892929503-32.068506870315815DSC1487.jpg", "cover": false}, {"id": 4022178, "subtitle": "QUARTO 3 SUITE", "url": "892929503-992.3823265767346DSC1485.jpg", "cover": false}, {"id": 4022172, "subtitle": "BANHEIRO QUARTO 3", "url": "892929503-215.20738785353132DSC1481.jpg", "cover": false}, {"id": 4022174, "subtitle": "BANHEIRO QUARTO 3", "url": "892929503-98.50014295081499DSC1482.jpg", "cover": false}, {"id": 4022177, "subtitle": "BANHEIRO QUARTO 3", "url": "892929503-137.47918742563448DSC1483.jpg", "cover": false}, {"id": 4022180, "subtitle": "HALL SUPERIOR", "url": "892929503-307.3939259780558DSC1488.jpg", "cover": false}, {"id": 4022160, "subtitle": "BANHEIRO", "url": "892929503-697.8662534656065DSC1475.jpg", "cover": false}, {"id": 4022165, "subtitle": "BANHEIRO", "url": "892929503-925.6445341445469DSC1477.jpg", "cover": false}, {"id": 4022182, "subtitle": "ESCADA", "url": "892929503-678.4284101264944DSC1489.jpg", "cover": false}, {"id": 4022184, "subtitle": "COZINHA", "url": "892929503-278.7460596341138DSC1490.jpg", "cover": false}, {"id": 4022185, "subtitle": "COZINHA", "url": "892929503-777.2299265890816DSC1491.jpg", "cover": false}, {"id": 4022187, "subtitle": "COZINHA", "url": "892929503-218.89202304650402DSC1492.jpg", "cover": false}, {"id": 4022189, "subtitle": "PIA COZINHA", "url": "892929503-995.3385836490878DSC1493.jpg", "cover": false}], "photosCategorizedByRooms": [], "relevantRegions": [], "photospheres": [], "specialConditions": [], "offers": {"closingRate": 0, "shouldHighlightIcon": true, "shouldShowOfferDialog": false, "shouldShowOffers": false, "summary": []}, "status": "publicado", "showUrlHasBeenCopiedSnackbar": false, "isGalleryModalOpen": false, "error": false, "loaded": true, "loading": false, "loadingCategorizedRooms": false, "selectedMedia": "tenant/HouseMedia/PHOTOS", "video": "", "promotions": [], "condominium": {"hashId": "jpqmsv5v7d", "name": "Rio Bravo", "slug": "rio-bravo-santana-sao-paulo", "address": "Rua Maria do Carmo Sene", "constructionYear": 1991}, "forRent": true, "forSale": true, "salePrice": 1800000, "mortgageFirstInstallment": 0, "listings": [{"imovelId": 892929503, "businessContext": "SALE", "status": "publicado", "firstPublicationDate": "2022-11-03T21:58:07.000+0000", "lastPublicationDate": "2022-11-03T21:58:07.000+0000", "ownership": "STANDARD"}, {"imovelId": 892929503, "businessContext": "RENT", "status": "publicado", "firstPublicationDate": "2019-08-14T22:22:31.000+0000", "lastPublicationDate": "2023-03-02T06:21:58.000+0000", "listingRentModel": {"listingBusinessContextId": 279260, "rentalAdministrator": "QUINTOANDAR"}, "ownership": "STANDARD"}], "listingTags": [], "businessContext": "", "regionParameters": {"loaded": false, "loading": false, "RENT": {"visitsEnabled": true, "talkToAgentEnabled": false}, "SALE": {"visitsEnabled": true, "talkToAgentEnabled": false}}, "houseAgent": {"isDialogOpen": false, "alreadyOpenedByQueryParam": false}, "tenantServiceFee": 126, "closingStatus": {"loading": false}, "rentalGuarantee": {"minValue": 1225, "maxValue": 3675}, "reservationAvailability": null, "isPrimaryMarket": false, "macroRegion": {"id": 2760, "name": "SPO09"}, "suites": 3, "houseVisitStatus": "ACCEPT_NEW", "visitStatusReason": null, "visitsUnavailable": false, "isReserved": false, "allowDirectOffer": true, "lastPublishedDate": "2023-03-02T06:21:58.000Z", "listingPublication": "not_stranded", "rentOnTermination": false, "constructionYear": 1991, "categories": []}, "markers": {"lat": -23.4890021, "lng": -46.6123598}, "talkToAgent": {"dialog": {"open": false, "questionType": null, "question": ""}, "agentSupport": {}, "error": null, "autoSubmit": false, "loading": false, "submitting": false, "success": false, "hasLoadedAgentInfo": false, "agent": null, "hasLoadedAgentsInRegion": false, "agentsInRegion": null}}}}, "__N_SSP": true}, "page": "/imovel/[houseId]/[[...slug]]", "query": {"houseId": "892929503", "slug": ["alugar", "apartamento-3-quartos-vila-pauliceia-sao-paulo"]}, "buildId": "gCr3Bg2lYzV9hxZqGibIQ", "runtimeConfig": {"NEXT_PUBLIC_HOME_ADVERTISING_BANNER": "coupon"}, "isFallback": false, "dynamicIds": [61847, 31265, 66435, 77453, 87356, 60899, 41103, 3232, 33207, 72227, 40072, 39327, 19904, 96827], "gssp": true, "customServer": true, "appGip": true, "locale": "pt-BR", "locales": ["pt-BR", "es-MX"], "defaultLocale": "pt-BR", "domainLocales": [{"domain": "www.quintoandar.com.br", "defaultLocale": "pt-BR"}, {"domain": "www.benvi.mx", "defaultLocale": "es-MX"}], "scriptLoader": []}