{"props": {"pageProps": {"initialState": {"route": {"locationBeforeTransitions": {"pathname": "/imovel/892934195/alugar/apartamento-3-quartos-aclimacao-sao-paulo", "search": "", "hash": "", "action": "POP", "query": {}}, "topLevelRouteName": "house details", "businessContext": "RENT", "favoriteListsBusinessContext": "RENT"}, "router": {"location": {"href": "/", "pathname": "/", "search": "", "hash": ""}}, "progress": {"pendingRequests": -1}, "login": {"response": {}, "user": {"isLoggedIn": false, "id": 0, "agentId": 0, "hashId": "", "sessionId": null, "name": "", "email": "", "maskedEmail": "", "jwt": {"app": "", "firebase": ""}, "phone": {"countryCode": "+55", "areaCode": "", "phoneNumber": ""}, "country": "BR", "channel": "", "isPhoneRegistered": false, "acceptWhatsapp": true, "hasDocument": false, "isPartner": false}, "accountForm": {}, "redirectUrl": "", "isRequestOngoing": false}, "captcha": {"token": "", "hasLoadedRemoteConfig": false, "provider": "", "friction": "low", "unavailableCountriesCode": []}, "supportedCities": [], "inAppMessages": {"biomaSurvey": {"isOpen": false, "formId": null, "data": {"opaque": true}}}, "metaData": {"similar_houses_clicked": []}, "appData": {"device": {"type": "desktop", "isSearchEngineCrawler": false}, "experiments": "X-AB-Test=ab_exposed_filter_sale_desktop:1,ab_exposed_filter_sale_v1:1,ab_exposed_filters:1,ab_load_more_v0:-1,ab_new_house_card_v2:0,ab_new_rent_listing_phase2:0,ab_profiling_create_alert_filters:0,ab_scheduling_step_by_step_v1:1,ab_show_floor_sale:0,ab_street_search_retrieval_v1:0"}, "house": {"houseInfo": {"id": "892934195", "displayId": "234195", "bedrooms": 3, "city": "S\u00e3o Paulo", "cityId": 39, "bathrooms": 2, "iptu": 0, "amenities": [{"key": "BANHEIRA_DE_HIDROMASSAGEM", "text": "Banheira", "value": "NAO", "optional": false}, {"key": "BOX", "text": "Box", "value": "SIM", "optional": false}, {"key": "VARANDA", "text": "Varanda", "value": "NAO_INFORMADO", "optional": false}, {"key": "PISCINA_PRIVATIVA", "text": "Piscina privativa", "value": "NAO", "optional": false}, {"key": "ARMARIOS_EMBUTIDOS_NO_QUARTO", "text": "Arm\u00e1rios no quarto", "value": "SIM", "optional": false}, {"key": "ARMARIOS_NOS_BANHEIROS", "text": "Arm\u00e1rios no banheiro", "value": "SIM", "optional": false}, {"key": "ARMARIOS_NA_COZINHA", "text": "Arm\u00e1rios na cozinha", "value": "SIM", "optional": false}, {"key": "AR_CONDICIONADO", "text": "Ar condicionado", "value": "NAO", "optional": false}, {"key": "CHUVEIRO_A_GAS", "text": "Chuveiro a g\u00e1s", "value": "SIM", "optional": false}, {"key": "QUARTO_DE_SERVICO", "text": "Quarto de servi\u00e7o", "value": "SIM", "optional": false}, {"key": "BANHEIRO_DE_SERVICO", "text": "Banheiro de servi\u00e7o", "value": "SIM", "optional": false}, {"key": "VARANDA_GOURMET", "text": "Varanda gourmet", "value": "NAO", "optional": false}, {"key": "APARTAMENTO_COBERTURA", "text": "Apartamento cobertura", "value": "NAO", "optional": false}, {"key": "QUARTO_EXTRA_REVERSIVEL", "text": "Quarto extra revers\u00edvel", "value": "SIM", "optional": false}, {"key": "FOGAO_INCLUSO", "text": "Fog\u00e3o", "value": "SIM", "optional": false}, {"key": "GELADEIRA_INCLUSO", "text": "Geladeira", "value": "SIM", "optional": false}, {"key": "BANHEIRO_ADAPTADO", "text": "Banheiro adaptado", "value": "NAO_INFORMADO", "optional": false}, {"key": "CLOSET", "text": "Closet", "value": "NAO_INFORMADO", "optional": false}, {"key": "COZINHA_AMERICANA", "text": "Cozinha americana", "value": "NAO_INFORMADO", "optional": false}, {"key": "MESAS_E_CADEIRAS_DE_ESCRITORIO", "text": "Mesas e cadeiras de escrit\u00f3rio", "value": "NAO_INFORMADO", "optional": false}, {"key": "JARDIM", "text": "Jardim", "value": "NAO_INFORMADO", "optional": false}, {"key": "QUARTOS_E_CORREDORES_COM_PORTAS_AMPLAS", "text": "Quartos e corredores com portas amplas", "value": "NAO_INFORMADO", "optional": false}, {"key": "QUINTAL", "text": "Quintal", "value": "NAO_INFORMADO", "optional": false}, {"key": "SOMENTE_UMA_CASA_NO_TERRENO", "text": "Somente uma casa no terreno", "value": "NAO_INFORMADO", "optional": false}, {"key": "AREA_DE_SERVICO", "text": "\u00c1rea de servi\u00e7o", "value": "NAO_INFORMADO", "optional": false}], "comfortCommodities": [{"key": "BANHEIRA_DE_HIDROMASSAGEM", "text": "Banheira", "value": "NAO", "optional": false}, {"key": "PISCINA_PRIVATIVA", "text": "Piscina privativa", "value": "NAO", "optional": false}, {"key": "AR_CONDICIONADO", "text": "Ar condicionado", "value": "NAO", "optional": false}, {"key": "SOL_DA_MANHA", "text": "Sol da manh\u00e3", "value": "SIM", "optional": false}, {"key": "SOL_DA_TARDE", "text": "Sol da tarde", "value": "SIM", "optional": false}, {"key": "CORTINAS_BLACK_OUT", "text": "Cortinas corta luz", "value": "NAO", "optional": false}, {"key": "CORTINAS_DECORATIVAS", "text": "Cortina transl\u00facida", "value": "NAO", "optional": false}, {"key": "JANELA_ANTI_RUIDO", "text": "Janela anti-ru\u00eddo", "value": "NAO", "optional": false}, {"key": "VENTILADOR_DE_TETO", "text": "Ventilador de teto", "value": "SIM", "optional": false}, {"key": "LUMINOSIDADE_NATURAL", "text": "Janelas grandes", "value": "SIM", "optional": false}, {"key": "VISTA_LIVRE", "text": "Vista livre", "value": "SIM", "optional": false}, {"key": "RUA_SILENCIOSA", "text": "Rua silenciosa", "value": "SIM", "optional": false}], "practicalityCommodities": [{"key": "BOX", "text": "Box", "value": "SIM", "optional": false}, {"key": "ARMARIOS_EMBUTIDOS_NO_QUARTO", "text": "Arm\u00e1rios no quarto", "value": "SIM", "optional": false}, {"key": "ARMARIOS_NOS_BANHEIROS", "text": "Arm\u00e1rios no banheiro", "value": "SIM", "optional": false}, {"key": "ARMARIOS_NA_COZINHA", "text": "Arm\u00e1rios na cozinha", "value": "SIM", "optional": false}, {"key": "CHUVEIRO_A_GAS", "text": "Chuveiro a g\u00e1s", "value": "SIM", "optional": false}, {"key": "FOGAO_INCLUSO", "text": "Fog\u00e3o", "value": "SIM", "optional": false}, {"key": "GELADEIRA_INCLUSO", "text": "Geladeira", "value": "SIM", "optional": false}, {"key": "CHUVEIRO_ELETRICO", "text": "Chuveiro el\u00e9trico", "value": "NAO", "optional": false}, {"key": "MICROONDAS", "text": "Microondas", "value": "NAO", "optional": false}, {"key": "SOFA", "text": "Sof\u00e1", "value": "SIM", "optional": false}, {"key": "MAQUINA_DE_LAVAR", "text": "M\u00e1quina de lavar", "value": "SIM", "optional": false}, {"key": "TANQUE", "text": "Tanque", "value": "SIM", "optional": false}, {"key": "REDE_DE_PROTECAO", "text": "Tela nas janelas", "value": "SIM", "optional": false}, {"key": "VARAL_DE_ROUPAS", "text": "Varal de roupas", "value": "SIM", "optional": false}, {"key": "TOMADAS_NOVAS", "text": "Tomadas 3 pinos", "value": "SIM", "optional": false}, {"key": "TELEVISAO", "text": "Televis\u00e3o", "value": "NAO", "optional": false}, {"key": "MESAS_E_CADEIRAS_DE_JANTAR", "text": "Mesas e cadeiras de jantar", "value": "SIM", "optional": false}, {"key": "CHURRASQUEIRA", "text": "Churrasqueira", "value": "NAO", "optional": false}, {"key": "ACESSO_SEM_DEGRAUS", "text": "Acesso sem degraus", "value": "SIM", "optional": false}, {"key": "COOKTOP", "text": "Fog\u00e3o cooktop", "value": "NAO", "optional": false}, {"key": "UTENSILIOS_DE_COZINHA", "text": "Utens\u00edlios de cozinha", "value": "NAO", "optional": false}, {"key": "CAMA_DE_CASAL", "text": "Cama de casal", "value": "NAO", "optional": false}, {"key": "CAMA_DE_SOLTEIRO", "text": "Cama de solteiro", "value": "SIM", "optional": false}, {"key": "ESPELHO_NO_BANHEIRO", "text": "Espelho no banheiro", "value": "SIM", "optional": false}, {"key": "FECHADURA_ELETRONICA", "text": "Fechadura eletr\u00f4nica", "value": "NAO", "optional": false}, {"key": "ENERGIA", "text": "Energia no im\u00f3vel", "value": "SIM", "optional": false}], "area": 140, "installations": [{"key": "PLAYGROUND", "text": "Playground", "value": "NAO"}, {"key": "PISCINA", "text": "Piscina", "value": "NAO"}, {"key": "CHURRASQUEIRA", "text": "Churrasqueira", "value": "NAO"}, {"key": "QUADRA_ESPORTIVA", "text": "Quadra esportiva", "value": "NAO"}, {"key": "ACADEMIA", "text": "Academia", "value": "NAO"}, {"key": "SALAO_DE_FESTAS", "text": "Sal\u00e3o de festas", "value": "SIM"}, {"key": "SAUNA", "text": "Sauna", "value": "NAO"}, {"key": "LAVANDERIA_NO_PREDIO", "text": "Lavanderia no pr\u00e9dio", "value": "NAO"}, {"key": "GAS_ENCANADO", "text": "G\u00e1s encanado", "value": "SIM"}, {"key": "ESPACO_GOURMET_NA_AREA_COMUM", "text": "Espa\u00e7o gourmet na \u00e1rea comum", "value": "NAO"}, {"key": "BRINQUEDOTECA", "text": "Brinquedoteca", "value": "NAO_INFORMADO"}, {"key": "CORRIMAO", "text": "Corrim\u00e3o", "value": "NAO_INFORMADO"}, {"key": "PISO_TATIL", "text": "Piso t\u00e1til", "value": "NAO_INFORMADO"}, {"key": "RAMPAS_DE_ACESSO", "text": "Rampas de acesso", "value": "NAO_INFORMADO"}, {"key": "SALAO_DE_JOGOS", "text": "Sal\u00e3o de jogos", "value": "NAO_INFORMADO"}, {"key": "VAGA_DE_GARAGEM_ACESSIVEL", "text": "Vaga de garagem acess\u00edvel", "value": "NAO_INFORMADO"}, {"key": "AREA_VERDE", "text": "\u00c1rea verde", "value": "NAO_INFORMADO"}, {"key": "Elevador", "value": "SIM"}, {"key": "Porteiro24H", "value": "NAO"}], "rentPrice": 4500, "condoPrice": 2196, "condoType": "Normal", "region": {"name": "Aclima\u00e7\u00e3o", "hub": {"loading": "UNSET", "enabled": false, "abSecretariat": false, "isPrimaryMarket": false}, "id": 52}, "type": "Apartamento", "iptuType": "NaoExiste", "totalCost": 6870, "parkingSpaces": 1, "address": {"street": "Rua Esmeralda", "neighborhood": "Aclima\u00e7\u00e3o", "city": "S\u00e3o Paulo", "zipCode": "01531-040", "stateName": "S\u00e3o Paulo", "stateAcronym": "SP", "lat": -23.571491, "lng": -46.631662, "countryName": "Brasil", "countryCode": "BR", "country": "Brasil"}, "floor": 8, "homeProtection": 58, "acceptsPets": true, "hasFurniture": false, "isNearSubway": true, "placesNearby": [{"name": "Hospedaria de Cuidados Palhat", "type": "HOSPITAL", "slug": "hospedaria-de-cuidados-palhat-aclimacao-sao-paulo-sp"}, {"name": "Parque da Aclima\u00e7\u00e3o", "type": "PARK_OR_GREEN_AREA", "slug": "parque-da-aclimacao-sao-paulo-sp-brasil"}, {"name": "Col\u00e9gio Nova Gera\u00e7\u00e3o", "type": "SCHOOL", "slug": "colegio-nova-geracao-aclimacao-sao-paulo-sp"}, {"name": "Escola Estadual Caetano de Campos", "type": "SCHOOL", "slug": "escola-estadual-caetano-de-campos-aclimacao-sao-paulo-sp"}, {"name": "Hospital AC Camargo", "type": "HOSPITAL", "slug": "hospital-ac-camargo-liberdade-sao-paulo-sp"}, {"name": "Anglo Vestibulares", "type": "SCHOOL", "slug": "anglo-vestibulares-liberdade-sao-paulo-sp"}, {"name": "Hospital Adventista de S\u00e3o Paulo", "type": "HOSPITAL", "slug": "hospital-adventista-de-sao-paulo-liberdade-sao-paulo-sp"}, {"name": "Gastrocl\u00ednica", "type": "HOSPITAL", "slug": "gastroclinica-sao-paulo-sp-brasil"}, {"name": "Vergueiro", "type": "ESTACAO_METRO_OU_TREM", "slug": "estacao-vergueiro-sao-paulo-sp"}, {"name": "Centro Cultural S\u00e3o Paulo", "type": "MUSEUM_THEATRE_OR_CONCERT_HALL", "slug": "centro-cultural-sao-paulo-aclimacao-sao-paulo-sp"}, {"name": "Hospital do Servidor P\u00fablico Municipal", "type": "HOSPITAL", "slug": "hospital-do-servidor-publico-municipal-aclimacao-sao-paulo-sp"}, {"name": "Uninove - Campus Vergueiro", "type": "UNIVERSITY_OR_COLLEGE", "slug": "uninove-vergueiro-liberdade-sao-paulo-sp"}, {"name": "Prandiano", "type": "MUSEUM_THEATRE_OR_CONCERT_HALL", "slug": "prandiano-vila-mariana-sao-paulo-sp"}, {"name": "EMEI D. Ana Rosa de Ara\u00fajo", "type": "SCHOOL", "slug": "emei-d-ana-rosa-de-araujo-vila-mariana-sao-paulo-sp"}, {"name": "Hospital Sancta Maggiore Para\u00edso", "type": "HOSPITAL", "slug": "hospital-sancta-maggiore-paraiso-bela-vista-sao-paulo-sp"}, {"name": "Alfacon", "type": "SCHOOL", "slug": "alfacon-liberdade-sao-paulo-sp"}, {"name": "Hospital Benefic\u00eancia Portuguesa de S\u00e3o Paulo", "type": "HOSPITAL", "slug": "hospital-beneficencia-portuguesa-de-sao-paulo-bela-vista-sao-paulo-sp"}, {"name": "Museu Hist\u00f3rico da Imigra\u00e7\u00e3o Japonesa no Brasil", "type": "MUSEUM_THEATRE_OR_CONCERT_HALL", "slug": "museu-historico-da-imigracao-japonesa-no-brasil-liberdade-sao-paulo-sp"}, {"name": "Col\u00e9gio Etapa S\u00e3o Paulo", "type": "SCHOOL", "slug": "colegio-etapa-sao-paulo-vila-mariana-sao-paulo-sp"}, {"name": "Escola SENAI", "type": "UNIVERSITY_OR_COLLEGE", "slug": "escola-senai-cambuci-sao-paulo-sp"}, {"name": "Hospital Oswaldo Cruz", "type": "HOSPITAL", "slug": "hospital-oswaldo-cruz-liberdade-sao-paulo-sp"}, {"name": "Hospital Oswaldo Cruz", "type": "HOSPITAL", "slug": "hospital-oswaldo-cruz-bela-vista-sao-paulo-sp"}, {"name": "Shopping P\u00e1tio Paulista", "type": "SHOPPING_MALL", "slug": "shopping-patio-paulista-bela-vista-sao-paulo-sp"}, {"name": "Hcor", "type": "HOSPITAL", "slug": "hcor-paraiso-sao-paulo-sp"}, {"name": "Santa Margiore", "type": "HOSPITAL", "slug": "santa-margiore-liberdade-sao-paulo-sp"}, {"name": "ETAPA - S\u00e3o Joaquim", "type": "SCHOOL", "slug": "etapa-sao-joaquim-liberdade-sao-paulo-sp"}, {"name": "Escola Paulista de Direito", "type": "UNIVERSITY_OR_COLLEGE", "slug": "escola-paulista-de-direito-liberdade-sao-paulo-sp"}, {"name": "Col\u00e9gio Adventista da Liberdade", "type": "SCHOOL", "slug": "colegio-adventista-da-liberdade-liberdade-sao-paulo-sp"}, {"name": "Col\u00e9gio Benjamin Constant", "type": "SCHOOL", "slug": "colegio-benjamin-constant-vila-mariana-sao-paulo-sp"}, {"name": "FMU", "type": "UNIVERSITY_OR_COLLEGE", "slug": "fmu-liberdade-sao-paulo-sp"}], "availabilityType": "IMMEDIATE", "photos": [{"id": 3811306, "subtitle": "Sala", "url": "892934195-154.11465948227888DSC9513.JPG", "cover": true}, {"id": 3811316, "subtitle": "Sala", "url": "892934195-389.6836502017926DSC9532.JPG", "cover": false}, {"id": 3811313, "subtitle": "Sala", "url": "892934195-874.6517176489715DSC9523.JPG", "cover": false}, {"id": 3811301, "subtitle": "Sala", "url": "892934195-397.8109248790137DSC9512.JPG", "cover": false}, {"id": 3811310, "subtitle": "Sala", "url": "892934195-768.5792443321436DSC9519.JPG", "cover": false}, {"id": 3811311, "subtitle": "Sala", "url": "892934195-167.3682692751307DSC9520.JPG", "cover": false}, {"id": 3811308, "subtitle": "Sala", "url": "892934195-389.00741350535DSC9517.JPG", "cover": false}, {"id": 3811307, "subtitle": "Sala", "url": "892934195-215.41906689026303DSC9516.JPG", "cover": false}, {"id": 3811315, "subtitle": "Sala", "url": "892934195-237.81540662123325DSC9527.JPG", "cover": false}, {"id": 3811314, "subtitle": "Vista da Sala", "url": "892934195-678.5592864004429DSC9524.JPG", "cover": false}, {"id": 3811317, "subtitle": "Quarto 1", "url": "892934195-94.71766183019037DSC9477.JPG", "cover": false}, {"id": 3811318, "subtitle": "Quarto 1", "url": "892934195-270.4349261152944DSC9478.JPG", "cover": false}, {"id": 3811319, "subtitle": "Quarto 1", "url": "892934195-421.49916198496294DSC9479.JPG", "cover": false}, {"id": 3811320, "subtitle": "Quarto 1", "url": "892934195-772.9907677956626DSC9480.JPG", "cover": false}, {"id": 3811339, "subtitle": "Quarto 1", "url": "892934195-839.857506763889DSC9482.JPG", "cover": false}, {"id": 3811321, "subtitle": "Vista do Quarto 1", "url": "892934195-867.9461244166174DSC9481.JPG", "cover": false}, {"id": 3811322, "subtitle": "Quarto 2", "url": "892934195-42.13710331345766DSC9488.JPG", "cover": false}, {"id": 3811323, "subtitle": "Quarto 2", "url": "892934195-822.744192345849DSC9489.JPG", "cover": false}, {"id": 3811324, "subtitle": "Quarto 2", "url": "892934195-59.888590428312185DSC9490.JPG", "cover": false}, {"id": 3811325, "subtitle": "Quarto 2", "url": "892934195-276.67075214872983DSC9491.JPG", "cover": false}, {"id": 3811326, "subtitle": "Vista do Quarto 2", "url": "892934195-176.23167293603336DSC9492.JPG", "cover": false}, {"id": 3811332, "subtitle": "Su\u00edte", "url": "892934195-111.45719040591817DSC9469.JPG", "cover": false}, {"id": 3811333, "subtitle": "Su\u00edte", "url": "892934195-248.09199563931216DSC9470.JPG", "cover": false}, {"id": 3811331, "subtitle": "Su\u00edte", "url": "892934195-492.6460283025082DSC9468.JPG", "cover": false}, {"id": 3811334, "subtitle": "Su\u00edte", "url": "892934195-155.49748181985967DSC9471.JPG", "cover": false}, {"id": 3811335, "subtitle": "Su\u00edte", "url": "892934195-414.0246170460813DSC9472.JPG", "cover": false}, {"id": 3811336, "subtitle": "Su\u00edte", "url": "892934195-567.5754873283894DSC9474.JPG", "cover": false}, {"id": 3811337, "subtitle": "Su\u00edte", "url": "892934195-793.2539223067575DSC9475.JPG", "cover": false}, {"id": 3811338, "subtitle": "Vista da Su\u00edte", "url": "892934195-709.3826063831717DSC9476.JPG", "cover": false}, {"id": 3811327, "subtitle": "Banheiro da Su\u00edte", "url": "892934195-906.0729064540546DSC9464.JPG", "cover": false}, {"id": 3811328, "subtitle": "Banheiro da Su\u00edte", "url": "892934195-530.6786158627222DSC9465.JPG", "cover": false}, {"id": 3811329, "subtitle": "Banheiro da Su\u00edte", "url": "892934195-413.78819421235266DSC9466.JPG", "cover": false}, {"id": 3811330, "subtitle": "Banheiro da Su\u00edte", "url": "892934195-888.9064974149982DSC9467.JPG", "cover": false}, {"id": 3811340, "subtitle": "Banheiro 2", "url": "892934195-633.0161453516235DSC9483.JPG", "cover": false}, {"id": 3811341, "subtitle": "Banheiro 2", "url": "892934195-372.7442178575939DSC9484.JPG", "cover": false}, {"id": 3811342, "subtitle": "Banheiro 2", "url": "892934195-904.102725052253DSC9486.JPG", "cover": false}, {"id": 3811343, "subtitle": "Banheiro 2", "url": "892934195-595.445083511762DSC9487.JPG", "cover": false}, {"id": 3811344, "subtitle": "Copa", "url": "892934195-43.37548272301306DSC9509.JPG", "cover": false}, {"id": 3811345, "subtitle": "Copa", "url": "892934195-134.14529550612576DSC9510.JPG", "cover": false}, {"id": 3811346, "subtitle": "Copa", "url": "892934195-319.17018358482085DSC9511.JPG", "cover": false}, {"id": 3811347, "subtitle": "Copa", "url": "892934195-352.6934755746849DSC9525.JPG", "cover": false}, {"id": 3811410, "subtitle": "Cozinha", "url": "892934195-685.5487778428793DSC9507.JPG", "cover": false}, {"id": 3811405, "subtitle": "Cozinha", "url": "892934195-53.08811525957391DSC9504.JPG", "cover": false}, {"id": 3811407, "subtitle": "Cozinha", "url": "892934195-663.8522384840609DSC9505.JPG", "cover": false}, {"id": 3811409, "subtitle": "Cozinha", "url": "892934195-83.04005144636662DSC9506.JPG", "cover": false}, {"id": 3811367, "subtitle": "\u00c1rea de Servi\u00e7o", "url": "892934195-685.2435366360565DSC9494.JPG", "cover": false}, {"id": 3811369, "subtitle": "\u00c1rea de Servi\u00e7o", "url": "892934195-372.5425733016684DSC9496.JPG", "cover": false}, {"id": 3811370, "subtitle": "Banheiro de Servi\u00e7o", "url": "892934195-497.4002755092223DSC9498.JPG", "cover": false}, {"id": 3811393, "subtitle": "Quarto de Servi\u00e7o", "url": "892934195-52.825361644545985DSC9502.JPG", "cover": false}, {"id": 3811395, "subtitle": "Quarto de Servi\u00e7o", "url": "892934195-645.4599102017144DSC9503.JPG", "cover": false}, {"id": 3811411, "subtitle": "Sal\u00e3o de Festas", "url": "892934195-988.2324389020037DSC9538.JPG", "cover": false}, {"id": 3811413, "subtitle": "Sal\u00e3o de Festas", "url": "892934195-31.669818765850177DSC9539.JPG", "cover": false}, {"id": 3811414, "subtitle": "Sal\u00e3o de Festas", "url": "892934195-880.7259269643351DSC9542.JPG", "cover": false}, {"id": 3811415, "subtitle": "Sal\u00e3o de Festas", "url": "892934195-354.68823684709037DSC9543.JPG", "cover": false}, {"id": 3811416, "subtitle": "Sal\u00e3o de Festas", "url": "892934195-619.2650419802769DSC9544.JPG", "cover": false}, {"id": 3811417, "subtitle": "Sal\u00e3o de Festas", "url": "892934195-244.13684252977464DSC9545.JPG", "cover": false}, {"id": 3811419, "subtitle": "Fachada", "url": "892934195-97.227577194146DSC9548.JPG", "cover": false}], "photosCategorizedByRooms": [], "relevantRegions": [], "photospheres": [], "specialConditions": [], "offers": {"closingRate": 0, "shouldHighlightIcon": true, "shouldShowOfferDialog": false, "shouldShowOffers": false, "summary": []}, "status": "publicado", "showUrlHasBeenCopiedSnackbar": false, "isGalleryModalOpen": false, "error": false, "loaded": true, "loading": false, "loadingCategorizedRooms": false, "selectedMedia": "tenant/HouseMedia/PHOTOS", "video": "", "promotions": [], "condominium": {"hashId": "vk87sz85mp", "name": "Luiz Jorge Ribeiro", "slug": "luiz-jorge-ribeiro-aclimacao-sao-paulo", "address": "Rua Esmeralda", "constructionYear": 1978}, "forRent": true, "forSale": true, "salePrice": 1200000, "mortgageFirstInstallment": 0, "listings": [{"imovelId": 892934195, "businessContext": "SALE", "status": "publicado", "firstPublicationDate": "2023-03-10T20:26:53.000+0000", "lastPublicationDate": "2023-03-10T20:26:53.000+0000", "ownership": "STANDARD"}, {"imovelId": 892934195, "businessContext": "RENT", "status": "publicado", "firstPublicationDate": "2019-07-25T02:44:24.000+0000", "lastPublicationDate": "2023-03-10T20:26:53.000+0000", "listingRentModel": {"listingBusinessContextId": 117880, "rentalAdministrator": "QUINTOANDAR"}, "ownership": "STANDARD"}], "listingTags": [], "businessContext": "", "regionParameters": {"loaded": false, "loading": false, "RENT": {"visitsEnabled": true, "talkToAgentEnabled": false}, "SALE": {"visitsEnabled": true, "talkToAgentEnabled": false}}, "houseAgent": {"isDialogOpen": false, "alreadyOpenedByQueryParam": false}, "tenantServiceFee": 116, "closingStatus": {"loading": false}, "rentalGuarantee": {"minValue": 1125, "maxValue": 3375}, "reservationAvailability": null, "isPrimaryMarket": false, "macroRegion": {"id": 2728, "name": "SPO 03"}, "suites": 1, "houseVisitStatus": "ACCEPT_NEW", "visitStatusReason": null, "visitsUnavailable": false, "isReserved": false, "allowDirectOffer": true, "lastPublishedDate": "2023-03-10T20:26:53.000Z", "listingPublication": "not_stranded", "rentOnTermination": false, "constructionYear": 1978, "categories": []}, "markers": {"lat": -23.571491, "lng": -46.631662}, "talkToAgent": {"dialog": {"open": false, "questionType": null, "question": ""}, "agentSupport": {}, "error": null, "autoSubmit": false, "loading": false, "submitting": false, "success": false, "hasLoadedAgentInfo": false, "agent": null, "hasLoadedAgentsInRegion": false, "agentsInRegion": null}}}}, "__N_SSP": true}, "page": "/imovel/[houseId]/[[...slug]]", "query": {"houseId": "892934195", "slug": ["alugar", "apartamento-3-quartos-aclimacao-sao-paulo"]}, "buildId": "gCr3Bg2lYzV9hxZqGibIQ", "runtimeConfig": {"NEXT_PUBLIC_HOME_ADVERTISING_BANNER": "coupon"}, "isFallback": false, "dynamicIds": [61847, 31265, 66435, 77453, 87356, 60899, 41103, 3232, 33207, 72227, 40072, 39327, 19904, 96827], "gssp": true, "customServer": true, "appGip": true, "locale": "pt-BR", "locales": ["pt-BR", "es-MX"], "defaultLocale": "pt-BR", "domainLocales": [{"domain": "www.quintoandar.com.br", "defaultLocale": "pt-BR"}, {"domain": "www.benvi.mx", "defaultLocale": "es-MX"}], "scriptLoader": []}