{"props": {"pageProps": {"initialState": {"route": {"locationBeforeTransitions": {"pathname": "/imovel/893003539/alugar/apartamento-1-quarto-vila-california-sao-paulo", "search": "", "hash": "", "action": "POP", "query": {}}, "topLevelRouteName": "house details", "businessContext": "RENT", "favoriteListsBusinessContext": "RENT"}, "router": {"location": {"href": "/", "pathname": "/", "search": "", "hash": ""}}, "progress": {"pendingRequests": -1}, "login": {"response": {}, "user": {"isLoggedIn": false, "id": 0, "agentId": 0, "hashId": "", "sessionId": null, "name": "", "email": "", "maskedEmail": "", "jwt": {"app": "", "firebase": ""}, "phone": {"countryCode": "+55", "areaCode": "", "phoneNumber": ""}, "country": "BR", "channel": "", "isPhoneRegistered": false, "acceptWhatsapp": true, "hasDocument": false, "isPartner": false}, "accountForm": {}, "redirectUrl": "", "isRequestOngoing": false}, "captcha": {"token": "", "hasLoadedRemoteConfig": false, "provider": "", "friction": "low", "unavailableCountriesCode": []}, "supportedCities": [], "inAppMessages": {"biomaSurvey": {"isOpen": false, "formId": null, "data": {"opaque": true}}}, "metaData": {"similar_houses_clicked": []}, "appData": {"device": {"type": "desktop", "isSearchEngineCrawler": false}, "experiments": "X-AB-Test=ab_exposed_filter_sale_desktop:1,ab_exposed_filter_sale_v1:1,ab_exposed_filters:1,ab_load_more_v0:-1,ab_new_house_card_v2:0,ab_new_rent_listing_phase2:0,ab_profiling_create_alert_filters:0,ab_scheduling_step_by_step_v1:1,ab_show_floor_sale:0,ab_street_search_retrieval_v1:0"}, "house": {"houseInfo": {"id": "893003539", "displayId": "303539", "bedrooms": 1, "city": "S\u00e3o Paulo", "cityId": 39, "bathrooms": 1, "iptu": 0, "amenities": [{"key": "BANHEIRA_DE_HIDROMASSAGEM", "text": "Banheira", "value": "NAO", "optional": false}, {"key": "BOX", "text": "Box", "value": "NAO", "optional": false}, {"key": "VARANDA", "text": "Varanda", "value": "NAO_INFORMADO", "optional": false}, {"key": "PISCINA_PRIVATIVA", "text": "Piscina privativa", "value": "NAO", "optional": false}, {"key": "ARMARIOS_EMBUTIDOS_NO_QUARTO", "text": "Arm\u00e1rios no quarto", "value": "NAO", "optional": false}, {"key": "ARMARIOS_NOS_BANHEIROS", "text": "Arm\u00e1rios no banheiro", "value": "NAO", "optional": false}, {"key": "ARMARIOS_NA_COZINHA", "text": "Arm\u00e1rios na cozinha", "value": "NAO", "optional": false}, {"key": "AR_CONDICIONADO", "text": "Ar condicionado", "value": "NAO", "optional": false}, {"key": "CHUVEIRO_A_GAS", "text": "Chuveiro a g\u00e1s", "value": "NAO", "optional": false}, {"key": "QUARTO_DE_SERVICO", "text": "Quarto de servi\u00e7o", "value": "NAO", "optional": false}, {"key": "BANHEIRO_DE_SERVICO", "text": "Banheiro de servi\u00e7o", "value": "NAO", "optional": false}, {"key": "VARANDA_GOURMET", "text": "Varanda gourmet", "value": "NAO", "optional": false}, {"key": "APARTAMENTO_COBERTURA", "text": "Apartamento cobertura", "value": "NAO", "optional": false}, {"key": "QUARTO_EXTRA_REVERSIVEL", "text": "Quarto extra revers\u00edvel", "value": "NAO", "optional": false}, {"key": "FOGAO_INCLUSO", "text": "Fog\u00e3o", "value": "NAO", "optional": false}, {"key": "GELADEIRA_INCLUSO", "text": "Geladeira", "value": "NAO", "optional": false}, {"key": "BANHEIRO_ADAPTADO", "text": "Banheiro adaptado", "value": "NAO_INFORMADO", "optional": false}, {"key": "CLOSET", "text": "Closet", "value": "NAO_INFORMADO", "optional": false}, {"key": "COZINHA_AMERICANA", "text": "Cozinha americana", "value": "NAO_INFORMADO", "optional": false}, {"key": "MESAS_E_CADEIRAS_DE_ESCRITORIO", "text": "Mesas e cadeiras de escrit\u00f3rio", "value": "NAO_INFORMADO", "optional": false}, {"key": "JARDIM", "text": "Jardim", "value": "NAO_INFORMADO", "optional": false}, {"key": "QUARTOS_E_CORREDORES_COM_PORTAS_AMPLAS", "text": "Quartos e corredores com portas amplas", "value": "NAO_INFORMADO", "optional": false}, {"key": "QUINTAL", "text": "Quintal", "value": "NAO_INFORMADO", "optional": false}, {"key": "SOMENTE_UMA_CASA_NO_TERRENO", "text": "Somente uma casa no terreno", "value": "NAO_INFORMADO", "optional": false}, {"key": "AREA_DE_SERVICO", "text": "\u00c1rea de servi\u00e7o", "value": "NAO_INFORMADO", "optional": false}], "comfortCommodities": [{"key": "BANHEIRA_DE_HIDROMASSAGEM", "text": "Banheira", "value": "NAO", "optional": false}, {"key": "PISCINA_PRIVATIVA", "text": "Piscina privativa", "value": "NAO", "optional": false}, {"key": "AR_CONDICIONADO", "text": "Ar condicionado", "value": "NAO", "optional": false}, {"key": "SOL_DA_MANHA", "text": "Sol da manh\u00e3", "value": "SIM", "optional": false}, {"key": "SOL_DA_TARDE", "text": "Sol da tarde", "value": "NAO", "optional": false}, {"key": "CORTINAS_BLACK_OUT", "text": "Cortinas corta luz", "value": "NAO", "optional": false}, {"key": "CORTINAS_DECORATIVAS", "text": "Cortina transl\u00facida", "value": "NAO", "optional": false}, {"key": "JANELA_ANTI_RUIDO", "text": "Janela anti-ru\u00eddo", "value": "NAO", "optional": false}, {"key": "VENTILADOR_DE_TETO", "text": "Ventilador de teto", "value": "NAO", "optional": false}, {"key": "LUMINOSIDADE_NATURAL", "text": "Janelas grandes", "value": "NAO", "optional": false}, {"key": "VISTA_LIVRE", "text": "Vista livre", "value": "SIM", "optional": false}, {"key": "RUA_SILENCIOSA", "text": "Rua silenciosa", "value": "SIM", "optional": false}], "practicalityCommodities": [{"key": "BOX", "text": "Box", "value": "NAO", "optional": false}, {"key": "ARMARIOS_EMBUTIDOS_NO_QUARTO", "text": "Arm\u00e1rios no quarto", "value": "NAO", "optional": false}, {"key": "ARMARIOS_NOS_BANHEIROS", "text": "Arm\u00e1rios no banheiro", "value": "NAO", "optional": false}, {"key": "ARMARIOS_NA_COZINHA", "text": "Arm\u00e1rios na cozinha", "value": "NAO", "optional": false}, {"key": "CHUVEIRO_A_GAS", "text": "Chuveiro a g\u00e1s", "value": "NAO", "optional": false}, {"key": "FOGAO_INCLUSO", "text": "Fog\u00e3o", "value": "NAO", "optional": false}, {"key": "GELADEIRA_INCLUSO", "text": "Geladeira", "value": "NAO", "optional": false}, {"key": "CHUVEIRO_ELETRICO", "text": "Chuveiro el\u00e9trico", "value": "SIM", "optional": false}, {"key": "MICROONDAS", "text": "Microondas", "value": "NAO", "optional": false}, {"key": "SOFA", "text": "Sof\u00e1", "value": "NAO", "optional": false}, {"key": "MAQUINA_DE_LAVAR", "text": "M\u00e1quina de lavar", "value": "NAO", "optional": false}, {"key": "TANQUE", "text": "Tanque", "value": "SIM", "optional": false}, {"key": "REDE_DE_PROTECAO", "text": "Tela nas janelas", "value": "NAO", "optional": false}, {"key": "VARAL_DE_ROUPAS", "text": "Varal de roupas", "value": "NAO", "optional": false}, {"key": "TOMADAS_NOVAS", "text": "Tomadas 3 pinos", "value": "NAO", "optional": false}, {"key": "TELEVISAO", "text": "Televis\u00e3o", "value": "NAO", "optional": false}, {"key": "MESAS_E_CADEIRAS_DE_JANTAR", "text": "Mesas e cadeiras de jantar", "value": "NAO", "optional": false}, {"key": "CHURRASQUEIRA", "text": "Churrasqueira", "value": "NAO", "optional": false}, {"key": "ACESSO_SEM_DEGRAUS", "text": "Acesso sem degraus", "value": "NAO", "optional": false}, {"key": "COOKTOP", "text": "Fog\u00e3o cooktop", "value": "NAO", "optional": false}, {"key": "UTENSILIOS_DE_COZINHA", "text": "Utens\u00edlios de cozinha", "value": "NAO", "optional": false}, {"key": "CAMA_DE_CASAL", "text": "Cama de casal", "value": "NAO", "optional": false}, {"key": "CAMA_DE_SOLTEIRO", "text": "Cama de solteiro", "value": "NAO", "optional": false}, {"key": "ESPELHO_NO_BANHEIRO", "text": "Espelho no banheiro", "value": "SIM", "optional": false}, {"key": "FECHADURA_ELETRONICA", "text": "Fechadura eletr\u00f4nica", "value": "NAO", "optional": false}, {"key": "ENERGIA", "text": "Energia no im\u00f3vel", "value": "SIM", "optional": false}], "area": 55, "installations": [{"key": "PLAYGROUND", "text": "Playground", "value": "NAO"}, {"key": "PISCINA", "text": "Piscina", "value": "NAO"}, {"key": "CHURRASQUEIRA", "text": "Churrasqueira", "value": "NAO"}, {"key": "QUADRA_ESPORTIVA", "text": "Quadra esportiva", "value": "NAO"}, {"key": "ACADEMIA", "text": "Academia", "value": "NAO"}, {"key": "SALAO_DE_FESTAS", "text": "Sal\u00e3o de festas", "value": "NAO"}, {"key": "SAUNA", "text": "Sauna", "value": "NAO"}, {"key": "LAVANDERIA_NO_PREDIO", "text": "Lavanderia no pr\u00e9dio", "value": "NAO"}, {"key": "GAS_ENCANADO", "text": "G\u00e1s encanado", "value": "NAO"}, {"key": "ESPACO_GOURMET_NA_AREA_COMUM", "text": "Espa\u00e7o gourmet na \u00e1rea comum", "value": "NAO"}, {"key": "BRINQUEDOTECA", "text": "Brinquedoteca", "value": "NAO_INFORMADO"}, {"key": "CORRIMAO", "text": "Corrim\u00e3o", "value": "NAO_INFORMADO"}, {"key": "PISO_TATIL", "text": "Piso t\u00e1til", "value": "NAO_INFORMADO"}, {"key": "RAMPAS_DE_ACESSO", "text": "Rampas de acesso", "value": "NAO_INFORMADO"}, {"key": "SALAO_DE_JOGOS", "text": "Sal\u00e3o de jogos", "value": "NAO_INFORMADO"}, {"key": "VAGA_DE_GARAGEM_ACESSIVEL", "text": "Vaga de garagem acess\u00edvel", "value": "NAO_INFORMADO"}, {"key": "AREA_VERDE", "text": "\u00c1rea verde", "value": "NAO_INFORMADO"}, {"key": "Elevador", "value": "NAO"}, {"key": "Porteiro24H", "value": "NAO"}], "rentPrice": 700, "condoPrice": 200, "condoType": "Normal", "region": {"name": "Vila Calif\u00f3rnia", "hub": {"loading": "UNSET", "enabled": false, "abSecretariat": false, "isPrimaryMarket": false}, "id": 2154}, "type": "Apartamento", "iptuType": "NaoExiste", "totalCost": 927, "parkingSpaces": 0, "address": {"street": "Rua Lu\u00eds Alardo de Menezes", "neighborhood": "Vila Calif\u00f3rnia", "city": "S\u00e3o Paulo", "zipCode": "03214-030", "stateName": "S\u00e3o Paulo", "stateAcronym": "SP", "lat": -23.6087012, "lng": -46.561811, "countryName": "Brasil", "countryCode": "BR", "country": "Brasil"}, "floor": 1, "homeProtection": 9, "remarks": "Apartamento bem iluminado e arejado, pr\u00f3ximo do Carrefour s\u00e3o Caetano do Sul, padaria , a\u00e7ougue, condu\u00e7\u00e3o para v\u00e1rios locais , .", "acceptsPets": false, "hasFurniture": false, "isNearSubway": true, "placesNearby": [{"name": "Escola Estadual Profa. Brisabella de Almeida Nobre", "type": "SCHOOL", "slug": "escola-estadual-profa-brisabella-de-almeida-nobre-vila-california-sao-paulo-sp-brasil"}, {"name": "Escola Bambynos", "type": "SCHOOL", "slug": "escola-bambynos-vila-california-sao-paulo-sp-brasil"}, {"name": "Pra\u00e7a Jo\u00e3o Valentim Lobato", "type": "PARK_OR_GREEN_AREA", "slug": "praca-joao-valentim-lobato-vila-california-sao-paulo-sp-brasil"}, {"name": "Unidade B\u00e1sica de Sa\u00fade - Vila Calif\u00f3rnia", "type": "HOSPITAL", "slug": "unidade-basica-de-saude-vila-california-vila-california-sao-paulo-sp-brasil"}, {"name": "Teatro Santos Dumont", "type": "MUSEUM_THEATRE_OR_CONCERT_HALL", "slug": "teatro-santos-dumont-santa-paula-sao-caetano-do-sul-sp"}, {"name": "S\u00e3o Caetano - Prefeito Walter Braido", "type": "ESTACAO_METRO_OU_TREM", "slug": "estacao-sao-caetano-do-sul-prefeito-walter-braido-sao-caetano-do-sul-sp"}, {"name": "Pinacoteca Municipal", "type": "MUSEUM_THEATRE_OR_CONCERT_HALL", "slug": "pinacoteca-municipal-santa-paula-sao-caetano-do-sul-sp"}, {"name": "Sesc S\u00e3o Caetano", "type": "MUSEUM_THEATRE_OR_CONCERT_HALL", "slug": "sesc-sao-caetano-santa-paula-sao-caetano-do-sul-sp"}, {"name": "Curso Singular Anglo", "type": "SCHOOL", "slug": "curso-singular-anglo-centro-sao-caetano-do-sul-sp"}, {"name": "Faculdade Tijucussu", "type": "UNIVERSITY_OR_COLLEGE", "slug": "faculdade-tijucussu-santa-paula-sao-caetano-do-sul-sp"}, {"name": "Col\u00e9gio F\u00eanix - Unidade 1", "type": "SCHOOL", "slug": "colegio-fenix-unidade-1-santa-paula-sao-caetano-do-sul-sp"}, {"name": "Portal Music Hall", "type": "MUSEUM_THEATRE_OR_CONCERT_HALL", "slug": "portal-music-hall-centro-sao-caetano-do-sul-sp"}, {"name": "Museu Hist\u00f3rico Municipal de S\u00e3o Caetano do Sul", "type": "MUSEUM_THEATRE_OR_CONCERT_HALL", "slug": "museu-historico-municipal-de-sao-caetano-do-sul-centro-sao-caetano-do-sul-sp"}, {"name": "Comendador Ermenilo Matarazzo", "type": "PARK_OR_GREEN_AREA", "slug": "comendador-ermenilo-matarazzo-centro-sao-caetano-do-sul-sp"}, {"name": "Col\u00e9gio Avelino", "type": "SCHOOL", "slug": "colegio-avelino-jardim-avelino-sao-paulo-sp-brasil"}, {"name": "EMEF 28 de Julho", "type": "SCHOOL", "slug": "emef-28-de-julho-barcelona-sao-caetano-do-sul-sp"}, {"name": "Hospital Estadual Vila Alpina", "type": "HOSPITAL", "slug": "hospital-estadual-vila-alpina-jardim-avelino-sao-paulo-sp-brasil"}, {"name": "Uninter Polo Parque S\u00e3o Lucas", "type": "UNIVERSITY_OR_COLLEGE", "slug": "uninter-polo-parque-sao-lucas-parque-sao-lucas-sao-paulo-sp-brasil"}], "availabilityType": "IMMEDIATE", "photos": [{"id": 12108568, "subtitle": "Sala e cozinha", "url": "893003539-518.3254847707692DSC8597.jpg", "cover": true}, {"id": 12108563, "subtitle": "Sala e cozinha", "url": "893003539-163.46877218296618DSC8596.jpg", "cover": false}, {"id": 5206909, "subtitle": null, "url": "893003539-350.2526558295017DSC6328.jpg", "cover": false}, {"id": 12108581, "subtitle": "Sala e cozinha", "url": "893003539-159.2626732003809DSC8600.jpg", "cover": false}, {"id": 12108572, "subtitle": "Sala e cozinha", "url": "893003539-536.2148574405395DSC8598.jpg", "cover": false}, {"id": 12108577, "subtitle": "Sala e cozinha", "url": "893003539-315.8917072327345DSC8599.jpg", "cover": false}, {"id": 12108538, "subtitle": "Quarto", "url": "893003539-614.9068592549415DSC8589.jpg", "cover": false}, {"id": 12108541, "subtitle": "Quarto", "url": "893003539-428.29874602937355DSC8590.jpg", "cover": false}, {"id": 12108543, "subtitle": "Quarto", "url": "893003539-604.4484733561562DSC8591.jpg", "cover": false}, {"id": 12108547, "subtitle": "Quarto", "url": "893003539-479.03943308457855DSC8592.jpg", "cover": false}, {"id": 12108551, "subtitle": "Banheiro Corredor", "url": "893003539-796.6379421959331DSC8593.jpg", "cover": false}, {"id": 12108585, "subtitle": "Vista da Rua", "url": "893003539-491.66376591703744DSC8601.jpg", "cover": false}, {"id": 12108554, "subtitle": "Banheiro", "url": "893003539-148.6985455361648DSC8594.jpg", "cover": false}, {"id": 12108557, "subtitle": "Banheiro", "url": "893003539-722.4710857017751DSC8595.jpg", "cover": false}, {"id": 5206908, "subtitle": "Banheiro", "url": "893003539-405.1694091049537DSC6326.jpg", "cover": false}], "photosCategorizedByRooms": [], "relevantRegions": [], "photospheres": [], "specialConditions": ["Exclusivity"], "offers": {"closingRate": 0, "shouldHighlightIcon": true, "shouldShowOfferDialog": false, "shouldShowOffers": false, "summary": []}, "status": "publicado", "showUrlHasBeenCopiedSnackbar": false, "isGalleryModalOpen": false, "error": false, "loaded": true, "loading": false, "loadingCategorizedRooms": false, "selectedMedia": "tenant/HouseMedia/PHOTOS", "video": "", "promotions": [], "condominium": {"hashId": "jpqmso35nd", "slug": "rua-luis-alardo-de-menezes-427-vila-california-sao-paulo", "address": "Rua Lu\u00eds Alardo de Menezes"}, "forRent": true, "forSale": false, "salePrice": 0, "mortgageFirstInstallment": 0, "listings": [{"imovelId": 893003539, "businessContext": "RENT", "status": "publicado", "firstPublicationDate": "2019-12-12T01:37:43.000+0000", "lastPublicationDate": "2022-08-20T22:10:47.000+0000", "listingRentModel": {"listingBusinessContextId": 266707, "rentalAdministrator": "QUINTOANDAR"}, "ownership": "STANDARD"}], "listingTags": [], "businessContext": "", "regionParameters": {"loaded": false, "loading": false, "RENT": {"visitsEnabled": true, "talkToAgentEnabled": false}, "SALE": {"visitsEnabled": true, "talkToAgentEnabled": false}}, "houseAgent": {"isDialogOpen": false, "alreadyOpenedByQueryParam": false}, "tenantServiceFee": 18, "closingStatus": {"loading": false}, "rentalGuarantee": {"minValue": 175, "maxValue": 525}, "reservationAvailability": null, "isPrimaryMarket": false, "macroRegion": {"id": 2741, "name": "SPO01"}, "suites": 0, "houseVisitStatus": "ACCEPT_NEW", "visitStatusReason": null, "visitsUnavailable": false, "isReserved": false, "allowDirectOffer": true, "lastPublishedDate": "2022-08-20T22:10:47.000Z", "listingPublication": "stranded", "rentOnTermination": false, "constructionYear": null, "categories": []}, "markers": {"lat": -23.6087012, "lng": -46.561811}, "talkToAgent": {"dialog": {"open": false, "questionType": null, "question": ""}, "agentSupport": {}, "error": null, "autoSubmit": false, "loading": false, "submitting": false, "success": false, "hasLoadedAgentInfo": false, "agent": null, "hasLoadedAgentsInRegion": false, "agentsInRegion": null}}}}, "__N_SSP": true}, "page": "/imovel/[houseId]/[[...slug]]", "query": {"houseId": "893003539", "slug": ["alugar", "apartamento-1-quarto-vila-california-sao-paulo"]}, "buildId": "gCr3Bg2lYzV9hxZqGibIQ", "runtimeConfig": {"NEXT_PUBLIC_HOME_ADVERTISING_BANNER": "coupon"}, "isFallback": false, "dynamicIds": [61847, 31265, 66435, 77453, 87356, 60899, 41103, 3232, 72227, 40072, 39327, 19904, 96827], "gssp": true, "customServer": true, "appGip": true, "locale": "pt-BR", "locales": ["pt-BR", "es-MX"], "defaultLocale": "pt-BR", "domainLocales": [{"domain": "www.quintoandar.com.br", "defaultLocale": "pt-BR"}, {"domain": "www.benvi.mx", "defaultLocale": "es-MX"}], "scriptLoader": []}