{"props": {"pageProps": {"initialState": {"route": {"locationBeforeTransitions": {"pathname": "/imovel/893026042/alugar/apartamento-2-quartos-santa-cecilia-sao-paulo", "search": "", "hash": "", "action": "POP", "query": {}}, "topLevelRouteName": "house details", "businessContext": "RENT", "favoriteListsBusinessContext": "RENT"}, "router": {"location": {"href": "/", "pathname": "/", "search": "", "hash": ""}}, "progress": {"pendingRequests": -1}, "login": {"response": {}, "user": {"isLoggedIn": false, "id": 0, "agentId": 0, "hashId": "", "sessionId": null, "name": "", "email": "", "maskedEmail": "", "jwt": {"app": "", "firebase": ""}, "phone": {"countryCode": "+55", "areaCode": "", "phoneNumber": ""}, "country": "BR", "channel": "", "isPhoneRegistered": false, "acceptWhatsapp": true, "hasDocument": false, "isPartner": false}, "accountForm": {}, "redirectUrl": "", "isRequestOngoing": false}, "captcha": {"token": "", "hasLoadedRemoteConfig": false, "provider": "", "friction": "low", "unavailableCountriesCode": []}, "supportedCities": [], "inAppMessages": {"biomaSurvey": {"isOpen": false, "formId": null, "data": {"opaque": true}}}, "metaData": {"similar_houses_clicked": []}, "appData": {"device": {"type": "desktop", "isSearchEngineCrawler": false}, "experiments": "X-AB-Test=ab_exposed_filter_sale_desktop:1,ab_exposed_filter_sale_v1:1,ab_exposed_filters:1,ab_load_more_v0:-1,ab_new_house_card_v2:0,ab_new_rent_listing_phase2:0,ab_profiling_create_alert_filters:0,ab_scheduling_step_by_step_v1:1,ab_show_floor_sale:0,ab_street_search_retrieval_v1:0"}, "house": {"houseInfo": {"id": "893026042", "displayId": "326042", "bedrooms": 2, "city": "S\u00e3o Paulo", "cityId": 39, "bathrooms": 2, "iptu": 52, "amenities": [{"key": "BANHEIRA_DE_HIDROMASSAGEM", "text": "Banheira", "value": "NAO", "optional": false}, {"key": "BOX", "text": "Box", "value": "SIM", "optional": false}, {"key": "VARANDA", "text": "Varanda", "value": "NAO_INFORMADO", "optional": false}, {"key": "PISCINA_PRIVATIVA", "text": "Piscina privativa", "value": "NAO", "optional": false}, {"key": "ARMARIOS_EMBUTIDOS_NO_QUARTO", "text": "Arm\u00e1rios no quarto", "value": "SIM", "optional": false}, {"key": "ARMARIOS_NOS_BANHEIROS", "text": "Arm\u00e1rios no banheiro", "value": "SIM", "optional": false}, {"key": "ARMARIOS_NA_COZINHA", "text": "Arm\u00e1rios na cozinha", "value": "SIM", "optional": false}, {"key": "AR_CONDICIONADO", "text": "Ar condicionado", "value": "NAO", "optional": false}, {"key": "CHUVEIRO_A_GAS", "text": "Chuveiro a g\u00e1s", "value": "SIM", "optional": false}, {"key": "QUARTO_DE_SERVICO", "text": "Quarto de servi\u00e7o", "value": "NAO", "optional": false}, {"key": "BANHEIRO_DE_SERVICO", "text": "Banheiro de servi\u00e7o", "value": "SIM", "optional": false}, {"key": "VARANDA_GOURMET", "text": "Varanda gourmet", "value": "NAO", "optional": false}, {"key": "APARTAMENTO_COBERTURA", "text": "Apartamento cobertura", "value": "NAO", "optional": false}, {"key": "QUARTO_EXTRA_REVERSIVEL", "text": "Quarto extra revers\u00edvel", "value": "NAO", "optional": false}, {"key": "FOGAO_INCLUSO", "text": "Fog\u00e3o", "value": "NAO", "optional": false}, {"key": "GELADEIRA_INCLUSO", "text": "Geladeira", "value": "NAO", "optional": false}, {"key": "BANHEIRO_ADAPTADO", "text": "Banheiro adaptado", "value": "NAO_INFORMADO", "optional": false}, {"key": "CLOSET", "text": "Closet", "value": "NAO_INFORMADO", "optional": false}, {"key": "COZINHA_AMERICANA", "text": "Cozinha americana", "value": "NAO_INFORMADO", "optional": false}, {"key": "MESAS_E_CADEIRAS_DE_ESCRITORIO", "text": "Mesas e cadeiras de escrit\u00f3rio", "value": "NAO_INFORMADO", "optional": false}, {"key": "JARDIM", "text": "Jardim", "value": "NAO_INFORMADO", "optional": false}, {"key": "QUARTOS_E_CORREDORES_COM_PORTAS_AMPLAS", "text": "Quartos e corredores com portas amplas", "value": "NAO_INFORMADO", "optional": false}, {"key": "QUINTAL", "text": "Quintal", "value": "NAO_INFORMADO", "optional": false}, {"key": "SOMENTE_UMA_CASA_NO_TERRENO", "text": "Somente uma casa no terreno", "value": "NAO_INFORMADO", "optional": false}, {"key": "AREA_DE_SERVICO", "text": "\u00c1rea de servi\u00e7o", "value": "NAO_INFORMADO", "optional": false}], "comfortCommodities": [{"key": "BANHEIRA_DE_HIDROMASSAGEM", "text": "Banheira", "value": "NAO", "optional": false}, {"key": "PISCINA_PRIVATIVA", "text": "Piscina privativa", "value": "NAO", "optional": false}, {"key": "AR_CONDICIONADO", "text": "Ar condicionado", "value": "NAO", "optional": false}, {"key": "SOL_DA_MANHA", "text": "Sol da manh\u00e3", "value": "NAO_INFORMADO", "optional": false}, {"key": "SOL_DA_TARDE", "text": "Sol da tarde", "value": "NAO_INFORMADO", "optional": false}, {"key": "CORTINAS_BLACK_OUT", "text": "Cortinas corta luz", "value": "NAO_INFORMADO", "optional": false}, {"key": "CORTINAS_DECORATIVAS", "text": "Cortina transl\u00facida", "value": "NAO_INFORMADO", "optional": false}, {"key": "JANELA_ANTI_RUIDO", "text": "Janela anti-ru\u00eddo", "value": "NAO_INFORMADO", "optional": false}, {"key": "VENTILADOR_DE_TETO", "text": "Ventilador de teto", "value": "NAO_INFORMADO", "optional": false}, {"key": "LUMINOSIDADE_NATURAL", "text": "Janelas grandes", "value": "NAO_INFORMADO", "optional": false}, {"key": "VISTA_LIVRE", "text": "Vista livre", "value": "NAO_INFORMADO", "optional": false}, {"key": "RUA_SILENCIOSA", "text": "Rua silenciosa", "value": "NAO_INFORMADO", "optional": false}], "practicalityCommodities": [{"key": "BOX", "text": "Box", "value": "SIM", "optional": false}, {"key": "ARMARIOS_EMBUTIDOS_NO_QUARTO", "text": "Arm\u00e1rios no quarto", "value": "SIM", "optional": false}, {"key": "ARMARIOS_NOS_BANHEIROS", "text": "Arm\u00e1rios no banheiro", "value": "SIM", "optional": false}, {"key": "ARMARIOS_NA_COZINHA", "text": "Arm\u00e1rios na cozinha", "value": "SIM", "optional": false}, {"key": "CHUVEIRO_A_GAS", "text": "Chuveiro a g\u00e1s", "value": "SIM", "optional": false}, {"key": "FOGAO_INCLUSO", "text": "Fog\u00e3o", "value": "NAO", "optional": false}, {"key": "GELADEIRA_INCLUSO", "text": "Geladeira", "value": "NAO", "optional": false}, {"key": "CHUVEIRO_ELETRICO", "text": "Chuveiro el\u00e9trico", "value": "NAO_INFORMADO", "optional": false}, {"key": "MICROONDAS", "text": "Microondas", "value": "NAO_INFORMADO", "optional": false}, {"key": "SOFA", "text": "Sof\u00e1", "value": "NAO", "optional": false}, {"key": "MAQUINA_DE_LAVAR", "text": "M\u00e1quina de lavar", "value": "NAO_INFORMADO", "optional": false}, {"key": "TANQUE", "text": "Tanque", "value": "NAO_INFORMADO", "optional": false}, {"key": "REDE_DE_PROTECAO", "text": "Tela nas janelas", "value": "NAO_INFORMADO", "optional": false}, {"key": "VARAL_DE_ROUPAS", "text": "Varal de roupas", "value": "NAO_INFORMADO", "optional": false}, {"key": "TOMADAS_NOVAS", "text": "Tomadas 3 pinos", "value": "NAO_INFORMADO", "optional": false}, {"key": "TELEVISAO", "text": "Televis\u00e3o", "value": "NAO_INFORMADO", "optional": false}, {"key": "MESAS_E_CADEIRAS_DE_JANTAR", "text": "Mesas e cadeiras de jantar", "value": "NAO", "optional": false}, {"key": "CHURRASQUEIRA", "text": "Churrasqueira", "value": "NAO_INFORMADO", "optional": false}, {"key": "ACESSO_SEM_DEGRAUS", "text": "Acesso sem degraus", "value": "NAO_INFORMADO", "optional": false}, {"key": "COOKTOP", "text": "Fog\u00e3o cooktop", "value": "NAO_INFORMADO", "optional": false}, {"key": "UTENSILIOS_DE_COZINHA", "text": "Utens\u00edlios de cozinha", "value": "NAO_INFORMADO", "optional": false}, {"key": "CAMA_DE_CASAL", "text": "Cama de casal", "value": "NAO", "optional": false}, {"key": "CAMA_DE_SOLTEIRO", "text": "Cama de solteiro", "value": "NAO_INFORMADO", "optional": false}, {"key": "ESPELHO_NO_BANHEIRO", "text": "Espelho no banheiro", "value": "NAO_INFORMADO", "optional": false}, {"key": "FECHADURA_ELETRONICA", "text": "Fechadura eletr\u00f4nica", "value": "NAO_INFORMADO", "optional": false}, {"key": "ENERGIA", "text": "Energia no im\u00f3vel", "value": "NAO_INFORMADO", "optional": false}], "area": 100, "installations": [{"key": "PLAYGROUND", "text": "Playground", "value": "NAO"}, {"key": "PISCINA", "text": "Piscina", "value": "NAO"}, {"key": "CHURRASQUEIRA", "text": "Churrasqueira", "value": "NAO"}, {"key": "QUADRA_ESPORTIVA", "text": "Quadra esportiva", "value": "NAO"}, {"key": "ACADEMIA", "text": "Academia", "value": "NAO"}, {"key": "SALAO_DE_FESTAS", "text": "Sal\u00e3o de festas", "value": "NAO"}, {"key": "SAUNA", "text": "Sauna", "value": "NAO"}, {"key": "LAVANDERIA_NO_PREDIO", "text": "Lavanderia no pr\u00e9dio", "value": "NAO_INFORMADO"}, {"key": "GAS_ENCANADO", "text": "G\u00e1s encanado", "value": "NAO"}, {"key": "ESPACO_GOURMET_NA_AREA_COMUM", "text": "Espa\u00e7o gourmet na \u00e1rea comum", "value": "NAO"}, {"key": "BRINQUEDOTECA", "text": "Brinquedoteca", "value": "NAO_INFORMADO"}, {"key": "CORRIMAO", "text": "Corrim\u00e3o", "value": "NAO_INFORMADO"}, {"key": "PISO_TATIL", "text": "Piso t\u00e1til", "value": "NAO_INFORMADO"}, {"key": "RAMPAS_DE_ACESSO", "text": "Rampas de acesso", "value": "NAO_INFORMADO"}, {"key": "SALAO_DE_JOGOS", "text": "Sal\u00e3o de jogos", "value": "NAO_INFORMADO"}, {"key": "VAGA_DE_GARAGEM_ACESSIVEL", "text": "Vaga de garagem acess\u00edvel", "value": "NAO_INFORMADO"}, {"key": "AREA_VERDE", "text": "\u00c1rea verde", "value": "NAO_INFORMADO"}, {"key": "Elevador", "value": "NAO"}, {"key": "Porteiro24H", "value": "SIM"}], "rentPrice": 3000, "condoPrice": 732, "condoType": "Normal", "region": {"name": "Santa Cec\u00edlia", "hub": {"loading": "UNSET", "enabled": false, "abSecretariat": false, "isPrimaryMarket": false}, "id": 73}, "type": "Apartamento", "iptuType": "Normal", "totalCost": 3900, "parkingSpaces": 0, "address": {"street": "Rua Tupi", "neighborhood": "Santa Cec\u00edlia", "city": "S\u00e3o Paulo", "zipCode": "01233-001", "stateName": "S\u00e3o Paulo", "stateAcronym": "SP", "lat": -23.5324153, "lng": -46.660077, "countryName": "Brasil", "countryCode": "BR", "country": "Brasil"}, "floor": 8, "homeProtection": 39, "remarks": "", "acceptsPets": true, "hasFurniture": false, "isNearSubway": true, "placesNearby": [{"name": "Oficina Cultural Casa M\u00e1rio de Andrade", "type": "MUSEUM_THEATRE_OR_CONCERT_HALL", "slug": "oficina-cultural-casa-mario-de-andrade-barra-funda-sao-paulo-sp"}, {"name": "Jardim Vertical", "type": "PARK_OR_GREEN_AREA", "slug": "jardim-vertical-barra-funda-sao-paulo-sp"}, {"name": "Marechal Deodoro", "type": "ESTACAO_METRO_OU_TREM", "slug": "marechal-deodoro-santa-cecilia-sao-paulo-sp"}, {"name": "Instituto Nacional de Educa\u00e7\u00e3o a Dist\u00e2ncia", "type": "SCHOOL", "slug": "instituto-nacional-de-educacao-a-distancia-barra-funda-sao-paulo-sp"}, {"name": "NotreDame Interm\u00e9dica Hospital e Pronto Socorro Santa Cecilia", "type": "HOSPITAL", "slug": "notredame-intermedica-hospital-e-pronto-socorro-santa-cecilia-santa-cecilia-sao-paulo-sp"}, {"name": "Theatro S\u00e3o Pedro", "type": "MUSEUM_THEATRE_OR_CONCERT_HALL", "slug": "theatro-sao-pedro-barra-funda-sao-paulo-sp"}, {"name": "Memorial da pessoa com defici\u00eancia", "type": "MUSEUM_THEATRE_OR_CONCERT_HALL", "slug": "memorial-da-pessoa-com-deficiencia-barra-funda-sao-paulo-sp"}, {"name": "Uninove - Campus Barra Funda", "type": "UNIVERSITY_OR_COLLEGE", "slug": "uninove-memorial-barra-funda-sao-paulo-sp"}, {"name": "Memorial da Am\u00e9rica Latina", "type": "MUSEUM_THEATRE_OR_CONCERT_HALL", "slug": "memorial-da-america-latina-barra-funda-sao-paulo-sp"}, {"name": "Teatro Escola Macuna\u00edma - Unidade Matriz", "type": "UNIVERSITY_OR_COLLEGE", "slug": "teatro-escola-macunaima-unidade-matriz-bom-retiro-sao-paulo-sp"}, {"name": "Parque da \u00c1gua Branca", "type": "PARK_OR_GREEN_AREA", "slug": "parque-da-agua-branca-agua-branca-sao-paulo-sp"}, {"name": "Mugeo Valdemar Lef\u00e8vre", "type": "MUSEUM_THEATRE_OR_CONCERT_HALL", "slug": "mugeo-valdemar-lef\u00e8vre-perdizes-sao-paulo-sp"}, {"name": "Red House International School", "type": "SCHOOL", "slug": "red-house-international-school-pacaembu-sao-paulo-sp-brasil"}, {"name": "PUC-SP - campus Perdizes", "type": "UNIVERSITY_OR_COLLEGE", "slug": "pontificia-universidade-catolica-de-sao-paulo-pucsp-perdizes-sao-paulo-sp"}, {"name": "Teatro da Universidade Cat\u00f3lica", "type": "MUSEUM_THEATRE_OR_CONCERT_HALL", "slug": "teatro-da-universidade-catolica-perdizes-sao-paulo-sp"}, {"name": "Museus de Arte Brasileira da FAAP", "type": "MUSEUM_THEATRE_OR_CONCERT_HALL", "slug": "museus-de-arte-brasileira-da-faap-higienopolis-sao-paulo-sp"}, {"name": "FAAP", "type": "UNIVERSITY_OR_COLLEGE", "slug": "faap-higienopolis-sao-paulo-sp"}, {"name": "Parque Minhoc\u00e3o (Via Elevado Pres. Jo\u00e3o Goulart)", "type": "PARK_OR_GREEN_AREA", "slug": "parque-minhocao-via-elevado-pres-joao-goulart-barra-funda-sao-paulo-sp-brasil"}, {"name": "EMEI Monteiro Lobato", "type": "SCHOOL", "slug": "emei-monteiro-lobato-higienopolis-sao-paulo-sp"}, {"name": "Col\u00e9gio Pent\u00e1gono \u2013 Unidade Caiubi", "type": "SCHOOL", "slug": "colegio-pentagono-unidade-caiubi-perdizes-sao-paulo-sp"}, {"name": "Pra\u00e7a Charles Miller", "type": "PARK_OR_GREEN_AREA", "slug": "praca-charles-miller-pacaembu-sao-paulo-sp-brasil"}, {"name": "Col\u00e9gio Pent\u00e1gono \u2013 Unidade Bartira", "type": "SCHOOL", "slug": "colegio-pentagono-unidade-bartira-perdizes-sao-paulo-sp"}, {"name": "Hospital Santa Isabel", "type": "HOSPITAL", "slug": "hospital-santa-isabel-santa-cecilia-sao-paulo-sp"}, {"name": "Instituto de Educa\u00e7\u00e3o Jos\u00e9 de Paiva Netto", "type": "SCHOOL", "slug": "instituto-de-educacao-jose-de-paiva-netto-bom-retiro-sao-paulo-sp"}, {"name": "Teatro Porto Seguro", "type": "MUSEUM_THEATRE_OR_CONCERT_HALL", "slug": "teatro-porto-seguro-bom-retiro-sao-paulo-sp"}, {"name": "Shopping West Plaza", "type": "SHOPPING_MALL", "slug": "shopping-west-plaza-agua-branca-sao-paulo-sp"}, {"name": "Largo do Arouche", "type": "PARK_OR_GREEN_AREA", "slug": "largo-do-arouche-santa-cecilia-sao-paulo-sp"}, {"name": "FCMSCSP - Faculdade Medicina Santa Casa", "type": "UNIVERSITY_OR_COLLEGE", "slug": "faculdade-ciencias-medicas-santa-casa-sao-paulo-sp"}, {"name": "Escola Carlitos", "type": "SCHOOL", "slug": "escola-carlitos-pacaembu-sao-paulo-sp-brasil"}, {"name": "La Salsa Discotek", "type": "MUSEUM_THEATRE_OR_CONCERT_HALL", "slug": "la-salsa-discotek-santa-cecilia-sao-paulo-sp"}], "availabilityType": "IMMEDIATE", "photos": [{"id": 5686950, "subtitle": "Sala", "url": "893026042-815.9134662183994MG2098.JPG", "cover": true}, {"id": 5686954, "subtitle": "Sala", "url": "893026042-880.0671474422662MG2099.JPG", "cover": false}, {"id": 5686955, "subtitle": "Sala", "url": "893026042-610.047677596556MG2100.JPG", "cover": false}, {"id": 5687000, "subtitle": "Vista", "url": "893026042-275.07921657756884IMG2105.JPG", "cover": false}, {"id": 5686998, "subtitle": "Vista", "url": "893026042-808.237344783624IMG2104.JPG", "cover": false}, {"id": 5686956, "subtitle": "Hall de Entrada", "url": "893026042-450.3048818924719MG2101.JPG", "cover": false}, {"id": 5686959, "subtitle": "Quarto 1", "url": "893026042-925.6767753225944MG2102.JPG", "cover": false}, {"id": 5686963, "subtitle": "Quarto 1", "url": "893026042-849.9839169450086MG2103.JPG", "cover": false}, {"id": 5686969, "subtitle": "Quarto 2", "url": "893026042-166.22189874898442MG2106.JPG", "cover": false}, {"id": 5686972, "subtitle": "Quarto 2", "url": "893026042-62.54119575586148MG2107.JPG", "cover": false}, {"id": 5686974, "subtitle": "Banheiro", "url": "893026042-128.6509983900719MG2110.JPG", "cover": false}, {"id": 5686976, "subtitle": "Banheiro", "url": "893026042-10.31675211246097MG2111.JPG", "cover": false}, {"id": 5686979, "subtitle": "Banheiro", "url": "893026042-218.71866892768188MG2112.JPG", "cover": false}, {"id": 5686981, "subtitle": "Cozinha", "url": "893026042-627.0863392604455MG2113.JPG", "cover": false}, {"id": 5686984, "subtitle": "Cozinha", "url": "893026042-959.0142747731207MG2114.JPG", "cover": false}, {"id": 5686986, "subtitle": "Cozinha", "url": "893026042-627.6783431627671MG2115.JPG", "cover": false}, {"id": 5686988, "subtitle": "Area de servi\u00e7o", "url": "893026042-639.9125821519906MG2116.JPG", "cover": false}, {"id": 5686990, "subtitle": "Area de servi\u00e7o", "url": "893026042-512.5151829053157MG2117.JPG", "cover": false}, {"id": 5686993, "subtitle": "Quarto de Servi\u00e7o", "url": "893026042-665.726229977918MG2118.JPG", "cover": false}, {"id": 5686995, "subtitle": "Quarto de Servi\u00e7o", "url": "893026042-986.4284268379565MG2119.JPG", "cover": false}, {"id": 5687001, "subtitle": "Banheiro de Servi\u00e7o", "url": "893026042-154.49473282699165IMG2120.JPG", "cover": false}], "photosCategorizedByRooms": [], "relevantRegions": [], "photospheres": [], "specialConditions": ["Exclusivity"], "offers": {"closingRate": 0, "shouldHighlightIcon": true, "shouldShowOfferDialog": false, "shouldShowOffers": false, "summary": []}, "status": "publicado", "showUrlHasBeenCopiedSnackbar": false, "isGalleryModalOpen": false, "error": false, "loaded": true, "loading": false, "loadingCategorizedRooms": false, "selectedMedia": "tenant/HouseMedia/PHOTOS", "video": "", "promotions": [], "condominium": {"hashId": "8kojs8n7dm", "name": "Ita", "slug": "ita-santa-cecilia-sao-paulo", "address": "Rua Tupi", "constructionYear": 1970}, "forRent": true, "forSale": true, "salePrice": 750000, "mortgageFirstInstallment": 0, "listings": [{"imovelId": 893026042, "businessContext": "RENT", "status": "publicado", "firstPublicationDate": "2020-01-30T03:13:28.000+0000", "lastPublicationDate": "2022-12-23T11:34:20.000+0000", "listingRentModel": {"listingBusinessContextId": 329304, "rentalAdministrator": "QUINTOANDAR"}, "ownership": "STANDARD"}, {"imovelId": 893026042, "businessContext": "SALE", "status": "publicado", "firstPublicationDate": "2021-12-14T19:05:03.000+0000", "lastPublicationDate": "2021-12-14T19:05:03.000+0000", "ownership": "STANDARD"}], "listingTags": [], "businessContext": "", "regionParameters": {"loaded": false, "loading": false, "RENT": {"visitsEnabled": true, "talkToAgentEnabled": false}, "SALE": {"visitsEnabled": true, "talkToAgentEnabled": false}}, "houseAgent": {"isDialogOpen": false, "alreadyOpenedByQueryParam": false}, "tenantServiceFee": 77, "closingStatus": {"loading": false}, "rentalGuarantee": {"minValue": 750, "maxValue": 2250}, "reservationAvailability": null, "isPrimaryMarket": false, "macroRegion": {"id": 2705, "name": "SPO 02"}, "suites": 0, "allowsCustomOffer": true, "displayCustomOfferPreference": true, "houseVisitStatus": "ACCEPT_NEW", "visitStatusReason": null, "visitsUnavailable": false, "isReserved": false, "allowDirectOffer": true, "lastPublishedDate": "2022-12-23T11:34:20.000Z", "listingPublication": "stranded", "rentOnTermination": false, "constructionYear": 1970, "categories": []}, "markers": {"lat": -23.5324153, "lng": -46.660077}, "talkToAgent": {"dialog": {"open": false, "questionType": null, "question": ""}, "agentSupport": {}, "error": null, "autoSubmit": false, "loading": false, "submitting": false, "success": false, "hasLoadedAgentInfo": false, "agent": null, "hasLoadedAgentsInRegion": false, "agentsInRegion": null}}}}, "__N_SSP": true}, "page": "/imovel/[houseId]/[[...slug]]", "query": {"houseId": "893026042", "slug": ["alugar", "apartamento-2-quartos-santa-cecilia-sao-paulo"]}, "buildId": "gCr3Bg2lYzV9hxZqGibIQ", "runtimeConfig": {"NEXT_PUBLIC_HOME_ADVERTISING_BANNER": "coupon"}, "isFallback": false, "dynamicIds": [61847, 31265, 66435, 77453, 87356, 60899, 41103, 3232, 33207, 72227, 40072, 39327, 19904, 96827], "gssp": true, "customServer": true, "appGip": true, "locale": "pt-BR", "locales": ["pt-BR", "es-MX"], "defaultLocale": "pt-BR", "domainLocales": [{"domain": "www.quintoandar.com.br", "defaultLocale": "pt-BR"}, {"domain": "www.benvi.mx", "defaultLocale": "es-MX"}], "scriptLoader": []}