{"props": {"pageProps": {"initialState": {"route": {"locationBeforeTransitions": {"pathname": "/imovel/893015060/alugar/apartamento-3-quartos-vila-santo-estefano-sao-paulo", "search": "", "hash": "", "action": "POP", "query": {}}, "topLevelRouteName": "house details", "businessContext": "RENT", "favoriteListsBusinessContext": "RENT"}, "router": {"location": {"href": "/", "pathname": "/", "search": "", "hash": ""}}, "progress": {"pendingRequests": -1}, "login": {"response": {}, "user": {"isLoggedIn": false, "id": 0, "agentId": 0, "hashId": "", "sessionId": null, "name": "", "email": "", "maskedEmail": "", "jwt": {"app": "", "firebase": ""}, "phone": {"countryCode": "+55", "areaCode": "", "phoneNumber": ""}, "country": "BR", "channel": "", "isPhoneRegistered": false, "acceptWhatsapp": true, "hasDocument": false, "isPartner": false}, "accountForm": {}, "redirectUrl": "", "isRequestOngoing": false}, "captcha": {"token": "", "hasLoadedRemoteConfig": false, "provider": "", "friction": "low", "unavailableCountriesCode": []}, "supportedCities": [], "inAppMessages": {"biomaSurvey": {"isOpen": false, "formId": null, "data": {"opaque": true}}}, "metaData": {"similar_houses_clicked": []}, "appData": {"device": {"type": "desktop", "isSearchEngineCrawler": false}, "experiments": "X-AB-Test=ab_exposed_filter_sale_desktop:1,ab_exposed_filter_sale_v1:1,ab_exposed_filters:1,ab_load_more_v0:-1,ab_new_house_card_v2:0,ab_new_rent_listing_phase2:0,ab_profiling_create_alert_filters:0,ab_scheduling_step_by_step_v1:1,ab_show_floor_sale:0,ab_street_search_retrieval_v1:0"}, "house": {"houseInfo": {"id": "893015060", "displayId": "315060", "bedrooms": 3, "city": "S\u00e3o Paulo", "cityId": 39, "bathrooms": 3, "iptu": 528, "amenities": [{"key": "BANHEIRA_DE_HIDROMASSAGEM", "text": "Banheira", "value": "NAO", "optional": false}, {"key": "BOX", "text": "Box", "value": "SIM", "optional": false}, {"key": "VARANDA", "text": "Varanda", "value": "NAO_INFORMADO", "optional": false}, {"key": "PISCINA_PRIVATIVA", "text": "Piscina privativa", "value": "NAO", "optional": false}, {"key": "ARMARIOS_EMBUTIDOS_NO_QUARTO", "text": "Arm\u00e1rios no quarto", "value": "SIM", "optional": false}, {"key": "ARMARIOS_NOS_BANHEIROS", "text": "Arm\u00e1rios no banheiro", "value": "SIM", "optional": false}, {"key": "ARMARIOS_NA_COZINHA", "text": "Arm\u00e1rios na cozinha", "value": "SIM", "optional": false}, {"key": "AR_CONDICIONADO", "text": "Ar condicionado", "value": "NAO", "optional": false}, {"key": "CHUVEIRO_A_GAS", "text": "Chuveiro a g\u00e1s", "value": "SIM", "optional": false}, {"key": "QUARTO_DE_SERVICO", "text": "Quarto de servi\u00e7o", "value": "SIM", "optional": false}, {"key": "BANHEIRO_DE_SERVICO", "text": "Banheiro de servi\u00e7o", "value": "SIM", "optional": false}, {"key": "VARANDA_GOURMET", "text": "Varanda gourmet", "value": "NAO", "optional": false}, {"key": "APARTAMENTO_COBERTURA", "text": "Apartamento cobertura", "value": "NAO", "optional": false}, {"key": "QUARTO_EXTRA_REVERSIVEL", "text": "Quarto extra revers\u00edvel", "value": "NAO", "optional": false}, {"key": "FOGAO_INCLUSO", "text": "Fog\u00e3o", "value": "SIM", "optional": false}, {"key": "GELADEIRA_INCLUSO", "text": "Geladeira", "value": "NAO", "optional": false}, {"key": "BANHEIRO_ADAPTADO", "text": "Banheiro adaptado", "value": "NAO_INFORMADO", "optional": false}, {"key": "CLOSET", "text": "Closet", "value": "SIM", "optional": false}, {"key": "COZINHA_AMERICANA", "text": "Cozinha americana", "value": "NAO_INFORMADO", "optional": false}, {"key": "MESAS_E_CADEIRAS_DE_ESCRITORIO", "text": "Mesas e cadeiras de escrit\u00f3rio", "value": "NAO_INFORMADO", "optional": false}, {"key": "JARDIM", "text": "Jardim", "value": "NAO_INFORMADO", "optional": false}, {"key": "QUARTOS_E_CORREDORES_COM_PORTAS_AMPLAS", "text": "Quartos e corredores com portas amplas", "value": "NAO_INFORMADO", "optional": false}, {"key": "QUINTAL", "text": "Quintal", "value": "NAO_INFORMADO", "optional": false}, {"key": "SOMENTE_UMA_CASA_NO_TERRENO", "text": "Somente uma casa no terreno", "value": "NAO_INFORMADO", "optional": false}, {"key": "AREA_DE_SERVICO", "text": "\u00c1rea de servi\u00e7o", "value": "SIM", "optional": false}], "comfortCommodities": [{"key": "BANHEIRA_DE_HIDROMASSAGEM", "text": "Banheira", "value": "NAO", "optional": false}, {"key": "PISCINA_PRIVATIVA", "text": "Piscina privativa", "value": "NAO", "optional": false}, {"key": "AR_CONDICIONADO", "text": "Ar condicionado", "value": "NAO", "optional": false}, {"key": "SOL_DA_MANHA", "text": "Sol da manh\u00e3", "value": "SIM", "optional": false}, {"key": "SOL_DA_TARDE", "text": "Sol da tarde", "value": "SIM", "optional": false}, {"key": "CORTINAS_BLACK_OUT", "text": "Cortinas corta luz", "value": "SIM", "optional": false}, {"key": "CORTINAS_DECORATIVAS", "text": "Cortina transl\u00facida", "value": "SIM", "optional": false}, {"key": "JANELA_ANTI_RUIDO", "text": "Janela anti-ru\u00eddo", "value": "NAO", "optional": false}, {"key": "VENTILADOR_DE_TETO", "text": "Ventilador de teto", "value": "SIM", "optional": false}, {"key": "LUMINOSIDADE_NATURAL", "text": "Janelas grandes", "value": "SIM", "optional": false}, {"key": "VISTA_LIVRE", "text": "Vista livre", "value": "SIM", "optional": false}, {"key": "RUA_SILENCIOSA", "text": "Rua silenciosa", "value": "SIM", "optional": false}], "practicalityCommodities": [{"key": "BOX", "text": "Box", "value": "SIM", "optional": false}, {"key": "ARMARIOS_EMBUTIDOS_NO_QUARTO", "text": "Arm\u00e1rios no quarto", "value": "SIM", "optional": false}, {"key": "ARMARIOS_NOS_BANHEIROS", "text": "Arm\u00e1rios no banheiro", "value": "SIM", "optional": false}, {"key": "ARMARIOS_NA_COZINHA", "text": "Arm\u00e1rios na cozinha", "value": "SIM", "optional": false}, {"key": "CHUVEIRO_A_GAS", "text": "Chuveiro a g\u00e1s", "value": "SIM", "optional": false}, {"key": "FOGAO_INCLUSO", "text": "Fog\u00e3o", "value": "SIM", "optional": false}, {"key": "GELADEIRA_INCLUSO", "text": "Geladeira", "value": "NAO", "optional": false}, {"key": "CHUVEIRO_ELETRICO", "text": "Chuveiro el\u00e9trico", "value": "NAO", "optional": false}, {"key": "MICROONDAS", "text": "Microondas", "value": "NAO", "optional": false}, {"key": "SOFA", "text": "Sof\u00e1", "value": "SIM", "optional": false}, {"key": "MAQUINA_DE_LAVAR", "text": "M\u00e1quina de lavar", "value": "NAO", "optional": false}, {"key": "TANQUE", "text": "Tanque", "value": "SIM", "optional": false}, {"key": "REDE_DE_PROTECAO", "text": "Tela nas janelas", "value": "SIM", "optional": false}, {"key": "VARAL_DE_ROUPAS", "text": "Varal de roupas", "value": "SIM", "optional": false}, {"key": "TOMADAS_NOVAS", "text": "Tomadas 3 pinos", "value": "NAO", "optional": false}, {"key": "TELEVISAO", "text": "Televis\u00e3o", "value": "SIM", "optional": false}, {"key": "MESAS_E_CADEIRAS_DE_JANTAR", "text": "Mesas e cadeiras de jantar", "value": "SIM", "optional": false}, {"key": "CHURRASQUEIRA", "text": "Churrasqueira", "value": "NAO", "optional": false}, {"key": "ACESSO_SEM_DEGRAUS", "text": "Acesso sem degraus", "value": "SIM", "optional": false}, {"key": "COOKTOP", "text": "Fog\u00e3o cooktop", "value": "NAO", "optional": false}, {"key": "UTENSILIOS_DE_COZINHA", "text": "Utens\u00edlios de cozinha", "value": "NAO", "optional": false}, {"key": "CAMA_DE_CASAL", "text": "Cama de casal", "value": "NAO", "optional": false}, {"key": "CAMA_DE_SOLTEIRO", "text": "Cama de solteiro", "value": "NAO", "optional": false}, {"key": "ESPELHO_NO_BANHEIRO", "text": "Espelho no banheiro", "value": "SIM", "optional": false}, {"key": "FECHADURA_ELETRONICA", "text": "Fechadura eletr\u00f4nica", "value": "NAO", "optional": false}, {"key": "ENERGIA", "text": "Energia no im\u00f3vel", "value": "SIM", "optional": false}], "area": 129, "installations": [{"key": "PLAYGROUND", "text": "Playground", "value": "SIM"}, {"key": "PISCINA", "text": "Piscina", "value": "NAO"}, {"key": "CHURRASQUEIRA", "text": "Churrasqueira", "value": "NAO"}, {"key": "QUADRA_ESPORTIVA", "text": "Quadra esportiva", "value": "SIM"}, {"key": "ACADEMIA", "text": "Academia", "value": "SIM"}, {"key": "SALAO_DE_FESTAS", "text": "Sal\u00e3o de festas", "value": "SIM"}, {"key": "SAUNA", "text": "Sauna", "value": "NAO"}, {"key": "LAVANDERIA_NO_PREDIO", "text": "Lavanderia no pr\u00e9dio", "value": "NAO"}, {"key": "GAS_ENCANADO", "text": "G\u00e1s encanado", "value": "SIM"}, {"key": "ESPACO_GOURMET_NA_AREA_COMUM", "text": "Espa\u00e7o gourmet na \u00e1rea comum", "value": "NAO"}, {"key": "BRINQUEDOTECA", "text": "Brinquedoteca", "value": "NAO_INFORMADO"}, {"key": "CORRIMAO", "text": "Corrim\u00e3o", "value": "NAO_INFORMADO"}, {"key": "PISO_TATIL", "text": "Piso t\u00e1til", "value": "NAO_INFORMADO"}, {"key": "RAMPAS_DE_ACESSO", "text": "Rampas de acesso", "value": "NAO_INFORMADO"}, {"key": "SALAO_DE_JOGOS", "text": "Sal\u00e3o de jogos", "value": "NAO_INFORMADO"}, {"key": "VAGA_DE_GARAGEM_ACESSIVEL", "text": "Vaga de garagem acess\u00edvel", "value": "NAO_INFORMADO"}, {"key": "AREA_VERDE", "text": "\u00c1rea verde", "value": "NAO_INFORMADO"}, {"key": "Elevador", "value": "SIM"}, {"key": "Porteiro24H", "value": "NAO"}], "rentPrice": 2800, "condoPrice": 1399, "condoType": "Normal", "region": {"name": "Bosque da Sa\u00fade", "hub": {"loading": "UNSET", "enabled": false, "abSecretariat": false, "isPrimaryMarket": false}, "id": 1346}, "type": "Apartamento", "iptuType": "Normal", "totalCost": 4835, "parkingSpaces": 3, "address": {"street": "Rua Elisa Silveira", "neighborhood": "Vila Santo Est\u00e9fano", "city": "S\u00e3o Paulo", "zipCode": "04152-000", "stateName": "S\u00e3o Paulo", "stateAcronym": "SP", "lat": -23.6228468, "lng": -46.6252063, "countryName": "Brasil", "countryCode": "BR", "country": "Brasil"}, "floor": 5, "homeProtection": 36, "remarks": "Amplo apartamento para alugar com 3 quartos, sendo 1 su\u00edte, e 3 banheiros no total. Este apartamento \u00e9 bem equipado, bom para quem procura conforto e comodidade e fica situado no 5\u00ba andar. O condom\u00ednio \u00e9 apropriado para quem busca lazer sem sair de casa e fica localizado em Rua Elisa Silveira no bairro Bosque da Sa\u00fade em S\u00e3o Paulo. \u00c9 pr\u00f3ximo a pontos de interesse de Bosque da Sa\u00fade, tais como Shopping Plaza Sul, Carrefour, Esta\u00e7\u00e3o Sa\u00fade do Metr\u00f4 e Av. Abra\u00e3o de Moraes. ", "acceptsPets": true, "hasFurniture": true, "isNearSubway": false, "placesNearby": [{"name": "Shopping Plaza Sul", "type": "SHOPPING_MALL", "slug": "shopping-plaza-sul-jardim-da-saude-sao-paulo-sp"}, {"name": "DeRose Method Plaza Sul", "type": "UNIVERSITY_OR_COLLEGE", "slug": "derose-method-plaza-sul-bosque-da-saude-sao-paulo-sp"}, {"name": "Escola Estadual Professora Maria Ribeiro Guimar\u00e3es Bueno", "type": "SCHOOL", "slug": "escola-estadual-professora-maria-ribeiro-guimaraes-bueno-saude-sao-paulo-sp"}, {"name": "Col\u00e9gio Renova\u00e7\u00e3o", "type": "SCHOOL", "slug": "colegio-renovacao-vila-santo-estefano-sao-paulo-sp"}, {"name": "Escola Eduque", "type": "SCHOOL", "slug": "escola-eduque-bosque-da-saude-sao-paulo-sp"}, {"name": "Col\u00e9gio Nova Gera\u00e7\u00e3o", "type": "SCHOOL", "slug": "colegio-nova-geracao-bosque-da-saude-sao-paulo-sp"}, {"name": "Col\u00e9gio Internacional Radial", "type": "SCHOOL", "slug": "colegio-internacional-radial-saude-sao-paulo-sp"}, {"name": "Fisk", "type": "SCHOOL", "slug": "fisk-saude-sao-paulo-sp"}, {"name": "Sociedade Beneficiente Feminina Mika", "type": "SCHOOL", "slug": "sociedade-beneficiente-feminina-mika-saude-sao-paulo-sp"}, {"name": "Teatro Escola Nill de P\u00e1dua", "type": "MUSEUM_THEATRE_OR_CONCERT_HALL", "slug": "teatro-escola-nill-de-padua-saude-sao-paulo-sp"}], "availabilityType": "IMMEDIATE", "photos": [{"id": 5445035, "subtitle": "Sala", "url": "893015060-601.353670550155IMG4643.jpg", "cover": true}, {"id": 5445032, "subtitle": "Sala", "url": "893015060-316.8873285283422IMG4636.jpg", "cover": false}, {"id": 5445033, "subtitle": "Sala", "url": "893015060-376.0665456348534IMG4637.jpg", "cover": false}, {"id": 5445034, "subtitle": "Sala", "url": "893015060-525.1624675918245IMG4639.jpg", "cover": false}, {"id": 5445037, "subtitle": "Sala", "url": "893015060-426.7045791705101IMG4645.jpg", "cover": false}, {"id": 5445038, "subtitle": "Sala", "url": "893015060-538.5373761513597IMG4646.jpg", "cover": false}, {"id": 5445039, "subtitle": "Sala", "url": "893015060-93.0843206210915IMG4647.jpg", "cover": false}, {"id": 5445040, "subtitle": "Sala", "url": "893015060-810.6916729841622IMG4648.jpg", "cover": false}, {"id": 5445041, "subtitle": "Sacada", "url": "893015060-983.3501789947649IMG4649.jpg", "cover": false}, {"id": 5445042, "subtitle": "Sacada", "url": "893015060-302.9164534132589IMG4651.jpg", "cover": false}, {"id": 5445036, "subtitle": "Corredor", "url": "893015060-964.1328311105918IMG4644.jpg", "cover": false}, {"id": 5445043, "subtitle": "Corredor", "url": "893015060-810.4833984933185IMG4652.jpg", "cover": false}, {"id": 5445044, "subtitle": "Quarto 1", "url": "893015060-552.5528292004183IMG4654.jpg", "cover": false}, {"id": 5445045, "subtitle": "Quarto 1", "url": "893015060-151.69240707235343IMG4655.jpg", "cover": false}, {"id": 5445046, "subtitle": "Quarto 1", "url": "893015060-509.26693129473745IMG4656.jpg", "cover": false}, {"id": 5445047, "subtitle": "Quarto 1", "url": "893015060-753.7538872181617IMG4657.jpg", "cover": false}, {"id": 5445048, "subtitle": "Quarto 2", "url": "893015060-886.0660529676107IMG4659.jpg", "cover": false}, {"id": 5445049, "subtitle": "Quarto 2", "url": "893015060-403.93487030710776IMG4660.jpg", "cover": false}, {"id": 5445050, "subtitle": "Quarto 2", "url": "893015060-883.0938405631452IMG4661.jpg", "cover": false}, {"id": 5445051, "subtitle": "Quarto 2", "url": "893015060-839.7202550277945IMG4662.jpg", "cover": false}, {"id": 5445052, "subtitle": "Quarto 2", "url": "893015060-837.9449628530855IMG4663.jpg", "cover": false}, {"id": 5445053, "subtitle": "Closet da Su\u00edte", "url": "893015060-661.8400286768679IMG4665.jpg", "cover": false}, {"id": 5445054, "subtitle": "Closet da Su\u00edte", "url": "893015060-358.3751444171104IMG4666.jpg", "cover": false}, {"id": 5445055, "subtitle": "Su\u00edte", "url": "893015060-553.48431762131IMG4669.jpg", "cover": false}, {"id": 5445056, "subtitle": "Su\u00edte", "url": "893015060-183.56034781199747IMG4671.jpg", "cover": false}, {"id": 5445057, "subtitle": "Su\u00edte", "url": "893015060-545.4269304576829IMG4672.jpg", "cover": false}, {"id": 5445058, "subtitle": "Detalhe da Su\u00edte", "url": "893015060-925.8506248815552IMG4673.jpg", "cover": false}, {"id": 5445059, "subtitle": "Banheiro da Su\u00edte", "url": "893015060-346.30132773630027IMG4677.jpg", "cover": false}, {"id": 5445060, "subtitle": "Banheiro da Su\u00edte", "url": "893015060-845.2249392615523IMG4680.jpg", "cover": false}, {"id": 5445061, "subtitle": "Banheiro da Su\u00edte 2", "url": "893015060-342.2991276886678IMG4681.jpg", "cover": false}, {"id": 5445062, "subtitle": "Banheiro da Su\u00edte 2", "url": "893015060-542.8459326329213IMG4682.jpg", "cover": false}, {"id": 5445063, "subtitle": "Banheiro", "url": "893015060-829.635964740863IMG4683.jpg", "cover": false}, {"id": 5445064, "subtitle": "Banheiro", "url": "893015060-366.58128403794177IMG4684.jpg", "cover": false}, {"id": 5445065, "subtitle": "Banheiro", "url": "893015060-74.45250893395938IMG4685.jpg", "cover": false}, {"id": 5445066, "subtitle": "Banheiro", "url": "893015060-5.714134608812316IMG4686.jpg", "cover": false}, {"id": 5445067, "subtitle": "Cozinha", "url": "893015060-976.8377552635352IMG4690.jpg", "cover": false}, {"id": 5445068, "subtitle": "Cozinha", "url": "893015060-3.6330089786423825IMG4691.jpg", "cover": false}, {"id": 5445069, "subtitle": "Cozinha", "url": "893015060-589.828809819283IMG4692.jpg", "cover": false}, {"id": 5445070, "subtitle": "Cozinha", "url": "893015060-567.3513027732942IMG4693.jpg", "cover": false}, {"id": 5445071, "subtitle": "Cozinha", "url": "893015060-193.0792856551581IMG4694.jpg", "cover": false}, {"id": 5445072, "subtitle": "\u00c1rea de Servi\u00e7o", "url": "893015060-277.8027217822875IMG4696.jpg", "cover": false}, {"id": 5445073, "subtitle": "\u00c1rea de Servi\u00e7o", "url": "893015060-6.886160365270788IMG4697.jpg", "cover": false}, {"id": 5445074, "subtitle": "\u00c1rea de Servi\u00e7o", "url": "893015060-131.80655533374542IMG4698.jpg", "cover": false}, {"id": 5445075, "subtitle": "Quarto de Servi\u00e7o", "url": "893015060-810.9485049978283IMG4699.jpg", "cover": false}, {"id": 5445076, "subtitle": "Quarto de Servi\u00e7o", "url": "893015060-882.3849773419489IMG4700.jpg", "cover": false}, {"id": 5445077, "subtitle": "Quarto de Servi\u00e7o", "url": "893015060-880.4980123570249IMG4701.jpg", "cover": false}, {"id": 5445078, "subtitle": "Banheiro de Servi\u00e7o", "url": "893015060-637.594701538206IMG4703.jpg", "cover": false}, {"id": 5445079, "subtitle": "Banheiro de Servi\u00e7o", "url": "893015060-951.0418887002597IMG4704.jpg", "cover": false}, {"id": 5445080, "subtitle": "\u00c1rea comum", "url": "893015060-588.4735691827862IMG4706.jpg", "cover": false}, {"id": 5445081, "subtitle": "\u00c1rea comum - Academia", "url": "893015060-672.5007352488469IMG4708.jpg", "cover": false}, {"id": 5445083, "subtitle": "\u00c1rea comum - Academia", "url": "893015060-941.5452686620827IMG4710.jpg", "cover": false}, {"id": 5445082, "subtitle": "\u00c1rea comum - Academia", "url": "893015060-678.2702380930756IMG4709.jpg", "cover": false}, {"id": 5445084, "subtitle": "\u00c1rea comum - Sal\u00e3o de festas", "url": "893015060-281.6983202736457IMG4711.jpg", "cover": false}, {"id": 5445085, "subtitle": "\u00c1rea comum - Sal\u00e3o de festas", "url": "893015060-853.7766288680361IMG4712.jpg", "cover": false}, {"id": 5445086, "subtitle": "\u00c1rea comum - Sal\u00e3o de festas", "url": "893015060-539.3316072463937IMG4713.jpg", "cover": false}, {"id": 5445087, "subtitle": "\u00c1rea Comum - Playground", "url": "893015060-238.462422861357IMG4714.jpg", "cover": false}, {"id": 5445088, "subtitle": "\u00c1rea Comum - Quadra", "url": "893015060-35.10647712873005IMG4715.jpg", "cover": false}, {"id": 5445089, "subtitle": "\u00c1rea comum", "url": "893015060-487.03102707217215IMG4717.jpg", "cover": false}, {"id": 5445090, "subtitle": "\u00c1rea comum", "url": "893015060-815.7934926098953IMG4718.jpg", "cover": false}, {"id": 5445091, "subtitle": "\u00c1rea comum", "url": "893015060-683.3663506540732IMG4719.jpg", "cover": false}, {"id": 5445092, "subtitle": "Fachada", "url": "893015060-30.593105231204397IMG4720.jpg", "cover": false}, {"id": 5445093, "subtitle": "Fachada", "url": "893015060-577.0719692431828IMG4721.jpg", "cover": false}], "photosCategorizedByRooms": [], "relevantRegions": [], "photospheres": [], "specialConditions": [], "offers": {"closingRate": 0, "shouldHighlightIcon": true, "shouldShowOfferDialog": false, "shouldShowOffers": false, "summary": []}, "status": "publicado", "showUrlHasBeenCopiedSnackbar": false, "isGalleryModalOpen": false, "error": false, "loaded": true, "loading": false, "loadingCategorizedRooms": false, "selectedMedia": "tenant/HouseMedia/PHOTOS", "video": "", "promotions": [], "condominium": {}, "forRent": true, "forSale": true, "salePrice": 890000, "mortgageFirstInstallment": 0, "listings": [{"imovelId": 893015060, "businessContext": "RENT", "status": "publicado", "firstPublicationDate": "2020-01-10T05:36:10.000+0000", "lastPublicationDate": "2022-12-28T22:47:56.000+0000", "listingRentModel": {"listingBusinessContextId": 318554, "rentalAdministrator": "QUINTOANDAR"}, "ownership": "STANDARD"}, {"imovelId": 893015060, "businessContext": "SALE", "status": "publicado", "firstPublicationDate": "2021-05-04T15:46:41.000+0000", "lastPublicationDate": "2021-05-04T15:46:41.000+0000", "ownership": "STANDARD"}], "listingTags": [], "businessContext": "", "regionParameters": {"loaded": false, "loading": false, "RENT": {"visitsEnabled": true, "talkToAgentEnabled": false}, "SALE": {"visitsEnabled": true, "talkToAgentEnabled": false}}, "houseAgent": {"isDialogOpen": false, "alreadyOpenedByQueryParam": false}, "tenantServiceFee": 72, "closingStatus": {"loading": false}, "rentalGuarantee": {"minValue": 700, "maxValue": 2100}, "reservationAvailability": null, "isPrimaryMarket": false, "macroRegion": {"id": 2728, "name": "SPO 03"}, "suites": 1, "allowsCustomOffer": true, "displayCustomOfferPreference": true, "houseVisitStatus": "ACCEPT_NEW", "visitStatusReason": null, "visitsUnavailable": false, "isReserved": false, "allowDirectOffer": true, "lastPublishedDate": "2022-12-28T22:47:56.000Z", "listingPublication": "not_stranded", "rentOnTermination": false, "constructionYear": 1989, "categories": []}, "markers": {"lat": -23.6228468, "lng": -46.6252063}, "talkToAgent": {"dialog": {"open": false, "questionType": null, "question": ""}, "agentSupport": {}, "error": null, "autoSubmit": false, "loading": false, "submitting": false, "success": false, "hasLoadedAgentInfo": false, "agent": null, "hasLoadedAgentsInRegion": false, "agentsInRegion": null}}}}, "__N_SSP": true}, "page": "/imovel/[houseId]/[[...slug]]", "query": {"houseId": "893015060", "slug": ["alugar", "apartamento-3-quartos-vila-santo-estefano-sao-paulo"]}, "buildId": "gCr3Bg2lYzV9hxZqGibIQ", "runtimeConfig": {"NEXT_PUBLIC_HOME_ADVERTISING_BANNER": "coupon"}, "isFallback": false, "dynamicIds": [61847, 31265, 66435, 77453, 87356, 60899, 41103, 3232, 33207, 72227, 40072, 39327, 19904, 96827], "gssp": true, "customServer": true, "appGip": true, "locale": "pt-BR", "locales": ["pt-BR", "es-MX"], "defaultLocale": "pt-BR", "domainLocales": [{"domain": "www.quintoandar.com.br", "defaultLocale": "pt-BR"}, {"domain": "www.benvi.mx", "defaultLocale": "es-MX"}], "scriptLoader": []}