{"props": {"pageProps": {"initialState": {"route": {"locationBeforeTransitions": {"pathname": "/imovel/893127718/alugar/casa-4-quartos-agua-fria-sao-paulo", "search": "", "hash": "", "action": "POP", "query": {}}, "topLevelRouteName": "house details", "businessContext": "RENT", "favoriteListsBusinessContext": "RENT"}, "router": {"location": {"href": "/", "pathname": "/", "search": "", "hash": ""}}, "progress": {"pendingRequests": -1}, "login": {"response": {}, "user": {"isLoggedIn": false, "id": 0, "agentId": 0, "hashId": "", "sessionId": null, "name": "", "email": "", "maskedEmail": "", "jwt": {"app": "", "firebase": ""}, "phone": {"countryCode": "+55", "areaCode": "", "phoneNumber": ""}, "country": "BR", "channel": "", "isPhoneRegistered": false, "acceptWhatsapp": true, "hasDocument": false, "isPartner": false}, "accountForm": {}, "redirectUrl": "", "isRequestOngoing": false}, "captcha": {"token": "", "hasLoadedRemoteConfig": false, "provider": "", "friction": "low", "unavailableCountriesCode": []}, "supportedCities": [], "inAppMessages": {"biomaSurvey": {"isOpen": false, "formId": null, "data": {"opaque": true}}}, "metaData": {"similar_houses_clicked": []}, "appData": {"device": {"type": "desktop", "isSearchEngineCrawler": false}, "experiments": "X-AB-Test=ab_exposed_filter_sale_desktop:1,ab_exposed_filter_sale_v1:1,ab_exposed_filters:1,ab_load_more_v0:-1,ab_new_house_card_v2:0,ab_new_rent_listing_phase2:0,ab_profiling_create_alert_filters:0,ab_scheduling_step_by_step_v1:1,ab_show_floor_sale:0,ab_street_search_retrieval_v1:0"}, "house": {"houseInfo": {"id": "893127718", "displayId": "427718", "bedrooms": 4, "city": "S\u00e3o Paulo", "cityId": 39, "bathrooms": 3, "iptu": 400, "amenities": [{"key": "BANHEIRA_DE_HIDROMASSAGEM", "text": "Banheira", "value": "NAO", "optional": false}, {"key": "BOX", "text": "Box", "value": "NAO", "optional": false}, {"key": "VARANDA", "text": "Varanda", "value": "SIM", "optional": false}, {"key": "PISCINA_PRIVATIVA", "text": "Piscina privativa", "value": "NAO", "optional": false}, {"key": "ARMARIOS_EMBUTIDOS_NO_QUARTO", "text": "Arm\u00e1rios no quarto", "value": "SIM", "optional": false}, {"key": "ARMARIOS_NOS_BANHEIROS", "text": "Arm\u00e1rios no banheiro", "value": "SIM", "optional": false}, {"key": "ARMARIOS_NA_COZINHA", "text": "Arm\u00e1rios na cozinha", "value": "SIM", "optional": false}, {"key": "AR_CONDICIONADO", "text": "Ar condicionado", "value": "SIM", "optional": false}, {"key": "CHUVEIRO_A_GAS", "text": "Chuveiro a g\u00e1s", "value": "NAO", "optional": false}, {"key": "QUARTO_DE_SERVICO", "text": "Quarto de servi\u00e7o", "value": "NAO", "optional": false}, {"key": "BANHEIRO_DE_SERVICO", "text": "Banheiro de servi\u00e7o", "value": "NAO", "optional": false}, {"key": "VARANDA_GOURMET", "text": "Varanda gourmet", "value": "SIM", "optional": false}, {"key": "APARTAMENTO_COBERTURA", "text": "Apartamento cobertura", "value": "NAO", "optional": false}, {"key": "QUARTO_EXTRA_REVERSIVEL", "text": "Quarto extra revers\u00edvel", "value": "NAO", "optional": false}, {"key": "FOGAO_INCLUSO", "text": "Fog\u00e3o", "value": "SIM", "optional": false}, {"key": "GELADEIRA_INCLUSO", "text": "Geladeira", "value": "NAO", "optional": false}, {"key": "BANHEIRO_ADAPTADO", "text": "Banheiro adaptado", "value": "NAO_INFORMADO", "optional": false}, {"key": "CLOSET", "text": "Closet", "value": "NAO_INFORMADO", "optional": false}, {"key": "COZINHA_AMERICANA", "text": "Cozinha americana", "value": "NAO_INFORMADO", "optional": false}, {"key": "MESAS_E_CADEIRAS_DE_ESCRITORIO", "text": "Mesas e cadeiras de escrit\u00f3rio", "value": "NAO_INFORMADO", "optional": false}, {"key": "JARDIM", "text": "Jardim", "value": "NAO_INFORMADO", "optional": false}, {"key": "QUARTOS_E_CORREDORES_COM_PORTAS_AMPLAS", "text": "Quartos e corredores com portas amplas", "value": "NAO_INFORMADO", "optional": false}, {"key": "QUINTAL", "text": "Quintal", "value": "NAO_INFORMADO", "optional": false}, {"key": "SOMENTE_UMA_CASA_NO_TERRENO", "text": "Somente uma casa no terreno", "value": "NAO_INFORMADO", "optional": false}, {"key": "AREA_DE_SERVICO", "text": "\u00c1rea de servi\u00e7o", "value": "NAO_INFORMADO", "optional": false}], "comfortCommodities": [{"key": "BANHEIRA_DE_HIDROMASSAGEM", "text": "Banheira", "value": "NAO", "optional": false}, {"key": "PISCINA_PRIVATIVA", "text": "Piscina privativa", "value": "NAO", "optional": false}, {"key": "AR_CONDICIONADO", "text": "Ar condicionado", "value": "SIM", "optional": false}, {"key": "SOL_DA_MANHA", "text": "Sol da manh\u00e3", "value": "SIM", "optional": false}, {"key": "SOL_DA_TARDE", "text": "Sol da tarde", "value": "SIM", "optional": false}, {"key": "CORTINAS_BLACK_OUT", "text": "Cortinas corta luz", "value": "NAO", "optional": false}, {"key": "CORTINAS_DECORATIVAS", "text": "Cortina transl\u00facida", "value": "NAO", "optional": false}, {"key": "JANELA_ANTI_RUIDO", "text": "Janela anti-ru\u00eddo", "value": "SIM", "optional": false}, {"key": "VENTILADOR_DE_TETO", "text": "Ventilador de teto", "value": "SIM", "optional": false}, {"key": "LUMINOSIDADE_NATURAL", "text": "Janelas grandes", "value": "SIM", "optional": false}, {"key": "VISTA_LIVRE", "text": "Vista livre", "value": "SIM", "optional": false}, {"key": "RUA_SILENCIOSA", "text": "Rua silenciosa", "value": "SIM", "optional": false}], "practicalityCommodities": [{"key": "BOX", "text": "Box", "value": "NAO", "optional": false}, {"key": "ARMARIOS_EMBUTIDOS_NO_QUARTO", "text": "Arm\u00e1rios no quarto", "value": "SIM", "optional": false}, {"key": "ARMARIOS_NOS_BANHEIROS", "text": "Arm\u00e1rios no banheiro", "value": "SIM", "optional": false}, {"key": "ARMARIOS_NA_COZINHA", "text": "Arm\u00e1rios na cozinha", "value": "SIM", "optional": false}, {"key": "CHUVEIRO_A_GAS", "text": "Chuveiro a g\u00e1s", "value": "NAO", "optional": false}, {"key": "FOGAO_INCLUSO", "text": "Fog\u00e3o", "value": "SIM", "optional": false}, {"key": "GELADEIRA_INCLUSO", "text": "Geladeira", "value": "NAO", "optional": false}, {"key": "CHUVEIRO_ELETRICO", "text": "Chuveiro el\u00e9trico", "value": "SIM", "optional": false}, {"key": "MICROONDAS", "text": "Microondas", "value": "NAO", "optional": false}, {"key": "SOFA", "text": "Sof\u00e1", "value": "NAO", "optional": false}, {"key": "MAQUINA_DE_LAVAR", "text": "M\u00e1quina de lavar", "value": "NAO", "optional": false}, {"key": "TANQUE", "text": "Tanque", "value": "SIM", "optional": false}, {"key": "REDE_DE_PROTECAO", "text": "Tela nas janelas", "value": "NAO", "optional": false}, {"key": "VARAL_DE_ROUPAS", "text": "Varal de roupas", "value": "NAO", "optional": false}, {"key": "TOMADAS_NOVAS", "text": "Tomadas 3 pinos", "value": "SIM", "optional": false}, {"key": "TELEVISAO", "text": "Televis\u00e3o", "value": "NAO", "optional": false}, {"key": "MESAS_E_CADEIRAS_DE_JANTAR", "text": "Mesas e cadeiras de jantar", "value": "NAO", "optional": false}, {"key": "CHURRASQUEIRA", "text": "Churrasqueira", "value": "SIM", "optional": false}, {"key": "ACESSO_SEM_DEGRAUS", "text": "Acesso sem degraus", "value": "NAO", "optional": false}, {"key": "COOKTOP", "text": "Fog\u00e3o cooktop", "value": "NAO", "optional": false}, {"key": "UTENSILIOS_DE_COZINHA", "text": "Utens\u00edlios de cozinha", "value": "NAO", "optional": false}, {"key": "CAMA_DE_CASAL", "text": "Cama de casal", "value": "NAO", "optional": false}, {"key": "CAMA_DE_SOLTEIRO", "text": "Cama de solteiro", "value": "SIM", "optional": false}, {"key": "ESPELHO_NO_BANHEIRO", "text": "Espelho no banheiro", "value": "SIM", "optional": false}, {"key": "FECHADURA_ELETRONICA", "text": "Fechadura eletr\u00f4nica", "value": "NAO", "optional": false}, {"key": "ENERGIA", "text": "Energia no im\u00f3vel", "value": "SIM", "optional": false}], "area": 250, "installations": [{"key": "PLAYGROUND", "text": "Playground", "value": "NAO"}, {"key": "PISCINA", "text": "Piscina", "value": "NAO"}, {"key": "CHURRASQUEIRA", "text": "Churrasqueira", "value": "SIM"}, {"key": "QUADRA_ESPORTIVA", "text": "Quadra esportiva", "value": "NAO"}, {"key": "ACADEMIA", "text": "Academia", "value": "NAO"}, {"key": "SALAO_DE_FESTAS", "text": "Sal\u00e3o de festas", "value": "NAO"}, {"key": "SAUNA", "text": "Sauna", "value": "NAO"}, {"key": "LAVANDERIA_NO_PREDIO", "text": "Lavanderia no pr\u00e9dio", "value": "NAO"}, {"key": "GAS_ENCANADO", "text": "G\u00e1s encanado", "value": "NAO"}, {"key": "ESPACO_GOURMET_NA_AREA_COMUM", "text": "Espa\u00e7o gourmet na \u00e1rea comum", "value": "NAO"}, {"key": "BRINQUEDOTECA", "text": "Brinquedoteca", "value": "NAO_INFORMADO"}, {"key": "CORRIMAO", "text": "Corrim\u00e3o", "value": "NAO_INFORMADO"}, {"key": "PISO_TATIL", "text": "Piso t\u00e1til", "value": "NAO_INFORMADO"}, {"key": "RAMPAS_DE_ACESSO", "text": "Rampas de acesso", "value": "NAO_INFORMADO"}, {"key": "SALAO_DE_JOGOS", "text": "Sal\u00e3o de jogos", "value": "NAO_INFORMADO"}, {"key": "VAGA_DE_GARAGEM_ACESSIVEL", "text": "Vaga de garagem acess\u00edvel", "value": "NAO_INFORMADO"}, {"key": "AREA_VERDE", "text": "\u00c1rea verde", "value": "NAO_INFORMADO"}, {"key": "Elevador", "value": "NAO"}, {"key": "Porteiro24H", "value": "NAO"}], "rentPrice": 4509, "condoPrice": 0, "condoType": "NaoExiste", "region": {"name": "\u00c1gua Fria", "hub": {"loading": "UNSET", "enabled": false, "abSecretariat": false, "isPrimaryMarket": false}, "id": 1312}, "type": "Casa", "iptuType": "Normal", "totalCost": 5083, "parkingSpaces": 2, "address": {"street": "Rua Florin\u00e9ia", "neighborhood": "\u00c1gua Fria", "city": "S\u00e3o Paulo", "zipCode": "02334-050", "stateName": "S\u00e3o Paulo", "stateAcronym": "SP", "lat": -23.485115, "lng": -46.6192236, "countryName": "Brasil", "countryCode": "BR", "country": "Brasil"}, "homeProtection": 75, "remarks": "Excelente im\u00f3vel residencial  bem localizado com churrasqueira para receber a familia e os amigos, c\u00f4modos amplos, 2 cozinhas. Localizado em um dos melhores pontos da Zona Norte de SP, pr\u00f3ximo as avenidas principais como: Luiz Dumont Vilares e Av Nova Cantareira  e alguns metros do metr\u00f4 Jd S\u00e3o paulo e proximo a bares, restaurantes, escolas e padarias . \u00d3tima oportunidade para quem quer investir , terreno amplo com medidas 10m de frente por 25m de fundo. Realmente uma excelente oportunidade. ", "furniture": "No quarto e na cozinha", "acceptsPets": true, "hasFurniture": false, "isNearSubway": true, "placesNearby": [{"name": "DeRose Method Santana", "type": "UNIVERSITY_OR_COLLEGE", "slug": "derose-method-santana-\u00e1gua-fria-sao-paulo-sp"}, {"name": "Escola de Educa\u00e7\u00e3o Infantil \u00e9 Bom Somhar", "type": "SCHOOL", "slug": "escola-de-educacao-infantil-e-bom-somhar-\u00e1gua-fria-sao-paulo-sp"}, {"name": "Jardim S\u00e3o Paulo - Ayrton Senna", "type": "ESTACAO_METRO_OU_TREM", "slug": "estacao-jardim-sao-paulo-ayrton-senna-sao-paulo-sp"}, {"name": "Escola Professor Ant\u00f4nio Lisboa", "type": "SCHOOL", "slug": "escola-professor-antonio-lisboa-sao-paulo-sp-brasil"}, {"name": "Colegio Palavra Viva", "type": "SCHOOL", "slug": "colegio-palavra-viva-santana-sao-paulo-sp"}, {"name": "Pra\u00e7a Iauti", "type": "PARK_OR_GREEN_AREA", "slug": "praca-iauti-santana-sao-paulo-sp"}, {"name": "Complexo Hospitalar Mandaqui", "type": "HOSPITAL", "slug": "complexo-hospitalar-mandaqui-mandaqui-sao-paulo-sp-brasil"}, {"name": "Sesc Santana", "type": "MUSEUM_THEATRE_OR_CONCERT_HALL", "slug": "sesc-santana-santana-sao-paulo-sp"}, {"name": "GMOArts", "type": "MUSEUM_THEATRE_OR_CONCERT_HALL", "slug": "gmoarts-\u00e1gua-fria-sao-paulo-sp"}, {"name": "Col\u00e9gio Salesiano Santa Teresinha", "type": "SCHOOL", "slug": "colegio-salesiano-santa-teresinha-santa-teresinha-sao-paulo-sp"}, {"name": "Escola Silva Jardim", "type": "SCHOOL", "slug": "escola-silva-jardim-sao-paulo-sp-brasil"}, {"name": "Escola Estadual Albino C\u00e9sar", "type": "SCHOOL", "slug": "escola-estadual-albino-cesar-vila-mazzei-sao-paulo-sp-brasil"}, {"name": "Centro M\u00e9dico Mazzei", "type": "HOSPITAL", "slug": "centro-medico-mazzei-vila-mazzei-sao-paulo-sp-brasil"}, {"name": "Conservatorio Musical S\u00e3o Paulo", "type": "SCHOOL", "slug": "conservatorio-musical-sao-paulo-santana-sao-paulo-sp"}, {"name": "Instituto Madre Mazarello", "type": "SCHOOL", "slug": "instituto-madre-mazarello-sao-paulo-sp-brasil"}, {"name": "Escola Professora Luzia Godoy", "type": "SCHOOL", "slug": "escola-professora-luzia-godoy-sao-paulo-sp-brasil"}, {"name": "Ophthal Hospital Especializado", "type": "HOSPITAL", "slug": "ophthal-hospital-especializado-vila-mazzei-sao-paulo-sp-brasil"}, {"name": "Hospital Policia Militar", "type": "HOSPITAL", "slug": "hospital-policia-militar-tucuruvi-sao-paulo-sp"}, {"name": "Escola Almirante Visc de Inhauma", "type": "SCHOOL", "slug": "escola-almirante-visc-de-inhauma-sao-paulo-sp-brasil"}, {"name": "Cinemark Tucuruvi", "type": "MUSEUM_THEATRE_OR_CONCERT_HALL", "slug": "cinemark-tucuruvi-vila-mazzei-sao-paulo-sp"}, {"name": "Parque S\u00e3o Paulo Mandaqui", "type": "PARK_OR_GREEN_AREA", "slug": "parque-sao-paulo-mandaqui-parque-mandaqui-sao-paulo-sp"}, {"name": "Shopping Metr\u00f4 Tucuruvi", "type": "SHOPPING_MALL", "slug": "shopping-metro-tucuruvi-vila-gustavo-sao-paulo-sp-brasil"}, {"name": "Idioma e inform\u00e1tica", "type": "UNIVERSITY_OR_COLLEGE", "slug": "idioma-e-informatica-vila-gustavo-sao-paulo-sp"}], "photos": [{"id": 7748454, "subtitle": "Sala", "url": "893127718-965.0384163550062Imagem1de32.jpg", "cover": true}, {"id": 7748456, "subtitle": "Sala", "url": "893127718-359.34681001636073Imagem2de32.jpg", "cover": false}, {"id": 7748459, "subtitle": "Sala", "url": "893127718-612.2819314071901Imagem3de32.jpg", "cover": false}, {"id": 7748461, "subtitle": "Sala", "url": "893127718-81.74336029019058Imagem4de32.jpg", "cover": false}, {"id": 7748504, "subtitle": "Sala", "url": "893127718-76.72917514416999Imagem18de32.jpg", "cover": false}, {"id": 7748506, "subtitle": "Sala", "url": "893127718-90.53202205459543Imagem19de32.jpg", "cover": false}, {"id": 7748464, "subtitle": "Quarto", "url": "893127718-507.2858057669607Imagem5de32.jpg", "cover": false}, {"id": 7748466, "subtitle": "Quarto", "url": "893127718-230.85901656670683Imagem6de32.jpg", "cover": false}, {"id": 7748471, "subtitle": "Quarto", "url": "893127718-899.8814896102966Imagem8de32.jpg", "cover": false}, {"id": 7748474, "subtitle": "Quarto", "url": "893127718-715.5769486917554Imagem9de32.jpg", "cover": false}, {"id": 7748512, "subtitle": "Quarto", "url": "893127718-900.8604022379924Imagem21de32.jpg", "cover": false}, {"id": 7748510, "subtitle": "Quarto", "url": "893127718-940.252452263786Imagem20de32.jpg", "cover": false}, {"id": 7748519, "subtitle": "Quarto", "url": "893127718-899.7591573656606Imagem25de32.jpg", "cover": false}, {"id": 7748521, "subtitle": "Quarto", "url": "893127718-856.3040230372144Imagem26de32.jpg", "cover": false}, {"id": 7748522, "subtitle": "Quarto", "url": "893127718-820.7194249005975Imagem27de32.jpg", "cover": false}, {"id": 7748490, "subtitle": "Corredor", "url": "893127718-858.5698097688218Imagem14de32.jpg", "cover": false}, {"id": 7748469, "subtitle": "Banheiro", "url": "893127718-658.1395546178918Imagem7de32.jpg", "cover": false}, {"id": 7748516, "subtitle": "Banheiro", "url": "893127718-927.5105130214721Imagem23de32.jpg", "cover": false}, {"id": 7748513, "subtitle": "Banheiro", "url": "893127718-942.1464406355133Imagem22de32.jpg", "cover": false}, {"id": 7748517, "subtitle": "Banheiro", "url": "893127718-517.945126269553Imagem24de32.jpg", "cover": false}, {"id": 7748523, "subtitle": "Banheiro", "url": "893127718-548.1399386995483Imagem28de32.jpg", "cover": false}, {"id": 7748524, "subtitle": "Banheiro", "url": "893127718-587.7604532453329Imagem29de32.jpg", "cover": false}, {"id": 7748499, "subtitle": "Cozinha", "url": "893127718-848.174687862065Imagem17de32.jpg", "cover": false}, {"id": 7748494, "subtitle": "Cozinha", "url": "893127718-581.2435268709665Imagem15de32.jpg", "cover": false}, {"id": 7748498, "subtitle": "Cozinha", "url": "893127718-834.3624536067784Imagem16de32.jpg", "cover": false}, {"id": 7748525, "subtitle": "Fachada", "url": "893127718-180.67389033714264Imagem30de32.jpg", "cover": false}, {"id": 7748476, "subtitle": "\u00c1rea comum - Churrasqueira", "url": "893127718-356.10248023590793Imagem10de32.jpg", "cover": false}, {"id": 7748479, "subtitle": "\u00c1rea comum - Churrasqueira", "url": "893127718-806.0307021730059Imagem11de32.jpg", "cover": false}, {"id": 7748481, "subtitle": "\u00c1rea comum - Churrasqueira", "url": "893127718-72.83954000240867Imagem12de32.jpg", "cover": false}, {"id": 7748486, "subtitle": "\u00c1rea comum - Churrasqueira", "url": "893127718-403.38674911600936Imagem13de32.jpg", "cover": false}, {"id": 7748526, "subtitle": "Garagem", "url": "893127718-719.9517672072235Imagem31de32.jpg", "cover": false}, {"id": 7748527, "subtitle": "Garagem", "url": "893127718-677.0332134254724Imagem32de32.jpg", "cover": false}], "photosCategorizedByRooms": [], "relevantRegions": [], "photospheres": [], "specialConditions": ["Exclusivity"], "offers": {"closingRate": 0, "shouldHighlightIcon": true, "shouldShowOfferDialog": false, "shouldShowOffers": false, "summary": []}, "status": "alugado", "showUrlHasBeenCopiedSnackbar": false, "isGalleryModalOpen": false, "error": false, "loaded": true, "loading": false, "loadingCategorizedRooms": false, "selectedMedia": "tenant/HouseMedia/PHOTOS", "video": "", "promotions": [], "condominium": {}, "forRent": true, "forSale": true, "salePrice": 1300000, "mortgageFirstInstallment": 0, "listings": [{"imovelId": 893127718, "businessContext": "RENT", "status": "alugado", "statusReason": "RENTED", "firstPublicationDate": "2020-08-19T02:22:20.000+0000", "lastPublicationDate": "2022-10-28T12:10:27.000+0000", "listingRentModel": {"listingBusinessContextId": 447112, "rentalAdministrator": "QUINTOANDAR"}, "ownership": "STANDARD"}, {"imovelId": 893127718, "businessContext": "SALE", "status": "publicado", "firstPublicationDate": "2020-10-07T22:15:58.000+0000", "lastPublicationDate": "2020-10-07T22:15:58.000+0000", "ownership": "STANDARD"}], "listingTags": [], "businessContext": "", "regionParameters": {"loaded": false, "loading": false, "RENT": {"visitsEnabled": true, "talkToAgentEnabled": false}, "SALE": {"visitsEnabled": true, "talkToAgentEnabled": false}}, "houseAgent": {"isDialogOpen": false, "alreadyOpenedByQueryParam": false}, "tenantServiceFee": 99, "closingStatus": {"loading": false}, "rentalGuarantee": {"minValue": 1127.25, "maxValue": 3381.75}, "reservationAvailability": null, "isPrimaryMarket": false, "macroRegion": {"id": 2760, "name": "SPO09"}, "suites": 2, "houseVisitStatus": "BLOCKED", "visitStatusReason": "BLOCKED_RENT_ON_TERMINATION", "visitsUnavailable": true, "isReserved": false, "allowDirectOffer": true, "lastPublishedDate": "2022-10-28T12:10:27.000Z", "listingPublication": "stranded", "rentOnTermination": false, "constructionYear": null, "categories": []}, "markers": {"lat": -23.485115, "lng": -46.6192236}, "talkToAgent": {"dialog": {"open": false, "questionType": null, "question": ""}, "agentSupport": {}, "error": null, "autoSubmit": false, "loading": false, "submitting": false, "success": false, "hasLoadedAgentInfo": false, "agent": null, "hasLoadedAgentsInRegion": false, "agentsInRegion": null}}}}, "__N_SSP": true}, "page": "/imovel/[houseId]/[[...slug]]", "query": {"houseId": "893127718", "slug": ["alugar", "casa-4-quartos-agua-fria-sao-paulo"]}, "buildId": "gCr3Bg2lYzV9hxZqGibIQ", "runtimeConfig": {"NEXT_PUBLIC_HOME_ADVERTISING_BANNER": "coupon"}, "isFallback": false, "dynamicIds": [61847, 31265, 66435, 77453, 11010, 87356, 60899, 41103, 3232, 33207, 72227, 40072, 96827], "gssp": true, "customServer": true, "appGip": true, "locale": "pt-BR", "locales": ["pt-BR", "es-MX"], "defaultLocale": "pt-BR", "domainLocales": [{"domain": "www.quintoandar.com.br", "defaultLocale": "pt-BR"}, {"domain": "www.benvi.mx", "defaultLocale": "es-MX"}], "scriptLoader": []}