{"props": {"pageProps": {"initialState": {"route": {"locationBeforeTransitions": {"pathname": "/imovel/893198591/alugar/apartamento-2-quartos-republica-sao-paulo", "search": "", "hash": "", "action": "POP", "query": {}}, "topLevelRouteName": "house details", "businessContext": "RENT", "favoriteListsBusinessContext": "RENT"}, "router": {"location": {"href": "/", "pathname": "/", "search": "", "hash": ""}}, "progress": {"pendingRequests": -1}, "login": {"response": {}, "user": {"isLoggedIn": false, "id": 0, "agentId": 0, "hashId": "", "sessionId": null, "name": "", "email": "", "maskedEmail": "", "jwt": {"app": "", "firebase": ""}, "phone": {"countryCode": "+55", "areaCode": "", "phoneNumber": ""}, "country": "BR", "channel": "", "isPhoneRegistered": false, "acceptWhatsapp": true, "hasDocument": false, "isPartner": false}, "accountForm": {}, "redirectUrl": "", "isRequestOngoing": false}, "captcha": {"token": "", "hasLoadedRemoteConfig": false, "provider": "", "friction": "low", "unavailableCountriesCode": []}, "supportedCities": [], "inAppMessages": {"biomaSurvey": {"isOpen": false, "formId": null, "data": {"opaque": true}}}, "metaData": {"similar_houses_clicked": []}, "appData": {"device": {"type": "desktop", "isSearchEngineCrawler": false}, "experiments": "X-AB-Test=ab_exposed_filter_sale_desktop:1,ab_exposed_filter_sale_v1:1,ab_exposed_filters:1,ab_load_more_v0:-1,ab_new_house_card_v2:0,ab_new_rent_listing_phase2:0,ab_profiling_create_alert_filters:0,ab_scheduling_step_by_step_v1:1,ab_show_floor_sale:0,ab_street_search_retrieval_v1:0"}, "house": {"houseInfo": {"id": "893198591", "displayId": "498591", "bedrooms": 2, "city": "S\u00e3o Paulo", "cityId": 39, "bathrooms": 2, "iptu": 8, "amenities": [{"key": "BANHEIRA_DE_HIDROMASSAGEM", "text": "Banheira", "value": "NAO", "optional": false}, {"key": "BOX", "text": "Box", "value": "NAO", "optional": false}, {"key": "VARANDA", "text": "Varanda", "value": "NAO_INFORMADO", "optional": false}, {"key": "PISCINA_PRIVATIVA", "text": "Piscina privativa", "value": "NAO", "optional": false}, {"key": "ARMARIOS_EMBUTIDOS_NO_QUARTO", "text": "Arm\u00e1rios no quarto", "value": "SIM", "optional": false}, {"key": "ARMARIOS_NOS_BANHEIROS", "text": "Arm\u00e1rios no banheiro", "value": "SIM", "optional": false}, {"key": "ARMARIOS_NA_COZINHA", "text": "Arm\u00e1rios na cozinha", "value": "NAO", "optional": false}, {"key": "AR_CONDICIONADO", "text": "Ar condicionado", "value": "NAO", "optional": false}, {"key": "CHUVEIRO_A_GAS", "text": "Chuveiro a g\u00e1s", "value": "NAO", "optional": false}, {"key": "QUARTO_DE_SERVICO", "text": "Quarto de servi\u00e7o", "value": "SIM", "optional": false}, {"key": "BANHEIRO_DE_SERVICO", "text": "Banheiro de servi\u00e7o", "value": "SIM", "optional": false}, {"key": "VARANDA_GOURMET", "text": "Varanda gourmet", "value": "NAO", "optional": false}, {"key": "APARTAMENTO_COBERTURA", "text": "Apartamento cobertura", "value": "NAO", "optional": false}, {"key": "QUARTO_EXTRA_REVERSIVEL", "text": "Quarto extra revers\u00edvel", "value": "NAO", "optional": false}, {"key": "FOGAO_INCLUSO", "text": "Fog\u00e3o", "value": "NAO", "optional": false}, {"key": "GELADEIRA_INCLUSO", "text": "Geladeira", "value": "NAO", "optional": false}, {"key": "BANHEIRO_ADAPTADO", "text": "Banheiro adaptado", "value": "NAO_INFORMADO", "optional": false}, {"key": "CLOSET", "text": "Closet", "value": "NAO_INFORMADO", "optional": false}, {"key": "COZINHA_AMERICANA", "text": "Cozinha americana", "value": "NAO_INFORMADO", "optional": false}, {"key": "MESAS_E_CADEIRAS_DE_ESCRITORIO", "text": "Mesas e cadeiras de escrit\u00f3rio", "value": "NAO_INFORMADO", "optional": false}, {"key": "JARDIM", "text": "Jardim", "value": "NAO_INFORMADO", "optional": false}, {"key": "QUARTOS_E_CORREDORES_COM_PORTAS_AMPLAS", "text": "Quartos e corredores com portas amplas", "value": "NAO_INFORMADO", "optional": false}, {"key": "QUINTAL", "text": "Quintal", "value": "NAO_INFORMADO", "optional": false}, {"key": "SOMENTE_UMA_CASA_NO_TERRENO", "text": "Somente uma casa no terreno", "value": "NAO_INFORMADO", "optional": false}, {"key": "AREA_DE_SERVICO", "text": "\u00c1rea de servi\u00e7o", "value": "NAO_INFORMADO", "optional": false}], "comfortCommodities": [{"key": "BANHEIRA_DE_HIDROMASSAGEM", "text": "Banheira", "value": "NAO", "optional": false}, {"key": "PISCINA_PRIVATIVA", "text": "Piscina privativa", "value": "NAO", "optional": false}, {"key": "AR_CONDICIONADO", "text": "Ar condicionado", "value": "NAO", "optional": false}, {"key": "SOL_DA_MANHA", "text": "Sol da manh\u00e3", "value": "NAO", "optional": false}, {"key": "SOL_DA_TARDE", "text": "Sol da tarde", "value": "SIM", "optional": false}, {"key": "CORTINAS_BLACK_OUT", "text": "Cortinas corta luz", "value": "SIM", "optional": false}, {"key": "CORTINAS_DECORATIVAS", "text": "Cortina transl\u00facida", "value": "NAO", "optional": false}, {"key": "JANELA_ANTI_RUIDO", "text": "Janela anti-ru\u00eddo", "value": "NAO", "optional": false}, {"key": "VENTILADOR_DE_TETO", "text": "Ventilador de teto", "value": "NAO", "optional": false}, {"key": "LUMINOSIDADE_NATURAL", "text": "Janelas grandes", "value": "SIM", "optional": false}, {"key": "VISTA_LIVRE", "text": "Vista livre", "value": "SIM", "optional": false}, {"key": "RUA_SILENCIOSA", "text": "Rua silenciosa", "value": "NAO", "optional": false}], "practicalityCommodities": [{"key": "BOX", "text": "Box", "value": "NAO", "optional": false}, {"key": "ARMARIOS_EMBUTIDOS_NO_QUARTO", "text": "Arm\u00e1rios no quarto", "value": "SIM", "optional": false}, {"key": "ARMARIOS_NOS_BANHEIROS", "text": "Arm\u00e1rios no banheiro", "value": "SIM", "optional": false}, {"key": "ARMARIOS_NA_COZINHA", "text": "Arm\u00e1rios na cozinha", "value": "NAO", "optional": false}, {"key": "CHUVEIRO_A_GAS", "text": "Chuveiro a g\u00e1s", "value": "NAO", "optional": false}, {"key": "FOGAO_INCLUSO", "text": "Fog\u00e3o", "value": "NAO", "optional": false}, {"key": "GELADEIRA_INCLUSO", "text": "Geladeira", "value": "NAO", "optional": false}, {"key": "CHUVEIRO_ELETRICO", "text": "Chuveiro el\u00e9trico", "value": "SIM", "optional": false}, {"key": "MICROONDAS", "text": "Microondas", "value": "NAO", "optional": false}, {"key": "SOFA", "text": "Sof\u00e1", "value": "NAO", "optional": false}, {"key": "MAQUINA_DE_LAVAR", "text": "M\u00e1quina de lavar", "value": "NAO", "optional": false}, {"key": "TANQUE", "text": "Tanque", "value": "SIM", "optional": false}, {"key": "REDE_DE_PROTECAO", "text": "Tela nas janelas", "value": "NAO", "optional": false}, {"key": "VARAL_DE_ROUPAS", "text": "Varal de roupas", "value": "SIM", "optional": false}, {"key": "TOMADAS_NOVAS", "text": "Tomadas 3 pinos", "value": "NAO", "optional": false}, {"key": "TELEVISAO", "text": "Televis\u00e3o", "value": "NAO", "optional": false}, {"key": "MESAS_E_CADEIRAS_DE_JANTAR", "text": "Mesas e cadeiras de jantar", "value": "NAO", "optional": false}, {"key": "CHURRASQUEIRA", "text": "Churrasqueira", "value": "NAO_INFORMADO", "optional": false}, {"key": "ACESSO_SEM_DEGRAUS", "text": "Acesso sem degraus", "value": "SIM", "optional": false}, {"key": "COOKTOP", "text": "Fog\u00e3o cooktop", "value": "NAO", "optional": false}, {"key": "UTENSILIOS_DE_COZINHA", "text": "Utens\u00edlios de cozinha", "value": "NAO", "optional": false}, {"key": "CAMA_DE_CASAL", "text": "Cama de casal", "value": "NAO", "optional": false}, {"key": "CAMA_DE_SOLTEIRO", "text": "Cama de solteiro", "value": "NAO", "optional": false}, {"key": "ESPELHO_NO_BANHEIRO", "text": "Espelho no banheiro", "value": "SIM", "optional": false}, {"key": "FECHADURA_ELETRONICA", "text": "Fechadura eletr\u00f4nica", "value": "NAO", "optional": false}, {"key": "ENERGIA", "text": "Energia no im\u00f3vel", "value": "NAO", "optional": false}], "area": 150, "installations": [{"key": "PLAYGROUND", "text": "Playground", "value": "NAO"}, {"key": "PISCINA", "text": "Piscina", "value": "NAO"}, {"key": "CHURRASQUEIRA", "text": "Churrasqueira", "value": "NAO"}, {"key": "QUADRA_ESPORTIVA", "text": "Quadra esportiva", "value": "NAO"}, {"key": "ACADEMIA", "text": "Academia", "value": "NAO"}, {"key": "SALAO_DE_FESTAS", "text": "Sal\u00e3o de festas", "value": "NAO"}, {"key": "SAUNA", "text": "Sauna", "value": "NAO"}, {"key": "LAVANDERIA_NO_PREDIO", "text": "Lavanderia no pr\u00e9dio", "value": "NAO"}, {"key": "GAS_ENCANADO", "text": "G\u00e1s encanado", "value": "SIM"}, {"key": "ESPACO_GOURMET_NA_AREA_COMUM", "text": "Espa\u00e7o gourmet na \u00e1rea comum", "value": "NAO"}, {"key": "BRINQUEDOTECA", "text": "Brinquedoteca", "value": "NAO_INFORMADO"}, {"key": "CORRIMAO", "text": "Corrim\u00e3o", "value": "NAO_INFORMADO"}, {"key": "PISO_TATIL", "text": "Piso t\u00e1til", "value": "NAO_INFORMADO"}, {"key": "RAMPAS_DE_ACESSO", "text": "Rampas de acesso", "value": "NAO_INFORMADO"}, {"key": "SALAO_DE_JOGOS", "text": "Sal\u00e3o de jogos", "value": "NAO_INFORMADO"}, {"key": "VAGA_DE_GARAGEM_ACESSIVEL", "text": "Vaga de garagem acess\u00edvel", "value": "NAO_INFORMADO"}, {"key": "AREA_VERDE", "text": "\u00c1rea verde", "value": "NAO_INFORMADO"}, {"key": "Elevador", "value": "SIM"}, {"key": "Porteiro24H", "value": "SIM"}], "rentPrice": 2800, "condoPrice": 624, "condoType": "Normal", "region": {"name": "Centro", "hub": {"loading": "UNSET", "enabled": false, "abSecretariat": false, "isPrimaryMarket": false}, "id": 1577}, "type": "Apartamento", "iptuType": "Normal", "totalCost": 3540, "parkingSpaces": 0, "address": {"street": "Avenida S\u00e3o Jo\u00e3o", "neighborhood": "Rep\u00fablica", "city": "S\u00e3o Paulo", "zipCode": "01036-100", "stateName": "S\u00e3o Paulo", "stateAcronym": "SP", "lat": -23.5403949, "lng": -46.6435316, "countryName": "Brasil", "countryCode": "BR", "country": "Brasil"}, "floor": 5, "homeProtection": 36, "remarks": "Localiza\u00e7\u00e3o privilegiada a apenas 5 minutos do metr\u00f4 Rep\u00fablica. Arm\u00e1rios embutidos em ambos os quartos. Piso de taco em perfeito estado nos quartos e na sala. Despensa na cozinha e arm\u00e1rios no corredor e na ante sala de entrada. Quartos amplos. Depend\u00eancia de empregada que pode ser utilizada como terceiro quarto ou escrit\u00f3rio.", "furniture": "", "acceptsPets": true, "hasFurniture": false, "isNearSubway": true, "placesNearby": [{"name": "Galeria Arouche", "type": "SHOPPING_MALL", "slug": "galeria-arouche-santa-cecilia-sao-paulo-sp"}, {"name": "Escola", "type": "SCHOOL", "slug": "escola-santa-cecilia-sao-paulo-sp"}, {"name": "La Salsa Discotek", "type": "MUSEUM_THEATRE_OR_CONCERT_HALL", "slug": "la-salsa-discotek-santa-cecilia-sao-paulo-sp"}, {"name": "Play Art", "type": "MUSEUM_THEATRE_OR_CONCERT_HALL", "slug": "play-art-santa-cecilia-sao-paulo-sp"}, {"name": "Terminal Amaral Gurgel", "type": "BUS_TERMINAL_STATION", "slug": "terminal-amaral-gurgel-santa-cecilia-sao-paulo-sp"}, {"name": "Shopping Mundial", "type": "SHOPPING_MALL", "slug": "shopping-mundial-centro-sao-paulo-sp"}, {"name": "Tattoo Museum", "type": "MUSEUM_THEATRE_OR_CONCERT_HALL", "slug": "tattoo-museum-centro-sao-paulo-sp"}, {"name": "Galeria Copacabana", "type": "SHOPPING_MALL", "slug": "galeria-copacabana-centro-sao-paulo-sp"}, {"name": "Largo do Arouche", "type": "PARK_OR_GREEN_AREA", "slug": "largo-do-arouche-santa-cecilia-sao-paulo-sp"}, {"name": "Galeria Cinelli", "type": "SHOPPING_MALL", "slug": "galeria-cinelli-centro-sao-paulo-sp"}, {"name": "Rep\u00fablica", "type": "ESTACAO_METRO_OU_TREM", "slug": "estacao-republica-sao-paulo-sp"}, {"name": "Shopping Aurora", "type": "SHOPPING_MALL", "slug": "shopping-aurora-santa-ifigenia-sao-paulo-sp"}, {"name": "Shopping Etecompe", "type": "SHOPPING_MALL", "slug": "shopping-etecompe-centro-sao-paulo-sp"}, {"name": "Galeria 490", "type": "SHOPPING_MALL", "slug": "galeria-490-centro-sao-paulo-sp"}, {"name": "Shopping Maravilha", "type": "SHOPPING_MALL", "slug": "shopping-maravilha-centro-sao-paulo-sp"}, {"name": "Shopping 373", "type": "SHOPPING_MALL", "slug": "shopping-373-centro-sao-paulo-sp"}, {"name": "Shopping Intercontinetal", "type": "SHOPPING_MALL", "slug": "shopping-intercontinetal-centro-sao-paulo-sp"}, {"name": "Shopping 355", "type": "SHOPPING_MALL", "slug": "shopping-355-centro-sao-paulo-sp"}, {"name": "Medicina Diagn\u00f3stica Lavoisier", "type": "HOSPITAL", "slug": "medicina-diagnostica-lavoisier-consolacao-sao-paulo-sp"}, {"name": "Galeria S\u00e3o Paulo", "type": "SHOPPING_MALL", "slug": "galeria-sao-paulo-centro-sao-paulo-sp"}, {"name": "Iphigenia Shopping", "type": "SHOPPING_MALL", "slug": "iphigenia-shopping-centro-sao-paulo-sp"}, {"name": "Capitan Center", "type": "SHOPPING_MALL", "slug": "capitan-center-centro-sao-paulo-sp"}, {"name": "Shopping 261", "type": "SHOPPING_MALL", "slug": "shopping-261-centro-sao-paulo-sp"}, {"name": "Still Shopping", "type": "SHOPPING_MALL", "slug": "still-shopping-centro-sao-paulo-sp"}, {"name": "Galeria Garagi", "type": "SHOPPING_MALL", "slug": "galeria-garagi-centro-sao-paulo-sp"}, {"name": "Galeria Del Vecquio", "type": "SHOPPING_MALL", "slug": "galeria-del-vecquio-centro-sao-paulo-sp"}, {"name": "Sesc 24 de Maio", "type": "MUSEUM_THEATRE_OR_CONCERT_HALL", "slug": "sesc-24-de-maio-republica-sao-paulo-sp"}, {"name": "FCMSCSP - Faculdade Medicina Santa Casa", "type": "UNIVERSITY_OR_COLLEGE", "slug": "faculdade-ciencias-medicas-santa-casa-sao-paulo-sp"}, {"name": "Parque Minhoc\u00e3o (Via Elevado Pres. Jo\u00e3o Goulart)", "type": "PARK_OR_GREEN_AREA", "slug": "parque-minhocao-via-elevado-pres-joao-goulart-barra-funda-sao-paulo-sp-brasil"}, {"name": "Galeria Aurora", "type": "SHOPPING_MALL", "slug": "galeria-aurora-centro-sao-paulo-sp"}], "availabilityType": "IMMEDIATE", "photos": [{"id": 9467271, "subtitle": "Sala", "url": "893198591-492.6478542205155SITE2127.jpg", "cover": true}, {"id": 9467272, "subtitle": "Sala", "url": "893198591-839.0397515937716SITE2128.jpg", "cover": false}, {"id": 9467273, "subtitle": "Sala", "url": "893198591-634.8243730602117SITE2129.jpg", "cover": false}, {"id": 9467275, "subtitle": "Sala", "url": "893198591-521.2872020804074SITE2130.jpg", "cover": false}, {"id": 9467276, "subtitle": "Vista", "url": "893198591-13.136323460446796SITE2131.jpg", "cover": false}, {"id": 9467279, "subtitle": "Corredor", "url": "893198591-469.75331666258245SITE2132.jpg", "cover": false}, {"id": 9467280, "subtitle": "Corredor", "url": "893198591-437.3030413149728SITE2133.jpg", "cover": false}, {"id": 9467305, "subtitle": "Banheiro", "url": "893198591-935.1222672957105SITE2142.jpg", "cover": false}, {"id": 9467309, "subtitle": "Banheiro", "url": "893198591-891.93468167154SITE2143.jpg", "cover": false}, {"id": 9467315, "subtitle": "Banheiro", "url": "893198591-555.6465459669959SITE2144.jpg", "cover": false}, {"id": 9467322, "subtitle": "Banheiro", "url": "893198591-152.8000667520092SITE2145.jpg", "cover": false}, {"id": 9467283, "subtitle": "Quarto 1", "url": "893198591-661.7341338174678SITE2134.jpg", "cover": false}, {"id": 9467284, "subtitle": "Quarto 1", "url": "893198591-934.6488688758402SITE2135.jpg", "cover": false}, {"id": 9467286, "subtitle": "Quarto 1", "url": "893198591-216.00909572893235SITE2136.jpg", "cover": false}, {"id": 9467288, "subtitle": "Quarto 1", "url": "893198591-529.0017229253854SITE2137.jpg", "cover": false}, {"id": 9467291, "subtitle": "Quarto 2", "url": "893198591-954.043829863423SITE2138.jpg", "cover": false}, {"id": 9467294, "subtitle": "Quarto 2", "url": "893198591-648.6444238145781SITE2139.jpg", "cover": false}, {"id": 9467298, "subtitle": "Quarto 2", "url": "893198591-926.0951100684043SITE2140.jpg", "cover": false}, {"id": 9467301, "subtitle": "Quarto 2", "url": "893198591-482.1098644660229SITE2141.jpg", "cover": false}, {"id": 9467328, "subtitle": "Cozinha", "url": "893198591-677.2114170843635SITE2146.jpg", "cover": false}, {"id": 9467330, "subtitle": "Cozinha", "url": "893198591-620.5612603182337SITE2147.jpg", "cover": false}, {"id": 9467333, "subtitle": "Cozinha", "url": "893198591-345.3934697315991SITE2148.jpg", "cover": false}, {"id": 9467335, "subtitle": "Cozinha", "url": "893198591-119.16431601458433SITE2149.jpg", "cover": false}, {"id": 9467339, "subtitle": "Cozinha e \u00c1rea de Servi\u00e7o", "url": "893198591-994.6857094985078SITE2150.jpg", "cover": false}, {"id": 9467342, "subtitle": "\u00c1rea de Servi\u00e7o", "url": "893198591-246.23742283175943SITE2151.jpg", "cover": false}, {"id": 9467344, "subtitle": "\u00c1rea de Servi\u00e7o", "url": "893198591-891.8539262282798SITE2152.jpg", "cover": false}, {"id": 9467347, "subtitle": "\u00c1rea de Servi\u00e7o", "url": "893198591-444.0258255578936SITE2153.jpg", "cover": false}, {"id": 9467349, "subtitle": "Quarto de Servi\u00e7o", "url": "893198591-909.4149802748976SITE2154.jpg", "cover": false}, {"id": 9467352, "subtitle": "Quarto de Servi\u00e7o", "url": "893198591-931.6511085626868SITE2155.jpg", "cover": false}, {"id": 9467356, "subtitle": "Quarto de Servi\u00e7o", "url": "893198591-220.18777243960463SITE2156.jpg", "cover": false}, {"id": 9467363, "subtitle": "Banheiro de Servi\u00e7o", "url": "893198591-261.16820224144686SITE2157.jpg", "cover": false}, {"id": 9467371, "subtitle": "Banheiro de Servi\u00e7o", "url": "893198591-637.7381556532508SITE2158.jpg", "cover": false}], "photosCategorizedByRooms": [], "relevantRegions": [], "photospheres": [], "specialConditions": ["Exclusivity"], "offers": {"closingRate": 0, "shouldHighlightIcon": true, "shouldShowOfferDialog": false, "shouldShowOffers": false, "summary": []}, "status": "publicado", "showUrlHasBeenCopiedSnackbar": false, "isGalleryModalOpen": false, "error": false, "loaded": true, "loading": false, "loadingCategorizedRooms": false, "selectedMedia": "tenant/HouseMedia/PHOTOS", "video": "", "promotions": [], "condominium": {"hashId": "ndv7s4686d", "name": "Pr\u00e9dio Trussardi", "slug": "predio-trussardi-centro-historico-de-sao-paulo-sao-paulo", "address": "Av. S\u00e3o Jo\u00e3o"}, "forRent": true, "forSale": false, "salePrice": 0, "mortgageFirstInstallment": 0, "listings": [{"imovelId": 893198591, "businessContext": "RENT", "status": "publicado", "firstPublicationDate": "2020-11-20T23:04:25.000+0000", "lastPublicationDate": "2023-03-09T16:21:24.000+0000", "listingRentModel": {"listingBusinessContextId": 534772, "rentalAdministrator": "QUINTOANDAR"}, "ownership": "STANDARD"}], "listingTags": [], "businessContext": "", "regionParameters": {"loaded": false, "loading": false, "RENT": {"visitsEnabled": true, "talkToAgentEnabled": false}, "SALE": {"visitsEnabled": true, "talkToAgentEnabled": false}}, "houseAgent": {"isDialogOpen": false, "alreadyOpenedByQueryParam": false}, "tenantServiceFee": 72, "closingStatus": {"loading": false}, "rentalGuarantee": {"minValue": 700, "maxValue": 2100}, "reservationAvailability": null, "isPrimaryMarket": false, "macroRegion": {"id": 2705, "name": "SPO 02"}, "suites": 0, "allowsCustomOffer": true, "displayCustomOfferPreference": true, "houseVisitStatus": "ACCEPT_NEW", "visitStatusReason": null, "visitsUnavailable": false, "isReserved": false, "allowDirectOffer": true, "lastPublishedDate": "2023-03-09T16:21:24.000Z", "listingPublication": "not_stranded", "rentOnTermination": false, "constructionYear": null, "categories": []}, "markers": {"lat": -23.5403949, "lng": -46.6435316}, "talkToAgent": {"dialog": {"open": false, "questionType": null, "question": ""}, "agentSupport": {}, "error": null, "autoSubmit": false, "loading": false, "submitting": false, "success": false, "hasLoadedAgentInfo": false, "agent": null, "hasLoadedAgentsInRegion": false, "agentsInRegion": null}}}}, "__N_SSP": true}, "page": "/imovel/[houseId]/[[...slug]]", "query": {"houseId": "893198591", "slug": ["alugar", "apartamento-2-quartos-republica-sao-paulo"]}, "buildId": "gCr3Bg2lYzV9hxZqGibIQ", "runtimeConfig": {"NEXT_PUBLIC_HOME_ADVERTISING_BANNER": "coupon"}, "isFallback": false, "dynamicIds": [61847, 31265, 66435, 77453, 87356, 60899, 41103, 3232, 72227, 40072, 39327, 19904, 96827], "gssp": true, "customServer": true, "appGip": true, "locale": "pt-BR", "locales": ["pt-BR", "es-MX"], "defaultLocale": "pt-BR", "domainLocales": [{"domain": "www.quintoandar.com.br", "defaultLocale": "pt-BR"}, {"domain": "www.benvi.mx", "defaultLocale": "es-MX"}], "scriptLoader": []}