{"props": {"pageProps": {"initialState": {"route": {"locationBeforeTransitions": {"pathname": "/imovel/893109281/alugar/apartamento-1-quarto-consolacao-sao-paulo", "search": "", "hash": "", "action": "POP", "query": {}}, "topLevelRouteName": "house details", "businessContext": "RENT", "favoriteListsBusinessContext": "RENT"}, "router": {"location": {"href": "/", "pathname": "/", "search": "", "hash": ""}}, "progress": {"pendingRequests": -1}, "login": {"response": {}, "user": {"isLoggedIn": false, "id": 0, "agentId": 0, "hashId": "", "sessionId": null, "name": "", "email": "", "maskedEmail": "", "jwt": {"app": "", "firebase": ""}, "phone": {"countryCode": "+55", "areaCode": "", "phoneNumber": ""}, "country": "BR", "channel": "", "isPhoneRegistered": false, "acceptWhatsapp": true, "hasDocument": false, "isPartner": false}, "accountForm": {}, "redirectUrl": "", "isRequestOngoing": false}, "captcha": {"token": "", "hasLoadedRemoteConfig": false, "provider": "", "friction": "low", "unavailableCountriesCode": []}, "supportedCities": [], "inAppMessages": {"biomaSurvey": {"isOpen": false, "formId": null, "data": {"opaque": true}}}, "metaData": {"similar_houses_clicked": []}, "appData": {"device": {"type": "desktop", "isSearchEngineCrawler": false}, "experiments": "X-AB-Test=ab_exposed_filter_sale_desktop:1,ab_exposed_filter_sale_v1:1,ab_exposed_filters:1,ab_load_more_v0:-1,ab_new_house_card_v2:0,ab_new_rent_listing_phase2:0,ab_profiling_create_alert_filters:0,ab_scheduling_step_by_step_v1:1,ab_show_floor_sale:0,ab_street_search_retrieval_v1:0"}, "house": {"houseInfo": {"id": "893109281", "displayId": "409281", "bedrooms": 1, "city": "S\u00e3o Paulo", "cityId": 39, "bathrooms": 1, "iptu": 158, "amenities": [{"key": "BANHEIRA_DE_HIDROMASSAGEM", "text": "Banheira", "value": "NAO", "optional": false}, {"key": "BOX", "text": "Box", "value": "SIM", "optional": false}, {"key": "VARANDA", "text": "Varanda", "value": "NAO_INFORMADO", "optional": false}, {"key": "PISCINA_PRIVATIVA", "text": "Piscina privativa", "value": "NAO", "optional": false}, {"key": "ARMARIOS_EMBUTIDOS_NO_QUARTO", "text": "Arm\u00e1rios no quarto", "value": "SIM", "optional": false}, {"key": "ARMARIOS_NOS_BANHEIROS", "text": "Arm\u00e1rios no banheiro", "value": "SIM", "optional": false}, {"key": "ARMARIOS_NA_COZINHA", "text": "Arm\u00e1rios na cozinha", "value": "SIM", "optional": false}, {"key": "AR_CONDICIONADO", "text": "Ar condicionado", "value": "NAO", "optional": false}, {"key": "CHUVEIRO_A_GAS", "text": "Chuveiro a g\u00e1s", "value": "SIM", "optional": false}, {"key": "QUARTO_DE_SERVICO", "text": "Quarto de servi\u00e7o", "value": "NAO", "optional": false}, {"key": "BANHEIRO_DE_SERVICO", "text": "Banheiro de servi\u00e7o", "value": "NAO", "optional": false}, {"key": "VARANDA_GOURMET", "text": "Varanda gourmet", "value": "NAO", "optional": false}, {"key": "APARTAMENTO_COBERTURA", "text": "Apartamento cobertura", "value": "NAO", "optional": false}, {"key": "QUARTO_EXTRA_REVERSIVEL", "text": "Quarto extra revers\u00edvel", "value": "NAO", "optional": false}, {"key": "FOGAO_INCLUSO", "text": "Fog\u00e3o", "value": "SIM", "optional": false}, {"key": "GELADEIRA_INCLUSO", "text": "Geladeira", "value": "SIM", "optional": false}, {"key": "BANHEIRO_ADAPTADO", "text": "Banheiro adaptado", "value": "NAO_INFORMADO", "optional": false}, {"key": "CLOSET", "text": "Closet", "value": "NAO_INFORMADO", "optional": false}, {"key": "COZINHA_AMERICANA", "text": "Cozinha americana", "value": "NAO_INFORMADO", "optional": false}, {"key": "MESAS_E_CADEIRAS_DE_ESCRITORIO", "text": "Mesas e cadeiras de escrit\u00f3rio", "value": "NAO_INFORMADO", "optional": false}, {"key": "JARDIM", "text": "Jardim", "value": "NAO_INFORMADO", "optional": false}, {"key": "QUARTOS_E_CORREDORES_COM_PORTAS_AMPLAS", "text": "Quartos e corredores com portas amplas", "value": "NAO_INFORMADO", "optional": false}, {"key": "QUINTAL", "text": "Quintal", "value": "NAO_INFORMADO", "optional": false}, {"key": "SOMENTE_UMA_CASA_NO_TERRENO", "text": "Somente uma casa no terreno", "value": "NAO_INFORMADO", "optional": false}, {"key": "AREA_DE_SERVICO", "text": "\u00c1rea de servi\u00e7o", "value": "NAO_INFORMADO", "optional": false}], "comfortCommodities": [{"key": "BANHEIRA_DE_HIDROMASSAGEM", "text": "Banheira", "value": "NAO", "optional": false}, {"key": "PISCINA_PRIVATIVA", "text": "Piscina privativa", "value": "NAO", "optional": false}, {"key": "AR_CONDICIONADO", "text": "Ar condicionado", "value": "NAO", "optional": false}, {"key": "SOL_DA_MANHA", "text": "Sol da manh\u00e3", "value": "SIM", "optional": false}, {"key": "SOL_DA_TARDE", "text": "Sol da tarde", "value": "SIM", "optional": false}, {"key": "CORTINAS_BLACK_OUT", "text": "Cortinas corta luz", "value": "NAO", "optional": false}, {"key": "CORTINAS_DECORATIVAS", "text": "Cortina transl\u00facida", "value": "NAO", "optional": false}, {"key": "JANELA_ANTI_RUIDO", "text": "Janela anti-ru\u00eddo", "value": "NAO", "optional": false}, {"key": "VENTILADOR_DE_TETO", "text": "Ventilador de teto", "value": "NAO", "optional": false}, {"key": "LUMINOSIDADE_NATURAL", "text": "Janelas grandes", "value": "SIM", "optional": false}, {"key": "VISTA_LIVRE", "text": "Vista livre", "value": "SIM", "optional": false}, {"key": "RUA_SILENCIOSA", "text": "Rua silenciosa", "value": "SIM", "optional": false}], "practicalityCommodities": [{"key": "BOX", "text": "Box", "value": "SIM", "optional": false}, {"key": "ARMARIOS_EMBUTIDOS_NO_QUARTO", "text": "Arm\u00e1rios no quarto", "value": "SIM", "optional": false}, {"key": "ARMARIOS_NOS_BANHEIROS", "text": "Arm\u00e1rios no banheiro", "value": "SIM", "optional": false}, {"key": "ARMARIOS_NA_COZINHA", "text": "Arm\u00e1rios na cozinha", "value": "SIM", "optional": false}, {"key": "CHUVEIRO_A_GAS", "text": "Chuveiro a g\u00e1s", "value": "SIM", "optional": false}, {"key": "FOGAO_INCLUSO", "text": "Fog\u00e3o", "value": "SIM", "optional": false}, {"key": "GELADEIRA_INCLUSO", "text": "Geladeira", "value": "SIM", "optional": false}, {"key": "CHUVEIRO_ELETRICO", "text": "Chuveiro el\u00e9trico", "value": "NAO", "optional": false}, {"key": "MICROONDAS", "text": "Microondas", "value": "SIM", "optional": false}, {"key": "SOFA", "text": "Sof\u00e1", "value": "SIM", "optional": false}, {"key": "MAQUINA_DE_LAVAR", "text": "M\u00e1quina de lavar", "value": "SIM", "optional": false}, {"key": "TANQUE", "text": "Tanque", "value": "SIM", "optional": false}, {"key": "REDE_DE_PROTECAO", "text": "Tela nas janelas", "value": "SIM", "optional": false}, {"key": "VARAL_DE_ROUPAS", "text": "Varal de roupas", "value": "NAO", "optional": false}, {"key": "TOMADAS_NOVAS", "text": "Tomadas 3 pinos", "value": "NAO", "optional": false}, {"key": "TELEVISAO", "text": "Televis\u00e3o", "value": "SIM", "optional": false}, {"key": "MESAS_E_CADEIRAS_DE_JANTAR", "text": "Mesas e cadeiras de jantar", "value": "SIM", "optional": false}, {"key": "CHURRASQUEIRA", "text": "Churrasqueira", "value": "NAO_INFORMADO", "optional": false}, {"key": "ACESSO_SEM_DEGRAUS", "text": "Acesso sem degraus", "value": "SIM", "optional": false}, {"key": "COOKTOP", "text": "Fog\u00e3o cooktop", "value": "NAO", "optional": false}, {"key": "UTENSILIOS_DE_COZINHA", "text": "Utens\u00edlios de cozinha", "value": "NAO", "optional": false}, {"key": "CAMA_DE_CASAL", "text": "Cama de casal", "value": "SIM", "optional": false}, {"key": "CAMA_DE_SOLTEIRO", "text": "Cama de solteiro", "value": "NAO", "optional": false}, {"key": "ESPELHO_NO_BANHEIRO", "text": "Espelho no banheiro", "value": "SIM", "optional": false}, {"key": "FECHADURA_ELETRONICA", "text": "Fechadura eletr\u00f4nica", "value": "NAO", "optional": false}, {"key": "ENERGIA", "text": "Energia no im\u00f3vel", "value": "SIM", "optional": false}], "area": 47, "installations": [{"key": "PLAYGROUND", "text": "Playground", "value": "NAO"}, {"key": "PISCINA", "text": "Piscina", "value": "SIM"}, {"key": "CHURRASQUEIRA", "text": "Churrasqueira", "value": "NAO"}, {"key": "QUADRA_ESPORTIVA", "text": "Quadra esportiva", "value": "NAO"}, {"key": "ACADEMIA", "text": "Academia", "value": "NAO"}, {"key": "SALAO_DE_FESTAS", "text": "Sal\u00e3o de festas", "value": "NAO"}, {"key": "SAUNA", "text": "Sauna", "value": "NAO"}, {"key": "LAVANDERIA_NO_PREDIO", "text": "Lavanderia no pr\u00e9dio", "value": "NAO"}, {"key": "GAS_ENCANADO", "text": "G\u00e1s encanado", "value": "NAO"}, {"key": "ESPACO_GOURMET_NA_AREA_COMUM", "text": "Espa\u00e7o gourmet na \u00e1rea comum", "value": "NAO"}, {"key": "BRINQUEDOTECA", "text": "Brinquedoteca", "value": "NAO_INFORMADO"}, {"key": "CORRIMAO", "text": "Corrim\u00e3o", "value": "NAO_INFORMADO"}, {"key": "PISO_TATIL", "text": "Piso t\u00e1til", "value": "NAO_INFORMADO"}, {"key": "RAMPAS_DE_ACESSO", "text": "Rampas de acesso", "value": "NAO_INFORMADO"}, {"key": "SALAO_DE_JOGOS", "text": "Sal\u00e3o de jogos", "value": "NAO_INFORMADO"}, {"key": "VAGA_DE_GARAGEM_ACESSIVEL", "text": "Vaga de garagem acess\u00edvel", "value": "NAO_INFORMADO"}, {"key": "AREA_VERDE", "text": "\u00c1rea verde", "value": "NAO_INFORMADO"}, {"key": "Elevador", "value": "SIM"}, {"key": "Porteiro24H", "value": "SIM"}], "rentPrice": 2900, "condoPrice": 565, "condoType": "Normal", "region": {"name": "Consola\u00e7\u00e3o", "hub": {"loading": "UNSET", "enabled": false, "abSecretariat": false, "isPrimaryMarket": false}, "id": 72}, "type": "Apartamento", "iptuType": "Normal", "totalCost": 3735, "parkingSpaces": 1, "address": {"street": "Rua Frei Caneca", "neighborhood": "Consola\u00e7\u00e3o", "city": "S\u00e3o Paulo", "zipCode": "01307-001", "stateName": "S\u00e3o Paulo", "stateAcronym": "SP", "lat": -23.5541413, "lng": -46.6545762, "countryName": "Brasil", "countryCode": "BR", "country": "Brasil"}, "floor": 9, "homeProtection": 37, "remarks": "Arejado, ensolarado, vista para piscina, silencioso. 1 vaga garagem demarcada. No pr\u00e9dio h\u00e1 garagem para visitantes, lavanderia, piscina, sauna, academia, sal\u00e3o de festas. Pr\u00e9dio com supermercado na frente e na quadra do Shopping Frei Caneca. Rua movimentada at\u00e9 tarde da noite, muitas facilidades ao redor: mercado 24hrs, padaria 24 hrs, 3 shoppings, diversos restaurantes, caf\u00e9s, bistr\u00f4s, cinemas, hospitais, pet shop, etc.", "furniture": "O apartamento ser\u00e1 locado mobiliado. H\u00e1 arm\u00e1rios embutidos de qualidade na sala, cozinha, hall, quarto e banheiro. Na sala, smart tv 32\", rack, sof\u00e1, mesa de centro e mesa de jantar com cadeiras. O quarto \u00e9 repleto de arm\u00e1rios, cama de casal com colch\u00e3o, espa\u00e7o de escrit\u00f3rio. Na cozinha h\u00e1 geladeira, fog\u00e3o, microondas, tanque, m\u00e1quina de lavar e utens\u00edlios como pratos, talheres, panelas, etc. Na varanda confort\u00e1vel poltrona para relaxar!", "acceptsPets": true, "hasFurniture": true, "isNearSubway": true, "placesNearby": [{"name": "Teatro Augusta", "type": "MUSEUM_THEATRE_OR_CONCERT_HALL", "slug": "teatro-augusta-consolacao-sao-paulo-sp"}, {"name": "Comedians", "type": "MUSEUM_THEATRE_OR_CONCERT_HALL", "slug": "comedians-consolacao-sao-paulo-sp"}, {"name": "Est\u00fadio Lois Louis", "type": "MUSEUM_THEATRE_OR_CONCERT_HALL", "slug": "estudio-lois-louis-consolacao-sao-paulo-sp"}, {"name": "Espaco Ita\u00fa Cinemas Frei Caneca", "type": "MUSEUM_THEATRE_OR_CONCERT_HALL", "slug": "espaco-itau-cinemas-frei-caneca-consolacao-sao-paulo-sp"}, {"name": "WA Dan\u00e7as", "type": "SCHOOL", "slug": "wa-dancas-consolacao-sao-paulo-sp"}, {"name": "Escola Paulista da Magistratura", "type": "UNIVERSITY_OR_COLLEGE", "slug": "escola-paulista-da-magistratura-consolacao-sao-paulo-sp"}, {"name": "Hospital S\u00edrio Liban\u00eas", "type": "HOSPITAL", "slug": "hospital-sirio-libanes-bela-vista-sao-paulo-sp"}, {"name": "Higien\u00f3polis-Mackenzie", "type": "ESTACAO_METRO_OU_TREM", "slug": "estacao-higienopolis-mackenzie-linha-6-consolacao-sao-paulo-sp"}, {"name": "Clube Atl\u00e9tico S\u00e3o Paulo (SPAC)", "type": "STADIUM", "slug": "clube-atletico-sao-paulo-spac-sao-paulo-sp-brasil"}, {"name": "Teatro Raul Cortez", "type": "MUSEUM_THEATRE_OR_CONCERT_HALL", "slug": "teatro-raul-cortez-bela-vista-sao-paulo-sp"}, {"name": "Espa\u00e7o Ita\u00fa de Cinema - Augusta (anexo)", "type": "MUSEUM_THEATRE_OR_CONCERT_HALL", "slug": "espaco-itau-de-cinema-augusta-anexo-consolacao-sao-paulo-sp"}, {"name": "Centro de Pesquisa e Forma\u00e7\u00e3o SESC", "type": "SCHOOL", "slug": "centro-de-pesquisa-e-formacao-sesc-bela-vista-sao-paulo-sp"}, {"name": "Espa\u00e7o Ita\u00fa de Cinema - Augusta", "type": "MUSEUM_THEATRE_OR_CONCERT_HALL", "slug": "espaco-itau-de-cinema-augusta-consolacao-sao-paulo-sp"}, {"name": "Galeria Le village", "type": "SHOPPING_MALL", "slug": "galeria-le-village-consolacao-sao-paulo-sp"}, {"name": "Wiseup", "type": "SCHOOL", "slug": "wiseup-consolacao-sao-paulo-sp"}, {"name": "Hospital 9 de Julho", "type": "HOSPITAL", "slug": "hospital-9-de-julho-consolacao-sao-paulo-sp"}, {"name": "Teatro Commune", "type": "MUSEUM_THEATRE_OR_CONCERT_HALL", "slug": "teatro-commune-higienopolis-sao-paulo-sp"}, {"name": "Galeria da Augusta", "type": "SHOPPING_MALL", "slug": "galeria-da-augusta-consolacao-sao-paulo-sp"}, {"name": "14 Bis", "type": "ESTACAO_METRO_OU_TREM", "slug": "estacao-14-bis-bela-vista-sao-paulo-sp"}, {"name": "UAM - Anhembi Morumbi - Campus Paulista", "type": "UNIVERSITY_OR_COLLEGE", "slug": "anhembi-morumbi-paulista-1-sao-paulo-sp"}, {"name": "Col\u00e9gio S\u00e3o Lu\u00eds", "type": "SCHOOL", "slug": "colegio-sao-luis-consolacao-sao-paulo-sp"}, {"name": "Ch\u00e1cara Lane", "type": "MUSEUM_THEATRE_OR_CONCERT_HALL", "slug": "chacara-lane-higienopolis-sao-paulo-sp"}, {"name": "Faculdade Mundial", "type": "UNIVERSITY_OR_COLLEGE", "slug": "faculdade-mundial-consolacao-sao-paulo-sp"}, {"name": "Paulista Mall", "type": "SHOPPING_MALL", "slug": "paulista-mall-consolacao-sao-paulo-sp"}, {"name": "PUC SP - Campus Consola\u00e7\u00e3o", "type": "UNIVERSITY_OR_COLLEGE", "slug": "puc-consola\u00e7\u00e3o-sao-paulo-sp"}, {"name": "Shopping Market Paulista", "type": "SHOPPING_MALL", "slug": "shopping-market-paulista-jardim-paulista-sao-paulo-sp"}, {"name": "Consola\u00e7\u00e3o", "type": "ESTACAO_METRO_OU_TREM", "slug": "estacao-consolacao-sao-paulo-sp"}, {"name": "Conjunto Nacional", "type": "SHOPPING_MALL", "slug": "conjunto-nacional-jardim-paulista-sao-paulo-sp"}, {"name": "Col\u00e9gio Mackenzie", "type": "SCHOOL", "slug": "colegio-mackenzie-higienopolis-sao-paulo-sp"}, {"name": "Museu de Arte de S\u00e3o Paulo (MASP)", "type": "MUSEUM_THEATRE_OR_CONCERT_HALL", "slug": "museu-de-arte-de-sao-paulo-masp-bela-vista-sao-paulo-sp"}], "availabilityType": "IMMEDIATE", "photos": [{"id": 7338420, "subtitle": "Sala", "url": "893109281-67.95191925892374dbb3131413894436b62935b59f7c133f.jpg", "cover": true}, {"id": 7338419, "subtitle": "Sala", "url": "893109281-910.9336347940991d8a31f6edbfd4837a51c6ad8cb1c0fc9.jpg", "cover": false}, {"id": 7338410, "subtitle": "Sala", "url": "893109281-457.44638706032969b9353d1c362499f96e82b3ace7a481d.jpg", "cover": false}, {"id": 7338406, "subtitle": "Sala", "url": "893109281-82.962193438314780e34afe03b3d4376bc5707822503a680.jpg", "cover": false}, {"id": 7338417, "subtitle": "Varanda", "url": "893109281-793.835021282050985438c58c5214070900a356030c03c88.jpg", "cover": false}, {"id": 7338409, "subtitle": "Quarto", "url": "893109281-943.97701548261358caa003b891c4f938257536394fc6a16.jpg", "cover": false}, {"id": 7338416, "subtitle": "Quarto", "url": "893109281-899.744598801399401698a6644d64e70bdc3d01cdcf14578.jpg", "cover": false}, {"id": 7338424, "subtitle": "Quarto", "url": "893109281-890.7687884363366e7f5b292d46e471998a68a771dda0b2f.jpg", "cover": false}, {"id": 7338415, "subtitle": "Quarto", "url": "893109281-698.1149143169727728c0c1ef5cb4f06998340392adff63f.jpg", "cover": false}, {"id": 7338411, "subtitle": "Banheiro", "url": "893109281-122.8050205258632824ff632baa9f4d36b78a5147ad291974.jpg", "cover": false}, {"id": 7338408, "subtitle": "Banheiro", "url": "893109281-956.4878968119455cdf2b05efdf422f811ad73df635b02d.jpg", "cover": false}, {"id": 7338418, "subtitle": "Cozinha", "url": "893109281-495.78837096767245c7f5e1820c754162917d0dbe7ea2f3f5.jpg", "cover": false}, {"id": 7338421, "subtitle": "Cozinha", "url": "893109281-71.55190169541137de5002ad96894799bc1a8a6b0d384d92.jpg", "cover": false}, {"id": 7338422, "subtitle": "Cozinha", "url": "893109281-899.4928732424925e2fa5f84533343d8b2dfb3854b595d08.jpg", "cover": false}, {"id": 7338425, "subtitle": "Cozinha", "url": "893109281-994.6683640875461e11861f32e8e4f329590b5c793344b39.jpg", "cover": false}, {"id": 7338413, "subtitle": "Hall de Entrada", "url": "893109281-976.0400122157531520f3568dee240f4aee05f178b27da0f.jpg", "cover": false}, {"id": 7338423, "subtitle": "Hall de Entrada", "url": "893109281-91.1881507860941e3b702dbb9374320a1e2f627ba217a80.jpg", "cover": false}], "photosCategorizedByRooms": [], "relevantRegions": [], "photospheres": [], "specialConditions": ["Exclusivity"], "offers": {"closingRate": 0, "shouldHighlightIcon": true, "shouldShowOfferDialog": false, "shouldShowOffers": false, "summary": []}, "status": "publicado", "showUrlHasBeenCopiedSnackbar": false, "isGalleryModalOpen": false, "error": false, "loaded": true, "loading": false, "loadingCategorizedRooms": false, "selectedMedia": "tenant/HouseMedia/PHOTOS", "video": "", "promotions": [], "condominium": {}, "forRent": true, "forSale": true, "salePrice": 580000, "mortgageFirstInstallment": 0, "listings": [{"imovelId": 893109281, "businessContext": "RENT", "status": "publicado", "firstPublicationDate": "2020-07-22T20:44:23.000+0000", "lastPublicationDate": "2022-11-15T22:30:12.000+0000", "listingRentModel": {"listingBusinessContextId": 425539, "rentalAdministrator": "QUINTOANDAR"}, "ownership": "STANDARD"}, {"imovelId": 893109281, "businessContext": "SALE", "status": "publicado", "firstPublicationDate": "2023-01-31T17:58:58.000+0000", "lastPublicationDate": "2023-01-31T17:58:58.000+0000", "ownership": "STANDARD"}], "listingTags": [], "businessContext": "", "regionParameters": {"loaded": false, "loading": false, "RENT": {"visitsEnabled": true, "talkToAgentEnabled": false}, "SALE": {"visitsEnabled": true, "talkToAgentEnabled": false}}, "houseAgent": {"isDialogOpen": false, "alreadyOpenedByQueryParam": false}, "tenantServiceFee": 75, "closingStatus": {"loading": false}, "rentalGuarantee": {"minValue": 725, "maxValue": 2175}, "reservationAvailability": null, "isPrimaryMarket": false, "macroRegion": {"id": 2705, "name": "SPO 02"}, "suites": 0, "allowsCustomOffer": false, "displayCustomOfferPreference": true, "movingDate": "2023-01-01", "houseVisitStatus": "ACCEPT_NEW", "visitStatusReason": null, "visitsUnavailable": false, "isReserved": false, "allowDirectOffer": true, "lastPublishedDate": "2022-11-15T22:30:12.000Z", "listingPublication": "stranded", "rentOnTermination": false, "constructionYear": null, "categories": []}, "markers": {"lat": -23.5541413, "lng": -46.6545762}, "talkToAgent": {"dialog": {"open": false, "questionType": null, "question": ""}, "agentSupport": {}, "error": null, "autoSubmit": false, "loading": false, "submitting": false, "success": false, "hasLoadedAgentInfo": false, "agent": null, "hasLoadedAgentsInRegion": false, "agentsInRegion": null}}}}, "__N_SSP": true}, "page": "/imovel/[houseId]/[[...slug]]", "query": {"houseId": "893109281", "slug": ["alugar", "apartamento-1-quarto-consolacao-sao-paulo"]}, "buildId": "gCr3Bg2lYzV9hxZqGibIQ", "runtimeConfig": {"NEXT_PUBLIC_HOME_ADVERTISING_BANNER": "coupon"}, "isFallback": false, "dynamicIds": [61847, 31265, 66435, 77453, 87356, 60899, 41103, 3232, 33207, 72227, 40072, 39327, 19904, 96827], "gssp": true, "customServer": true, "appGip": true, "locale": "pt-BR", "locales": ["pt-BR", "es-MX"], "defaultLocale": "pt-BR", "domainLocales": [{"domain": "www.quintoandar.com.br", "defaultLocale": "pt-BR"}, {"domain": "www.benvi.mx", "defaultLocale": "es-MX"}], "scriptLoader": []}