{"props": {"pageProps": {"initialState": {"route": {"locationBeforeTransitions": {"pathname": "/imovel/893267943/alugar/apartamento-2-quartos-bom-retiro-sao-paulo", "search": "", "hash": "", "action": "POP", "query": {}}, "topLevelRouteName": "house details", "businessContext": "RENT", "favoriteListsBusinessContext": "RENT"}, "router": {"location": {"href": "/", "pathname": "/", "search": "", "hash": ""}}, "progress": {"pendingRequests": -1}, "login": {"response": {}, "user": {"isLoggedIn": false, "id": 0, "agentId": 0, "hashId": "", "sessionId": null, "name": "", "email": "", "maskedEmail": "", "jwt": {"app": "", "firebase": ""}, "phone": {"countryCode": "+55", "areaCode": "", "phoneNumber": ""}, "country": "BR", "channel": "", "isPhoneRegistered": false, "acceptWhatsapp": true, "hasDocument": false, "isPartner": false}, "accountForm": {}, "redirectUrl": "", "isRequestOngoing": false}, "captcha": {"token": "", "hasLoadedRemoteConfig": false, "provider": "", "friction": "low", "unavailableCountriesCode": []}, "supportedCities": [], "inAppMessages": {"biomaSurvey": {"isOpen": false, "formId": null, "data": {"opaque": true}}}, "metaData": {"similar_houses_clicked": []}, "appData": {"device": {"type": "desktop", "isSearchEngineCrawler": false}, "experiments": "X-AB-Test=ab_exposed_filter_sale_desktop:1,ab_exposed_filter_sale_v1:1,ab_exposed_filters:1,ab_load_more_v0:-1,ab_new_house_card_v2:0,ab_new_rent_listing_phase2:0,ab_profiling_create_alert_filters:0,ab_scheduling_step_by_step_v1:1,ab_show_floor_sale:0,ab_street_search_retrieval_v1:0"}, "house": {"houseInfo": {"id": "893267943", "displayId": "567943", "bedrooms": 2, "city": "S\u00e3o Paulo", "cityId": 39, "bathrooms": 2, "iptu": 0, "amenities": [{"key": "BANHEIRA_DE_HIDROMASSAGEM", "text": "Banheira", "value": "NAO", "optional": false}, {"key": "BOX", "text": "Box", "value": "SIM", "optional": false}, {"key": "VARANDA", "text": "Varanda", "value": "NAO_INFORMADO", "optional": false}, {"key": "PISCINA_PRIVATIVA", "text": "Piscina privativa", "value": "NAO", "optional": false}, {"key": "ARMARIOS_EMBUTIDOS_NO_QUARTO", "text": "Arm\u00e1rios no quarto", "value": "SIM", "optional": false}, {"key": "ARMARIOS_NOS_BANHEIROS", "text": "Arm\u00e1rios no banheiro", "value": "SIM", "optional": false}, {"key": "ARMARIOS_NA_COZINHA", "text": "Arm\u00e1rios na cozinha", "value": "SIM", "optional": false}, {"key": "AR_CONDICIONADO", "text": "Ar condicionado", "value": "NAO", "optional": false}, {"key": "CHUVEIRO_A_GAS", "text": "Chuveiro a g\u00e1s", "value": "NAO", "optional": false}, {"key": "QUARTO_DE_SERVICO", "text": "Quarto de servi\u00e7o", "value": "NAO", "optional": false}, {"key": "BANHEIRO_DE_SERVICO", "text": "Banheiro de servi\u00e7o", "value": "NAO", "optional": false}, {"key": "VARANDA_GOURMET", "text": "Varanda gourmet", "value": "NAO", "optional": false}, {"key": "APARTAMENTO_COBERTURA", "text": "Apartamento cobertura", "value": "NAO", "optional": false}, {"key": "QUARTO_EXTRA_REVERSIVEL", "text": "Quarto extra revers\u00edvel", "value": "NAO", "optional": false}, {"key": "FOGAO_INCLUSO", "text": "Fog\u00e3o", "value": "SIM", "optional": false}, {"key": "GELADEIRA_INCLUSO", "text": "Geladeira", "value": "SIM", "optional": false}, {"key": "BANHEIRO_ADAPTADO", "text": "Banheiro adaptado", "value": "NAO_INFORMADO", "optional": false}, {"key": "CLOSET", "text": "Closet", "value": "NAO_INFORMADO", "optional": false}, {"key": "COZINHA_AMERICANA", "text": "Cozinha americana", "value": "NAO_INFORMADO", "optional": false}, {"key": "MESAS_E_CADEIRAS_DE_ESCRITORIO", "text": "Mesas e cadeiras de escrit\u00f3rio", "value": "NAO_INFORMADO", "optional": false}, {"key": "JARDIM", "text": "Jardim", "value": "NAO_INFORMADO", "optional": false}, {"key": "QUARTOS_E_CORREDORES_COM_PORTAS_AMPLAS", "text": "Quartos e corredores com portas amplas", "value": "NAO_INFORMADO", "optional": false}, {"key": "QUINTAL", "text": "Quintal", "value": "NAO_INFORMADO", "optional": false}, {"key": "SOMENTE_UMA_CASA_NO_TERRENO", "text": "Somente uma casa no terreno", "value": "NAO_INFORMADO", "optional": false}, {"key": "AREA_DE_SERVICO", "text": "\u00c1rea de servi\u00e7o", "value": "NAO_INFORMADO", "optional": false}], "comfortCommodities": [{"key": "BANHEIRA_DE_HIDROMASSAGEM", "text": "Banheira", "value": "NAO", "optional": false}, {"key": "PISCINA_PRIVATIVA", "text": "Piscina privativa", "value": "NAO", "optional": false}, {"key": "AR_CONDICIONADO", "text": "Ar condicionado", "value": "NAO", "optional": false}, {"key": "SOL_DA_MANHA", "text": "Sol da manh\u00e3", "value": "SIM", "optional": false}, {"key": "SOL_DA_TARDE", "text": "Sol da tarde", "value": "NAO", "optional": false}, {"key": "CORTINAS_BLACK_OUT", "text": "Cortinas corta luz", "value": "SIM", "optional": false}, {"key": "CORTINAS_DECORATIVAS", "text": "Cortina transl\u00facida", "value": "NAO", "optional": false}, {"key": "JANELA_ANTI_RUIDO", "text": "Janela anti-ru\u00eddo", "value": "NAO", "optional": false}, {"key": "VENTILADOR_DE_TETO", "text": "Ventilador de teto", "value": "NAO", "optional": false}, {"key": "LUMINOSIDADE_NATURAL", "text": "Janelas grandes", "value": "NAO", "optional": false}, {"key": "VISTA_LIVRE", "text": "Vista livre", "value": "SIM", "optional": false}, {"key": "RUA_SILENCIOSA", "text": "Rua silenciosa", "value": "NAO", "optional": false}], "practicalityCommodities": [{"key": "BOX", "text": "Box", "value": "SIM", "optional": false}, {"key": "ARMARIOS_EMBUTIDOS_NO_QUARTO", "text": "Arm\u00e1rios no quarto", "value": "SIM", "optional": false}, {"key": "ARMARIOS_NOS_BANHEIROS", "text": "Arm\u00e1rios no banheiro", "value": "SIM", "optional": false}, {"key": "ARMARIOS_NA_COZINHA", "text": "Arm\u00e1rios na cozinha", "value": "SIM", "optional": false}, {"key": "CHUVEIRO_A_GAS", "text": "Chuveiro a g\u00e1s", "value": "NAO", "optional": false}, {"key": "FOGAO_INCLUSO", "text": "Fog\u00e3o", "value": "SIM", "optional": false}, {"key": "GELADEIRA_INCLUSO", "text": "Geladeira", "value": "SIM", "optional": false}, {"key": "CHUVEIRO_ELETRICO", "text": "Chuveiro el\u00e9trico", "value": "SIM", "optional": false}, {"key": "MICROONDAS", "text": "Microondas", "value": "NAO", "optional": false}, {"key": "SOFA", "text": "Sof\u00e1", "value": "NAO", "optional": false}, {"key": "MAQUINA_DE_LAVAR", "text": "M\u00e1quina de lavar", "value": "NAO", "optional": false}, {"key": "TANQUE", "text": "Tanque", "value": "SIM", "optional": false}, {"key": "REDE_DE_PROTECAO", "text": "Tela nas janelas", "value": "NAO", "optional": false}, {"key": "VARAL_DE_ROUPAS", "text": "Varal de roupas", "value": "NAO", "optional": false}, {"key": "TOMADAS_NOVAS", "text": "Tomadas 3 pinos", "value": "NAO", "optional": false}, {"key": "TELEVISAO", "text": "Televis\u00e3o", "value": "NAO", "optional": false}, {"key": "MESAS_E_CADEIRAS_DE_JANTAR", "text": "Mesas e cadeiras de jantar", "value": "NAO", "optional": false}, {"key": "CHURRASQUEIRA", "text": "Churrasqueira", "value": "NAO_INFORMADO", "optional": false}, {"key": "ACESSO_SEM_DEGRAUS", "text": "Acesso sem degraus", "value": "SIM", "optional": false}, {"key": "COOKTOP", "text": "Fog\u00e3o cooktop", "value": "NAO", "optional": false}, {"key": "UTENSILIOS_DE_COZINHA", "text": "Utens\u00edlios de cozinha", "value": "NAO", "optional": false}, {"key": "CAMA_DE_CASAL", "text": "Cama de casal", "value": "NAO", "optional": false}, {"key": "CAMA_DE_SOLTEIRO", "text": "Cama de solteiro", "value": "NAO", "optional": false}, {"key": "ESPELHO_NO_BANHEIRO", "text": "Espelho no banheiro", "value": "SIM", "optional": false}, {"key": "FECHADURA_ELETRONICA", "text": "Fechadura eletr\u00f4nica", "value": "NAO", "optional": false}, {"key": "ENERGIA", "text": "Energia no im\u00f3vel", "value": "SIM", "optional": false}], "area": 90, "installations": [{"key": "PLAYGROUND", "text": "Playground", "value": "NAO"}, {"key": "PISCINA", "text": "Piscina", "value": "NAO"}, {"key": "CHURRASQUEIRA", "text": "Churrasqueira", "value": "NAO"}, {"key": "QUADRA_ESPORTIVA", "text": "Quadra esportiva", "value": "NAO"}, {"key": "ACADEMIA", "text": "Academia", "value": "NAO"}, {"key": "SALAO_DE_FESTAS", "text": "Sal\u00e3o de festas", "value": "NAO"}, {"key": "SAUNA", "text": "Sauna", "value": "NAO"}, {"key": "LAVANDERIA_NO_PREDIO", "text": "Lavanderia no pr\u00e9dio", "value": "NAO"}, {"key": "GAS_ENCANADO", "text": "G\u00e1s encanado", "value": "NAO"}, {"key": "ESPACO_GOURMET_NA_AREA_COMUM", "text": "Espa\u00e7o gourmet na \u00e1rea comum", "value": "NAO"}, {"key": "BRINQUEDOTECA", "text": "Brinquedoteca", "value": "NAO_INFORMADO"}, {"key": "CORRIMAO", "text": "Corrim\u00e3o", "value": "NAO_INFORMADO"}, {"key": "PISO_TATIL", "text": "Piso t\u00e1til", "value": "NAO_INFORMADO"}, {"key": "RAMPAS_DE_ACESSO", "text": "Rampas de acesso", "value": "NAO_INFORMADO"}, {"key": "SALAO_DE_JOGOS", "text": "Sal\u00e3o de jogos", "value": "NAO_INFORMADO"}, {"key": "VAGA_DE_GARAGEM_ACESSIVEL", "text": "Vaga de garagem acess\u00edvel", "value": "NAO_INFORMADO"}, {"key": "AREA_VERDE", "text": "\u00c1rea verde", "value": "NAO_INFORMADO"}, {"key": "Elevador", "value": "SIM"}, {"key": "Porteiro24H", "value": "SIM"}], "rentPrice": 2300, "condoPrice": 647, "condoType": "Normal", "region": {"name": "Bom Retiro", "hub": {"loading": "UNSET", "enabled": false, "abSecretariat": false, "isPrimaryMarket": false}, "id": 1299}, "type": "Apartamento", "iptuType": "NaoExiste", "totalCost": 3023, "parkingSpaces": 0, "address": {"street": "Rua Newton Prado", "neighborhood": "Bom Retiro", "city": "S\u00e3o Paulo", "zipCode": "01127-000", "stateName": "S\u00e3o Paulo", "stateAcronym": "SP", "lat": -23.5242726, "lng": -46.6402037, "countryName": "Brasil", "countryCode": "BR", "country": "Brasil"}, "floor": 7, "homeProtection": 30, "acceptsPets": false, "hasFurniture": false, "isNearSubway": false, "placesNearby": [{"name": "Est\u00e1dio Municipal de Beisebol Mie Nishi", "type": "STADIUM", "slug": "estadio-municipal-de-beisebol-mie-nishi-bom-retiro-sao-paulo-sp"}, {"name": "Memorial da Imigra\u00e7\u00e3o Judaica e do Holocausto", "type": "MUSEUM_THEATRE_OR_CONCERT_HALL", "slug": "memorial-da-imigracao-judaica-e-do-holocausto-bom-retiro-sao-paulo-sp"}, {"name": "Casa do Povo", "type": "MUSEUM_THEATRE_OR_CONCERT_HALL", "slug": "casa-do-povo-bom-retiro-sao-paulo-sp"}, {"name": "Escola de Samba Gavi\u00f5es da Fiel", "type": "SCHOOL", "slug": "escola-de-samba-gavioes-da-fiel-bom-retiro-sao-paulo-sp"}, {"name": "Sesc Bom Retiro", "type": "MUSEUM_THEATRE_OR_CONCERT_HALL", "slug": "sesc-bom-retiro-campos-eliseos-sao-paulo-sp"}, {"name": "Teatro Porto Seguro", "type": "MUSEUM_THEATRE_OR_CONCERT_HALL", "slug": "teatro-porto-seguro-bom-retiro-sao-paulo-sp"}, {"name": "Instituto Dom Bosco", "type": "UNIVERSITY_OR_COLLEGE", "slug": "instituto-dom-bosco-bom-retiro-sao-paulo-sp"}, {"name": "Col\u00e9gio Salesiano Liceu Cora\u00e7\u00e3o de Jesus", "type": "SCHOOL", "slug": "colegio-salesiano-liceu-coracao-de-jesus-campos-eliseos-sao-paulo-sp"}, {"name": "Pra\u00e7a Coronel Fernando Prestes", "type": "PARK_OR_GREEN_AREA", "slug": "praca-coronel-fernando-prestes-bom-retiro-sao-paulo-sp"}, {"name": "Examen", "type": "HOSPITAL", "slug": "examen-bom-retiro-sao-paulo-sp"}, {"name": "Sala S\u00e3o Paulo", "type": "MUSEUM_THEATRE_OR_CONCERT_HALL", "slug": "sala-sao-paulo-campos-eliseos-sao-paulo-sp"}, {"name": "Instituto de Educa\u00e7\u00e3o Jos\u00e9 de Paiva Netto", "type": "SCHOOL", "slug": "instituto-de-educacao-jose-de-paiva-netto-bom-retiro-sao-paulo-sp"}, {"name": "Museu da Arte Sacra", "type": "MUSEUM_THEATRE_OR_CONCERT_HALL", "slug": "museu-da-arte-sacra-luz-sao-paulo-sp"}, {"name": "Escola Frei A. Santana Galv\u00e3o", "type": "SCHOOL", "slug": "escola-frei-a-santana-galvao-sao-paulo-sp-brasil"}, {"name": "Universidade de M\u00fasica Tom Jobim", "type": "MUSEUM_THEATRE_OR_CONCERT_HALL", "slug": "universidade-de-musica-tom-jobim-centro-sao-paulo-sp"}, {"name": "Lam. Gaucha", "type": "SCHOOL", "slug": "lam-gaucha-sao-paulo-sp-brasil"}, {"name": "Pinacoteca", "type": "MUSEUM_THEATRE_OR_CONCERT_HALL", "slug": "pinacoteca-luz-sao-paulo-sp"}, {"name": "Casa da Luz", "type": "MUSEUM_THEATRE_OR_CONCERT_HALL", "slug": "casa-da-luz-centro-sao-paulo-sp"}, {"name": "Teatro Escola Macuna\u00edma - Unidade Matriz", "type": "UNIVERSITY_OR_COLLEGE", "slug": "teatro-escola-macunaima-unidade-matriz-bom-retiro-sao-paulo-sp"}, {"name": "Museu do Crime", "type": "MUSEUM_THEATRE_OR_CONCERT_HALL", "slug": "museu-do-crime-centro-sao-paulo-sp"}, {"name": "Shopping Etecompe", "type": "SHOPPING_MALL", "slug": "shopping-etecompe-centro-sao-paulo-sp"}, {"name": "Faculdade Santana", "type": "SCHOOL", "slug": "faculdade-santana-sao-paulo-sp-brasil"}, {"name": "Galeria 490", "type": "SHOPPING_MALL", "slug": "galeria-490-centro-sao-paulo-sp"}, {"name": "Shopping Maravilha", "type": "SHOPPING_MALL", "slug": "shopping-maravilha-centro-sao-paulo-sp"}, {"name": "Shopping Intercontinetal", "type": "SHOPPING_MALL", "slug": "shopping-intercontinetal-centro-sao-paulo-sp"}, {"name": "Galeria Cinelli", "type": "SHOPPING_MALL", "slug": "galeria-cinelli-centro-sao-paulo-sp"}, {"name": "ETEC Santa Ifig\u00eania", "type": "UNIVERSITY_OR_COLLEGE", "slug": "etec-santa-ifigenia-centro-sao-paulo-sp"}, {"name": "Galeria S\u00e3o Paulo", "type": "SHOPPING_MALL", "slug": "galeria-sao-paulo-centro-sao-paulo-sp"}, {"name": "Galeria Continetal", "type": "SHOPPING_MALL", "slug": "galeria-continetal-centro-sao-paulo-sp"}, {"name": "Shopping 373", "type": "SHOPPING_MALL", "slug": "shopping-373-centro-sao-paulo-sp"}], "availabilityType": "IMMEDIATE", "photos": [{"id": 11983416, "subtitle": "Sala", "url": "893267943-430.8064941813532IMG8370.jpg", "cover": true}, {"id": 11983417, "subtitle": "Sala", "url": "893267943-628.6634468286546IMG8371.jpg", "cover": false}, {"id": 11983418, "subtitle": "Sala", "url": "893267943-839.4062003140084IMG8372.jpg", "cover": false}, {"id": 11983419, "subtitle": "Sala", "url": "893267943-815.6284269178954IMG8373.jpg", "cover": false}, {"id": 11983420, "subtitle": "Sala Vista", "url": "893267943-523.4893760494016IMG8374.jpg", "cover": false}, {"id": 11983415, "subtitle": "Lavabo", "url": "893267943-943.6867832893686IMG8367.jpg", "cover": false}, {"id": 11983399, "subtitle": "Quarto 1", "url": "893267943-939.9905868702308IMG8351.jpg", "cover": false}, {"id": 11983400, "subtitle": "Quarto 1", "url": "893267943-930.4901719016849IMG8352.jpg", "cover": false}, {"id": 11983401, "subtitle": "Quarto 1", "url": "893267943-161.69445623540025IMG8353.jpg", "cover": false}, {"id": 11983402, "subtitle": "Quarto 1", "url": "893267943-227.64722411018835IMG8354.jpg", "cover": false}, {"id": 11983404, "subtitle": "Quarto 2", "url": "893267943-944.4849592368336IMG8358.jpg", "cover": false}, {"id": 11983405, "subtitle": "Quarto 2", "url": "893267943-766.2402909247111IMG8359.jpg", "cover": false}, {"id": 11983408, "subtitle": "Quarto 2", "url": "893267943-332.35744821217736IMG8360.jpg", "cover": false}, {"id": 11983410, "subtitle": "Quarto 2", "url": "893267943-443.236704565555IMG8361.jpg", "cover": false}, {"id": 11983411, "subtitle": "Banheiro", "url": "893267943-252.4979068525086IMG8363.jpg", "cover": false}, {"id": 11983412, "subtitle": "Banheiro", "url": "893267943-80.62350097704407IMG8364.jpg", "cover": false}, {"id": 11983413, "subtitle": "Banheiro Pia", "url": "893267943-636.3219795640476IMG8365.jpg", "cover": false}, {"id": 11983414, "subtitle": "Banheiro Chuveiro", "url": "893267943-222.26254338388406IMG8366.jpg", "cover": false}, {"id": 11983421, "subtitle": "Cozinha", "url": "893267943-856.3434598189664IMG8375.jpg", "cover": false}, {"id": 11983422, "subtitle": "Cozinha", "url": "893267943-813.64218819414IMG8376.jpg", "cover": false}, {"id": 11983423, "subtitle": "Cozinha", "url": "893267943-238.36524440037022IMG8377.jpg", "cover": false}, {"id": 11983424, "subtitle": "Cozinha Pia", "url": "893267943-603.3993350018804IMG8378.jpg", "cover": false}, {"id": 11983425, "subtitle": "Lavanderia", "url": "893267943-601.3971864122504IMG8379.jpg", "cover": false}, {"id": 11983426, "subtitle": "Quarto de Servi\u00e7o", "url": "893267943-148.2155775826508IMG8380.jpg", "cover": false}, {"id": 11983427, "subtitle": "Banheiro de Servi\u00e7o", "url": "893267943-944.88824296461IMG8381.jpg", "cover": false}, {"id": 11983445, "subtitle": "Fachada", "url": "893267943-213.14543973448187IMG5584.jpg", "cover": false}], "photosCategorizedByRooms": [], "relevantRegions": [], "photospheres": [], "specialConditions": ["Exclusivity"], "offers": {"closingRate": 0, "shouldHighlightIcon": true, "shouldShowOfferDialog": false, "shouldShowOffers": false, "summary": []}, "status": "publicado", "showUrlHasBeenCopiedSnackbar": false, "isGalleryModalOpen": false, "error": false, "loaded": true, "loading": false, "loadingCategorizedRooms": false, "selectedMedia": "tenant/HouseMedia/PHOTOS", "video": "", "promotions": [], "condominium": {"hashId": "9dzqsnmmjd", "name": "Edif\u00edcio Newton Prado B", "slug": "edificio-newton-prado-b-bom-retiro-sao-paulo", "address": "R. Newton Prado", "constructionYear": 1968}, "forRent": true, "forSale": true, "salePrice": 330000, "mortgageFirstInstallment": 0, "listings": [{"imovelId": 893267943, "businessContext": "RENT", "status": "publicado", "firstPublicationDate": "2023-02-23T14:45:21.000+0000", "lastPublicationDate": "2023-02-23T14:45:21.000+0000", "listingRentModel": {"listingBusinessContextId": 1480249, "rentalAdministrator": "QUINTOANDAR"}, "ownership": "STANDARD"}, {"imovelId": 893267943, "businessContext": "SALE", "status": "publicado", "firstPublicationDate": "2021-03-07T18:39:07.000+0000", "lastPublicationDate": "2021-03-07T18:39:07.000+0000", "ownership": "STANDARD"}], "listingTags": [], "businessContext": "", "regionParameters": {"loaded": false, "loading": false, "RENT": {"visitsEnabled": true, "talkToAgentEnabled": false}, "SALE": {"visitsEnabled": true, "talkToAgentEnabled": false}}, "houseAgent": {"isDialogOpen": false, "alreadyOpenedByQueryParam": false}, "tenantServiceFee": 46, "closingStatus": {"loading": false}, "rentalGuarantee": {"minValue": 575, "maxValue": 1725}, "reservationAvailability": null, "isPrimaryMarket": false, "macroRegion": {"id": 2698, "name": "SPO 08"}, "suites": 0, "movingDate": "2021-07-31", "houseVisitStatus": "ACCEPT_NEW", "visitStatusReason": null, "visitsUnavailable": false, "isReserved": false, "allowDirectOffer": true, "lastPublishedDate": "2023-02-23T14:45:21.000Z", "listingPublication": "not_stranded", "rentOnTermination": false, "constructionYear": 1968, "categories": []}, "markers": {"lat": -23.5242726, "lng": -46.6402037}, "talkToAgent": {"dialog": {"open": false, "questionType": null, "question": ""}, "agentSupport": {}, "error": null, "autoSubmit": false, "loading": false, "submitting": false, "success": false, "hasLoadedAgentInfo": false, "agent": null, "hasLoadedAgentsInRegion": false, "agentsInRegion": null}}}}, "__N_SSP": true}, "page": "/imovel/[houseId]/[[...slug]]", "query": {"houseId": "893267943", "slug": ["alugar", "apartamento-2-quartos-bom-retiro-sao-paulo"]}, "buildId": "gCr3Bg2lYzV9hxZqGibIQ", "runtimeConfig": {"NEXT_PUBLIC_HOME_ADVERTISING_BANNER": "coupon"}, "isFallback": false, "dynamicIds": [61847, 31265, 66435, 77453, 87356, 60899, 41103, 3232, 33207, 72227, 40072, 39327, 19904, 96827], "gssp": true, "customServer": true, "appGip": true, "locale": "pt-BR", "locales": ["pt-BR", "es-MX"], "defaultLocale": "pt-BR", "domainLocales": [{"domain": "www.quintoandar.com.br", "defaultLocale": "pt-BR"}, {"domain": "www.benvi.mx", "defaultLocale": "es-MX"}], "scriptLoader": []}