{"props": {"pageProps": {"initialState": {"route": {"locationBeforeTransitions": {"pathname": "/imovel/893246857/alugar/casa-3-quartos-bosque-da-saude-sao-paulo", "search": "", "hash": "", "action": "POP", "query": {}}, "topLevelRouteName": "house details", "businessContext": "RENT", "favoriteListsBusinessContext": "RENT"}, "router": {"location": {"href": "/", "pathname": "/", "search": "", "hash": ""}}, "progress": {"pendingRequests": -1}, "login": {"response": {}, "user": {"isLoggedIn": false, "id": 0, "agentId": 0, "hashId": "", "sessionId": null, "name": "", "email": "", "maskedEmail": "", "jwt": {"app": "", "firebase": ""}, "phone": {"countryCode": "+55", "areaCode": "", "phoneNumber": ""}, "country": "BR", "channel": "", "isPhoneRegistered": false, "acceptWhatsapp": true, "hasDocument": false, "isPartner": false}, "accountForm": {}, "redirectUrl": "", "isRequestOngoing": false}, "captcha": {"token": "", "hasLoadedRemoteConfig": false, "provider": "", "friction": "low", "unavailableCountriesCode": []}, "supportedCities": [], "inAppMessages": {"biomaSurvey": {"isOpen": false, "formId": null, "data": {"opaque": true}}}, "metaData": {"similar_houses_clicked": []}, "appData": {"device": {"type": "desktop", "isSearchEngineCrawler": false}, "experiments": "X-AB-Test=ab_exposed_filter_sale_desktop:1,ab_exposed_filter_sale_v1:1,ab_exposed_filters:1,ab_load_more_v0:-1,ab_new_house_card_v2:0,ab_new_rent_listing_phase2:0,ab_profiling_create_alert_filters:0,ab_scheduling_step_by_step_v1:1,ab_show_floor_sale:0,ab_street_search_retrieval_v1:0"}, "house": {"houseInfo": {"id": "893246857", "displayId": "546857", "bedrooms": 3, "city": "S\u00e3o Paulo", "cityId": 39, "bathrooms": 5, "iptu": 417, "amenities": [{"key": "BANHEIRA_DE_HIDROMASSAGEM", "text": "Banheira", "value": "NAO", "optional": false}, {"key": "BOX", "text": "Box", "value": "SIM", "optional": false}, {"key": "VARANDA", "text": "Varanda", "value": "NAO_INFORMADO", "optional": false}, {"key": "PISCINA_PRIVATIVA", "text": "Piscina privativa", "value": "NAO", "optional": false}, {"key": "ARMARIOS_EMBUTIDOS_NO_QUARTO", "text": "Arm\u00e1rios no quarto", "value": "NAO", "optional": false}, {"key": "ARMARIOS_NOS_BANHEIROS", "text": "Arm\u00e1rios no banheiro", "value": "SIM", "optional": false}, {"key": "ARMARIOS_NA_COZINHA", "text": "Arm\u00e1rios na cozinha", "value": "SIM", "optional": false}, {"key": "AR_CONDICIONADO", "text": "Ar condicionado", "value": "NAO", "optional": false}, {"key": "CHUVEIRO_A_GAS", "text": "Chuveiro a g\u00e1s", "value": "NAO", "optional": false}, {"key": "QUARTO_DE_SERVICO", "text": "Quarto de servi\u00e7o", "value": "NAO", "optional": false}, {"key": "BANHEIRO_DE_SERVICO", "text": "Banheiro de servi\u00e7o", "value": "NAO", "optional": false}, {"key": "VARANDA_GOURMET", "text": "Varanda gourmet", "value": "NAO", "optional": false}, {"key": "APARTAMENTO_COBERTURA", "text": "Apartamento cobertura", "value": "NAO", "optional": false}, {"key": "QUARTO_EXTRA_REVERSIVEL", "text": "Quarto extra revers\u00edvel", "value": "NAO", "optional": false}, {"key": "FOGAO_INCLUSO", "text": "Fog\u00e3o", "value": "NAO", "optional": false}, {"key": "GELADEIRA_INCLUSO", "text": "Geladeira", "value": "NAO", "optional": false}, {"key": "BANHEIRO_ADAPTADO", "text": "Banheiro adaptado", "value": "NAO_INFORMADO", "optional": false}, {"key": "CLOSET", "text": "Closet", "value": "NAO_INFORMADO", "optional": false}, {"key": "COZINHA_AMERICANA", "text": "Cozinha americana", "value": "NAO_INFORMADO", "optional": false}, {"key": "MESAS_E_CADEIRAS_DE_ESCRITORIO", "text": "Mesas e cadeiras de escrit\u00f3rio", "value": "NAO_INFORMADO", "optional": false}, {"key": "JARDIM", "text": "Jardim", "value": "NAO_INFORMADO", "optional": false}, {"key": "QUARTOS_E_CORREDORES_COM_PORTAS_AMPLAS", "text": "Quartos e corredores com portas amplas", "value": "NAO_INFORMADO", "optional": false}, {"key": "QUINTAL", "text": "Quintal", "value": "NAO_INFORMADO", "optional": false}, {"key": "SOMENTE_UMA_CASA_NO_TERRENO", "text": "Somente uma casa no terreno", "value": "NAO_INFORMADO", "optional": false}, {"key": "AREA_DE_SERVICO", "text": "\u00c1rea de servi\u00e7o", "value": "NAO_INFORMADO", "optional": false}], "comfortCommodities": [{"key": "BANHEIRA_DE_HIDROMASSAGEM", "text": "Banheira", "value": "NAO", "optional": false}, {"key": "PISCINA_PRIVATIVA", "text": "Piscina privativa", "value": "NAO", "optional": false}, {"key": "AR_CONDICIONADO", "text": "Ar condicionado", "value": "NAO", "optional": false}, {"key": "SOL_DA_MANHA", "text": "Sol da manh\u00e3", "value": "SIM", "optional": false}, {"key": "SOL_DA_TARDE", "text": "Sol da tarde", "value": "SIM", "optional": false}, {"key": "CORTINAS_BLACK_OUT", "text": "Cortinas corta luz", "value": "NAO", "optional": false}, {"key": "CORTINAS_DECORATIVAS", "text": "Cortina transl\u00facida", "value": "NAO", "optional": false}, {"key": "JANELA_ANTI_RUIDO", "text": "Janela anti-ru\u00eddo", "value": "NAO", "optional": false}, {"key": "VENTILADOR_DE_TETO", "text": "Ventilador de teto", "value": "NAO", "optional": false}, {"key": "LUMINOSIDADE_NATURAL", "text": "Janelas grandes", "value": "SIM", "optional": false}, {"key": "VISTA_LIVRE", "text": "Vista livre", "value": "SIM", "optional": false}, {"key": "RUA_SILENCIOSA", "text": "Rua silenciosa", "value": "SIM", "optional": false}], "practicalityCommodities": [{"key": "BOX", "text": "Box", "value": "SIM", "optional": false}, {"key": "ARMARIOS_EMBUTIDOS_NO_QUARTO", "text": "Arm\u00e1rios no quarto", "value": "NAO", "optional": false}, {"key": "ARMARIOS_NOS_BANHEIROS", "text": "Arm\u00e1rios no banheiro", "value": "SIM", "optional": false}, {"key": "ARMARIOS_NA_COZINHA", "text": "Arm\u00e1rios na cozinha", "value": "SIM", "optional": false}, {"key": "CHUVEIRO_A_GAS", "text": "Chuveiro a g\u00e1s", "value": "NAO", "optional": false}, {"key": "FOGAO_INCLUSO", "text": "Fog\u00e3o", "value": "NAO", "optional": false}, {"key": "GELADEIRA_INCLUSO", "text": "Geladeira", "value": "NAO", "optional": false}, {"key": "CHUVEIRO_ELETRICO", "text": "Chuveiro el\u00e9trico", "value": "SIM", "optional": false}, {"key": "MICROONDAS", "text": "Microondas", "value": "NAO", "optional": false}, {"key": "SOFA", "text": "Sof\u00e1", "value": "NAO", "optional": false}, {"key": "MAQUINA_DE_LAVAR", "text": "M\u00e1quina de lavar", "value": "NAO", "optional": false}, {"key": "TANQUE", "text": "Tanque", "value": "SIM", "optional": false}, {"key": "REDE_DE_PROTECAO", "text": "Tela nas janelas", "value": "NAO", "optional": false}, {"key": "VARAL_DE_ROUPAS", "text": "Varal de roupas", "value": "SIM", "optional": false}, {"key": "TOMADAS_NOVAS", "text": "Tomadas 3 pinos", "value": "NAO", "optional": false}, {"key": "TELEVISAO", "text": "Televis\u00e3o", "value": "NAO", "optional": false}, {"key": "MESAS_E_CADEIRAS_DE_JANTAR", "text": "Mesas e cadeiras de jantar", "value": "NAO", "optional": false}, {"key": "CHURRASQUEIRA", "text": "Churrasqueira", "value": "NAO_INFORMADO", "optional": false}, {"key": "ACESSO_SEM_DEGRAUS", "text": "Acesso sem degraus", "value": "NAO", "optional": false}, {"key": "COOKTOP", "text": "Fog\u00e3o cooktop", "value": "NAO", "optional": false}, {"key": "UTENSILIOS_DE_COZINHA", "text": "Utens\u00edlios de cozinha", "value": "NAO", "optional": false}, {"key": "CAMA_DE_CASAL", "text": "Cama de casal", "value": "NAO", "optional": false}, {"key": "CAMA_DE_SOLTEIRO", "text": "Cama de solteiro", "value": "NAO", "optional": false}, {"key": "ESPELHO_NO_BANHEIRO", "text": "Espelho no banheiro", "value": "SIM", "optional": false}, {"key": "FECHADURA_ELETRONICA", "text": "Fechadura eletr\u00f4nica", "value": "NAO", "optional": false}, {"key": "ENERGIA", "text": "Energia no im\u00f3vel", "value": "SIM", "optional": false}], "area": 250, "installations": [{"key": "PLAYGROUND", "text": "Playground", "value": "NAO"}, {"key": "PISCINA", "text": "Piscina", "value": "NAO"}, {"key": "CHURRASQUEIRA", "text": "Churrasqueira", "value": "NAO"}, {"key": "QUADRA_ESPORTIVA", "text": "Quadra esportiva", "value": "NAO"}, {"key": "ACADEMIA", "text": "Academia", "value": "NAO"}, {"key": "SALAO_DE_FESTAS", "text": "Sal\u00e3o de festas", "value": "NAO"}, {"key": "SAUNA", "text": "Sauna", "value": "NAO"}, {"key": "LAVANDERIA_NO_PREDIO", "text": "Lavanderia no pr\u00e9dio", "value": "NAO"}, {"key": "GAS_ENCANADO", "text": "G\u00e1s encanado", "value": "NAO"}, {"key": "ESPACO_GOURMET_NA_AREA_COMUM", "text": "Espa\u00e7o gourmet na \u00e1rea comum", "value": "NAO"}, {"key": "BRINQUEDOTECA", "text": "Brinquedoteca", "value": "NAO_INFORMADO"}, {"key": "CORRIMAO", "text": "Corrim\u00e3o", "value": "NAO_INFORMADO"}, {"key": "PISO_TATIL", "text": "Piso t\u00e1til", "value": "NAO_INFORMADO"}, {"key": "RAMPAS_DE_ACESSO", "text": "Rampas de acesso", "value": "NAO_INFORMADO"}, {"key": "SALAO_DE_JOGOS", "text": "Sal\u00e3o de jogos", "value": "NAO_INFORMADO"}, {"key": "VAGA_DE_GARAGEM_ACESSIVEL", "text": "Vaga de garagem acess\u00edvel", "value": "NAO_INFORMADO"}, {"key": "AREA_VERDE", "text": "\u00c1rea verde", "value": "NAO_INFORMADO"}, {"key": "Elevador", "value": "NAO"}, {"key": "Porteiro24H", "value": "NAO"}], "rentPrice": 9000, "condoPrice": 0, "condoType": "IncluidoNoAluguel", "region": {"name": "Vila Mariana", "hub": {"loading": "UNSET", "enabled": false, "abSecretariat": false, "isPrimaryMarket": false}, "id": 51}, "type": "Casa", "iptuType": "Normal", "totalCost": 9799, "parkingSpaces": 7, "address": {"street": "Rua Santo Irineu", "neighborhood": "Bosque da Sa\u00fade", "city": "S\u00e3o Paulo", "zipCode": "04127-120", "stateName": "S\u00e3o Paulo", "stateAcronym": "SP", "lat": -23.6041003, "lng": -46.6274627, "countryName": "Brasil", "countryCode": "BR", "country": "Brasil"}, "homeProtection": 149, "remarks": "Excelente sobrado pr\u00f3ximo ao metr\u00f4 Santa Cruz e Santos-Imigrantes, com recuo lateral e vaga para 4 carros. Quintal e depend\u00eancia de empregada.\nExcelente espa\u00e7o!!!", "acceptsPets": true, "hasFurniture": false, "isNearSubway": false, "placesNearby": [{"name": "RASC Aprendiz SP", "type": "UNIVERSITY_OR_COLLEGE", "slug": "rasc-aprendiz-sp-vila-mariana-sao-paulo-sp"}, {"name": "Col\u00e9gio Nova Gera\u00e7\u00e3o", "type": "SCHOOL", "slug": "colegio-nova-geracao-bosque-da-saude-sao-paulo-sp"}, {"name": "Hospital Santa Cruz", "type": "HOSPITAL", "slug": "hospital-santa-cruz-sao-paulo-sp-brasil"}, {"name": "Escola Eduque", "type": "SCHOOL", "slug": "escola-eduque-bosque-da-saude-sao-paulo-sp"}, {"name": "Col\u00e9gio Marista", "type": "SCHOOL", "slug": "colegio-marista-vila-mariana-sao-paulo-sp"}, {"name": "Shopping Santa Cruz", "type": "SHOPPING_MALL", "slug": "shopping-santa-cruz-vila-mariana-sao-paulo-sp"}, {"name": "EEPG Lazar Segall", "type": "SCHOOL", "slug": "eepg-lazar-segall-vila-mariana-sao-paulo-sp"}, {"name": "Centro de Refer\u00eancia e Treinamento DST/Aids-SP", "type": "HOSPITAL", "slug": "centro-de-referencia-e-treinamento-dst-aids-sp-vila-mariana-sao-paulo-sp"}, {"name": "Instituto de Medicina F\u00edsica e de Reabilita\u00e7\u00e3o", "type": "HOSPITAL", "slug": "instituto-de-medicina-fisica-e-de-reabilitacao-vila-mariana-sao-paulo-sp"}, {"name": "Lycee Pasteur", "type": "SCHOOL", "slug": "lycee-pasteur-vila-mariana-sao-paulo-sp"}, {"name": "Escola Sa\u00fade", "type": "SCHOOL", "slug": "escola-saude-chacara-inglesa-sao-paulo-sp"}, {"name": "Centro de Eventos Vila Mariana", "type": "MUSEUM_THEATRE_OR_CONCERT_HALL", "slug": "centro-de-eventos-vila-mariana-vila-mariana-sao-paulo-sp"}, {"name": "UNIFESP", "type": "UNIVERSITY_OR_COLLEGE", "slug": "unifesp-vila-clementino-sao-paulo-sp"}, {"name": "Shopping Plaza Sul", "type": "SHOPPING_MALL", "slug": "shopping-plaza-sul-jardim-da-saude-sao-paulo-sp"}, {"name": "CNA", "type": "SCHOOL", "slug": "cna-vila-mariana-sao-paulo-sp"}, {"name": "Escola Estadual Professora Maria Ribeiro Guimar\u00e3es Bueno", "type": "SCHOOL", "slug": "escola-estadual-professora-maria-ribeiro-guimaraes-bueno-saude-sao-paulo-sp"}, {"name": "DeRose Method Plaza Sul", "type": "UNIVERSITY_OR_COLLEGE", "slug": "derose-method-plaza-sul-bosque-da-saude-sao-paulo-sp"}, {"name": "Escola Paulista de Medicina - UNIFESP", "type": "UNIVERSITY_OR_COLLEGE", "slug": "unifesp-medicina-sao-paulo-sp"}, {"name": "Aqu\u00e1rio de S\u00e3o Paulo", "type": "PARK_OR_GREEN_AREA", "slug": "aquario-de-sao-paulo-sao-paulo-sp-brasil"}, {"name": "Universidade Paulistana", "type": "UNIVERSITY_OR_COLLEGE", "slug": "universidade-paulistana-vila-mariana-sao-paulo-sp"}], "availabilityType": "IMMEDIATE", "photos": [{"id": 12201171, "subtitle": "Sala de Estar", "url": "893246857-618.7574773036231IMG9326.JPG", "cover": true}, {"id": 12201167, "subtitle": "Sala de Estar", "url": "893246857-89.72589281390675IMG9324.JPG", "cover": false}, {"id": 12201170, "subtitle": "Sala de Estar", "url": "893246857-381.10099546126344IMG9325.JPG", "cover": false}, {"id": 12201175, "subtitle": "Sala de Estar", "url": "893246857-251.89254964359696IMG9327.JPG", "cover": false}, {"id": 12202644, "subtitle": "Lavabo", "url": "893246857-943.6149970674454IMG9332.JPG", "cover": false}, {"id": 12202640, "subtitle": "Lavabo", "url": "893246857-984.9248315338998IMG9333.JPG", "cover": false}, {"id": 12201204, "subtitle": "Sala de Jantar", "url": "893246857-854.781492816495IMG9336.JPG", "cover": false}, {"id": 12201210, "subtitle": "Sala de Jantar", "url": "893246857-114.6488584912423IMG9338.JPG", "cover": false}, {"id": 12201207, "subtitle": "Sala de Jantar", "url": "893246857-394.89630751240543IMG9337.JPG", "cover": false}, {"id": 12201202, "subtitle": "Sala de Jantar", "url": "893246857-999.1378290688448IMG9340.JPG", "cover": false}, {"id": 12201231, "subtitle": "Quarto 1", "url": "893246857-451.7066735500226IMG9363.JPG", "cover": false}, {"id": 12201233, "subtitle": "Quarto 1", "url": "893246857-69.88417710386629IMG9365.JPG", "cover": false}, {"id": 12201236, "subtitle": "Quarto 1", "url": "893246857-603.4131210748321IMG9366.JPG", "cover": false}, {"id": 12201232, "subtitle": "Quarto 1", "url": "893246857-435.7344930113205IMG9364.JPG", "cover": false}, {"id": 12203695, "subtitle": "Banheiro do Quarto 1", "url": "893246857-946.0370001074928IMG9369.JPG", "cover": false}, {"id": 12201302, "subtitle": "Banheiro do Quarto 1", "url": "893246857-988.0847528304035IMG9372.JPG", "cover": false}, {"id": 12201304, "subtitle": "Banheiro do Quarto 1", "url": "893246857-623.7968023934828IMG9370.JPG", "cover": false}, {"id": 12201306, "subtitle": "Banheiro do Quarto 1", "url": "893246857-100.86742828432416IMG9371.JPG", "cover": false}, {"id": 12201230, "subtitle": "Vista do Quarto 1", "url": "893246857-63.837287139098194IMG9368.JPG", "cover": false}, {"id": 12201470, "subtitle": "Quarto 2", "url": "893246857-851.5239930013752IMG9380.JPG", "cover": false}, {"id": 12201475, "subtitle": "Quarto 2", "url": "893246857-289.4766468997412IMG9377.JPG", "cover": false}, {"id": 12201478, "subtitle": "Quarto 2", "url": "893246857-744.9890919595007IMG9378.JPG", "cover": false}, {"id": 12201836, "subtitle": "Quarto 2", "url": "893246857-816.7139828519139IMG93772.JPG", "cover": false}, {"id": 12201933, "subtitle": "Banheiro do Quarto 2", "url": "893246857-115.53763726464095IMG9373.JPG", "cover": false}, {"id": 12202401, "subtitle": null, "url": "893246857-877.3555629970062IMG9375.JPG", "cover": false}, {"id": 12202525, "subtitle": "Banheiro do Quarto 2", "url": "893246857-520.7783930508944IMG9375.JPG", "cover": false}, {"id": 12201936, "subtitle": "Banheiro do Quarto 2", "url": "893246857-151.1772744365988IMG9374.JPG", "cover": false}, {"id": 12201930, "subtitle": "Banheiro do Quarto 2", "url": "893246857-197.85459149754493IMG9376.JPG", "cover": false}, {"id": 12202565, "subtitle": "Quarto 3", "url": "893246857-218.62010896315553IMG9381.JPG", "cover": false}, {"id": 12202567, "subtitle": "Quarto 3", "url": "893246857-564.756752841336IMG9383.JPG", "cover": false}, {"id": 12202566, "subtitle": "Quarto 3", "url": "893246857-184.85190756287716IMG9382.JPG", "cover": false}, {"id": 12202568, "subtitle": "Quarto 3", "url": "893246857-366.85168839576255IMG9384.JPG", "cover": false}, {"id": 12202571, "subtitle": "Varanda do Quarto 3", "url": "893246857-441.7721787085298IMG9386.JPG", "cover": false}, {"id": 12202572, "subtitle": "Varanda do Quarto 3", "url": "893246857-537.3850811943346IMG9387.JPG", "cover": false}, {"id": 12202570, "subtitle": "Varanda do Quarto 3", "url": "893246857-802.3646659833175IMG9385.JPG", "cover": false}, {"id": 12202575, "subtitle": "Banheiro do Quarto 3", "url": "893246857-0.5023963514023677IMG9388.JPG", "cover": false}, {"id": 12202580, "subtitle": "Banheiro do Quarto 3", "url": "893246857-134.30906980041445IMG9390.JPG", "cover": false}, {"id": 12202579, "subtitle": "Banheiro do Quarto 3", "url": "893246857-252.18462239870055IMG9389.JPG", "cover": false}, {"id": 12202821, "subtitle": "Cozinha", "url": "893246857-245.9212092228481IMG9342.JPG", "cover": false}, {"id": 12202827, "subtitle": "Cozinha", "url": "893246857-653.1404862896228IMG9345.JPG", "cover": false}, {"id": 12202830, "subtitle": "Cozinha", "url": "893246857-176.25630213953102IMG9346.JPG", "cover": false}, {"id": 12202823, "subtitle": "Cozinha", "url": "893246857-107.53447342252542IMG9343.JPG", "cover": false}, {"id": 12202824, "subtitle": "Cozinha", "url": "893246857-862.5942203533148IMG9344.JPG", "cover": false}, {"id": 12202832, "subtitle": "Cozinha", "url": "893246857-970.5156420669629IMG9347.JPG", "cover": false}, {"id": 12202818, "subtitle": "Cozinha", "url": "893246857-330.74866270226255IMG9348.JPG", "cover": false}, {"id": 12203390, "subtitle": "\u00c1rea de Servi\u00e7o", "url": "893246857-132.22288931181603IMG9349.JPG", "cover": false}, {"id": 12203389, "subtitle": "\u00c1rea de Servi\u00e7o", "url": "893246857-812.6747026819772IMG9351.JPG", "cover": false}, {"id": 12203404, "subtitle": "Quarto de Servi\u00e7o", "url": "893246857-121.66648430009764IMG9352.JPG", "cover": false}, {"id": 12203406, "subtitle": "Quarto de Servi\u00e7o", "url": "893246857-554.6750426244357IMG9355.JPG", "cover": false}, {"id": 12203405, "subtitle": "Quarto de Servi\u00e7o", "url": "893246857-342.2675267133251IMG9354.JPG", "cover": false}, {"id": 12203408, "subtitle": "Banheiro de Servi\u00e7o", "url": "893246857-545.8159235181324IMG9356.JPG", "cover": false}, {"id": 12203401, "subtitle": "Banheiro de Servi\u00e7o", "url": "893246857-71.31259928897582IMG9357.JPG", "cover": false}, {"id": 12203403, "subtitle": "Banheiro de Servi\u00e7o", "url": "893246857-515.153796427744IMG9358.JPG", "cover": false}, {"id": 12203482, "subtitle": "Corredor", "url": "893246857-290.63740707054467IMG9328.JPG", "cover": false}, {"id": 12203485, "subtitle": "Corredor", "url": "893246857-763.2421060901348IMG9329.JPG", "cover": false}, {"id": 12203488, "subtitle": "Corredor", "url": "893246857-750.5413986237883IMG9331.JPG", "cover": false}, {"id": 12203589, "subtitle": "Corredor", "url": "893246857-776.9535250927045IMG9362.JPG", "cover": false}, {"id": 12203490, "subtitle": "Corredor Externo", "url": "893246857-54.889232849990144IMG9391.JPG", "cover": false}, {"id": 12203519, "subtitle": "Corredor Externo", "url": "893246857-797.4207372386817IMG9323.JPG", "cover": false}, {"id": 12203492, "subtitle": "Quintal", "url": "893246857-644.0380423474218IMG9392.JPG", "cover": false}, {"id": 12203495, "subtitle": "Quintal", "url": "893246857-394.7954831024474IMG9393.JPG", "cover": false}, {"id": 12203499, "subtitle": "Quintal", "url": "893246857-792.5735794724291IMG9394.JPG", "cover": false}, {"id": 12203504, "subtitle": "Quintal", "url": "893246857-548.3828729972183IMG9395.JPG", "cover": false}, {"id": 12203507, "subtitle": "Garagem", "url": "893246857-372.90226178567065IMG9396.JPG", "cover": false}, {"id": 12203511, "subtitle": "Garagem", "url": "893246857-871.8251517217413IMG9397.JPG", "cover": false}, {"id": 12203513, "subtitle": "Garagem", "url": "893246857-585.8933761963287IMG9398.JPG", "cover": false}, {"id": 12203516, "subtitle": "Garagem", "url": "893246857-766.791093680853IMG9399.JPG", "cover": false}], "photosCategorizedByRooms": [], "relevantRegions": [], "photospheres": [], "specialConditions": ["Exclusivity"], "offers": {"closingRate": 0, "shouldHighlightIcon": true, "shouldShowOfferDialog": false, "shouldShowOffers": false, "summary": []}, "status": "publicado", "showUrlHasBeenCopiedSnackbar": false, "isGalleryModalOpen": false, "error": false, "loaded": true, "loading": false, "loadingCategorizedRooms": false, "selectedMedia": "tenant/HouseMedia/PHOTOS", "video": "", "promotions": [], "condominium": {}, "forRent": true, "forSale": true, "salePrice": 2800000, "mortgageFirstInstallment": 0, "listings": [{"imovelId": 893246857, "businessContext": "RENT", "status": "publicado", "firstPublicationDate": "2021-03-15T21:26:52.000+0000", "lastPublicationDate": "2022-12-01T21:07:07.000+0000", "listingRentModel": {"listingBusinessContextId": 595900, "rentalAdministrator": "QUINTOANDAR"}, "ownership": "STANDARD"}, {"imovelId": 893246857, "businessContext": "SALE", "status": "publicado", "firstPublicationDate": "2022-12-01T21:07:55.000+0000", "lastPublicationDate": "2022-12-01T21:07:55.000+0000", "ownership": "STANDARD"}], "listingTags": [], "businessContext": "", "regionParameters": {"loaded": false, "loading": false, "RENT": {"visitsEnabled": true, "talkToAgentEnabled": false}, "SALE": {"visitsEnabled": true, "talkToAgentEnabled": false}}, "houseAgent": {"isDialogOpen": false, "alreadyOpenedByQueryParam": false}, "tenantServiceFee": 233, "closingStatus": {"loading": false}, "rentalGuarantee": {"minValue": 2250, "maxValue": 6750}, "reservationAvailability": null, "isPrimaryMarket": false, "macroRegion": {"id": 2728, "name": "SPO 03"}, "suites": 3, "houseVisitStatus": "ACCEPT_NEW", "visitStatusReason": null, "visitsUnavailable": false, "isReserved": false, "allowDirectOffer": true, "lastPublishedDate": "2022-12-01T21:07:07.000Z", "listingPublication": "stranded", "rentOnTermination": false, "constructionYear": null, "categories": []}, "markers": {"lat": -23.6041003, "lng": -46.6274627}, "talkToAgent": {"dialog": {"open": false, "questionType": null, "question": ""}, "agentSupport": {}, "error": null, "autoSubmit": false, "loading": false, "submitting": false, "success": false, "hasLoadedAgentInfo": false, "agent": null, "hasLoadedAgentsInRegion": false, "agentsInRegion": null}}}}, "__N_SSP": true}, "page": "/imovel/[houseId]/[[...slug]]", "query": {"houseId": "893246857", "slug": ["alugar", "casa-3-quartos-bosque-da-saude-sao-paulo"]}, "buildId": "gCr3Bg2lYzV9hxZqGibIQ", "runtimeConfig": {"NEXT_PUBLIC_HOME_ADVERTISING_BANNER": "coupon"}, "isFallback": false, "dynamicIds": [61847, 31265, 66435, 77453, 87356, 60899, 41103, 3232, 33207, 72227, 40072, 39327, 19904, 96827], "gssp": true, "customServer": true, "appGip": true, "locale": "pt-BR", "locales": ["pt-BR", "es-MX"], "defaultLocale": "pt-BR", "domainLocales": [{"domain": "www.quintoandar.com.br", "defaultLocale": "pt-BR"}, {"domain": "www.benvi.mx", "defaultLocale": "es-MX"}], "scriptLoader": []}