{"props": {"pageProps": {"initialState": {"route": {"locationBeforeTransitions": {"pathname": "/imovel/893203601/alugar/casa-4-quartos-jardim-primavera-zona-norte-sao-paulo", "search": "", "hash": "", "action": "POP", "query": {}}, "topLevelRouteName": "house details", "businessContext": "RENT", "favoriteListsBusinessContext": "RENT"}, "router": {"location": {"href": "/", "pathname": "/", "search": "", "hash": ""}}, "progress": {"pendingRequests": -1}, "login": {"response": {}, "user": {"isLoggedIn": false, "id": 0, "agentId": 0, "hashId": "", "sessionId": null, "name": "", "email": "", "maskedEmail": "", "jwt": {"app": "", "firebase": ""}, "phone": {"countryCode": "+55", "areaCode": "", "phoneNumber": ""}, "country": "BR", "channel": "", "isPhoneRegistered": false, "acceptWhatsapp": true, "hasDocument": false, "isPartner": false}, "accountForm": {}, "redirectUrl": "", "isRequestOngoing": false}, "captcha": {"token": "", "hasLoadedRemoteConfig": false, "provider": "", "friction": "low", "unavailableCountriesCode": []}, "supportedCities": [], "inAppMessages": {"biomaSurvey": {"isOpen": false, "formId": null, "data": {"opaque": true}}}, "metaData": {"similar_houses_clicked": []}, "appData": {"device": {"type": "desktop", "isSearchEngineCrawler": false}, "experiments": "X-AB-Test=ab_exposed_filter_sale_desktop:1,ab_exposed_filter_sale_v1:1,ab_exposed_filters:1,ab_load_more_v0:-1,ab_new_house_card_v2:0,ab_new_rent_listing_phase2:0,ab_profiling_create_alert_filters:0,ab_scheduling_step_by_step_v1:1,ab_show_floor_sale:0,ab_street_search_retrieval_v1:0"}, "house": {"houseInfo": {"id": "893203601", "displayId": "503601", "bedrooms": 4, "city": "S\u00e3o Paulo", "cityId": 39, "bathrooms": 5, "iptu": 167, "amenities": [{"key": "BANHEIRA_DE_HIDROMASSAGEM", "text": "Banheira", "value": "NAO", "optional": false}, {"key": "BOX", "text": "Box", "value": "SIM", "optional": false}, {"key": "VARANDA", "text": "Varanda", "value": "NAO_INFORMADO", "optional": false}, {"key": "PISCINA_PRIVATIVA", "text": "Piscina privativa", "value": "NAO", "optional": false}, {"key": "ARMARIOS_EMBUTIDOS_NO_QUARTO", "text": "Arm\u00e1rios no quarto", "value": "SIM", "optional": false}, {"key": "ARMARIOS_NOS_BANHEIROS", "text": "Arm\u00e1rios no banheiro", "value": "SIM", "optional": false}, {"key": "ARMARIOS_NA_COZINHA", "text": "Arm\u00e1rios na cozinha", "value": "SIM", "optional": false}, {"key": "AR_CONDICIONADO", "text": "Ar condicionado", "value": "NAO", "optional": false}, {"key": "CHUVEIRO_A_GAS", "text": "Chuveiro a g\u00e1s", "value": "NAO", "optional": false}, {"key": "QUARTO_DE_SERVICO", "text": "Quarto de servi\u00e7o", "value": "NAO", "optional": false}, {"key": "BANHEIRO_DE_SERVICO", "text": "Banheiro de servi\u00e7o", "value": "NAO", "optional": false}, {"key": "VARANDA_GOURMET", "text": "Varanda gourmet", "value": "NAO", "optional": false}, {"key": "APARTAMENTO_COBERTURA", "text": "Apartamento cobertura", "value": "NAO", "optional": false}, {"key": "QUARTO_EXTRA_REVERSIVEL", "text": "Quarto extra revers\u00edvel", "value": "NAO", "optional": false}, {"key": "FOGAO_INCLUSO", "text": "Fog\u00e3o", "value": "SIM", "optional": false}, {"key": "GELADEIRA_INCLUSO", "text": "Geladeira", "value": "SIM", "optional": false}, {"key": "BANHEIRO_ADAPTADO", "text": "Banheiro adaptado", "value": "NAO_INFORMADO", "optional": false}, {"key": "CLOSET", "text": "Closet", "value": "NAO_INFORMADO", "optional": false}, {"key": "COZINHA_AMERICANA", "text": "Cozinha americana", "value": "NAO_INFORMADO", "optional": false}, {"key": "MESAS_E_CADEIRAS_DE_ESCRITORIO", "text": "Mesas e cadeiras de escrit\u00f3rio", "value": "NAO_INFORMADO", "optional": false}, {"key": "JARDIM", "text": "Jardim", "value": "NAO_INFORMADO", "optional": false}, {"key": "QUARTOS_E_CORREDORES_COM_PORTAS_AMPLAS", "text": "Quartos e corredores com portas amplas", "value": "NAO_INFORMADO", "optional": false}, {"key": "QUINTAL", "text": "Quintal", "value": "NAO_INFORMADO", "optional": false}, {"key": "SOMENTE_UMA_CASA_NO_TERRENO", "text": "Somente uma casa no terreno", "value": "NAO_INFORMADO", "optional": false}, {"key": "AREA_DE_SERVICO", "text": "\u00c1rea de servi\u00e7o", "value": "NAO_INFORMADO", "optional": false}], "comfortCommodities": [{"key": "BANHEIRA_DE_HIDROMASSAGEM", "text": "Banheira", "value": "NAO", "optional": false}, {"key": "PISCINA_PRIVATIVA", "text": "Piscina privativa", "value": "NAO", "optional": false}, {"key": "AR_CONDICIONADO", "text": "Ar condicionado", "value": "NAO", "optional": false}, {"key": "SOL_DA_MANHA", "text": "Sol da manh\u00e3", "value": "SIM", "optional": false}, {"key": "SOL_DA_TARDE", "text": "Sol da tarde", "value": "SIM", "optional": false}, {"key": "CORTINAS_BLACK_OUT", "text": "Cortinas corta luz", "value": "NAO", "optional": false}, {"key": "CORTINAS_DECORATIVAS", "text": "Cortina transl\u00facida", "value": "NAO", "optional": false}, {"key": "JANELA_ANTI_RUIDO", "text": "Janela anti-ru\u00eddo", "value": "NAO", "optional": false}, {"key": "VENTILADOR_DE_TETO", "text": "Ventilador de teto", "value": "NAO", "optional": false}, {"key": "LUMINOSIDADE_NATURAL", "text": "Janelas grandes", "value": "NAO", "optional": false}, {"key": "VISTA_LIVRE", "text": "Vista livre", "value": "SIM", "optional": false}, {"key": "RUA_SILENCIOSA", "text": "Rua silenciosa", "value": "SIM", "optional": false}], "practicalityCommodities": [{"key": "BOX", "text": "Box", "value": "SIM", "optional": false}, {"key": "ARMARIOS_EMBUTIDOS_NO_QUARTO", "text": "Arm\u00e1rios no quarto", "value": "SIM", "optional": false}, {"key": "ARMARIOS_NOS_BANHEIROS", "text": "Arm\u00e1rios no banheiro", "value": "SIM", "optional": false}, {"key": "ARMARIOS_NA_COZINHA", "text": "Arm\u00e1rios na cozinha", "value": "SIM", "optional": false}, {"key": "CHUVEIRO_A_GAS", "text": "Chuveiro a g\u00e1s", "value": "NAO", "optional": false}, {"key": "FOGAO_INCLUSO", "text": "Fog\u00e3o", "value": "SIM", "optional": false}, {"key": "GELADEIRA_INCLUSO", "text": "Geladeira", "value": "SIM", "optional": false}, {"key": "CHUVEIRO_ELETRICO", "text": "Chuveiro el\u00e9trico", "value": "SIM", "optional": false}, {"key": "MICROONDAS", "text": "Microondas", "value": "NAO", "optional": false}, {"key": "SOFA", "text": "Sof\u00e1", "value": "SIM", "optional": false}, {"key": "MAQUINA_DE_LAVAR", "text": "M\u00e1quina de lavar", "value": "SIM", "optional": false}, {"key": "TANQUE", "text": "Tanque", "value": "SIM", "optional": false}, {"key": "REDE_DE_PROTECAO", "text": "Tela nas janelas", "value": "SIM", "optional": false}, {"key": "VARAL_DE_ROUPAS", "text": "Varal de roupas", "value": "SIM", "optional": false}, {"key": "TOMADAS_NOVAS", "text": "Tomadas 3 pinos", "value": "SIM", "optional": false}, {"key": "TELEVISAO", "text": "Televis\u00e3o", "value": "NAO", "optional": false}, {"key": "MESAS_E_CADEIRAS_DE_JANTAR", "text": "Mesas e cadeiras de jantar", "value": "SIM", "optional": false}, {"key": "CHURRASQUEIRA", "text": "Churrasqueira", "value": "NAO_INFORMADO", "optional": false}, {"key": "ACESSO_SEM_DEGRAUS", "text": "Acesso sem degraus", "value": "NAO", "optional": false}, {"key": "COOKTOP", "text": "Fog\u00e3o cooktop", "value": "NAO", "optional": false}, {"key": "UTENSILIOS_DE_COZINHA", "text": "Utens\u00edlios de cozinha", "value": "NAO", "optional": false}, {"key": "CAMA_DE_CASAL", "text": "Cama de casal", "value": "SIM", "optional": false}, {"key": "CAMA_DE_SOLTEIRO", "text": "Cama de solteiro", "value": "NAO", "optional": false}, {"key": "ESPELHO_NO_BANHEIRO", "text": "Espelho no banheiro", "value": "SIM", "optional": false}, {"key": "FECHADURA_ELETRONICA", "text": "Fechadura eletr\u00f4nica", "value": "NAO", "optional": false}, {"key": "ENERGIA", "text": "Energia no im\u00f3vel", "value": "SIM", "optional": false}], "area": 250, "installations": [{"key": "PLAYGROUND", "text": "Playground", "value": "NAO"}, {"key": "PISCINA", "text": "Piscina", "value": "NAO"}, {"key": "CHURRASQUEIRA", "text": "Churrasqueira", "value": "NAO"}, {"key": "QUADRA_ESPORTIVA", "text": "Quadra esportiva", "value": "NAO"}, {"key": "ACADEMIA", "text": "Academia", "value": "NAO"}, {"key": "SALAO_DE_FESTAS", "text": "Sal\u00e3o de festas", "value": "NAO"}, {"key": "SAUNA", "text": "Sauna", "value": "NAO"}, {"key": "LAVANDERIA_NO_PREDIO", "text": "Lavanderia no pr\u00e9dio", "value": "NAO"}, {"key": "GAS_ENCANADO", "text": "G\u00e1s encanado", "value": "NAO"}, {"key": "ESPACO_GOURMET_NA_AREA_COMUM", "text": "Espa\u00e7o gourmet na \u00e1rea comum", "value": "NAO"}, {"key": "BRINQUEDOTECA", "text": "Brinquedoteca", "value": "NAO_INFORMADO"}, {"key": "CORRIMAO", "text": "Corrim\u00e3o", "value": "NAO_INFORMADO"}, {"key": "PISO_TATIL", "text": "Piso t\u00e1til", "value": "NAO_INFORMADO"}, {"key": "RAMPAS_DE_ACESSO", "text": "Rampas de acesso", "value": "NAO_INFORMADO"}, {"key": "SALAO_DE_JOGOS", "text": "Sal\u00e3o de jogos", "value": "NAO_INFORMADO"}, {"key": "VAGA_DE_GARAGEM_ACESSIVEL", "text": "Vaga de garagem acess\u00edvel", "value": "NAO_INFORMADO"}, {"key": "AREA_VERDE", "text": "\u00c1rea verde", "value": "NAO_INFORMADO"}, {"key": "Elevador", "value": "NAO"}, {"key": "Porteiro24H", "value": "NAO"}], "rentPrice": 4109, "condoPrice": 0, "condoType": "NaoExiste", "region": {"name": "Jardim Primavera", "hub": {"loading": "UNSET", "enabled": false, "abSecretariat": false, "isPrimaryMarket": false}, "id": 2541}, "type": "Casa", "iptuType": "Normal", "totalCost": 4450, "parkingSpaces": 6, "address": {"street": "Rua Manoel Duarte", "neighborhood": "Jardim Primavera (zona Norte)", "city": "S\u00e3o Paulo", "zipCode": "02756-130", "stateName": "S\u00e3o Paulo", "stateAcronym": "SP", "lat": -23.4862756, "lng": -46.6762945, "countryName": "Brasil", "countryCode": "BR", "country": "Brasil"}, "homeProtection": 68, "remarks": "Sobrado semi novo, bem localizado, excelente ", "acceptsPets": true, "hasFurniture": true, "isNearSubway": false, "placesNearby": [{"name": "Col\u00e9gio Progresso", "type": "SCHOOL", "slug": "colegio-progresso-vila-santa-maria-sao-paulo-sp-brasil"}, {"name": "Creche P\u00fablica Lygia Fagundes Telles", "type": "SCHOOL", "slug": "creche-publica-lygia-fagundes-telles-jardim-primavera-sao-paulo-sp-brasil"}, {"name": "Escola Estadual Prof. Mario Teixeira Mariano", "type": "SCHOOL", "slug": "escola-estadual-prof-mario-teixeira-mariano-jardim-primavera-sao-paulo-sp-brasil"}, {"name": "Escola Estadual Paulo Set\u00fabal", "type": "SCHOOL", "slug": "escola-estadual-paulo-setubal-vila-santa-maria-sao-paulo-sp-brasil"}, {"name": "Col\u00e9gio Del Rios", "type": "SCHOOL", "slug": "colegio-del-rios-jardim-primavera-sao-paulo-sp-brasil"}, {"name": "EMEF Humberto Dantas", "type": "SCHOOL", "slug": "emef-humberto-dantas-casa-verde-alta-sao-paulo-sp-brasil"}, {"name": "Hospital Geral de Vila Nova Cachoeirinha", "type": "HOSPITAL", "slug": "hospital-geral-de-vila-nova-cachoeirinha-vila-nova-cachoeirinha-sao-paulo-sp-brasil"}, {"name": "Escola Antoine de Saint Exupery", "type": "SCHOOL", "slug": "escola-antoine-de-saint-exupery-sao-paulo-sp-brasil"}, {"name": "EMEI Vicente Paulo da Silva", "type": "SCHOOL", "slug": "emei-vicente-paulo-da-silva-vila-santa-maria-sao-paulo-sp-brasil"}, {"name": "Escola Dr. M\u00e1rio de Moraes", "type": "SCHOOL", "slug": "escola-dr-mario-de-moraes-vila-nova-cachoeirinha-sao-paulo-sp-brasil"}, {"name": "UBS Vila Santa Maria", "type": "HOSPITAL", "slug": "ubs-vila-santa-maria-vila-santa-maria-sao-paulo-sp-brasil"}, {"name": "SESI \u2013 Vila Espanhola", "type": "SCHOOL", "slug": "sesi-vila-espanhola-vila-espanhola-sao-paulo-sp"}, {"name": "Col\u00e9gio 14 de Julho", "type": "SCHOOL", "slug": "colegio-14-de-julho-vila-nova-cachoeirinha-sao-paulo-sp"}, {"name": "Centro Cultural da Juventude Ruth Cardoso", "type": "MUSEUM_THEATRE_OR_CONCERT_HALL", "slug": "centro-cultural-da-juventude-ruth-cardoso-vila-penteado-sao-paulo-sp"}, {"name": "UBS Casa Verde Alta", "type": "HOSPITAL", "slug": "ubs-casa-verde-alta-casa-verde-alta-sao-paulo-sp-brasil"}, {"name": "Col\u00e9gio Nova Meta", "type": "SCHOOL", "slug": "colegio-nova-meta-casa-verde-alta-sao-paulo-sp-brasil"}, {"name": "Escola Macedo Soares", "type": "SCHOOL", "slug": "escola-macedo-soares-sao-paulo-sp-brasil"}, {"name": "Escola Professora A. Madureira", "type": "SCHOOL", "slug": "escola-professora-a-madureira-sao-paulo-sp-brasil"}, {"name": "Emef Professor Gilberto Dupas", "type": "SCHOOL", "slug": "emef-professor-gilberto-dupas-vila-penteado-sao-paulo-sp"}, {"name": "Wizard - Ingl\u00eas", "type": "SCHOOL", "slug": "wizard-ingles-vila-penteado-sao-paulo-sp"}, {"name": "Col\u00e9gio Santa L\u00facia Filipina", "type": "SCHOOL", "slug": "colegio-santa-lucia-filipina-sao-paulo-sp-brasil"}, {"name": "Escola Tito P. da Fonseca", "type": "SCHOOL", "slug": "escola-tito-p-da-fonseca-sao-paulo-sp-brasil"}, {"name": "Escola Doutor Elias de Siqueira Cavalcante", "type": "SCHOOL", "slug": "escola-doutor-elias-de-siqueira-cavalcante-sao-paulo-sp-brasil"}, {"name": "Vip Colegio", "type": "SCHOOL", "slug": "vip-colegio-vila-roque-sao-paulo-sp"}, {"name": "Circo Escola", "type": "SCHOOL", "slug": "circo-escola-vila-penteado-sao-paulo-sp"}, {"name": "Col\u00e9gio Aquarela", "type": "SCHOOL", "slug": "colegio-aquarela-casa-verde-alta-sao-paulo-sp-brasil"}, {"name": "Escola Itaberaba", "type": "SCHOOL", "slug": "escola-itaberaba-sao-paulo-sp-brasil"}, {"name": "Escola Cacilda Becker", "type": "SCHOOL", "slug": "escola-cacilda-becker-sao-paulo-sp-brasil"}, {"name": "Escola Estadual Regente Feij\u00f3", "type": "SCHOOL", "slug": "escola-estadual-regente-feijo-freguesia-do-\u00f3-sao-paulo-sp"}, {"name": "Instituto Educa\u00e7\u00e3o e Assist\u00eancia Filipina", "type": "SCHOOL", "slug": "instituto-educacao-e-assistencia-filipina-sao-paulo-sp-brasil"}], "availabilityType": "IMMEDIATE", "photos": [{"id": 9679298, "subtitle": "Sala", "url": "893203601-651.50797551912995036011.jpg", "cover": true}, {"id": 9679299, "subtitle": "Sala", "url": "893203601-655.65303597346015036012.jpg", "cover": false}, {"id": 9679300, "subtitle": "Sala", "url": "893203601-882.83203154450545036013.jpg", "cover": false}, {"id": 9679301, "subtitle": "Sala", "url": "893203601-809.42242714592235036014.jpg", "cover": false}, {"id": 9679302, "subtitle": "Vista da Sala", "url": "893203601-123.073511162862255036015.jpg", "cover": false}, {"id": 9679303, "subtitle": "Escada", "url": "893203601-333.245587963249765036016.jpg", "cover": false}, {"id": 9679304, "subtitle": "Corredor", "url": "893203601-966.26942695607525036017.jpg", "cover": false}, {"id": 9679305, "subtitle": "Su\u00edte", "url": "893203601-549.93428078513115036018.jpg", "cover": false}, {"id": 9679306, "subtitle": "Su\u00edte", "url": "893203601-267.45537729968255036019.jpg", "cover": false}, {"id": 9679307, "subtitle": "Su\u00edte", "url": "893203601-329.4951058574261550360110.jpg", "cover": false}, {"id": 9679308, "subtitle": "Su\u00edte", "url": "893203601-399.818594916793850360111.jpg", "cover": false}, {"id": 9679455, "subtitle": "Su\u00edte", "url": "893203601-117.9028822821620550360185.jpg", "cover": false}, {"id": 9679309, "subtitle": "Varanda da Su\u00edte", "url": "893203601-522.768949339763350360112.jpg", "cover": false}, {"id": 9679310, "subtitle": "Vista da Su\u00edte", "url": "893203601-722.819045332315950360113.jpg", "cover": false}, {"id": 9679311, "subtitle": "Banheiro da Su\u00edte", "url": "893203601-773.769106971284950360114.jpg", "cover": false}, {"id": 9679312, "subtitle": "Banheiro da Su\u00edte", "url": "893203601-626.071429425201150360115.jpg", "cover": false}, {"id": 9679313, "subtitle": "Banheiro da Su\u00edte", "url": "893203601-811.890074021004650360116.jpg", "cover": false}, {"id": 9679314, "subtitle": "Banheiro da Su\u00edte", "url": "893203601-309.219286582824450360117.jpg", "cover": false}, {"id": 9679315, "subtitle": "Banheiro da Su\u00edte", "url": "893203601-711.888996534236950360118.jpg", "cover": false}, {"id": 9679316, "subtitle": "Quarto 1 ", "url": "893203601-194.7194260993987350360119.jpg", "cover": false}, {"id": 9679317, "subtitle": "Quarto 1 ", "url": "893203601-346.3665255148834550360120.jpg", "cover": false}, {"id": 9679318, "subtitle": "Quarto 1 ", "url": "893203601-63.1668809775566350360121.jpg", "cover": false}, {"id": 9679319, "subtitle": "Quarto 1 ", "url": "893203601-134.8468964456414250360122.jpg", "cover": false}, {"id": 9679320, "subtitle": "Vista do Quarto 1 ", "url": "893203601-420.606274281319550360123.jpg", "cover": false}, {"id": 9679321, "subtitle": "Quarto 2", "url": "893203601-896.912395254372450360124.jpg", "cover": false}, {"id": 9679322, "subtitle": "Quarto 2", "url": "893203601-847.743020678535350360125.jpg", "cover": false}, {"id": 9679323, "subtitle": "Quarto 2", "url": "893203601-370.829951249201850360126.jpg", "cover": false}, {"id": 9679324, "subtitle": "Quarto 2", "url": "893203601-851.193170904741750360127.jpg", "cover": false}, {"id": 9679325, "subtitle": "Vista do Quarto 2", "url": "893203601-694.030654491392950360128.jpg", "cover": false}, {"id": 9679327, "subtitle": "Banheiro", "url": "893203601-666.231474060297450360129.jpg", "cover": false}, {"id": 9679330, "subtitle": "Banheiro", "url": "893203601-571.323692650999350360130.jpg", "cover": false}, {"id": 9679332, "subtitle": "Banheiro", "url": "893203601-466.846065967796250360131.jpg", "cover": false}, {"id": 9679334, "subtitle": "Banheiro", "url": "893203601-181.007536576221850360132.jpg", "cover": false}, {"id": 9679335, "subtitle": "Banheiro", "url": "893203601-965.851675918169350360133.jpg", "cover": false}, {"id": 9679337, "subtitle": "Escada", "url": "893203601-880.776626946298850360134.jpg", "cover": false}, {"id": 9679339, "subtitle": "S\u00f3t\u00e3o", "url": "893203601-28.8821973205766250360135.jpg", "cover": false}, {"id": 9679342, "subtitle": "S\u00f3t\u00e3o", "url": "893203601-219.9515828598458450360136.jpg", "cover": false}, {"id": 9679344, "subtitle": "S\u00f3t\u00e3o", "url": "893203601-562.422979469209750360137.jpg", "cover": false}, {"id": 9679346, "subtitle": "S\u00f3t\u00e3o", "url": "893203601-336.872254710855450360138.jpg", "cover": false}, {"id": 9679349, "subtitle": "Quarto do S\u00f3t\u00e3o", "url": "893203601-631.33161073631850360139.jpg", "cover": false}, {"id": 9679351, "subtitle": "Quarto do S\u00f3t\u00e3o", "url": "893203601-452.0495877142647650360140.jpg", "cover": false}, {"id": 9679353, "subtitle": "Quarto do S\u00f3t\u00e3o", "url": "893203601-681.501628541856650360141.jpg", "cover": false}, {"id": 9679355, "subtitle": "Quarto do S\u00f3t\u00e3o", "url": "893203601-108.1565023156244650360142.jpg", "cover": false}, {"id": 9679358, "subtitle": "Banheiro do S\u00f3t\u00e3o", "url": "893203601-489.4801131554885450360143.jpg", "cover": false}, {"id": 9679361, "subtitle": "Banheiro do S\u00f3t\u00e3o", "url": "893203601-368.952783129082250360144.jpg", "cover": false}, {"id": 9679364, "subtitle": "Banheiro do S\u00f3t\u00e3o", "url": "893203601-187.5240456927633750360145.jpg", "cover": false}, {"id": 9679369, "subtitle": "Sacada do S\u00f3t\u00e3o", "url": "893203601-188.0232713710521250360146.jpg", "cover": false}, {"id": 9679372, "subtitle": "Sacada do S\u00f3t\u00e3o", "url": "893203601-135.145738219863250360147.jpg", "cover": false}, {"id": 9679374, "subtitle": "Sacada do S\u00f3t\u00e3o", "url": "893203601-948.076025086132550360148.jpg", "cover": false}, {"id": 9679376, "subtitle": "Sacada do S\u00f3t\u00e3o", "url": "893203601-85.7521177578273250360149.jpg", "cover": false}, {"id": 9679379, "subtitle": "Vista", "url": "893203601-828.205210572518850360150.jpg", "cover": false}, {"id": 9679383, "subtitle": "Lavabo", "url": "893203601-529.169161093840150360151.jpg", "cover": false}, {"id": 9679386, "subtitle": "Lavabo", "url": "893203601-422.14128009128850360152.jpg", "cover": false}, {"id": 9679388, "subtitle": "Cozinha", "url": "893203601-855.141027783762650360153.jpg", "cover": false}, {"id": 9679392, "subtitle": "Cozinha", "url": "893203601-148.9582572984097350360154.jpg", "cover": false}, {"id": 9679395, "subtitle": "Cozinha", "url": "893203601-4.30732679253820250360155.jpg", "cover": false}, {"id": 9679397, "subtitle": "Cozinha", "url": "893203601-690.332679185753150360156.jpg", "cover": false}, {"id": 9679398, "subtitle": "Cozinha", "url": "893203601-712.990560004227750360157.jpg", "cover": false}, {"id": 9679400, "subtitle": "Cozinha", "url": "893203601-507.546912512859350360158.jpg", "cover": false}, {"id": 9679401, "subtitle": "Cozinha", "url": "893203601-488.4511135226998750360159.jpg", "cover": false}, {"id": 9679403, "subtitle": "Cozinha", "url": "893203601-384.34998816097850360160.jpg", "cover": false}, {"id": 9679405, "subtitle": "Cozinha", "url": "893203601-646.122504582095650360161.jpg", "cover": false}, {"id": 9679406, "subtitle": "Cozinha", "url": "893203601-710.382436243284950360162.jpg", "cover": false}, {"id": 9679407, "subtitle": "Cozinha", "url": "893203601-11.4913198353248150360163.jpg", "cover": false}, {"id": 9679409, "subtitle": "Cozinha", "url": "893203601-539.672807527100250360164.jpg", "cover": false}, {"id": 9679411, "subtitle": "\u00c1rea de Servi\u00e7o", "url": "893203601-299.2781993724601650360165.jpg", "cover": false}, {"id": 9679412, "subtitle": "\u00c1rea de Servi\u00e7o", "url": "893203601-760.043363837376750360166.jpg", "cover": false}, {"id": 9679414, "subtitle": "\u00c1rea de Servi\u00e7o", "url": "893203601-712.099531361876850360167.jpg", "cover": false}, {"id": 9679417, "subtitle": "Escada", "url": "893203601-662.980195088111150360169.jpg", "cover": false}, {"id": 9679430, "subtitle": "Por\u00e3o", "url": "893203601-464.3796959165624750360178.jpg", "cover": false}, {"id": 9679434, "subtitle": "Por\u00e3o", "url": "893203601-536.838540730412850360179.jpg", "cover": false}, {"id": 9679437, "subtitle": "Por\u00e3o", "url": "893203601-371.8346187900496650360180.jpg", "cover": false}, {"id": 9679440, "subtitle": "Por\u00e3o", "url": "893203601-51.0322654400218250360181.jpg", "cover": false}, {"id": 9679415, "subtitle": "\u00c1rea Externa", "url": "893203601-2.05663410818468550360168.jpg", "cover": false}, {"id": 9679443, "subtitle": "\u00c1rea Externa", "url": "893203601-9.18762432029229750360182.jpg", "cover": false}, {"id": 9679447, "subtitle": "\u00c1rea Externa", "url": "893203601-244.466323156773250360183.jpg", "cover": false}, {"id": 9679452, "subtitle": "\u00c1rea Externa", "url": "893203601-495.890839877340650360184.jpg", "cover": false}, {"id": 9679418, "subtitle": "Garagem", "url": "893203601-990.451838386477350360170.jpg", "cover": false}, {"id": 9679420, "subtitle": "Garagem", "url": "893203601-605.540045931053850360171.jpg", "cover": false}, {"id": 9679421, "subtitle": "Garagem", "url": "893203601-770.750064845701250360172.jpg", "cover": false}, {"id": 9679423, "subtitle": "Garagem", "url": "893203601-451.2415539504098750360173.jpg", "cover": false}, {"id": 9679429, "subtitle": "Garagem", "url": "893203601-770.083828830897250360177.jpg", "cover": false}, {"id": 9679424, "subtitle": "Banheiro da Garagem", "url": "893203601-120.3018100939375950360174.jpg", "cover": false}, {"id": 9679426, "subtitle": "Banheiro da Garagem", "url": "893203601-109.1459604714660750360175.jpg", "cover": false}, {"id": 9679427, "subtitle": "Banheiro da Garagem", "url": "893203601-521.665382594253150360176.jpg", "cover": false}, {"id": 9679460, "subtitle": "\u00c1rea Externa", "url": "893203601-326.343069897931950360186.jpg", "cover": false}, {"id": 9679462, "subtitle": "Fachada", "url": "893203601-530.849995925652950360187.jpg", "cover": false}], "photosCategorizedByRooms": [], "relevantRegions": [], "photospheres": [], "specialConditions": ["Exclusivity"], "offers": {"closingRate": 0, "shouldHighlightIcon": true, "shouldShowOfferDialog": false, "shouldShowOffers": false, "summary": []}, "status": "publicado", "showUrlHasBeenCopiedSnackbar": false, "isGalleryModalOpen": false, "error": false, "loaded": true, "loading": false, "loadingCategorizedRooms": false, "selectedMedia": "tenant/HouseMedia/PHOTOS", "video": "", "promotions": [], "condominium": {}, "forRent": true, "forSale": false, "salePrice": 950000, "mortgageFirstInstallment": 0, "listings": [{"imovelId": 893203601, "businessContext": "RENT", "status": "publicado", "firstPublicationDate": "2020-11-30T17:31:35.000+0000", "lastPublicationDate": "2023-02-08T16:59:36.000+0000", "listingRentModel": {"listingBusinessContextId": 541087, "rentalAdministrator": "QUINTOANDAR"}, "ownership": "STANDARD"}], "listingTags": [], "businessContext": "", "regionParameters": {"loaded": false, "loading": false, "RENT": {"visitsEnabled": true, "talkToAgentEnabled": false}, "SALE": {"visitsEnabled": true, "talkToAgentEnabled": false}}, "houseAgent": {"isDialogOpen": false, "alreadyOpenedByQueryParam": false}, "tenantServiceFee": 106, "closingStatus": {"loading": false}, "rentalGuarantee": {"minValue": 1027.25, "maxValue": 3081.75}, "reservationAvailability": null, "isPrimaryMarket": false, "macroRegion": {"id": 2760, "name": "SPO09"}, "suites": 1, "houseVisitStatus": "ACCEPT_NEW", "visitStatusReason": null, "visitsUnavailable": false, "isReserved": false, "allowDirectOffer": true, "lastPublishedDate": "2023-02-08T16:59:36.000Z", "listingPublication": "not_stranded", "rentOnTermination": false, "constructionYear": null, "categories": []}, "markers": {"lat": -23.4862756, "lng": -46.6762945}, "talkToAgent": {"dialog": {"open": false, "questionType": null, "question": ""}, "agentSupport": {}, "error": null, "autoSubmit": false, "loading": false, "submitting": false, "success": false, "hasLoadedAgentInfo": false, "agent": null, "hasLoadedAgentsInRegion": false, "agentsInRegion": null}}}}, "__N_SSP": true}, "page": "/imovel/[houseId]/[[...slug]]", "query": {"houseId": "893203601", "slug": ["alugar", "casa-4-quartos-jardim-primavera-zona-norte-sao-paulo"]}, "buildId": "gCr3Bg2lYzV9hxZqGibIQ", "runtimeConfig": {"NEXT_PUBLIC_HOME_ADVERTISING_BANNER": "coupon"}, "isFallback": false, "dynamicIds": [61847, 31265, 66435, 77453, 87356, 60899, 41103, 3232, 72227, 40072, 39327, 19904, 96827], "gssp": true, "customServer": true, "appGip": true, "locale": "pt-BR", "locales": ["pt-BR", "es-MX"], "defaultLocale": "pt-BR", "domainLocales": [{"domain": "www.quintoandar.com.br", "defaultLocale": "pt-BR"}, {"domain": "www.benvi.mx", "defaultLocale": "es-MX"}], "scriptLoader": []}