{"props": {"pageProps": {"initialState": {"route": {"locationBeforeTransitions": {"pathname": "/imovel/893256872/alugar/apartamento-3-quartos-santana-sao-paulo", "search": "", "hash": "", "action": "POP", "query": {}}, "topLevelRouteName": "house details", "businessContext": "RENT", "favoriteListsBusinessContext": "RENT"}, "router": {"location": {"href": "/", "pathname": "/", "search": "", "hash": ""}}, "progress": {"pendingRequests": -1}, "login": {"response": {}, "user": {"isLoggedIn": false, "id": 0, "agentId": 0, "hashId": "", "sessionId": null, "name": "", "email": "", "maskedEmail": "", "jwt": {"app": "", "firebase": ""}, "phone": {"countryCode": "+55", "areaCode": "", "phoneNumber": ""}, "country": "BR", "channel": "", "isPhoneRegistered": false, "acceptWhatsapp": true, "hasDocument": false, "isPartner": false}, "accountForm": {}, "redirectUrl": "", "isRequestOngoing": false}, "captcha": {"token": "", "hasLoadedRemoteConfig": false, "provider": "", "friction": "low", "unavailableCountriesCode": []}, "supportedCities": [], "inAppMessages": {"biomaSurvey": {"isOpen": false, "formId": null, "data": {"opaque": true}}}, "metaData": {"similar_houses_clicked": []}, "appData": {"device": {"type": "desktop", "isSearchEngineCrawler": false}, "experiments": "X-AB-Test=ab_exposed_filter_sale_desktop:1,ab_exposed_filter_sale_v1:1,ab_exposed_filters:1,ab_load_more_v0:-1,ab_new_house_card_v2:0,ab_new_rent_listing_phase2:0,ab_profiling_create_alert_filters:0,ab_scheduling_step_by_step_v1:1,ab_show_floor_sale:0,ab_street_search_retrieval_v1:0"}, "house": {"houseInfo": {"id": "893256872", "displayId": "556872", "bedrooms": 3, "city": "S\u00e3o Paulo", "cityId": 39, "bathrooms": 2, "iptu": 120, "amenities": [{"key": "BANHEIRA_DE_HIDROMASSAGEM", "text": "Banheira", "value": "NAO", "optional": false}, {"key": "BOX", "text": "Box", "value": "SIM", "optional": false}, {"key": "VARANDA", "text": "Varanda", "value": "NAO", "optional": false}, {"key": "PISCINA_PRIVATIVA", "text": "Piscina privativa", "value": "NAO", "optional": false}, {"key": "ARMARIOS_EMBUTIDOS_NO_QUARTO", "text": "Arm\u00e1rios no quarto", "value": "SIM", "optional": false}, {"key": "ARMARIOS_NOS_BANHEIROS", "text": "Arm\u00e1rios no banheiro", "value": "SIM", "optional": false}, {"key": "ARMARIOS_NA_COZINHA", "text": "Arm\u00e1rios na cozinha", "value": "SIM", "optional": false}, {"key": "AR_CONDICIONADO", "text": "Ar condicionado", "value": "NAO", "optional": false}, {"key": "CHUVEIRO_A_GAS", "text": "Chuveiro a g\u00e1s", "value": "SIM", "optional": false}, {"key": "QUARTO_DE_SERVICO", "text": "Quarto de servi\u00e7o", "value": "SIM", "optional": false}, {"key": "BANHEIRO_DE_SERVICO", "text": "Banheiro de servi\u00e7o", "value": "NAO", "optional": false}, {"key": "VARANDA_GOURMET", "text": "Varanda gourmet", "value": "NAO", "optional": false}, {"key": "APARTAMENTO_COBERTURA", "text": "Apartamento cobertura", "value": "NAO", "optional": false}, {"key": "QUARTO_EXTRA_REVERSIVEL", "text": "Quarto extra revers\u00edvel", "value": "NAO", "optional": false}, {"key": "FOGAO_INCLUSO", "text": "Fog\u00e3o", "value": "NAO", "optional": false}, {"key": "GELADEIRA_INCLUSO", "text": "Geladeira", "value": "NAO", "optional": false}, {"key": "BANHEIRO_ADAPTADO", "text": "Banheiro adaptado", "value": "NAO", "optional": false}, {"key": "CLOSET", "text": "Closet", "value": "NAO", "optional": false}, {"key": "COZINHA_AMERICANA", "text": "Cozinha americana", "value": "NAO", "optional": false}, {"key": "MESAS_E_CADEIRAS_DE_ESCRITORIO", "text": "Mesas e cadeiras de escrit\u00f3rio", "value": "NAO", "optional": false}, {"key": "JARDIM", "text": "Jardim", "value": "SIM", "optional": false}, {"key": "QUARTOS_E_CORREDORES_COM_PORTAS_AMPLAS", "text": "Quartos e corredores com portas amplas", "value": "NAO", "optional": false}, {"key": "QUINTAL", "text": "Quintal", "value": "NAO", "optional": false}, {"key": "SOMENTE_UMA_CASA_NO_TERRENO", "text": "Somente uma casa no terreno", "value": "NAO", "optional": false}, {"key": "AREA_DE_SERVICO", "text": "\u00c1rea de servi\u00e7o", "value": "SIM", "optional": false}], "comfortCommodities": [{"key": "BANHEIRA_DE_HIDROMASSAGEM", "text": "Banheira", "value": "NAO", "optional": false}, {"key": "PISCINA_PRIVATIVA", "text": "Piscina privativa", "value": "NAO", "optional": false}, {"key": "AR_CONDICIONADO", "text": "Ar condicionado", "value": "NAO", "optional": false}, {"key": "SOL_DA_MANHA", "text": "Sol da manh\u00e3", "value": "SIM", "optional": false}, {"key": "SOL_DA_TARDE", "text": "Sol da tarde", "value": "NAO", "optional": false}, {"key": "CORTINAS_BLACK_OUT", "text": "Cortinas corta luz", "value": "SIM", "optional": false}, {"key": "CORTINAS_DECORATIVAS", "text": "Cortina transl\u00facida", "value": "SIM", "optional": false}, {"key": "JANELA_ANTI_RUIDO", "text": "Janela anti-ru\u00eddo", "value": "SIM", "optional": false}, {"key": "VENTILADOR_DE_TETO", "text": "Ventilador de teto", "value": "NAO", "optional": false}, {"key": "LUMINOSIDADE_NATURAL", "text": "Janelas grandes", "value": "SIM", "optional": false}, {"key": "VISTA_LIVRE", "text": "Vista livre", "value": "SIM", "optional": false}, {"key": "RUA_SILENCIOSA", "text": "Rua silenciosa", "value": "NAO", "optional": false}], "practicalityCommodities": [{"key": "BOX", "text": "Box", "value": "SIM", "optional": false}, {"key": "ARMARIOS_EMBUTIDOS_NO_QUARTO", "text": "Arm\u00e1rios no quarto", "value": "SIM", "optional": false}, {"key": "ARMARIOS_NOS_BANHEIROS", "text": "Arm\u00e1rios no banheiro", "value": "SIM", "optional": false}, {"key": "ARMARIOS_NA_COZINHA", "text": "Arm\u00e1rios na cozinha", "value": "SIM", "optional": false}, {"key": "CHUVEIRO_A_GAS", "text": "Chuveiro a g\u00e1s", "value": "SIM", "optional": false}, {"key": "FOGAO_INCLUSO", "text": "Fog\u00e3o", "value": "NAO", "optional": false}, {"key": "GELADEIRA_INCLUSO", "text": "Geladeira", "value": "NAO", "optional": false}, {"key": "CHUVEIRO_ELETRICO", "text": "Chuveiro el\u00e9trico", "value": "NAO", "optional": false}, {"key": "MICROONDAS", "text": "Microondas", "value": "NAO", "optional": false}, {"key": "SOFA", "text": "Sof\u00e1", "value": "NAO", "optional": false}, {"key": "MAQUINA_DE_LAVAR", "text": "M\u00e1quina de lavar", "value": "NAO", "optional": false}, {"key": "TANQUE", "text": "Tanque", "value": "SIM", "optional": false}, {"key": "REDE_DE_PROTECAO", "text": "Tela nas janelas", "value": "SIM", "optional": false}, {"key": "VARAL_DE_ROUPAS", "text": "Varal de roupas", "value": "SIM", "optional": false}, {"key": "TOMADAS_NOVAS", "text": "Tomadas 3 pinos", "value": "NAO", "optional": false}, {"key": "TELEVISAO", "text": "Televis\u00e3o", "value": "NAO", "optional": false}, {"key": "MESAS_E_CADEIRAS_DE_JANTAR", "text": "Mesas e cadeiras de jantar", "value": "NAO", "optional": false}, {"key": "CHURRASQUEIRA", "text": "Churrasqueira", "value": "NAO", "optional": false}, {"key": "ACESSO_SEM_DEGRAUS", "text": "Acesso sem degraus", "value": "SIM", "optional": false}, {"key": "COOKTOP", "text": "Fog\u00e3o cooktop", "value": "NAO", "optional": false}, {"key": "UTENSILIOS_DE_COZINHA", "text": "Utens\u00edlios de cozinha", "value": "NAO", "optional": false}, {"key": "CAMA_DE_CASAL", "text": "Cama de casal", "value": "NAO", "optional": false}, {"key": "CAMA_DE_SOLTEIRO", "text": "Cama de solteiro", "value": "NAO", "optional": false}, {"key": "ESPELHO_NO_BANHEIRO", "text": "Espelho no banheiro", "value": "SIM", "optional": false}, {"key": "FECHADURA_ELETRONICA", "text": "Fechadura eletr\u00f4nica", "value": "NAO", "optional": false}, {"key": "ENERGIA", "text": "Energia no im\u00f3vel", "value": "SIM", "optional": false}], "area": 155, "installations": [{"key": "PLAYGROUND", "text": "Playground", "value": "SIM"}, {"key": "PISCINA", "text": "Piscina", "value": "NAO"}, {"key": "CHURRASQUEIRA", "text": "Churrasqueira", "value": "SIM"}, {"key": "QUADRA_ESPORTIVA", "text": "Quadra esportiva", "value": "SIM"}, {"key": "ACADEMIA", "text": "Academia", "value": "SIM"}, {"key": "SALAO_DE_FESTAS", "text": "Sal\u00e3o de festas", "value": "SIM"}, {"key": "SAUNA", "text": "Sauna", "value": "NAO"}, {"key": "LAVANDERIA_NO_PREDIO", "text": "Lavanderia no pr\u00e9dio", "value": "NAO"}, {"key": "GAS_ENCANADO", "text": "G\u00e1s encanado", "value": "SIM"}, {"key": "ESPACO_GOURMET_NA_AREA_COMUM", "text": "Espa\u00e7o gourmet na \u00e1rea comum", "value": "SIM"}, {"key": "BRINQUEDOTECA", "text": "Brinquedoteca", "value": "NAO"}, {"key": "CORRIMAO", "text": "Corrim\u00e3o", "value": "NAO"}, {"key": "PISO_TATIL", "text": "Piso t\u00e1til", "value": "NAO"}, {"key": "RAMPAS_DE_ACESSO", "text": "Rampas de acesso", "value": "SIM"}, {"key": "SALAO_DE_JOGOS", "text": "Sal\u00e3o de jogos", "value": "NAO"}, {"key": "VAGA_DE_GARAGEM_ACESSIVEL", "text": "Vaga de garagem acess\u00edvel", "value": "SIM"}, {"key": "AREA_VERDE", "text": "\u00c1rea verde", "value": "SIM"}, {"key": "Elevador", "value": "SIM"}, {"key": "Porteiro24H", "value": "SIM"}], "rentPrice": 2740, "condoPrice": 1010, "condoType": "Normal", "region": {"name": "Santana", "hub": {"loading": "UNSET", "enabled": false, "abSecretariat": false, "isPrimaryMarket": false}, "id": 1310}, "type": "Apartamento", "iptuType": "Normal", "totalCost": 3975, "parkingSpaces": 1, "address": {"street": "Rua Volunt\u00e1rios da P\u00e1tria", "neighborhood": "Santana", "city": "S\u00e3o Paulo", "zipCode": "02401-000", "stateName": "S\u00e3o Paulo", "stateAcronym": "SP", "lat": -23.4986044, "lng": -46.6257621, "countryName": "Brasil", "countryCode": "BR", "country": "Brasil"}, "floor": 8, "homeProtection": 35, "remarks": "Apartamento antigo em excelente estado, e que recebe o sol da manh\u00e3. Os tr\u00eas dormit\u00f3rios disp\u00f5em de arm\u00e1rios embutidos. Os dois banheiros s\u00e3o aquecidos a g\u00e1s. A cozinha \u00e9 rica em arm\u00e1rios e tem ilha de trabalho. Espa\u00e7osa \u00e1rea de servi\u00e7o. Excelente para home office em raz\u00e3o do escrit\u00f3rio. Condom\u00ednio com lazer completo. Bem localizado no in\u00edcio da \u00e1rea residencial da Rua Volunt\u00e1rios da P\u00e1tria, e pr\u00f3ximo \u00e0 \u00e1rea comercial. A cinco minutos da Esta\u00e7\u00e3o do Metr\u00f4/ Terminal de \u00d4nibus de Santana.", "furniture": "O im\u00f3vel est\u00e1 vazio. Possui arm\u00e1rios embutidos e m\u00f3veis de cozinha com lava lou\u00e7a.  Tem janelas anti ru\u00eddo, piso novo de madeira e pintura nova toda branca.", "acceptsPets": false, "hasFurniture": false, "isNearSubway": true, "placesNearby": [{"name": "Conservatorio Musical S\u00e3o Paulo", "type": "SCHOOL", "slug": "conservatorio-musical-sao-paulo-santana-sao-paulo-sp"}, {"name": "Galeria Center Santana", "type": "SHOPPING_MALL", "slug": "galeria-center-santana-santana-sao-paulo-sp"}, {"name": "Santana", "type": "ESTACAO_METRO_OU_TREM", "slug": "estacao-santana-sao-paulo-sp"}, {"name": "Terminal Santana", "type": "BUS_TERMINAL_STATION", "slug": "terminal-santana-santana-sao-paulo-sp"}, {"name": "Pra\u00e7a Iauti", "type": "PARK_OR_GREEN_AREA", "slug": "praca-iauti-santana-sao-paulo-sp"}, {"name": "GMOArts", "type": "MUSEUM_THEATRE_OR_CONCERT_HALL", "slug": "gmoarts-\u00e1gua-fria-sao-paulo-sp"}, {"name": "Instituto Madre Mazarello", "type": "SCHOOL", "slug": "instituto-madre-mazarello-sao-paulo-sp-brasil"}, {"name": "DeRose Method Santana", "type": "UNIVERSITY_OR_COLLEGE", "slug": "derose-method-santana-\u00e1gua-fria-sao-paulo-sp"}, {"name": "Col\u00e9gio Salesiano Santa Teresinha", "type": "SCHOOL", "slug": "colegio-salesiano-santa-teresinha-santa-teresinha-sao-paulo-sp"}, {"name": "Escola Professor Ant\u00f4nio Lisboa", "type": "SCHOOL", "slug": "escola-professor-antonio-lisboa-sao-paulo-sp-brasil"}, {"name": "SESI \u2013 Vila Bianca", "type": "SCHOOL", "slug": "sesi-vila-bianca-vila-bianca-sao-paulo-sp"}, {"name": "CHSP", "type": "HOSPITAL", "slug": "chsp-santana-sao-paulo-sp"}, {"name": "Colegio Palavra Viva", "type": "SCHOOL", "slug": "colegio-palavra-viva-santana-sao-paulo-sp"}, {"name": "Escola Professor Romulo Peru", "type": "SCHOOL", "slug": "escola-professor-romulo-peru-sao-paulo-sp-brasil"}, {"name": "Sesc Santana", "type": "MUSEUM_THEATRE_OR_CONCERT_HALL", "slug": "sesc-santana-santana-sao-paulo-sp"}, {"name": "Aeroporto Campo de Marte", "type": "AIRPORT", "slug": "aeroporto-campo-de-marte-sao-paulo-sp-brasil"}, {"name": "CNA Ingles", "type": "SCHOOL", "slug": "cna-ingles-santana-sao-paulo-sp"}, {"name": "Complexo Hospitalar Mandaqui", "type": "HOSPITAL", "slug": "complexo-hospitalar-mandaqui-mandaqui-sao-paulo-sp-brasil"}, {"name": "Escola de Educa\u00e7\u00e3o Infantil \u00e9 Bom Somhar", "type": "SCHOOL", "slug": "escola-de-educacao-infantil-e-bom-somhar-\u00e1gua-fria-sao-paulo-sp"}], "availabilityType": "IMMEDIATE", "photos": [{"id": 36194448, "subtitle": "Sala", "url": "893256872-523.09451938438125568721.JPG", "cover": true}, {"id": 36194449, "subtitle": "Sala", "url": "893256872-770.24991708215175568723.JPG", "cover": false}, {"id": 36194450, "subtitle": "Sala", "url": "893256872-923.39054748629765568725.JPG", "cover": false}, {"id": 36194451, "subtitle": "Sala", "url": "893256872-129.626173454491665568726.JPG", "cover": false}, {"id": 36194452, "subtitle": "Sala", "url": "893256872-457.002370502418565568727.JPG", "cover": false}, {"id": 36194453, "subtitle": "Sala", "url": "893256872-159.159240040974035568729.JPG", "cover": false}, {"id": 36194454, "subtitle": "Vista da sala", "url": "893256872-881.916700228573255687210.JPG", "cover": false}, {"id": 36194456, "subtitle": "Vista da sala", "url": "893256872-403.7221710792058555687211.JPG", "cover": false}, {"id": 36194459, "subtitle": "Lavabo", "url": "893256872-477.384760590658655687211a1.JPG", "cover": false}, {"id": 36194461, "subtitle": "Lavabo", "url": "893256872-787.573949003796755687211a2.JPG", "cover": false}, {"id": 36194465, "subtitle": "Lavabo", "url": "893256872-306.32383282431555687211a3.JPG", "cover": false}, {"id": 36194467, "subtitle": "Lavabo", "url": "893256872-72.9036357101152755687211a4.JPG", "cover": false}, {"id": 36194470, "subtitle": "Quarto 1 - Su\u00edte", "url": "893256872-950.924113560036555687213.JPG", "cover": false}, {"id": 36194471, "subtitle": "Quarto 1 - Su\u00edte", "url": "893256872-227.6394505752109655687216.JPG", "cover": false}, {"id": 36194474, "subtitle": "Quarto 1 - Su\u00edte", "url": "893256872-646.113568509962255687217.JPG", "cover": false}, {"id": 36194476, "subtitle": "Quarto 1 - Su\u00edte", "url": "893256872-8.43760457024922455687218.JPG", "cover": false}, {"id": 36194480, "subtitle": "Vista do Quarto 2", "url": "893256872-147.597214900232655687219.JPG", "cover": false}, {"id": 36194482, "subtitle": "Banheiro da Su\u00edte", "url": "893256872-960.589293559825955687221.JPG", "cover": false}, {"id": 36194485, "subtitle": "Banheiro da Su\u00edte", "url": "893256872-377.3168473814052455687222.JPG", "cover": false}, {"id": 36194488, "subtitle": "Banheiro da Su\u00edte", "url": "893256872-430.940789221990955687223.JPG", "cover": false}, {"id": 36194490, "subtitle": "Banheiro da Su\u00edte", "url": "893256872-614.580778584778655687225.JPG", "cover": false}, {"id": 36194494, "subtitle": "Banheiro da Su\u00edte", "url": "893256872-412.509616618838855687226.JPG", "cover": false}, {"id": 36194499, "subtitle": "Quarto 2", "url": "893256872-181.1651586879599255687228.JPG", "cover": false}, {"id": 36194501, "subtitle": "Quarto 2", "url": "893256872-814.638279614636855687229.JPG", "cover": false}, {"id": 36194503, "subtitle": "Quarto 2", "url": "893256872-844.725656752447155687230.JPG", "cover": false}, {"id": 36194505, "subtitle": "Quarto 2", "url": "893256872-631.86176132122655687232.JPG", "cover": false}, {"id": 36194508, "subtitle": "Vista do Quarto 2", "url": "893256872-723.6843357087755687233.JPG", "cover": false}, {"id": 36194510, "subtitle": "Vista do Quarto 2", "url": "893256872-852.862196538957255687234.JPG", "cover": false}, {"id": 36194511, "subtitle": "Quarto 3", "url": "893256872-894.575510189330155687236.JPG", "cover": false}, {"id": 36194512, "subtitle": "Quarto 3", "url": "893256872-777.813884680514455687237.JPG", "cover": false}, {"id": 36194513, "subtitle": "Quarto 3", "url": "893256872-901.893410658348355687238.JPG", "cover": false}, {"id": 36194514, "subtitle": "Quarto 3", "url": "893256872-696.534025865870655687239.JPG", "cover": false}, {"id": 36194515, "subtitle": "Vista do Quarto 3", "url": "893256872-49.4949501102535155687240.JPG", "cover": false}, {"id": 36194516, "subtitle": "Banheiro Social", "url": "893256872-670.661395585878555687242.JPG", "cover": false}, {"id": 36194517, "subtitle": "Banheiro Social", "url": "893256872-765.717648086566155687243.JPG", "cover": false}, {"id": 36194518, "subtitle": "Banheiro Social", "url": "893256872-851.893576567864855687244.JPG", "cover": false}, {"id": 36194519, "subtitle": "Banheiro Social", "url": "893256872-231.4475934431703555687245.JPG", "cover": false}, {"id": 36194520, "subtitle": "Banheiro Social", "url": "893256872-384.890079135241155687246.JPG", "cover": false}, {"id": 36194521, "subtitle": "Corredor", "url": "893256872-449.648675507174855687253.JPG", "cover": false}, {"id": 36194522, "subtitle": "Cozinha", "url": "893256872-926.451147137311255687255.JPG", "cover": false}, {"id": 36194523, "subtitle": "Cozinha", "url": "893256872-510.438603158618955687256.JPG", "cover": false}, {"id": 36194524, "subtitle": "Cozinha", "url": "893256872-414.7527411040512755687257.JPG", "cover": false}, {"id": 36194525, "subtitle": "Cozinha", "url": "893256872-712.064747197757255687258.JPG", "cover": false}, {"id": 36194526, "subtitle": "Cozinha", "url": "893256872-420.68519226642155687259.JPG", "cover": false}, {"id": 36194527, "subtitle": "\u00c1rea de Servi\u00e7o", "url": "893256872-266.390375116972355687260.JPG", "cover": false}, {"id": 36194528, "subtitle": "\u00c1rea de Servi\u00e7o", "url": "893256872-851.193719770076455687261.JPG", "cover": false}, {"id": 36194530, "subtitle": "\u00c1rea de Servi\u00e7o", "url": "893256872-629.391997682679355687262.JPG", "cover": false}, {"id": 36194532, "subtitle": "\u00c1rea de Servi\u00e7o", "url": "893256872-14.56978245107409755687263.JPG", "cover": false}, {"id": 36194534, "subtitle": "\u00c1rea de Servi\u00e7o", "url": "893256872-242.2862811560515655687264.JPG", "cover": false}, {"id": 36194536, "subtitle": "Quarto de Servi\u00e7o", "url": "893256872-475.4805799433370355687265.JPG", "cover": false}, {"id": 36194538, "subtitle": "Quarto de Servi\u00e7o", "url": "893256872-50.5029305274560255687266.JPG", "cover": false}, {"id": 36194540, "subtitle": "Quarto de Servi\u00e7o", "url": "893256872-250.4415932338185455687267.JPG", "cover": false}, {"id": 36194542, "subtitle": "Quarto de Servi\u00e7o", "url": "893256872-933.181678417127855687268.JPG", "cover": false}, {"id": 36194544, "subtitle": "\u00c1rea externa", "url": "893256872-917.63561666524255687270.JPG", "cover": false}, {"id": 36194545, "subtitle": "\u00c1rea externa", "url": "893256872-17.43073922552373755687271.JPG", "cover": false}, {"id": 36194547, "subtitle": "\u00c1rea comum - Playground", "url": "893256872-710.478839222757855687272.JPG", "cover": false}, {"id": 36194550, "subtitle": "\u00c1rea comum - Playground", "url": "893256872-368.659013341596855687273.JPG", "cover": false}, {"id": 36194555, "subtitle": "\u00c1rea comum - Academia", "url": "893256872-933.671613660534855687275.JPG", "cover": false}, {"id": 36194556, "subtitle": "\u00c1rea comum - Academia", "url": "893256872-881.570590381446855687279.JPG", "cover": false}, {"id": 36194558, "subtitle": "Biciclet\u00e1rio", "url": "893256872-158.8182905028284655687280.JPG", "cover": false}, {"id": 36194560, "subtitle": "\u00c1rea externa", "url": "893256872-134.862889950403255687282.JPG", "cover": false}, {"id": 36194563, "subtitle": "Jardim", "url": "893256872-111.1940995921952955687283.JPG", "cover": false}, {"id": 36194565, "subtitle": "Quadra Esportiva", "url": "893256872-192.9382769288159255687284.JPG", "cover": false}, {"id": 36194567, "subtitle": "Quadra Esportiva", "url": "893256872-867.346782256893355687285.JPG", "cover": false}, {"id": 36194570, "subtitle": "\u00c1rea externa", "url": "893256872-459.17450220040555687286.JPG", "cover": false}, {"id": 36194571, "subtitle": "\u00c1rea comum - Churrasqueira", "url": "893256872-681.434755402048555687287.JPG", "cover": false}, {"id": 36194574, "subtitle": "\u00c1rea comum - Churrasqueira", "url": "893256872-474.380715754979255687288.JPG", "cover": false}, {"id": 36194578, "subtitle": "\u00c1rea comum - Churrasqueira", "url": "893256872-961.944165528084355687290.JPG", "cover": false}, {"id": 36194580, "subtitle": "\u00c1rea comum - Sal\u00e3o de festas", "url": "893256872-186.6665997938121755687292.JPG", "cover": false}, {"id": 36194583, "subtitle": "\u00c1rea comum - Sal\u00e3o de festas", "url": "893256872-275.7248580254504355687294.JPG", "cover": false}, {"id": 36194588, "subtitle": "Garagem", "url": "893256872-168.7812172657537855687299.jpg", "cover": false}, {"id": 36194585, "subtitle": "Fachada", "url": "893256872-702.828695290944255687297.jpg", "cover": false}, {"id": 36194587, "subtitle": "Fachada", "url": "893256872-474.405657373282255687298.jpg", "cover": false}], "photosCategorizedByRooms": [], "relevantRegions": [], "photospheres": [], "specialConditions": [], "offers": {"closingRate": 0, "shouldHighlightIcon": true, "shouldShowOfferDialog": false, "shouldShowOffers": false, "summary": []}, "status": "publicado", "showUrlHasBeenCopiedSnackbar": false, "isGalleryModalOpen": false, "error": false, "loaded": true, "loading": false, "loadingCategorizedRooms": false, "selectedMedia": "tenant/HouseMedia/PHOTOS", "video": "", "promotions": [], "condominium": {"hashId": "1d47sxre1d", "name": "Edif\u00edcio Minas", "slug": "edificio-minas-santana-sao-paulo", "address": "Rua Volunt\u00e1rios da P\u00e1tria"}, "forRent": true, "forSale": true, "salePrice": 688400, "mortgageFirstInstallment": 0, "listings": [{"imovelId": 893256872, "businessContext": "RENT", "status": "publicado", "firstPublicationDate": "2021-05-10T20:30:31.000+0000", "lastPublicationDate": "2023-01-11T19:24:02.000+0000", "listingRentModel": {"listingBusinessContextId": 680725, "rentalAdministrator": "QUINTOANDAR"}, "ownership": "STANDARD"}, {"imovelId": 893256872, "businessContext": "SALE", "status": "publicado", "firstPublicationDate": "2021-02-25T18:50:31.000+0000", "lastPublicationDate": "2023-03-01T23:34:22.000+0000", "ownership": "STANDARD"}], "listingTags": [], "businessContext": "", "regionParameters": {"loaded": false, "loading": false, "RENT": {"visitsEnabled": true, "talkToAgentEnabled": false}, "SALE": {"visitsEnabled": true, "talkToAgentEnabled": false}}, "houseAgent": {"isDialogOpen": false, "alreadyOpenedByQueryParam": false}, "tenantServiceFee": 70, "closingStatus": {"loading": false}, "rentalGuarantee": {"minValue": 685, "maxValue": 2055}, "reservationAvailability": null, "isPrimaryMarket": false, "macroRegion": {"id": 2760, "name": "SPO09"}, "suites": 1, "allowsCustomOffer": false, "displayCustomOfferPreference": false, "houseVisitStatus": "ACCEPT_NEW", "visitStatusReason": null, "visitsUnavailable": false, "isReserved": false, "allowDirectOffer": true, "lastPublishedDate": "2023-01-11T19:24:02.000Z", "listingPublication": "not_stranded", "rentOnTermination": false, "constructionYear": null, "categories": []}, "markers": {"lat": -23.4986044, "lng": -46.6257621}, "talkToAgent": {"dialog": {"open": false, "questionType": null, "question": ""}, "agentSupport": {}, "error": null, "autoSubmit": false, "loading": false, "submitting": false, "success": false, "hasLoadedAgentInfo": false, "agent": null, "hasLoadedAgentsInRegion": false, "agentsInRegion": null}}}}, "__N_SSP": true}, "page": "/imovel/[houseId]/[[...slug]]", "query": {"houseId": "893256872", "slug": ["alugar", "apartamento-3-quartos-santana-sao-paulo"]}, "buildId": "gCr3Bg2lYzV9hxZqGibIQ", "runtimeConfig": {"NEXT_PUBLIC_HOME_ADVERTISING_BANNER": "coupon"}, "isFallback": false, "dynamicIds": [61847, 31265, 66435, 77453, 87356, 60899, 41103, 3232, 33207, 72227, 40072, 39327, 19904, 96827], "gssp": true, "customServer": true, "appGip": true, "locale": "pt-BR", "locales": ["pt-BR", "es-MX"], "defaultLocale": "pt-BR", "domainLocales": [{"domain": "www.quintoandar.com.br", "defaultLocale": "pt-BR"}, {"domain": "www.benvi.mx", "defaultLocale": "es-MX"}], "scriptLoader": []}