{"props": {"pageProps": {"initialState": {"route": {"locationBeforeTransitions": {"pathname": "/imovel/893245071/alugar/apartamento-3-quartos-vila-bertioga-sao-paulo", "search": "", "hash": "", "action": "POP", "query": {}}, "topLevelRouteName": "house details", "businessContext": "RENT", "favoriteListsBusinessContext": "RENT"}, "router": {"location": {"href": "/", "pathname": "/", "search": "", "hash": ""}}, "progress": {"pendingRequests": -1}, "login": {"response": {}, "user": {"isLoggedIn": false, "id": 0, "agentId": 0, "hashId": "", "sessionId": null, "name": "", "email": "", "maskedEmail": "", "jwt": {"app": "", "firebase": ""}, "phone": {"countryCode": "+55", "areaCode": "", "phoneNumber": ""}, "country": "BR", "channel": "", "isPhoneRegistered": false, "acceptWhatsapp": true, "hasDocument": false, "isPartner": false}, "accountForm": {}, "redirectUrl": "", "isRequestOngoing": false}, "captcha": {"token": "", "hasLoadedRemoteConfig": false, "provider": "", "friction": "low", "unavailableCountriesCode": []}, "supportedCities": [], "inAppMessages": {"biomaSurvey": {"isOpen": false, "formId": null, "data": {"opaque": true}}}, "metaData": {"similar_houses_clicked": []}, "appData": {"device": {"type": "desktop", "isSearchEngineCrawler": false}, "experiments": "X-AB-Test=ab_exposed_filter_sale_desktop:1,ab_exposed_filter_sale_v1:1,ab_exposed_filters:1,ab_load_more_v0:-1,ab_new_house_card_v2:0,ab_new_rent_listing_phase2:0,ab_profiling_create_alert_filters:0,ab_scheduling_step_by_step_v1:1,ab_show_floor_sale:0,ab_street_search_retrieval_v1:0"}, "house": {"houseInfo": {"id": "893245071", "displayId": "545071", "bedrooms": 3, "city": "S\u00e3o Paulo", "cityId": 39, "bathrooms": 2, "iptu": 125, "amenities": [{"key": "BANHEIRA_DE_HIDROMASSAGEM", "text": "Banheira", "value": "NAO", "optional": false}, {"key": "BOX", "text": "Box", "value": "SIM", "optional": false}, {"key": "VARANDA", "text": "Varanda", "value": "SIM", "optional": false}, {"key": "PISCINA_PRIVATIVA", "text": "Piscina privativa", "value": "NAO", "optional": false}, {"key": "ARMARIOS_EMBUTIDOS_NO_QUARTO", "text": "Arm\u00e1rios no quarto", "value": "SIM", "optional": false}, {"key": "ARMARIOS_NOS_BANHEIROS", "text": "Arm\u00e1rios no banheiro", "value": "SIM", "optional": false}, {"key": "ARMARIOS_NA_COZINHA", "text": "Arm\u00e1rios na cozinha", "value": "SIM", "optional": false}, {"key": "AR_CONDICIONADO", "text": "Ar condicionado", "value": "NAO", "optional": false}, {"key": "CHUVEIRO_A_GAS", "text": "Chuveiro a g\u00e1s", "value": "SIM", "optional": false}, {"key": "QUARTO_DE_SERVICO", "text": "Quarto de servi\u00e7o", "value": "NAO", "optional": false}, {"key": "BANHEIRO_DE_SERVICO", "text": "Banheiro de servi\u00e7o", "value": "NAO", "optional": false}, {"key": "VARANDA_GOURMET", "text": "Varanda gourmet", "value": "NAO", "optional": false}, {"key": "APARTAMENTO_COBERTURA", "text": "Apartamento cobertura", "value": "NAO", "optional": false}, {"key": "QUARTO_EXTRA_REVERSIVEL", "text": "Quarto extra revers\u00edvel", "value": "NAO", "optional": false}, {"key": "FOGAO_INCLUSO", "text": "Fog\u00e3o", "value": "NAO", "optional": false}, {"key": "GELADEIRA_INCLUSO", "text": "Geladeira", "value": "NAO", "optional": false}, {"key": "BANHEIRO_ADAPTADO", "text": "Banheiro adaptado", "value": "NAO_INFORMADO", "optional": false}, {"key": "CLOSET", "text": "Closet", "value": "NAO_INFORMADO", "optional": false}, {"key": "COZINHA_AMERICANA", "text": "Cozinha americana", "value": "NAO_INFORMADO", "optional": false}, {"key": "MESAS_E_CADEIRAS_DE_ESCRITORIO", "text": "Mesas e cadeiras de escrit\u00f3rio", "value": "NAO_INFORMADO", "optional": false}, {"key": "JARDIM", "text": "Jardim", "value": "NAO_INFORMADO", "optional": false}, {"key": "QUARTOS_E_CORREDORES_COM_PORTAS_AMPLAS", "text": "Quartos e corredores com portas amplas", "value": "NAO_INFORMADO", "optional": false}, {"key": "QUINTAL", "text": "Quintal", "value": "NAO_INFORMADO", "optional": false}, {"key": "SOMENTE_UMA_CASA_NO_TERRENO", "text": "Somente uma casa no terreno", "value": "NAO_INFORMADO", "optional": false}, {"key": "AREA_DE_SERVICO", "text": "\u00c1rea de servi\u00e7o", "value": "SIM", "optional": false}], "comfortCommodities": [{"key": "BANHEIRA_DE_HIDROMASSAGEM", "text": "Banheira", "value": "NAO", "optional": false}, {"key": "PISCINA_PRIVATIVA", "text": "Piscina privativa", "value": "NAO", "optional": false}, {"key": "AR_CONDICIONADO", "text": "Ar condicionado", "value": "NAO", "optional": false}, {"key": "SOL_DA_MANHA", "text": "Sol da manh\u00e3", "value": "NAO", "optional": false}, {"key": "SOL_DA_TARDE", "text": "Sol da tarde", "value": "SIM", "optional": false}, {"key": "CORTINAS_BLACK_OUT", "text": "Cortinas corta luz", "value": "SIM", "optional": false}, {"key": "CORTINAS_DECORATIVAS", "text": "Cortina transl\u00facida", "value": "SIM", "optional": false}, {"key": "JANELA_ANTI_RUIDO", "text": "Janela anti-ru\u00eddo", "value": "NAO", "optional": false}, {"key": "VENTILADOR_DE_TETO", "text": "Ventilador de teto", "value": "NAO", "optional": false}, {"key": "LUMINOSIDADE_NATURAL", "text": "Janelas grandes", "value": "SIM", "optional": false}, {"key": "VISTA_LIVRE", "text": "Vista livre", "value": "NAO", "optional": false}, {"key": "RUA_SILENCIOSA", "text": "Rua silenciosa", "value": "SIM", "optional": false}], "practicalityCommodities": [{"key": "BOX", "text": "Box", "value": "SIM", "optional": false}, {"key": "ARMARIOS_EMBUTIDOS_NO_QUARTO", "text": "Arm\u00e1rios no quarto", "value": "SIM", "optional": false}, {"key": "ARMARIOS_NOS_BANHEIROS", "text": "Arm\u00e1rios no banheiro", "value": "SIM", "optional": false}, {"key": "ARMARIOS_NA_COZINHA", "text": "Arm\u00e1rios na cozinha", "value": "SIM", "optional": false}, {"key": "CHUVEIRO_A_GAS", "text": "Chuveiro a g\u00e1s", "value": "SIM", "optional": false}, {"key": "FOGAO_INCLUSO", "text": "Fog\u00e3o", "value": "NAO", "optional": false}, {"key": "GELADEIRA_INCLUSO", "text": "Geladeira", "value": "NAO", "optional": false}, {"key": "CHUVEIRO_ELETRICO", "text": "Chuveiro el\u00e9trico", "value": "NAO", "optional": false}, {"key": "MICROONDAS", "text": "Microondas", "value": "NAO", "optional": false}, {"key": "SOFA", "text": "Sof\u00e1", "value": "NAO", "optional": false}, {"key": "MAQUINA_DE_LAVAR", "text": "M\u00e1quina de lavar", "value": "NAO", "optional": false}, {"key": "TANQUE", "text": "Tanque", "value": "SIM", "optional": false}, {"key": "REDE_DE_PROTECAO", "text": "Tela nas janelas", "value": "SIM", "optional": false}, {"key": "VARAL_DE_ROUPAS", "text": "Varal de roupas", "value": "SIM", "optional": false}, {"key": "TOMADAS_NOVAS", "text": "Tomadas 3 pinos", "value": "NAO", "optional": false}, {"key": "TELEVISAO", "text": "Televis\u00e3o", "value": "NAO", "optional": false}, {"key": "MESAS_E_CADEIRAS_DE_JANTAR", "text": "Mesas e cadeiras de jantar", "value": "NAO", "optional": false}, {"key": "CHURRASQUEIRA", "text": "Churrasqueira", "value": "NAO_INFORMADO", "optional": false}, {"key": "ACESSO_SEM_DEGRAUS", "text": "Acesso sem degraus", "value": "SIM", "optional": false}, {"key": "COOKTOP", "text": "Fog\u00e3o cooktop", "value": "NAO", "optional": false}, {"key": "UTENSILIOS_DE_COZINHA", "text": "Utens\u00edlios de cozinha", "value": "NAO", "optional": false}, {"key": "CAMA_DE_CASAL", "text": "Cama de casal", "value": "NAO", "optional": false}, {"key": "CAMA_DE_SOLTEIRO", "text": "Cama de solteiro", "value": "NAO", "optional": false}, {"key": "ESPELHO_NO_BANHEIRO", "text": "Espelho no banheiro", "value": "SIM", "optional": false}, {"key": "FECHADURA_ELETRONICA", "text": "Fechadura eletr\u00f4nica", "value": "NAO", "optional": false}, {"key": "ENERGIA", "text": "Energia no im\u00f3vel", "value": "SIM", "optional": false}], "area": 85, "installations": [{"key": "PLAYGROUND", "text": "Playground", "value": "SIM"}, {"key": "PISCINA", "text": "Piscina", "value": "SIM"}, {"key": "CHURRASQUEIRA", "text": "Churrasqueira", "value": "SIM"}, {"key": "QUADRA_ESPORTIVA", "text": "Quadra esportiva", "value": "SIM"}, {"key": "ACADEMIA", "text": "Academia", "value": "SIM"}, {"key": "SALAO_DE_FESTAS", "text": "Sal\u00e3o de festas", "value": "SIM"}, {"key": "SAUNA", "text": "Sauna", "value": "SIM"}, {"key": "LAVANDERIA_NO_PREDIO", "text": "Lavanderia no pr\u00e9dio", "value": "NAO"}, {"key": "GAS_ENCANADO", "text": "G\u00e1s encanado", "value": "SIM"}, {"key": "ESPACO_GOURMET_NA_AREA_COMUM", "text": "Espa\u00e7o gourmet na \u00e1rea comum", "value": "NAO"}, {"key": "BRINQUEDOTECA", "text": "Brinquedoteca", "value": "NAO_INFORMADO"}, {"key": "CORRIMAO", "text": "Corrim\u00e3o", "value": "NAO_INFORMADO"}, {"key": "PISO_TATIL", "text": "Piso t\u00e1til", "value": "NAO_INFORMADO"}, {"key": "RAMPAS_DE_ACESSO", "text": "Rampas de acesso", "value": "NAO_INFORMADO"}, {"key": "SALAO_DE_JOGOS", "text": "Sal\u00e3o de jogos", "value": "SIM"}, {"key": "VAGA_DE_GARAGEM_ACESSIVEL", "text": "Vaga de garagem acess\u00edvel", "value": "NAO_INFORMADO"}, {"key": "AREA_VERDE", "text": "\u00c1rea verde", "value": "NAO_INFORMADO"}, {"key": "Elevador", "value": "SIM"}, {"key": "Porteiro24H", "value": "SIM"}], "rentPrice": 3040, "condoPrice": 1090, "condoType": "Normal", "region": {"name": "Mooca", "hub": {"loading": "UNSET", "enabled": false, "abSecretariat": false, "isPrimaryMarket": false}, "id": 1302}, "type": "Apartamento", "iptuType": "Normal", "totalCost": 4372, "parkingSpaces": 2, "address": {"street": "Rua Jaboticabal", "neighborhood": "Vila Bertioga", "city": "S\u00e3o Paulo", "zipCode": "03188-000", "stateName": "S\u00e3o Paulo", "stateAcronym": "SP", "lat": -23.5615999, "lng": -46.5784132, "countryName": "Brasil", "countryCode": "BR", "country": "Brasil"}, "floor": 1, "homeProtection": 39, "acceptsPets": false, "hasFurniture": false, "isNearSubway": false, "placesNearby": [{"name": "Escola de Idiomas", "type": "SCHOOL", "slug": "escola-de-idiomas-mooca-sao-paulo-sp"}, {"name": "Campo do Misto", "type": "STADIUM", "slug": "campo-do-misto-mooca-sao-paulo-sp"}, {"name": "Pra\u00e7a da Enta", "type": "PARK_OR_GREEN_AREA", "slug": "praca-da-enta-mooca-sao-paulo-sp"}, {"name": "DeRose Method An\u00e1lia Franco", "type": "UNIVERSITY_OR_COLLEGE", "slug": "derose-method-analia-franco-jardim-analia-franco-sao-paulo-sp"}, {"name": "Yazigi", "type": "SCHOOL", "slug": "yazigi-mooca-sao-paulo-sp"}, {"name": "Escola Municipal Iliano Di Cavalcanti", "type": "SCHOOL", "slug": "escola-municipal-iliano-di-cavalcanti-vila-invernada-sao-paulo-sp"}, {"name": "Escola Municipal de Educa\u00e7\u00e3o Infantil Corn\u00e9lio Pires", "type": "SCHOOL", "slug": "escola-municipal-de-educacao-infantil-cornelio-pires-vila-invernada-sao-paulo-sp"}, {"name": "Escola Estadual Isa\u00ed Lairner", "type": "SCHOOL", "slug": "escola-estadual-isai-lairner-vila-invernada-sao-paulo-sp-brasil"}, {"name": "Wise Up An\u00e1lia Franco", "type": "UNIVERSITY_OR_COLLEGE", "slug": "wise-up-analia-franco-jardim-analia-franco-sao-paulo-sp"}, {"name": "Silvio Romero Plaza", "type": "SHOPPING_MALL", "slug": "silvio-romero-plaza-tatuape-sao-paulo-sp"}, {"name": "Rede Decis\u00e3o", "type": "SCHOOL", "slug": "rede-decisao-vila-invernada-sao-paulo-sp-brasil"}, {"name": "Col\u00e9gio Luterano de S\u00e3o Paulo", "type": "SCHOOL", "slug": "colegio-luterano-de-sao-paulo-vila-invernada-sao-paulo-sp-brasil"}, {"name": "Col\u00e9gio Amorim Tatuap\u00e9", "type": "SCHOOL", "slug": "colegio-amorim-tatuape-vila-gomes-cardim-sao-paulo-sp"}, {"name": "Dem\u00f4nios Garoa Produ\u00e7\u00f5es Art\u00edsticas Representa\u00e7\u00f5es", "type": "MUSEUM_THEATRE_OR_CONCERT_HALL", "slug": "demonios-garoa-producoes-artisticas-representacoes-mooca-sao-paulo-sp"}, {"name": "Senac Idiomas", "type": "UNIVERSITY_OR_COLLEGE", "slug": "senac-idiomas-jardim-analia-franco-sao-paulo-sp"}], "availabilityType": "IMMEDIATE", "photos": [{"id": 11145306, "subtitle": "Sala", "url": "893245071-19.341063734213627LUI7214.jpg", "cover": true}, {"id": 11145307, "subtitle": "Sala", "url": "893245071-851.9469840835718LUI7215.jpg", "cover": false}, {"id": 11145308, "subtitle": "Sala", "url": "893245071-542.5809651168232LUI7216.jpg", "cover": false}, {"id": 11145309, "subtitle": "Sala", "url": "893245071-384.6616220554266LUI7217.jpg", "cover": false}, {"id": 11145310, "subtitle": "Sala", "url": "893245071-338.82874680597916LUI7218.jpg", "cover": false}, {"id": 11145311, "subtitle": "Varanda Sala", "url": "893245071-275.78044393078227LUI7219.jpg", "cover": false}, {"id": 11145312, "subtitle": "Varanda Sala", "url": "893245071-371.19538650510395LUI7220.jpg", "cover": false}, {"id": 11145313, "subtitle": "Vista Varanda Sala", "url": "893245071-512.3937859084418LUI7221.jpg", "cover": false}, {"id": 11145314, "subtitle": "Corredor", "url": "893245071-88.42667595372345LUI7222.jpg", "cover": false}, {"id": 11145316, "subtitle": "Corredor", "url": "893245071-13.112731465229178LUI7223.jpg", "cover": false}, {"id": 11145317, "subtitle": "Quarto 1", "url": "893245071-285.6136019565605LUI7224.jpg", "cover": false}, {"id": 11145318, "subtitle": "Quarto 1", "url": "893245071-144.05304604419956LUI7225.jpg", "cover": false}, {"id": 11145319, "subtitle": "Quarto 1", "url": "893245071-8.374572662827152LUI7226.jpg", "cover": false}, {"id": 11145321, "subtitle": "Quarto 1", "url": "893245071-899.8307499889124LUI7227.jpg", "cover": false}, {"id": 11145323, "subtitle": "Vista Quarto 1", "url": "893245071-142.8036213179147LUI7228.jpg", "cover": false}, {"id": 11145325, "subtitle": "Quarto 2", "url": "893245071-462.362440983908LUI7229.jpg", "cover": false}, {"id": 11145327, "subtitle": "Quarto 2", "url": "893245071-419.5364484880334LUI7230.jpg", "cover": false}, {"id": 11145329, "subtitle": "Quarto 2", "url": "893245071-654.300579435729LUI7231.jpg", "cover": false}, {"id": 11145331, "subtitle": "Quarto 2", "url": "893245071-489.1770674234499LUI7232.jpg", "cover": false}, {"id": 11145332, "subtitle": "Vista Quarto 2", "url": "893245071-146.24753189701124LUI7233.jpg", "cover": false}, {"id": 11145333, "subtitle": "Quarto 3", "url": "893245071-328.557210954748LUI7234.jpg", "cover": false}, {"id": 11145335, "subtitle": "Quarto 3", "url": "893245071-110.33040808415195LUI7235.jpg", "cover": false}, {"id": 11145337, "subtitle": "Quarto 3", "url": "893245071-532.6083053525383LUI7236.jpg", "cover": false}, {"id": 11145355, "subtitle": "Varanda Quarto 3", "url": "893245071-743.4489117925817LUI7241.jpg", "cover": false}, {"id": 11145358, "subtitle": "Varanda Quarto 3", "url": "893245071-169.08734862433573LUI7242.jpg", "cover": false}, {"id": 11145362, "subtitle": "Varanda Quarto 3", "url": "893245071-83.37198174807936LUI7243.jpg", "cover": false}, {"id": 11145365, "subtitle": "Vista Varanda Quarto 3", "url": "893245071-194.48033288895428LUI7244.jpg", "cover": false}, {"id": 11145340, "subtitle": "Banheiro Quarto 3", "url": "893245071-106.60724168870628LUI7237.jpg", "cover": false}, {"id": 11145344, "subtitle": "Banheiro Quarto 3", "url": "893245071-895.5660685598328LUI7238.jpg", "cover": false}, {"id": 11145347, "subtitle": "Banheiro Quarto 3", "url": "893245071-197.58020859741586LUI7239.jpg", "cover": false}, {"id": 11145351, "subtitle": "Banheiro Quarto 3", "url": "893245071-331.14532523910003LUI7240.jpg", "cover": false}, {"id": 11145369, "subtitle": "Banheiro Social", "url": "893245071-413.6354976288751LUI7247.jpg", "cover": false}, {"id": 11145372, "subtitle": "Banheiro Social", "url": "893245071-13.822049769990464LUI7248.jpg", "cover": false}, {"id": 11145375, "subtitle": "Banheiro Social", "url": "893245071-193.66387386859518LUI7249.jpg", "cover": false}, {"id": 11145377, "subtitle": "Banheiro Social", "url": "893245071-364.46415578214476LUI7250.jpg", "cover": false}, {"id": 11145384, "subtitle": "Cozinha", "url": "893245071-433.1932850944528LUI7251.jpg", "cover": false}, {"id": 11145387, "subtitle": "Cozinha", "url": "893245071-357.1213292867106LUI7252.jpg", "cover": false}, {"id": 11145390, "subtitle": "Cozinha", "url": "893245071-590.7029699599673LUI7253.jpg", "cover": false}, {"id": 11145393, "subtitle": "Cozinha", "url": "893245071-743.0925618906484LUI7254.jpg", "cover": false}, {"id": 11145396, "subtitle": "\u00c1rea de Servi\u00e7o", "url": "893245071-618.4048959143881LUI7255.jpg", "cover": false}, {"id": 11145400, "subtitle": "\u00c1rea de Servi\u00e7o", "url": "893245071-487.27684562701313LUI7256.jpg", "cover": false}, {"id": 11145405, "subtitle": "\u00c1rea de Servi\u00e7o", "url": "893245071-485.72093377372016LUI7257.jpg", "cover": false}, {"id": 11145408, "subtitle": "Vista \u00c1rea de Servi\u00e7o", "url": "893245071-562.5011609275153LUI7258.jpg", "cover": false}, {"id": 11145411, "subtitle": "Banheiro de Servi\u00e7o", "url": "893245071-970.6542534917359LUI7259.jpg", "cover": false}, {"id": 11145414, "subtitle": "\u00c1rea comum - Churrasqueira", "url": "893245071-481.6134532328633LUI7261.jpg", "cover": false}, {"id": 11145417, "subtitle": "Salao de Festa", "url": "893245071-766.8064324773227LUI7263.jpg", "cover": false}, {"id": 11145420, "subtitle": "Sala de Jogos", "url": "893245071-388.70033803274686LUI7264.jpg", "cover": false}, {"id": 11145423, "subtitle": "\u00c1rea Comum - Playground", "url": "893245071-711.842866279998LUI7265.jpg", "cover": false}, {"id": 11145425, "subtitle": "Quadra", "url": "893245071-589.8991605786971LUI7266.jpg", "cover": false}, {"id": 11145428, "subtitle": "\u00c1rea comum - Piscina", "url": "893245071-941.7214124369167LUI7267.jpg", "cover": false}, {"id": 11145429, "subtitle": "Academia", "url": "893245071-694.6928552854324LUI7268.jpg", "cover": false}, {"id": 11145430, "subtitle": "\u00c1rea comum", "url": "893245071-654.9966406142948LUI7269.jpg", "cover": false}, {"id": 11145431, "subtitle": "\u00c1rea comum", "url": "893245071-628.4647421975227LUI7270.jpg", "cover": false}, {"id": 11145432, "subtitle": "Fachada", "url": "893245071-641.0741082344168LUI7271.jpg", "cover": false}], "photosCategorizedByRooms": [], "relevantRegions": [], "photospheres": [], "specialConditions": ["Exclusivity"], "offers": {"closingRate": 0, "shouldHighlightIcon": true, "shouldShowOfferDialog": false, "shouldShowOffers": false, "summary": []}, "status": "publicado", "showUrlHasBeenCopiedSnackbar": false, "isGalleryModalOpen": false, "error": false, "loaded": true, "loading": false, "loadingCategorizedRooms": false, "selectedMedia": "tenant/HouseMedia/PHOTOS", "video": "", "promotions": [], "condominium": {"hashId": "9d37szlg5p", "name": "Boulevard Perez", "slug": "boulevard-perez-vila-bertioga-sao-paulo", "address": "Rua Jaboticabal"}, "forRent": true, "forSale": true, "salePrice": 580000, "mortgageFirstInstallment": 0, "listings": [{"imovelId": 893245071, "businessContext": "SALE", "status": "publicado", "firstPublicationDate": "2021-02-04T01:34:29.000+0000", "lastPublicationDate": "2021-02-04T01:34:29.000+0000", "ownership": "STANDARD"}, {"imovelId": 893245071, "businessContext": "RENT", "status": "publicado", "firstPublicationDate": "2022-10-04T15:40:38.000+0000", "lastPublicationDate": "2022-10-04T15:40:38.000+0000", "listingRentModel": {"listingBusinessContextId": 1259595, "rentalAdministrator": "QUINTOANDAR"}, "ownership": "STANDARD"}], "listingTags": [], "businessContext": "", "regionParameters": {"loaded": false, "loading": false, "RENT": {"visitsEnabled": true, "talkToAgentEnabled": false}, "SALE": {"visitsEnabled": true, "talkToAgentEnabled": false}}, "houseAgent": {"isDialogOpen": false, "alreadyOpenedByQueryParam": false}, "tenantServiceFee": 78, "closingStatus": {"loading": false}, "rentalGuarantee": {"minValue": 760, "maxValue": 2280}, "reservationAvailability": null, "isPrimaryMarket": false, "macroRegion": {"id": 2741, "name": "SPO01"}, "suites": 1, "houseVisitStatus": "ACCEPT_NEW", "visitStatusReason": null, "visitsUnavailable": false, "isReserved": false, "allowDirectOffer": true, "lastPublishedDate": "2022-10-04T15:40:38.000Z", "listingPublication": "stranded", "rentOnTermination": false, "constructionYear": null, "categories": []}, "markers": {"lat": -23.5615999, "lng": -46.5784132}, "talkToAgent": {"dialog": {"open": false, "questionType": null, "question": ""}, "agentSupport": {}, "error": null, "autoSubmit": false, "loading": false, "submitting": false, "success": false, "hasLoadedAgentInfo": false, "agent": null, "hasLoadedAgentsInRegion": false, "agentsInRegion": null}}}}, "__N_SSP": true}, "page": "/imovel/[houseId]/[[...slug]]", "query": {"houseId": "893245071", "slug": ["alugar", "apartamento-3-quartos-vila-bertioga-sao-paulo"]}, "buildId": "gCr3Bg2lYzV9hxZqGibIQ", "runtimeConfig": {"NEXT_PUBLIC_HOME_ADVERTISING_BANNER": "coupon"}, "isFallback": false, "dynamicIds": [61847, 31265, 66435, 77453, 87356, 60899, 41103, 3232, 33207, 72227, 40072, 39327, 19904, 96827], "gssp": true, "customServer": true, "appGip": true, "locale": "pt-BR", "locales": ["pt-BR", "es-MX"], "defaultLocale": "pt-BR", "domainLocales": [{"domain": "www.quintoandar.com.br", "defaultLocale": "pt-BR"}, {"domain": "www.benvi.mx", "defaultLocale": "es-MX"}], "scriptLoader": []}