{"props": {"pageProps": {"initialState": {"route": {"locationBeforeTransitions": {"pathname": "/imovel/893392892/alugar/casa-3-quartos-jardim-analia-franco-sao-paulo", "search": "", "hash": "", "action": "POP", "query": {}}, "topLevelRouteName": "house details", "businessContext": "RENT", "favoriteListsBusinessContext": "RENT"}, "router": {"location": {"href": "/", "pathname": "/", "search": "", "hash": ""}}, "progress": {"pendingRequests": -1}, "login": {"response": {}, "user": {"isLoggedIn": false, "id": 0, "agentId": 0, "hashId": "", "sessionId": null, "name": "", "email": "", "maskedEmail": "", "jwt": {"app": "", "firebase": ""}, "phone": {"countryCode": "+55", "areaCode": "", "phoneNumber": ""}, "country": "BR", "channel": "", "isPhoneRegistered": false, "acceptWhatsapp": true, "hasDocument": false, "isPartner": false}, "accountForm": {}, "redirectUrl": "", "isRequestOngoing": false}, "captcha": {"token": "", "hasLoadedRemoteConfig": false, "provider": "", "friction": "low", "unavailableCountriesCode": []}, "supportedCities": [], "inAppMessages": {"biomaSurvey": {"isOpen": false, "formId": null, "data": {"opaque": true}}}, "metaData": {"similar_houses_clicked": []}, "appData": {"device": {"type": "desktop", "isSearchEngineCrawler": false}, "experiments": "X-AB-Test=ab_exposed_filter_sale_desktop:1,ab_exposed_filter_sale_v1:1,ab_exposed_filters:1,ab_load_more_v0:-1,ab_new_house_card_v2:0,ab_new_rent_listing_phase2:0,ab_profiling_create_alert_filters:0,ab_scheduling_step_by_step_v1:1,ab_show_floor_sale:0,ab_street_search_retrieval_v1:0"}, "house": {"houseInfo": {"id": "893392892", "displayId": "692892", "bedrooms": 3, "city": "S\u00e3o Paulo", "cityId": 39, "bathrooms": 1, "iptu": 1190, "amenities": [{"key": "BANHEIRA_DE_HIDROMASSAGEM", "text": "Banheira", "value": "NAO", "optional": false}, {"key": "BOX", "text": "Box", "value": "SIM", "optional": false}, {"key": "VARANDA", "text": "Varanda", "value": "SIM", "optional": false}, {"key": "PISCINA_PRIVATIVA", "text": "Piscina privativa", "value": "NAO", "optional": false}, {"key": "ARMARIOS_EMBUTIDOS_NO_QUARTO", "text": "Arm\u00e1rios no quarto", "value": "SIM", "optional": false}, {"key": "ARMARIOS_NOS_BANHEIROS", "text": "Arm\u00e1rios no banheiro", "value": "SIM", "optional": false}, {"key": "ARMARIOS_NA_COZINHA", "text": "Arm\u00e1rios na cozinha", "value": "SIM", "optional": false}, {"key": "AR_CONDICIONADO", "text": "Ar condicionado", "value": "SIM", "optional": false}, {"key": "CHUVEIRO_A_GAS", "text": "Chuveiro a g\u00e1s", "value": "SIM", "optional": false}, {"key": "QUARTO_DE_SERVICO", "text": "Quarto de servi\u00e7o", "value": "SIM", "optional": false}, {"key": "BANHEIRO_DE_SERVICO", "text": "Banheiro de servi\u00e7o", "value": "SIM", "optional": false}, {"key": "VARANDA_GOURMET", "text": "Varanda gourmet", "value": "NAO", "optional": false}, {"key": "APARTAMENTO_COBERTURA", "text": "Apartamento cobertura", "value": "NAO", "optional": false}, {"key": "QUARTO_EXTRA_REVERSIVEL", "text": "Quarto extra revers\u00edvel", "value": "NAO", "optional": false}, {"key": "FOGAO_INCLUSO", "text": "Fog\u00e3o", "value": "SIM", "optional": false}, {"key": "GELADEIRA_INCLUSO", "text": "Geladeira", "value": "SIM", "optional": false}, {"key": "BANHEIRO_ADAPTADO", "text": "Banheiro adaptado", "value": "NAO_INFORMADO", "optional": false}, {"key": "CLOSET", "text": "Closet", "value": "SIM", "optional": false}, {"key": "COZINHA_AMERICANA", "text": "Cozinha americana", "value": "NAO_INFORMADO", "optional": false}, {"key": "MESAS_E_CADEIRAS_DE_ESCRITORIO", "text": "Mesas e cadeiras de escrit\u00f3rio", "value": "NAO_INFORMADO", "optional": false}, {"key": "JARDIM", "text": "Jardim", "value": "NAO_INFORMADO", "optional": false}, {"key": "QUARTOS_E_CORREDORES_COM_PORTAS_AMPLAS", "text": "Quartos e corredores com portas amplas", "value": "NAO_INFORMADO", "optional": false}, {"key": "QUINTAL", "text": "Quintal", "value": "SIM", "optional": false}, {"key": "SOMENTE_UMA_CASA_NO_TERRENO", "text": "Somente uma casa no terreno", "value": "NAO_INFORMADO", "optional": false}, {"key": "AREA_DE_SERVICO", "text": "\u00c1rea de servi\u00e7o", "value": "SIM", "optional": false}], "comfortCommodities": [{"key": "BANHEIRA_DE_HIDROMASSAGEM", "text": "Banheira", "value": "NAO", "optional": false}, {"key": "PISCINA_PRIVATIVA", "text": "Piscina privativa", "value": "NAO", "optional": false}, {"key": "AR_CONDICIONADO", "text": "Ar condicionado", "value": "SIM", "optional": false}, {"key": "SOL_DA_MANHA", "text": "Sol da manh\u00e3", "value": "SIM", "optional": false}, {"key": "SOL_DA_TARDE", "text": "Sol da tarde", "value": "SIM", "optional": false}, {"key": "CORTINAS_BLACK_OUT", "text": "Cortinas corta luz", "value": "NAO", "optional": false}, {"key": "CORTINAS_DECORATIVAS", "text": "Cortina transl\u00facida", "value": "SIM", "optional": false}, {"key": "JANELA_ANTI_RUIDO", "text": "Janela anti-ru\u00eddo", "value": "NAO", "optional": false}, {"key": "VENTILADOR_DE_TETO", "text": "Ventilador de teto", "value": "NAO", "optional": false}, {"key": "LUMINOSIDADE_NATURAL", "text": "Janelas grandes", "value": "SIM", "optional": false}, {"key": "VISTA_LIVRE", "text": "Vista livre", "value": "NAO", "optional": false}, {"key": "RUA_SILENCIOSA", "text": "Rua silenciosa", "value": "SIM", "optional": false}], "practicalityCommodities": [{"key": "BOX", "text": "Box", "value": "SIM", "optional": false}, {"key": "ARMARIOS_EMBUTIDOS_NO_QUARTO", "text": "Arm\u00e1rios no quarto", "value": "SIM", "optional": false}, {"key": "ARMARIOS_NOS_BANHEIROS", "text": "Arm\u00e1rios no banheiro", "value": "SIM", "optional": false}, {"key": "ARMARIOS_NA_COZINHA", "text": "Arm\u00e1rios na cozinha", "value": "SIM", "optional": false}, {"key": "CHUVEIRO_A_GAS", "text": "Chuveiro a g\u00e1s", "value": "SIM", "optional": false}, {"key": "FOGAO_INCLUSO", "text": "Fog\u00e3o", "value": "SIM", "optional": false}, {"key": "GELADEIRA_INCLUSO", "text": "Geladeira", "value": "SIM", "optional": false}, {"key": "CHUVEIRO_ELETRICO", "text": "Chuveiro el\u00e9trico", "value": "SIM", "optional": false}, {"key": "MICROONDAS", "text": "Microondas", "value": "SIM", "optional": false}, {"key": "SOFA", "text": "Sof\u00e1", "value": "SIM", "optional": false}, {"key": "MAQUINA_DE_LAVAR", "text": "M\u00e1quina de lavar", "value": "NAO", "optional": false}, {"key": "TANQUE", "text": "Tanque", "value": "SIM", "optional": false}, {"key": "REDE_DE_PROTECAO", "text": "Tela nas janelas", "value": "NAO", "optional": false}, {"key": "VARAL_DE_ROUPAS", "text": "Varal de roupas", "value": "SIM", "optional": false}, {"key": "TOMADAS_NOVAS", "text": "Tomadas 3 pinos", "value": "NAO", "optional": false}, {"key": "TELEVISAO", "text": "Televis\u00e3o", "value": "NAO", "optional": false}, {"key": "MESAS_E_CADEIRAS_DE_JANTAR", "text": "Mesas e cadeiras de jantar", "value": "SIM", "optional": false}, {"key": "CHURRASQUEIRA", "text": "Churrasqueira", "value": "NAO_INFORMADO", "optional": false}, {"key": "ACESSO_SEM_DEGRAUS", "text": "Acesso sem degraus", "value": "NAO", "optional": false}, {"key": "COOKTOP", "text": "Fog\u00e3o cooktop", "value": "NAO", "optional": false}, {"key": "UTENSILIOS_DE_COZINHA", "text": "Utens\u00edlios de cozinha", "value": "NAO", "optional": false}, {"key": "CAMA_DE_CASAL", "text": "Cama de casal", "value": "SIM", "optional": false}, {"key": "CAMA_DE_SOLTEIRO", "text": "Cama de solteiro", "value": "SIM", "optional": false}, {"key": "ESPELHO_NO_BANHEIRO", "text": "Espelho no banheiro", "value": "SIM", "optional": false}, {"key": "FECHADURA_ELETRONICA", "text": "Fechadura eletr\u00f4nica", "value": "NAO", "optional": false}, {"key": "ENERGIA", "text": "Energia no im\u00f3vel", "value": "SIM", "optional": false}], "area": 268, "installations": [{"key": "PLAYGROUND", "text": "Playground", "value": "NAO"}, {"key": "PISCINA", "text": "Piscina", "value": "NAO"}, {"key": "CHURRASQUEIRA", "text": "Churrasqueira", "value": "NAO"}, {"key": "QUADRA_ESPORTIVA", "text": "Quadra esportiva", "value": "NAO"}, {"key": "ACADEMIA", "text": "Academia", "value": "NAO"}, {"key": "SALAO_DE_FESTAS", "text": "Sal\u00e3o de festas", "value": "NAO"}, {"key": "SAUNA", "text": "Sauna", "value": "NAO"}, {"key": "LAVANDERIA_NO_PREDIO", "text": "Lavanderia no pr\u00e9dio", "value": "NAO"}, {"key": "GAS_ENCANADO", "text": "G\u00e1s encanado", "value": "NAO"}, {"key": "ESPACO_GOURMET_NA_AREA_COMUM", "text": "Espa\u00e7o gourmet na \u00e1rea comum", "value": "NAO"}, {"key": "BRINQUEDOTECA", "text": "Brinquedoteca", "value": "NAO_INFORMADO"}, {"key": "CORRIMAO", "text": "Corrim\u00e3o", "value": "NAO_INFORMADO"}, {"key": "PISO_TATIL", "text": "Piso t\u00e1til", "value": "NAO_INFORMADO"}, {"key": "RAMPAS_DE_ACESSO", "text": "Rampas de acesso", "value": "NAO_INFORMADO"}, {"key": "SALAO_DE_JOGOS", "text": "Sal\u00e3o de jogos", "value": "NAO_INFORMADO"}, {"key": "VAGA_DE_GARAGEM_ACESSIVEL", "text": "Vaga de garagem acess\u00edvel", "value": "NAO_INFORMADO"}, {"key": "AREA_VERDE", "text": "\u00c1rea verde", "value": "NAO_INFORMADO"}, {"key": "Elevador", "value": "NAO"}, {"key": "Porteiro24H", "value": "NAO"}], "rentPrice": 12190, "condoPrice": 0, "condoType": "NaoExiste", "region": {"name": "Jardim An\u00e1lia Franco", "hub": {"loading": "UNSET", "enabled": false, "abSecretariat": false, "isPrimaryMarket": false}, "id": 1305}, "type": "Casa", "iptuType": "Normal", "totalCost": 13897, "parkingSpaces": 6, "address": {"street": "Rua Jos\u00e9 Oscar Abreu Sampaio", "neighborhood": "Jardim An\u00e1lia Franco", "city": "S\u00e3o Paulo", "zipCode": "03337-020", "stateName": "S\u00e3o Paulo", "stateAcronym": "SP", "lat": -23.5596436, "lng": -46.5656515, "countryName": "Brasil", "countryCode": "BR", "country": "Brasil"}, "homeProtection": 202, "remarks": "", "furniture": "O Im\u00f3vel ficar\u00e1 com todas as mob\u00edlias: arm\u00e1rios embutidos, camas, sof\u00e1s, etc...", "acceptsPets": false, "hasFurniture": true, "isNearSubway": false, "placesNearby": [{"name": "Wise Up An\u00e1lia Franco", "type": "UNIVERSITY_OR_COLLEGE", "slug": "wise-up-analia-franco-jardim-analia-franco-sao-paulo-sp"}, {"name": "Shopping An\u00e1lia Franco", "type": "SHOPPING_MALL", "slug": "shopping-analia-franco-tatuape-sao-paulo-sp"}, {"name": "Senac Idiomas", "type": "UNIVERSITY_OR_COLLEGE", "slug": "senac-idiomas-jardim-analia-franco-sao-paulo-sp"}, {"name": "Escola Estadual Isa\u00ed Lairner", "type": "SCHOOL", "slug": "escola-estadual-isai-lairner-vila-invernada-sao-paulo-sp-brasil"}, {"name": "Rede Decis\u00e3o", "type": "SCHOOL", "slug": "rede-decisao-vila-invernada-sao-paulo-sp-brasil"}, {"name": "Col\u00e9gio Luterano de S\u00e3o Paulo", "type": "SCHOOL", "slug": "colegio-luterano-de-sao-paulo-vila-invernada-sao-paulo-sp-brasil"}, {"name": "DeRose Method An\u00e1lia Franco", "type": "UNIVERSITY_OR_COLLEGE", "slug": "derose-method-analia-franco-jardim-analia-franco-sao-paulo-sp"}, {"name": "Escola Municipal Iliano Di Cavalcanti", "type": "SCHOOL", "slug": "escola-municipal-iliano-di-cavalcanti-vila-invernada-sao-paulo-sp"}, {"name": "Escola Municipal de Educa\u00e7\u00e3o Infantil Corn\u00e9lio Pires", "type": "SCHOOL", "slug": "escola-municipal-de-educacao-infantil-cornelio-pires-vila-invernada-sao-paulo-sp"}, {"name": "Escola P\u00fablica Estadual Anna Teixeira Prado Zacharias", "type": "SCHOOL", "slug": "escola-publica-estadual-anna-teixeira-prado-zacharias-chacara-mafalda-sao-paulo-sp-brasil"}, {"name": "Campo do Misto", "type": "STADIUM", "slug": "campo-do-misto-mooca-sao-paulo-sp"}, {"name": "Silvio Romero Plaza", "type": "SHOPPING_MALL", "slug": "silvio-romero-plaza-tatuape-sao-paulo-sp"}, {"name": "Col\u00e9gio Amorim Tatuap\u00e9", "type": "SCHOOL", "slug": "colegio-amorim-tatuape-vila-gomes-cardim-sao-paulo-sp"}, {"name": "Col\u00e9gio Framtid", "type": "SCHOOL", "slug": "colegio-framtid-chacara-mafalda-sao-paulo-sp-brasil"}, {"name": "Espa\u00e7o Cultural Tatuap\u00e9", "type": "UNIVERSITY_OR_COLLEGE", "slug": "espaco-cultural-tatuape-tatuape-sao-paulo-sp"}, {"name": "Col\u00e9gio Alvorada", "type": "SCHOOL", "slug": "colegio-alvorada-vila-formosa-sao-paulo-sp"}, {"name": "Zoopaloo Buffet", "type": "MUSEUM_THEATRE_OR_CONCERT_HALL", "slug": "zoopaloo-buffet-tatuape-sao-paulo-sp"}, {"name": "Escola de Idiomas", "type": "SCHOOL", "slug": "escola-de-idiomas-mooca-sao-paulo-sp"}, {"name": "Col\u00e9gio Agostiniano Mendel", "type": "SCHOOL", "slug": "colegio-agostiniano-mendel-tatuape-sao-paulo-sp"}], "availabilityType": "IMMEDIATE", "photos": [{"id": 16661868, "subtitle": "Sala", "url": "893392892-879.6971631591796DSC4650.jpg", "cover": true}, {"id": 16661866, "subtitle": "Sala", "url": "893392892-951.86807086537DSC4648.jpg", "cover": false}, {"id": 16661867, "subtitle": "Sala", "url": "893392892-955.0447217709002DSC4649.jpg", "cover": false}, {"id": 16661869, "subtitle": "Sala", "url": "893392892-875.681121490587DSC4651.jpg", "cover": false}, {"id": 16661870, "subtitle": "Sala", "url": "893392892-678.9899372895326DSC4652.jpg", "cover": false}, {"id": 16661871, "subtitle": "Lavabo", "url": "893392892-220.14910723702928DSC4653.jpg", "cover": false}, {"id": 16661872, "subtitle": "Hall", "url": "893392892-555.697233631981DSC4654.jpg", "cover": false}, {"id": 16661873, "subtitle": "Hall", "url": "893392892-258.81394602832233DSC4655.jpg", "cover": false}, {"id": 16661874, "subtitle": "Quarto su\u00edte 01", "url": "893392892-391.2185973855783DSC4680.jpg", "cover": false}, {"id": 16661875, "subtitle": "Quarto su\u00edte 01", "url": "893392892-740.6535310153347DSC4681.jpg", "cover": false}, {"id": 16661876, "subtitle": "Quarto su\u00edte 01", "url": "893392892-67.17622537952539DSC4682.jpg", "cover": false}, {"id": 16661877, "subtitle": "Closet su\u00edte 01", "url": "893392892-376.84423410857784DSC4683.jpg", "cover": false}, {"id": 16661878, "subtitle": "Closet su\u00edte 01", "url": "893392892-26.702906887447362DSC4684.jpg", "cover": false}, {"id": 16661879, "subtitle": "Banheiro su\u00edte 01", "url": "893392892-973.185878447815DSC4685.jpg", "cover": false}, {"id": 16661880, "subtitle": "Banheiro su\u00edte 01", "url": "893392892-770.4049898974132DSC4686.jpg", "cover": false}, {"id": 16661881, "subtitle": "Pia", "url": "893392892-197.05730717875537DSC4687.jpg", "cover": false}, {"id": 16661882, "subtitle": "Chuveiro", "url": "893392892-197.50356587410732DSC4688.jpg", "cover": false}, {"id": 16661883, "subtitle": "Varanda", "url": "893392892-402.8542387184402DSC4689.jpg", "cover": false}, {"id": 16661884, "subtitle": "Vista varanda", "url": "893392892-639.6639914775956DSC4690.jpg", "cover": false}, {"id": 16661885, "subtitle": "Quarto 02", "url": "893392892-888.9078741279851DSC4691.jpg", "cover": false}, {"id": 16661886, "subtitle": "Quarto 02", "url": "893392892-307.85308214848664DSC4692.jpg", "cover": false}, {"id": 16661887, "subtitle": "Quarto 02", "url": "893392892-798.6114050799856DSC4693.jpg", "cover": false}, {"id": 16661888, "subtitle": "Vista quarto 02", "url": "893392892-20.975235511596523DSC4694.jpg", "cover": false}, {"id": 16661889, "subtitle": "Quarto 03", "url": "893392892-527.3750565795157DSC4695.jpg", "cover": false}, {"id": 16661891, "subtitle": "Quarto 03", "url": "893392892-556.3032410336502DSC4696.jpg", "cover": false}, {"id": 16661892, "subtitle": "Quarto 03", "url": "893392892-540.3757017177305DSC4697.jpg", "cover": false}, {"id": 16661894, "subtitle": "Vista quarto 03", "url": "893392892-687.6497436073146DSC4698.jpg", "cover": false}, {"id": 16661895, "subtitle": "Banheiro social", "url": "893392892-798.6035451004286DSC4699.jpg", "cover": false}, {"id": 16661902, "subtitle": "Banheiro social", "url": "893392892-879.4638426869178DSC4703.jpg", "cover": false}, {"id": 16661899, "subtitle": "Banheiro social", "url": "893392892-276.87931548085754DSC4701.jpg", "cover": false}, {"id": 16661897, "subtitle": "Pia", "url": "893392892-449.25212935328017DSC4700.jpg", "cover": false}, {"id": 16661900, "subtitle": "Chuveiro", "url": "893392892-41.81417284272504DSC4702.jpg", "cover": false}, {"id": 16661903, "subtitle": "Hall quartos", "url": "893392892-522.2219840828735DSC4704.jpg", "cover": false}, {"id": 16661904, "subtitle": "Escada", "url": "893392892-129.0291467816075DSC4705.jpg", "cover": false}, {"id": 16661928, "subtitle": "Sala de almo\u00e7o", "url": "893392892-223.08574645713685DSC4656.jpg", "cover": false}, {"id": 16661932, "subtitle": "Sala de almo\u00e7o", "url": "893392892-717.112702846426DSC4657.jpg", "cover": false}, {"id": 16661933, "subtitle": "Sala de almo\u00e7o", "url": "893392892-948.9844280367856DSC4658.jpg", "cover": false}, {"id": 16661936, "subtitle": "Cozinha", "url": "893392892-555.8232008217113DSC4660.jpg", "cover": false}, {"id": 16661940, "subtitle": "Cozinha", "url": "893392892-449.0065603135499DSC4661.jpg", "cover": false}, {"id": 16661942, "subtitle": "Cozinha", "url": "893392892-860.2518481501028DSC4662.jpg", "cover": false}, {"id": 16661944, "subtitle": "Quintal", "url": "893392892-243.25517912920847DSC4663.jpg", "cover": false}, {"id": 16661946, "subtitle": "Quintal", "url": "893392892-333.70154016367917DSC4664.jpg", "cover": false}, {"id": 16661951, "subtitle": "Quintal", "url": "893392892-247.19827173927712DSC4665.jpg", "cover": false}, {"id": 16661952, "subtitle": "Garagem", "url": "893392892-470.6099850696966DSC4666.jpg", "cover": false}, {"id": 16661954, "subtitle": "Garagem", "url": "893392892-516.2530924654162DSC4667.jpg", "cover": false}, {"id": 16661958, "subtitle": "Garagem", "url": "893392892-772.8052847911105DSC4668.jpg", "cover": false}, {"id": 16661961, "subtitle": "Garagem", "url": "893392892-752.7039192310679DSC4669.jpg", "cover": false}, {"id": 16661965, "subtitle": "\u00c1rea de servi\u00e7o", "url": "893392892-79.1042608582151DSC4670.jpg", "cover": false}, {"id": 16661967, "subtitle": "Tanque", "url": "893392892-893.5718859206669DSC4671.jpg", "cover": false}, {"id": 16661969, "subtitle": "Quarto de servi\u00e7o", "url": "893392892-472.6127415432777DSC4672.jpg", "cover": false}, {"id": 16661972, "subtitle": "Quarto de servi\u00e7o", "url": "893392892-362.46823869916614DSC4673.jpg", "cover": false}, {"id": 16661977, "subtitle": "Banheiro de servi\u00e7o", "url": "893392892-862.3463483736009DSC4674.jpg", "cover": false}, {"id": 16661980, "subtitle": "Sal\u00e3o ed\u00edcola", "url": "893392892-856.4919771893351DSC4675.jpg", "cover": false}, {"id": 16661982, "subtitle": "Sal\u00e3o ed\u00edcola", "url": "893392892-929.249146179744DSC4676.jpg", "cover": false}, {"id": 16661986, "subtitle": "Sal\u00e3o ed\u00edcola", "url": "893392892-928.8186938808187DSC4677.jpg", "cover": false}, {"id": 16661987, "subtitle": "Sal\u00e3o ed\u00edcola", "url": "893392892-695.1645244510462DSC4678.jpg", "cover": false}, {"id": 16661988, "subtitle": "Escada ed\u00edcola", "url": "893392892-388.7773197181307DSC4679.jpg", "cover": false}, {"id": 16662015, "subtitle": "Entrada", "url": "893392892-839.9220821241893DSC4706.jpg", "cover": false}, {"id": 16662018, "subtitle": "Entrada", "url": "893392892-133.97960698402278DSC4707.jpg", "cover": false}, {"id": 16662021, "subtitle": "Fachada", "url": "893392892-554.4117683990999DSC4709.jpg", "cover": false}], "photosCategorizedByRooms": [], "relevantRegions": [], "photospheres": [], "specialConditions": [], "offers": {"closingRate": 0, "shouldHighlightIcon": true, "shouldShowOfferDialog": false, "shouldShowOffers": false, "summary": []}, "status": "publicado", "showUrlHasBeenCopiedSnackbar": false, "isGalleryModalOpen": false, "error": false, "loaded": true, "loading": false, "loadingCategorizedRooms": false, "selectedMedia": "tenant/HouseMedia/PHOTOS", "video": "", "promotions": [], "condominium": {}, "forRent": true, "forSale": true, "salePrice": 2200000, "mortgageFirstInstallment": 0, "listings": [{"imovelId": 893392892, "businessContext": "RENT", "status": "publicado", "firstPublicationDate": "2023-02-03T15:29:13.000+0000", "lastPublicationDate": "2023-02-03T15:29:13.000+0000", "listingRentModel": {"listingBusinessContextId": 1452022, "rentalAdministrator": "QUINTOANDAR"}, "ownership": "STANDARD"}, {"imovelId": 893392892, "businessContext": "SALE", "status": "publicado", "firstPublicationDate": "2021-08-10T18:28:45.000+0000", "lastPublicationDate": "2021-08-10T18:28:45.000+0000", "ownership": "STANDARD"}], "listingTags": [], "businessContext": "", "regionParameters": {"loaded": false, "loading": false, "RENT": {"visitsEnabled": true, "talkToAgentEnabled": false}, "SALE": {"visitsEnabled": true, "talkToAgentEnabled": false}}, "houseAgent": {"isDialogOpen": false, "alreadyOpenedByQueryParam": false}, "tenantServiceFee": 315, "closingStatus": {"loading": false}, "rentalGuarantee": {"minValue": 3047.5, "maxValue": 9142.5}, "reservationAvailability": null, "isPrimaryMarket": false, "macroRegion": {"id": 2741, "name": "SPO01"}, "suites": 1, "houseVisitStatus": "ACCEPT_NEW", "visitStatusReason": null, "visitsUnavailable": false, "isReserved": false, "allowDirectOffer": true, "lastPublishedDate": "2023-02-03T15:29:13.000Z", "listingPublication": "not_stranded", "rentOnTermination": false, "constructionYear": null, "categories": []}, "markers": {"lat": -23.5596436, "lng": -46.5656515}, "talkToAgent": {"dialog": {"open": false, "questionType": null, "question": ""}, "agentSupport": {}, "error": null, "autoSubmit": false, "loading": false, "submitting": false, "success": false, "hasLoadedAgentInfo": false, "agent": null, "hasLoadedAgentsInRegion": false, "agentsInRegion": null}}}}, "__N_SSP": true}, "page": "/imovel/[houseId]/[[...slug]]", "query": {"houseId": "893392892", "slug": ["alugar", "casa-3-quartos-jardim-analia-franco-sao-paulo"]}, "buildId": "gCr3Bg2lYzV9hxZqGibIQ", "runtimeConfig": {"NEXT_PUBLIC_HOME_ADVERTISING_BANNER": "coupon"}, "isFallback": false, "dynamicIds": [61847, 31265, 66435, 77453, 87356, 60899, 41103, 3232, 33207, 72227, 40072, 39327, 19904, 96827], "gssp": true, "customServer": true, "appGip": true, "locale": "pt-BR", "locales": ["pt-BR", "es-MX"], "defaultLocale": "pt-BR", "domainLocales": [{"domain": "www.quintoandar.com.br", "defaultLocale": "pt-BR"}, {"domain": "www.benvi.mx", "defaultLocale": "es-MX"}], "scriptLoader": []}