{"props": {"pageProps": {"initialState": {"route": {"locationBeforeTransitions": {"pathname": "/imovel/893371980/alugar/casa-1-quarto-cangaiba-sao-paulo", "search": "", "hash": "", "action": "POP", "query": {}}, "topLevelRouteName": "house details", "businessContext": "RENT", "favoriteListsBusinessContext": "RENT"}, "router": {"location": {"href": "/", "pathname": "/", "search": "", "hash": ""}}, "progress": {"pendingRequests": -1}, "login": {"response": {}, "user": {"isLoggedIn": false, "id": 0, "agentId": 0, "hashId": "", "sessionId": null, "name": "", "email": "", "maskedEmail": "", "jwt": {"app": "", "firebase": ""}, "phone": {"countryCode": "+55", "areaCode": "", "phoneNumber": ""}, "country": "BR", "channel": "", "isPhoneRegistered": false, "acceptWhatsapp": true, "hasDocument": false, "isPartner": false}, "accountForm": {}, "redirectUrl": "", "isRequestOngoing": false}, "captcha": {"token": "", "hasLoadedRemoteConfig": false, "provider": "", "friction": "low", "unavailableCountriesCode": []}, "supportedCities": [], "inAppMessages": {"biomaSurvey": {"isOpen": false, "formId": null, "data": {"opaque": true}}}, "metaData": {"similar_houses_clicked": []}, "appData": {"device": {"type": "desktop", "isSearchEngineCrawler": false}, "experiments": "X-AB-Test=ab_exposed_filter_sale_desktop:1,ab_exposed_filter_sale_v1:1,ab_exposed_filters:1,ab_load_more_v0:-1,ab_new_house_card_v2:0,ab_new_rent_listing_phase2:0,ab_profiling_create_alert_filters:0,ab_scheduling_step_by_step_v1:1,ab_show_floor_sale:0,ab_street_search_retrieval_v1:0"}, "house": {"houseInfo": {"id": "893371980", "displayId": "671980", "bedrooms": 1, "city": "S\u00e3o Paulo", "cityId": 39, "bathrooms": 1, "iptu": 100, "amenities": [{"key": "BANHEIRA_DE_HIDROMASSAGEM", "text": "Banheira", "value": "NAO", "optional": false}, {"key": "BOX", "text": "Box", "value": "NAO", "optional": false}, {"key": "VARANDA", "text": "Varanda", "value": "NAO_INFORMADO", "optional": false}, {"key": "PISCINA_PRIVATIVA", "text": "Piscina privativa", "value": "NAO", "optional": false}, {"key": "ARMARIOS_EMBUTIDOS_NO_QUARTO", "text": "Arm\u00e1rios no quarto", "value": "NAO", "optional": false}, {"key": "ARMARIOS_NOS_BANHEIROS", "text": "Arm\u00e1rios no banheiro", "value": "NAO", "optional": false}, {"key": "ARMARIOS_NA_COZINHA", "text": "Arm\u00e1rios na cozinha", "value": "NAO", "optional": false}, {"key": "AR_CONDICIONADO", "text": "Ar condicionado", "value": "NAO", "optional": false}, {"key": "CHUVEIRO_A_GAS", "text": "Chuveiro a g\u00e1s", "value": "NAO", "optional": false}, {"key": "QUARTO_DE_SERVICO", "text": "Quarto de servi\u00e7o", "value": "NAO", "optional": false}, {"key": "BANHEIRO_DE_SERVICO", "text": "Banheiro de servi\u00e7o", "value": "NAO", "optional": false}, {"key": "VARANDA_GOURMET", "text": "Varanda gourmet", "value": "NAO", "optional": false}, {"key": "APARTAMENTO_COBERTURA", "text": "Apartamento cobertura", "value": "NAO", "optional": false}, {"key": "QUARTO_EXTRA_REVERSIVEL", "text": "Quarto extra revers\u00edvel", "value": "NAO", "optional": false}, {"key": "FOGAO_INCLUSO", "text": "Fog\u00e3o", "value": "NAO", "optional": false}, {"key": "GELADEIRA_INCLUSO", "text": "Geladeira", "value": "NAO", "optional": false}, {"key": "BANHEIRO_ADAPTADO", "text": "Banheiro adaptado", "value": "NAO_INFORMADO", "optional": false}, {"key": "CLOSET", "text": "Closet", "value": "NAO_INFORMADO", "optional": false}, {"key": "COZINHA_AMERICANA", "text": "Cozinha americana", "value": "NAO_INFORMADO", "optional": false}, {"key": "MESAS_E_CADEIRAS_DE_ESCRITORIO", "text": "Mesas e cadeiras de escrit\u00f3rio", "value": "NAO_INFORMADO", "optional": false}, {"key": "JARDIM", "text": "Jardim", "value": "NAO_INFORMADO", "optional": false}, {"key": "QUARTOS_E_CORREDORES_COM_PORTAS_AMPLAS", "text": "Quartos e corredores com portas amplas", "value": "NAO_INFORMADO", "optional": false}, {"key": "QUINTAL", "text": "Quintal", "value": "NAO_INFORMADO", "optional": false}, {"key": "SOMENTE_UMA_CASA_NO_TERRENO", "text": "Somente uma casa no terreno", "value": "NAO_INFORMADO", "optional": false}, {"key": "AREA_DE_SERVICO", "text": "\u00c1rea de servi\u00e7o", "value": "SIM", "optional": false}], "comfortCommodities": [{"key": "BANHEIRA_DE_HIDROMASSAGEM", "text": "Banheira", "value": "NAO", "optional": false}, {"key": "PISCINA_PRIVATIVA", "text": "Piscina privativa", "value": "NAO", "optional": false}, {"key": "AR_CONDICIONADO", "text": "Ar condicionado", "value": "NAO", "optional": false}, {"key": "SOL_DA_MANHA", "text": "Sol da manh\u00e3", "value": "SIM", "optional": false}, {"key": "SOL_DA_TARDE", "text": "Sol da tarde", "value": "SIM", "optional": false}, {"key": "CORTINAS_BLACK_OUT", "text": "Cortinas corta luz", "value": "NAO", "optional": false}, {"key": "CORTINAS_DECORATIVAS", "text": "Cortina transl\u00facida", "value": "NAO", "optional": false}, {"key": "JANELA_ANTI_RUIDO", "text": "Janela anti-ru\u00eddo", "value": "NAO", "optional": false}, {"key": "VENTILADOR_DE_TETO", "text": "Ventilador de teto", "value": "NAO", "optional": false}, {"key": "LUMINOSIDADE_NATURAL", "text": "Janelas grandes", "value": "NAO", "optional": false}, {"key": "VISTA_LIVRE", "text": "Vista livre", "value": "SIM", "optional": false}, {"key": "RUA_SILENCIOSA", "text": "Rua silenciosa", "value": "NAO", "optional": false}], "practicalityCommodities": [{"key": "BOX", "text": "Box", "value": "NAO", "optional": false}, {"key": "ARMARIOS_EMBUTIDOS_NO_QUARTO", "text": "Arm\u00e1rios no quarto", "value": "NAO", "optional": false}, {"key": "ARMARIOS_NOS_BANHEIROS", "text": "Arm\u00e1rios no banheiro", "value": "NAO", "optional": false}, {"key": "ARMARIOS_NA_COZINHA", "text": "Arm\u00e1rios na cozinha", "value": "NAO", "optional": false}, {"key": "CHUVEIRO_A_GAS", "text": "Chuveiro a g\u00e1s", "value": "NAO", "optional": false}, {"key": "FOGAO_INCLUSO", "text": "Fog\u00e3o", "value": "NAO", "optional": false}, {"key": "GELADEIRA_INCLUSO", "text": "Geladeira", "value": "NAO", "optional": false}, {"key": "CHUVEIRO_ELETRICO", "text": "Chuveiro el\u00e9trico", "value": "SIM", "optional": false}, {"key": "MICROONDAS", "text": "Microondas", "value": "NAO", "optional": false}, {"key": "SOFA", "text": "Sof\u00e1", "value": "NAO", "optional": false}, {"key": "MAQUINA_DE_LAVAR", "text": "M\u00e1quina de lavar", "value": "NAO", "optional": false}, {"key": "TANQUE", "text": "Tanque", "value": "SIM", "optional": false}, {"key": "REDE_DE_PROTECAO", "text": "Tela nas janelas", "value": "NAO", "optional": false}, {"key": "VARAL_DE_ROUPAS", "text": "Varal de roupas", "value": "NAO", "optional": false}, {"key": "TOMADAS_NOVAS", "text": "Tomadas 3 pinos", "value": "SIM", "optional": false}, {"key": "TELEVISAO", "text": "Televis\u00e3o", "value": "NAO", "optional": false}, {"key": "MESAS_E_CADEIRAS_DE_JANTAR", "text": "Mesas e cadeiras de jantar", "value": "NAO", "optional": false}, {"key": "CHURRASQUEIRA", "text": "Churrasqueira", "value": "NAO_INFORMADO", "optional": false}, {"key": "ACESSO_SEM_DEGRAUS", "text": "Acesso sem degraus", "value": "SIM", "optional": false}, {"key": "COOKTOP", "text": "Fog\u00e3o cooktop", "value": "NAO", "optional": false}, {"key": "UTENSILIOS_DE_COZINHA", "text": "Utens\u00edlios de cozinha", "value": "NAO", "optional": false}, {"key": "CAMA_DE_CASAL", "text": "Cama de casal", "value": "NAO", "optional": false}, {"key": "CAMA_DE_SOLTEIRO", "text": "Cama de solteiro", "value": "NAO", "optional": false}, {"key": "ESPELHO_NO_BANHEIRO", "text": "Espelho no banheiro", "value": "NAO", "optional": false}, {"key": "FECHADURA_ELETRONICA", "text": "Fechadura eletr\u00f4nica", "value": "NAO", "optional": false}, {"key": "ENERGIA", "text": "Energia no im\u00f3vel", "value": "NAO", "optional": false}], "area": 35, "installations": [{"key": "PLAYGROUND", "text": "Playground", "value": "NAO"}, {"key": "PISCINA", "text": "Piscina", "value": "NAO"}, {"key": "CHURRASQUEIRA", "text": "Churrasqueira", "value": "NAO"}, {"key": "QUADRA_ESPORTIVA", "text": "Quadra esportiva", "value": "NAO"}, {"key": "ACADEMIA", "text": "Academia", "value": "NAO"}, {"key": "SALAO_DE_FESTAS", "text": "Sal\u00e3o de festas", "value": "NAO"}, {"key": "SAUNA", "text": "Sauna", "value": "NAO"}, {"key": "LAVANDERIA_NO_PREDIO", "text": "Lavanderia no pr\u00e9dio", "value": "NAO"}, {"key": "GAS_ENCANADO", "text": "G\u00e1s encanado", "value": "NAO"}, {"key": "ESPACO_GOURMET_NA_AREA_COMUM", "text": "Espa\u00e7o gourmet na \u00e1rea comum", "value": "NAO"}, {"key": "BRINQUEDOTECA", "text": "Brinquedoteca", "value": "NAO_INFORMADO"}, {"key": "CORRIMAO", "text": "Corrim\u00e3o", "value": "NAO_INFORMADO"}, {"key": "PISO_TATIL", "text": "Piso t\u00e1til", "value": "NAO_INFORMADO"}, {"key": "RAMPAS_DE_ACESSO", "text": "Rampas de acesso", "value": "NAO_INFORMADO"}, {"key": "SALAO_DE_JOGOS", "text": "Sal\u00e3o de jogos", "value": "NAO_INFORMADO"}, {"key": "VAGA_DE_GARAGEM_ACESSIVEL", "text": "Vaga de garagem acess\u00edvel", "value": "NAO_INFORMADO"}, {"key": "AREA_VERDE", "text": "\u00c1rea verde", "value": "NAO_INFORMADO"}, {"key": "Elevador", "value": "NAO"}, {"key": "Porteiro24H", "value": "NAO"}], "rentPrice": 800, "condoPrice": 0, "condoType": "IncluidoNoAluguel", "region": {"name": "Canga\u00edba", "hub": {"loading": "UNSET", "enabled": false, "abSecretariat": false, "isPrimaryMarket": false}, "id": 2262}, "type": "Casa", "iptuType": "Normal", "totalCost": 934, "parkingSpaces": 0, "address": {"street": "Avenida Canga\u00edba", "neighborhood": "Cangaiba", "city": "S\u00e3o Paulo", "zipCode": "03712-003", "stateName": "S\u00e3o Paulo", "stateAcronym": "SP", "lat": -23.5115672, "lng": -46.5440837, "countryName": "Brasil", "countryCode": "BR", "country": "Brasil"}, "homeProtection": 14, "remarks": "Casa de 1 dormit\u00f3rio. Pr\u00f3ximo do transporte p\u00fablico e com\u00e9rcios da regi\u00e3o.", "acceptsPets": false, "hasFurniture": false, "isNearSubway": false, "placesNearby": [{"name": "Escola Municipal Edgard Cavalheiro", "type": "SCHOOL", "slug": "escola-municipal-edgard-cavalheiro-cangaiba-sao-paulo-sp"}, {"name": "Terminal Penha", "type": "BUS_TERMINAL_STATION", "slug": "terminal-penha-cangaiba-sao-paulo-sp"}, {"name": "Est\u00e1dio Municipal Arnaldo Jos\u00e9 Celeste", "type": "STADIUM", "slug": "estadio-municipal-arnaldo-jose-celeste-ponte-grande-guarulhos-sp-brasil"}, {"name": "EEEMI Dom Paulo Rolim Loureiro", "type": "SCHOOL", "slug": "eeemi-dom-paulo-rolim-loureiro-ponte-grande-guarulhos-sp-brasil"}, {"name": "Col\u00e9gio Estadual Nossa Senhora da Penha", "type": "SCHOOL", "slug": "colegio-estadual-nossa-senhora-da-penha-penha-de-franca-sao-paulo-sp-brasil"}, {"name": "Unidade B\u00e1sica de Sa\u00fade Ponte Grande", "type": "HOSPITAL", "slug": "unidade-basica-de-saude-ponte-grande-ponte-grande-guarulhos-sp-brasil"}, {"name": "Centro Cl\u00ednico Guarulhos II", "type": "HOSPITAL", "slug": "centro-clinico-guarulhos-ii-ponte-grande-guarulhos-sp-brasil"}, {"name": "Moviecon Penha", "type": "MUSEUM_THEATRE_OR_CONCERT_HALL", "slug": "moviecon-penha-penha-de-franca-sao-paulo-sp"}, {"name": "Shopping Center Penha", "type": "SHOPPING_MALL", "slug": "shopping-center-penha-penha-de-franca-sao-paulo-sp-brasil"}, {"name": "Pra\u00e7a Liesi", "type": "PARK_OR_GREEN_AREA", "slug": "praca-liesi-ponte-grande-guarulhos-sp"}, {"name": "Col\u00e9gio Objetivo Penha", "type": "SCHOOL", "slug": "colegio-objetivo-penha-penha-de-franca-sao-paulo-sp-brasil"}, {"name": "Escola de Samba Nen\u00ea de Vila Matilde", "type": "SCHOOL", "slug": "escola-de-samba-nene-de-vila-matilde-vila-matilde-sao-paulo-sp-brasil"}, {"name": "Jardim Metropolitano", "type": "PARK_OR_GREEN_AREA", "slug": "jardim-metropolitano-ponte-grande-guarulhos-sp-brasil"}, {"name": "Col\u00e9gio Maria Brand", "type": "SCHOOL", "slug": "colegio-maria-brand-ponte-grande-guarulhos-sp-brasil"}], "availabilityType": "IMMEDIATE", "photos": [{"id": 15873260, "subtitle": "Quarto", "url": "893371980-734.638647805856DSC0250.jpg", "cover": true}, {"id": 15873258, "subtitle": "Quarto", "url": "893371980-396.54716016670545DSC0249.jpg", "cover": false}, {"id": 15873264, "subtitle": "Quarto", "url": "893371980-799.3677329703447DSC0252.jpg", "cover": false}, {"id": 15873268, "subtitle": "Quarto", "url": "893371980-681.9927674715353DSC0253.jpg", "cover": false}, {"id": 15873269, "subtitle": "Vista Quarto", "url": "893371980-630.7303076395559DSC0254.jpg", "cover": false}, {"id": 15873277, "subtitle": "Banheiro", "url": "893371980-95.45659146286934DSC0256.jpg", "cover": false}, {"id": 15873274, "subtitle": "Banheiro", "url": "893371980-636.7759116660092DSC0255.jpg", "cover": false}, {"id": 15873242, "subtitle": "Cozinha", "url": "893371980-619.5048967076938DSC0243.jpg", "cover": false}, {"id": 15873245, "subtitle": "Cozinha", "url": "893371980-943.1264762516869DSC0244.jpg", "cover": false}, {"id": 15873249, "subtitle": "Cozinha", "url": "893371980-802.0095373608716DSC0246.jpg", "cover": false}, {"id": 15873256, "subtitle": "Cozinha", "url": "893371980-533.909570877001DSC0248.jpg", "cover": false}, {"id": 15873279, "subtitle": "\u00c1rea de Servi\u00e7o", "url": "893371980-495.8812284929824DSC0258.jpg", "cover": false}, {"id": 15873282, "subtitle": "Fachada", "url": "893371980-48.187160240549034DSC0277.jpg", "cover": false}], "photosCategorizedByRooms": [], "relevantRegions": [], "photospheres": [], "specialConditions": ["Exclusivity"], "offers": {"closingRate": 0, "shouldHighlightIcon": true, "shouldShowOfferDialog": false, "shouldShowOffers": false, "summary": []}, "status": "publicado", "showUrlHasBeenCopiedSnackbar": false, "isGalleryModalOpen": false, "error": false, "loaded": true, "loading": false, "loadingCategorizedRooms": false, "selectedMedia": "tenant/HouseMedia/PHOTOS", "video": "", "promotions": [], "condominium": {}, "forRent": true, "forSale": false, "salePrice": 0, "mortgageFirstInstallment": 0, "listings": [{"imovelId": 893371980, "businessContext": "RENT", "status": "publicado", "firstPublicationDate": "2021-07-17T00:54:48.000+0000", "lastPublicationDate": "2021-07-17T00:54:48.000+0000", "listingRentModel": {"listingBusinessContextId": 751121, "rentalAdministrator": "QUINTOANDAR"}, "houseAgents": [{"name": "Leon Carvalho", "id": 1867650, "relationType": "KEY_HOLDER"}], "keyHolderAgent": {"id": 4056387, "agentId": 11485, "name": "Tamires Silqueira"}, "ownership": "STANDARD"}], "listingTags": [], "businessContext": "", "regionParameters": {"loaded": false, "loading": false, "RENT": {"visitsEnabled": true, "talkToAgentEnabled": false}, "SALE": {"visitsEnabled": true, "talkToAgentEnabled": false}}, "houseAgent": {"isDialogOpen": false, "alreadyOpenedByQueryParam": false}, "tenantServiceFee": 20, "closingStatus": {"loading": false}, "rentalGuarantee": {"minValue": 200, "maxValue": 600}, "reservationAvailability": null, "isPrimaryMarket": false, "macroRegion": {"id": 2767, "name": "SPOO13"}, "suites": 0, "allowsCustomOffer": true, "displayCustomOfferPreference": false, "houseVisitStatus": "ACCEPT_NEW", "visitStatusReason": null, "visitsUnavailable": false, "isReserved": false, "allowDirectOffer": true, "lastPublishedDate": "2021-07-17T00:54:48.000Z", "listingPublication": "stranded", "rentOnTermination": false, "constructionYear": null, "categories": []}, "markers": {"lat": -23.5115672, "lng": -46.5440837}, "talkToAgent": {"dialog": {"open": false, "questionType": null, "question": ""}, "agentSupport": {}, "error": null, "autoSubmit": false, "loading": false, "submitting": false, "success": false, "hasLoadedAgentInfo": false, "agent": null, "hasLoadedAgentsInRegion": false, "agentsInRegion": null}}}}, "__N_SSP": true}, "page": "/imovel/[houseId]/[[...slug]]", "query": {"houseId": "893371980", "slug": ["alugar", "casa-1-quarto-cangaiba-sao-paulo"]}, "buildId": "gCr3Bg2lYzV9hxZqGibIQ", "runtimeConfig": {"NEXT_PUBLIC_HOME_ADVERTISING_BANNER": "coupon"}, "isFallback": false, "dynamicIds": [61847, 31265, 66435, 77453, 87356, 60899, 41103, 3232, 72227, 40072, 39327, 19904, 96827], "gssp": true, "customServer": true, "appGip": true, "locale": "pt-BR", "locales": ["pt-BR", "es-MX"], "defaultLocale": "pt-BR", "domainLocales": [{"domain": "www.quintoandar.com.br", "defaultLocale": "pt-BR"}, {"domain": "www.benvi.mx", "defaultLocale": "es-MX"}], "scriptLoader": []}