{"props": {"pageProps": {"initialState": {"route": {"locationBeforeTransitions": {"pathname": "/imovel/893359621/alugar/apartamento-2-quartos-real-parque-sao-paulo", "search": "", "hash": "", "action": "POP", "query": {}}, "topLevelRouteName": "house details", "businessContext": "RENT", "favoriteListsBusinessContext": "RENT"}, "router": {"location": {"href": "/", "pathname": "/", "search": "", "hash": ""}}, "progress": {"pendingRequests": -1}, "login": {"response": {}, "user": {"isLoggedIn": false, "id": 0, "agentId": 0, "hashId": "", "sessionId": null, "name": "", "email": "", "maskedEmail": "", "jwt": {"app": "", "firebase": ""}, "phone": {"countryCode": "+55", "areaCode": "", "phoneNumber": ""}, "country": "BR", "channel": "", "isPhoneRegistered": false, "acceptWhatsapp": true, "hasDocument": false, "isPartner": false}, "accountForm": {}, "redirectUrl": "", "isRequestOngoing": false}, "captcha": {"token": "", "hasLoadedRemoteConfig": false, "provider": "", "friction": "low", "unavailableCountriesCode": []}, "supportedCities": [], "inAppMessages": {"biomaSurvey": {"isOpen": false, "formId": null, "data": {"opaque": true}}}, "metaData": {"similar_houses_clicked": []}, "appData": {"device": {"type": "desktop", "isSearchEngineCrawler": false}, "experiments": "X-AB-Test=ab_exposed_filter_sale_desktop:1,ab_exposed_filter_sale_v1:1,ab_exposed_filters:1,ab_load_more_v0:-1,ab_new_house_card_v2:0,ab_new_rent_listing_phase2:0,ab_profiling_create_alert_filters:0,ab_scheduling_step_by_step_v1:1,ab_show_floor_sale:0,ab_street_search_retrieval_v1:0"}, "house": {"houseInfo": {"id": "893359621", "displayId": "659621", "bedrooms": 2, "city": "S\u00e3o Paulo", "cityId": 39, "bathrooms": 1, "iptu": 75, "amenities": [{"key": "BANHEIRA_DE_HIDROMASSAGEM", "text": "Banheira", "value": "NAO", "optional": false}, {"key": "BOX", "text": "Box", "value": "SIM", "optional": false}, {"key": "VARANDA", "text": "Varanda", "value": "NAO_INFORMADO", "optional": false}, {"key": "PISCINA_PRIVATIVA", "text": "Piscina privativa", "value": "NAO", "optional": false}, {"key": "ARMARIOS_EMBUTIDOS_NO_QUARTO", "text": "Arm\u00e1rios no quarto", "value": "SIM", "optional": false}, {"key": "ARMARIOS_NOS_BANHEIROS", "text": "Arm\u00e1rios no banheiro", "value": "SIM", "optional": false}, {"key": "ARMARIOS_NA_COZINHA", "text": "Arm\u00e1rios na cozinha", "value": "SIM", "optional": false}, {"key": "AR_CONDICIONADO", "text": "Ar condicionado", "value": "NAO", "optional": false}, {"key": "CHUVEIRO_A_GAS", "text": "Chuveiro a g\u00e1s", "value": "SIM", "optional": false}, {"key": "QUARTO_DE_SERVICO", "text": "Quarto de servi\u00e7o", "value": "NAO", "optional": false}, {"key": "BANHEIRO_DE_SERVICO", "text": "Banheiro de servi\u00e7o", "value": "NAO", "optional": false}, {"key": "VARANDA_GOURMET", "text": "Varanda gourmet", "value": "NAO", "optional": false}, {"key": "APARTAMENTO_COBERTURA", "text": "Apartamento cobertura", "value": "NAO", "optional": false}, {"key": "QUARTO_EXTRA_REVERSIVEL", "text": "Quarto extra revers\u00edvel", "value": "NAO", "optional": false}, {"key": "FOGAO_INCLUSO", "text": "Fog\u00e3o", "value": "NAO", "optional": false}, {"key": "GELADEIRA_INCLUSO", "text": "Geladeira", "value": "NAO", "optional": false}, {"key": "BANHEIRO_ADAPTADO", "text": "Banheiro adaptado", "value": "NAO_INFORMADO", "optional": false}, {"key": "CLOSET", "text": "Closet", "value": "NAO_INFORMADO", "optional": false}, {"key": "COZINHA_AMERICANA", "text": "Cozinha americana", "value": "NAO_INFORMADO", "optional": false}, {"key": "MESAS_E_CADEIRAS_DE_ESCRITORIO", "text": "Mesas e cadeiras de escrit\u00f3rio", "value": "NAO_INFORMADO", "optional": false}, {"key": "JARDIM", "text": "Jardim", "value": "NAO_INFORMADO", "optional": false}, {"key": "QUARTOS_E_CORREDORES_COM_PORTAS_AMPLAS", "text": "Quartos e corredores com portas amplas", "value": "NAO_INFORMADO", "optional": false}, {"key": "QUINTAL", "text": "Quintal", "value": "NAO_INFORMADO", "optional": false}, {"key": "SOMENTE_UMA_CASA_NO_TERRENO", "text": "Somente uma casa no terreno", "value": "NAO_INFORMADO", "optional": false}, {"key": "AREA_DE_SERVICO", "text": "\u00c1rea de servi\u00e7o", "value": "SIM", "optional": false}], "comfortCommodities": [{"key": "BANHEIRA_DE_HIDROMASSAGEM", "text": "Banheira", "value": "NAO", "optional": false}, {"key": "PISCINA_PRIVATIVA", "text": "Piscina privativa", "value": "NAO", "optional": false}, {"key": "AR_CONDICIONADO", "text": "Ar condicionado", "value": "NAO", "optional": false}, {"key": "SOL_DA_MANHA", "text": "Sol da manh\u00e3", "value": "SIM", "optional": false}, {"key": "SOL_DA_TARDE", "text": "Sol da tarde", "value": "NAO", "optional": false}, {"key": "CORTINAS_BLACK_OUT", "text": "Cortinas corta luz", "value": "NAO", "optional": false}, {"key": "CORTINAS_DECORATIVAS", "text": "Cortina transl\u00facida", "value": "NAO", "optional": false}, {"key": "JANELA_ANTI_RUIDO", "text": "Janela anti-ru\u00eddo", "value": "NAO", "optional": false}, {"key": "VENTILADOR_DE_TETO", "text": "Ventilador de teto", "value": "NAO", "optional": false}, {"key": "LUMINOSIDADE_NATURAL", "text": "Janelas grandes", "value": "NAO", "optional": false}, {"key": "VISTA_LIVRE", "text": "Vista livre", "value": "SIM", "optional": false}, {"key": "RUA_SILENCIOSA", "text": "Rua silenciosa", "value": "SIM", "optional": false}], "practicalityCommodities": [{"key": "BOX", "text": "Box", "value": "SIM", "optional": false}, {"key": "ARMARIOS_EMBUTIDOS_NO_QUARTO", "text": "Arm\u00e1rios no quarto", "value": "SIM", "optional": false}, {"key": "ARMARIOS_NOS_BANHEIROS", "text": "Arm\u00e1rios no banheiro", "value": "SIM", "optional": false}, {"key": "ARMARIOS_NA_COZINHA", "text": "Arm\u00e1rios na cozinha", "value": "SIM", "optional": false}, {"key": "CHUVEIRO_A_GAS", "text": "Chuveiro a g\u00e1s", "value": "SIM", "optional": false}, {"key": "FOGAO_INCLUSO", "text": "Fog\u00e3o", "value": "NAO", "optional": false}, {"key": "GELADEIRA_INCLUSO", "text": "Geladeira", "value": "NAO", "optional": false}, {"key": "CHUVEIRO_ELETRICO", "text": "Chuveiro el\u00e9trico", "value": "SIM", "optional": false}, {"key": "MICROONDAS", "text": "Microondas", "value": "NAO", "optional": false}, {"key": "SOFA", "text": "Sof\u00e1", "value": "NAO", "optional": false}, {"key": "MAQUINA_DE_LAVAR", "text": "M\u00e1quina de lavar", "value": "NAO", "optional": false}, {"key": "TANQUE", "text": "Tanque", "value": "SIM", "optional": false}, {"key": "REDE_DE_PROTECAO", "text": "Tela nas janelas", "value": "SIM", "optional": false}, {"key": "VARAL_DE_ROUPAS", "text": "Varal de roupas", "value": "NAO", "optional": false}, {"key": "TOMADAS_NOVAS", "text": "Tomadas 3 pinos", "value": "SIM", "optional": false}, {"key": "TELEVISAO", "text": "Televis\u00e3o", "value": "NAO", "optional": false}, {"key": "MESAS_E_CADEIRAS_DE_JANTAR", "text": "Mesas e cadeiras de jantar", "value": "NAO", "optional": false}, {"key": "CHURRASQUEIRA", "text": "Churrasqueira", "value": "NAO_INFORMADO", "optional": false}, {"key": "ACESSO_SEM_DEGRAUS", "text": "Acesso sem degraus", "value": "NAO", "optional": false}, {"key": "COOKTOP", "text": "Fog\u00e3o cooktop", "value": "NAO", "optional": false}, {"key": "UTENSILIOS_DE_COZINHA", "text": "Utens\u00edlios de cozinha", "value": "NAO", "optional": false}, {"key": "CAMA_DE_CASAL", "text": "Cama de casal", "value": "NAO", "optional": false}, {"key": "CAMA_DE_SOLTEIRO", "text": "Cama de solteiro", "value": "NAO", "optional": false}, {"key": "ESPELHO_NO_BANHEIRO", "text": "Espelho no banheiro", "value": "SIM", "optional": false}, {"key": "FECHADURA_ELETRONICA", "text": "Fechadura eletr\u00f4nica", "value": "NAO", "optional": false}, {"key": "ENERGIA", "text": "Energia no im\u00f3vel", "value": "SIM", "optional": false}], "area": 70, "installations": [{"key": "PLAYGROUND", "text": "Playground", "value": "NAO"}, {"key": "PISCINA", "text": "Piscina", "value": "SIM"}, {"key": "CHURRASQUEIRA", "text": "Churrasqueira", "value": "NAO"}, {"key": "QUADRA_ESPORTIVA", "text": "Quadra esportiva", "value": "SIM"}, {"key": "ACADEMIA", "text": "Academia", "value": "NAO"}, {"key": "SALAO_DE_FESTAS", "text": "Sal\u00e3o de festas", "value": "SIM"}, {"key": "SAUNA", "text": "Sauna", "value": "NAO"}, {"key": "LAVANDERIA_NO_PREDIO", "text": "Lavanderia no pr\u00e9dio", "value": "NAO"}, {"key": "GAS_ENCANADO", "text": "G\u00e1s encanado", "value": "SIM"}, {"key": "ESPACO_GOURMET_NA_AREA_COMUM", "text": "Espa\u00e7o gourmet na \u00e1rea comum", "value": "NAO"}, {"key": "BRINQUEDOTECA", "text": "Brinquedoteca", "value": "NAO_INFORMADO"}, {"key": "CORRIMAO", "text": "Corrim\u00e3o", "value": "NAO_INFORMADO"}, {"key": "PISO_TATIL", "text": "Piso t\u00e1til", "value": "NAO_INFORMADO"}, {"key": "RAMPAS_DE_ACESSO", "text": "Rampas de acesso", "value": "NAO_INFORMADO"}, {"key": "SALAO_DE_JOGOS", "text": "Sal\u00e3o de jogos", "value": "NAO_INFORMADO"}, {"key": "VAGA_DE_GARAGEM_ACESSIVEL", "text": "Vaga de garagem acess\u00edvel", "value": "NAO_INFORMADO"}, {"key": "AREA_VERDE", "text": "\u00c1rea verde", "value": "NAO_INFORMADO"}, {"key": "Elevador", "value": "SIM"}, {"key": "Porteiro24H", "value": "SIM"}], "rentPrice": 3900, "condoPrice": 1080, "condoType": "Normal", "region": {"name": "Real Parque", "hub": {"loading": "UNSET", "enabled": false, "abSecretariat": false, "isPrimaryMarket": false}, "id": 1479}, "type": "Apartamento", "iptuType": "Normal", "totalCost": 5206, "parkingSpaces": 1, "address": {"street": "Avenida Bar\u00e3o do Melga\u00e7o", "neighborhood": "Real Parque", "city": "S\u00e3o Paulo", "zipCode": "05684-030", "stateName": "S\u00e3o Paulo", "stateAcronym": "SP", "lat": -23.6092839, "lng": -46.7061189, "countryName": "Brasil", "countryCode": "BR", "country": "Brasil"}, "floor": 7, "homeProtection": 50, "remarks": "Im\u00f3vel bem localizado. Rua com 2 supermercados, uma loja da Swift, uma frutaria, farm\u00e1cia, posto de sa\u00fade. Regi\u00e3o bem servida com transporte p\u00fablico. Im\u00f3vel com excelente planta, sala espa\u00e7osa e vista para a Ponte Estaiada, com sol pela manh\u00e3. Tubula\u00e7\u00e3o de g\u00e1s e aquecedor instalado que serve bombeiros e cozinha. Amplos arm\u00e1rios na cozinha e nos quartos. Condom\u00ednio muito tranquilo e extremamente familiar. Vaga de garagem que comporta carro grande.", "acceptsPets": true, "hasFurniture": false, "isNearSubway": false, "placesNearby": [{"name": "Col\u00e9gio Objetivo Morumbi", "type": "SCHOOL", "slug": "colegio-objetivo-morumbi-real-parque-sao-paulo-sp"}, {"name": "Instituto Bardi", "type": "MUSEUM_THEATRE_OR_CONCERT_HALL", "slug": "instituto-bardi-real-parque-sao-paulo-sp"}, {"name": "Hospital Albert Einstein", "type": "HOSPITAL", "slug": "hospital-albert-einstein-jardim-leonor-sao-paulo-sp"}, {"name": "Teatro Vivo", "type": "MUSEUM_THEATRE_OR_CONCERT_HALL", "slug": "teatro-vivo-brooklin-sao-paulo-sp"}, {"name": "Shopping Cidade Jardim", "type": "SHOPPING_MALL", "slug": "shopping-cidade-jardim-cidade-jardim-sao-paulo-sp-brasil"}, {"name": "DeRose Method Berrini", "type": "UNIVERSITY_OR_COLLEGE", "slug": "derose-method-berrini-brooklin-sao-paulo-sp"}, {"name": "Escola M. Dias", "type": "SCHOOL", "slug": "escola-m-dias-sao-paulo-sp-brasil"}, {"name": "Shopping Morumbi", "type": "SHOPPING_MALL", "slug": "shopping-morumbi-jardim-das-acacias-sao-paulo-sp"}, {"name": "Kinoplex - Parque da Cidade", "type": "MUSEUM_THEATRE_OR_CONCERT_HALL", "slug": "kinoplex-parque-da-cidade-chacara-santo-antonio-sao-paulo-sp"}, {"name": "Est\u00e1dio do Morumbi - C\u00edcero Pompeu de Toledo", "type": "STADIUM", "slug": "estadio-cicero-pompeu-de-toledo-morumbi-sao-paulo-sp"}, {"name": "Reserva Ecol\u00f3gica do Morumbi", "type": "PARK_OR_GREEN_AREA", "slug": "reserva-ecologica-do-morumbi-cidade-jardim-sao-paulo-sp-brasil"}, {"name": "UAM - Anhembi Morumbi", "type": "UNIVERSITY_OR_COLLEGE", "slug": "anhembi-morumbi-jaceru-morumbi-sao-paulo-sp"}], "availabilityType": "IMMEDIATE", "photos": [{"id": 15562895, "subtitle": "Sala", "url": "893359621-462.2401320185968IMG3777.JPG", "cover": true}, {"id": 15562885, "subtitle": "Sala", "url": "893359621-481.5316212617938IMG3773.JPG", "cover": false}, {"id": 15562889, "subtitle": "Sala", "url": "893359621-134.8881379320098IMG3774.JPG", "cover": false}, {"id": 15562890, "subtitle": "Sala", "url": "893359621-915.4798105260196IMG3775.JPG", "cover": false}, {"id": 15562894, "subtitle": "Sala", "url": "893359621-614.8289315936493IMG3776.JPG", "cover": false}, {"id": 15562896, "subtitle": "Sala", "url": "893359621-305.1289722262915IMG3778.JPG", "cover": false}, {"id": 15562897, "subtitle": "Sala/Cozinha", "url": "893359621-725.0482346647049IMG3779.JPG", "cover": false}, {"id": 15562898, "subtitle": "Vista da Sala", "url": "893359621-775.994633292557IMG3780.JPG", "cover": false}, {"id": 15562899, "subtitle": "Vista da Sala", "url": "893359621-688.537509242612IMG3781.JPG", "cover": false}, {"id": 15563142, "subtitle": "Quarto 1", "url": "893359621-720.1860610938932IMG3755.JPG", "cover": false}, {"id": 15563143, "subtitle": "Quarto 1", "url": "893359621-302.1249202151043IMG3756.JPG", "cover": false}, {"id": 15563145, "subtitle": "Quarto 1", "url": "893359621-909.0591449780178IMG3757.JPG", "cover": false}, {"id": 15563146, "subtitle": "Quarto 1", "url": "893359621-607.4865750562914IMG3761.JPG", "cover": false}, {"id": 15563147, "subtitle": "Quarto 2", "url": "893359621-18.169812666369968IMG3762.JPG", "cover": false}, {"id": 15563155, "subtitle": "Quarto 2", "url": "893359621-334.46870454866985IMG3763.JPG", "cover": false}, {"id": 15563160, "subtitle": "Quarto 2", "url": "893359621-679.9302120479825IMG3764.JPG", "cover": false}, {"id": 15563167, "subtitle": "Quarto 2", "url": "893359621-350.72470388412967IMG3766.JPG", "cover": false}, {"id": 15563180, "subtitle": "Banheiro", "url": "893359621-665.7668678078822IMG3767.JPG", "cover": false}, {"id": 15563184, "subtitle": "Banheiro", "url": "893359621-961.1195439682167IMG3768.JPG", "cover": false}, {"id": 15563189, "subtitle": "Banheiro", "url": "893359621-258.8090917988031IMG3769.JPG", "cover": false}, {"id": 15563198, "subtitle": "Banheirobb", "url": "893359621-900.5270108716536IMG3770.JPG", "cover": false}, {"id": 15563201, "subtitle": "Banheiro", "url": "893359621-927.0054448266515IMG3771.JPG", "cover": false}, {"id": 15563203, "subtitle": "Cozinha", "url": "893359621-578.780209218272IMG3782.JPG", "cover": false}, {"id": 15563204, "subtitle": "Cozinha", "url": "893359621-920.9641004060776IMG3783.JPG", "cover": false}, {"id": 15563205, "subtitle": "Cozinha", "url": "893359621-991.7039018770371IMG3784.JPG", "cover": false}, {"id": 15563207, "subtitle": "Cozinha", "url": "893359621-38.98845462032941IMG3785.JPG", "cover": false}, {"id": 15563208, "subtitle": "Cozinha", "url": "893359621-348.68504358100614IMG3786.JPG", "cover": false}, {"id": 15563209, "subtitle": "\u00c1rea de Servi\u00e7o", "url": "893359621-700.179658258921IMG3787.JPG", "cover": false}, {"id": 15563210, "subtitle": "\u00c1rea de Servi\u00e7o", "url": "893359621-918.7989515723606IMG3788.JPG", "cover": false}, {"id": 15563211, "subtitle": "\u00c1rea de Servi\u00e7o", "url": "893359621-723.4361130857762IMG3789.JPG", "cover": false}, {"id": 15563212, "subtitle": "\u00c1rea de Servi\u00e7o", "url": "893359621-444.2720421196055IMG3790.JPG", "cover": false}, {"id": 15563213, "subtitle": "Banheiro de Servi\u00e7o", "url": "893359621-5.036806143503769IMG3791.JPG", "cover": false}, {"id": 15563214, "subtitle": "Hall social", "url": "893359621-273.2351595799036IMG3794.JPG", "cover": false}, {"id": 15563215, "subtitle": "\u00c1rea Externa", "url": "893359621-672.3255691733895IMG3795.JPG", "cover": false}, {"id": 15563216, "subtitle": "\u00c1rea Externa", "url": "893359621-460.8881318262946IMG3796.JPG", "cover": false}, {"id": 15563217, "subtitle": "\u00c1rea comum - Sal\u00e3o de festas", "url": "893359621-347.31262012307343IMG3797.JPG", "cover": false}, {"id": 15563218, "subtitle": "\u00c1rea comum - Sal\u00e3o de festas", "url": "893359621-390.27255997576236IMG3798.JPG", "cover": false}, {"id": 15563219, "subtitle": "Quadra", "url": "893359621-124.56762034923952IMG3799.JPG", "cover": false}, {"id": 15563220, "subtitle": "\u00c1rea comum - Piscina", "url": "893359621-509.6425689980374IMG3800.JPG", "cover": false}, {"id": 15563221, "subtitle": "\u00c1rea comum - Piscina", "url": "893359621-915.5815597850356IMG3801.JPG", "cover": false}, {"id": 15609383, "subtitle": "Fachada", "url": "893359621-873.1773468958316892940893617.9598109195789IMG1536.jpg", "cover": false}], "photosCategorizedByRooms": [], "relevantRegions": [], "photospheres": [], "specialConditions": ["Exclusivity"], "offers": {"closingRate": 0, "shouldHighlightIcon": true, "shouldShowOfferDialog": false, "shouldShowOffers": false, "summary": []}, "status": "publicado", "showUrlHasBeenCopiedSnackbar": false, "isGalleryModalOpen": false, "error": false, "loaded": true, "loading": false, "loadingCategorizedRooms": false, "selectedMedia": "tenant/HouseMedia/PHOTOS", "video": "", "promotions": [], "condominium": {"hashId": "jdjrszonjk", "name": "Cidade De Stuttgart", "slug": "cidade-de-stuttgart-real-parque-sao-paulo", "address": "Av. Bar\u00e3o do Melga\u00e7o"}, "forRent": true, "forSale": true, "salePrice": 450000, "mortgageFirstInstallment": 0, "listings": [{"imovelId": 893359621, "businessContext": "RENT", "status": "publicado", "firstPublicationDate": "2022-10-07T21:04:26.000+0000", "lastPublicationDate": "2022-10-07T21:04:26.000+0000", "listingRentModel": {"listingBusinessContextId": 1265213, "rentalAdministrator": "QUINTOANDAR"}, "ownership": "STANDARD"}, {"imovelId": 893359621, "businessContext": "SALE", "status": "publicado", "firstPublicationDate": "2021-07-07T19:12:39.000+0000", "lastPublicationDate": "2021-07-07T19:12:39.000+0000", "ownership": "STANDARD"}], "listingTags": [], "businessContext": "", "regionParameters": {"loaded": false, "loading": false, "RENT": {"visitsEnabled": true, "talkToAgentEnabled": false}, "SALE": {"visitsEnabled": true, "talkToAgentEnabled": false}}, "houseAgent": {"isDialogOpen": false, "alreadyOpenedByQueryParam": false}, "tenantServiceFee": 101, "closingStatus": {"loading": false}, "rentalGuarantee": {"minValue": 975, "maxValue": 2925}, "reservationAvailability": null, "isPrimaryMarket": false, "macroRegion": {"id": 2702, "name": "SPO 10"}, "suites": 0, "houseVisitStatus": "ACCEPT_NEW", "visitStatusReason": null, "visitsUnavailable": false, "isReserved": false, "allowDirectOffer": true, "lastPublishedDate": "2022-10-07T21:04:26.000Z", "listingPublication": "stranded", "rentOnTermination": false, "constructionYear": null, "categories": []}, "markers": {"lat": -23.6092839, "lng": -46.7061189}, "talkToAgent": {"dialog": {"open": false, "questionType": null, "question": ""}, "agentSupport": {}, "error": null, "autoSubmit": false, "loading": false, "submitting": false, "success": false, "hasLoadedAgentInfo": false, "agent": null, "hasLoadedAgentsInRegion": false, "agentsInRegion": null}}}}, "__N_SSP": true}, "page": "/imovel/[houseId]/[[...slug]]", "query": {"houseId": "893359621", "slug": ["alugar", "apartamento-2-quartos-real-parque-sao-paulo"]}, "buildId": "gCr3Bg2lYzV9hxZqGibIQ", "runtimeConfig": {"NEXT_PUBLIC_HOME_ADVERTISING_BANNER": "coupon"}, "isFallback": false, "dynamicIds": [61847, 31265, 66435, 77453, 87356, 60899, 41103, 3232, 33207, 72227, 40072, 39327, 19904, 96827], "gssp": true, "customServer": true, "appGip": true, "locale": "pt-BR", "locales": ["pt-BR", "es-MX"], "defaultLocale": "pt-BR", "domainLocales": [{"domain": "www.quintoandar.com.br", "defaultLocale": "pt-BR"}, {"domain": "www.benvi.mx", "defaultLocale": "es-MX"}], "scriptLoader": []}