{"props": {"pageProps": {"initialState": {"route": {"locationBeforeTransitions": {"pathname": "/imovel/893381240/alugar/apartamento-3-quartos-itaim-bibi-sao-paulo", "search": "", "hash": "", "action": "POP", "query": {}}, "topLevelRouteName": "house details", "businessContext": "RENT", "favoriteListsBusinessContext": "RENT"}, "router": {"location": {"href": "/", "pathname": "/", "search": "", "hash": ""}}, "progress": {"pendingRequests": -1}, "login": {"response": {}, "user": {"isLoggedIn": false, "id": 0, "agentId": 0, "hashId": "", "sessionId": null, "name": "", "email": "", "maskedEmail": "", "jwt": {"app": "", "firebase": ""}, "phone": {"countryCode": "+55", "areaCode": "", "phoneNumber": ""}, "country": "BR", "channel": "", "isPhoneRegistered": false, "acceptWhatsapp": true, "hasDocument": false, "isPartner": false}, "accountForm": {}, "redirectUrl": "", "isRequestOngoing": false}, "captcha": {"token": "", "hasLoadedRemoteConfig": false, "provider": "", "friction": "low", "unavailableCountriesCode": []}, "supportedCities": [], "inAppMessages": {"biomaSurvey": {"isOpen": false, "formId": null, "data": {"opaque": true}}}, "metaData": {"similar_houses_clicked": []}, "appData": {"device": {"type": "desktop", "isSearchEngineCrawler": false}, "experiments": "X-AB-Test=ab_exposed_filter_sale_desktop:1,ab_exposed_filter_sale_v1:1,ab_exposed_filters:1,ab_load_more_v0:-1,ab_new_house_card_v2:0,ab_new_rent_listing_phase2:0,ab_profiling_create_alert_filters:0,ab_scheduling_step_by_step_v1:1,ab_show_floor_sale:0,ab_street_search_retrieval_v1:0"}, "house": {"houseInfo": {"id": "893381240", "displayId": "681240", "bedrooms": 3, "city": "S\u00e3o Paulo", "cityId": 39, "bathrooms": 2, "iptu": 350, "amenities": [{"key": "BANHEIRA_DE_HIDROMASSAGEM", "text": "Banheira", "value": "SIM", "optional": false}, {"key": "BOX", "text": "Box", "value": "SIM", "optional": false}, {"key": "VARANDA", "text": "Varanda", "value": "NAO_INFORMADO", "optional": false}, {"key": "PISCINA_PRIVATIVA", "text": "Piscina privativa", "value": "NAO", "optional": false}, {"key": "ARMARIOS_EMBUTIDOS_NO_QUARTO", "text": "Arm\u00e1rios no quarto", "value": "SIM", "optional": false}, {"key": "ARMARIOS_NOS_BANHEIROS", "text": "Arm\u00e1rios no banheiro", "value": "SIM", "optional": false}, {"key": "ARMARIOS_NA_COZINHA", "text": "Arm\u00e1rios na cozinha", "value": "SIM", "optional": false}, {"key": "AR_CONDICIONADO", "text": "Ar condicionado", "value": "NAO", "optional": false}, {"key": "CHUVEIRO_A_GAS", "text": "Chuveiro a g\u00e1s", "value": "SIM", "optional": false}, {"key": "QUARTO_DE_SERVICO", "text": "Quarto de servi\u00e7o", "value": "SIM", "optional": false}, {"key": "BANHEIRO_DE_SERVICO", "text": "Banheiro de servi\u00e7o", "value": "SIM", "optional": false}, {"key": "VARANDA_GOURMET", "text": "Varanda gourmet", "value": "NAO", "optional": false}, {"key": "APARTAMENTO_COBERTURA", "text": "Apartamento cobertura", "value": "NAO", "optional": false}, {"key": "QUARTO_EXTRA_REVERSIVEL", "text": "Quarto extra revers\u00edvel", "value": "NAO", "optional": false}, {"key": "FOGAO_INCLUSO", "text": "Fog\u00e3o", "value": "SIM", "optional": false}, {"key": "GELADEIRA_INCLUSO", "text": "Geladeira", "value": "SIM", "optional": false}, {"key": "BANHEIRO_ADAPTADO", "text": "Banheiro adaptado", "value": "NAO_INFORMADO", "optional": false}, {"key": "CLOSET", "text": "Closet", "value": "NAO_INFORMADO", "optional": false}, {"key": "COZINHA_AMERICANA", "text": "Cozinha americana", "value": "NAO_INFORMADO", "optional": false}, {"key": "MESAS_E_CADEIRAS_DE_ESCRITORIO", "text": "Mesas e cadeiras de escrit\u00f3rio", "value": "NAO_INFORMADO", "optional": false}, {"key": "JARDIM", "text": "Jardim", "value": "NAO_INFORMADO", "optional": false}, {"key": "QUARTOS_E_CORREDORES_COM_PORTAS_AMPLAS", "text": "Quartos e corredores com portas amplas", "value": "NAO_INFORMADO", "optional": false}, {"key": "QUINTAL", "text": "Quintal", "value": "NAO_INFORMADO", "optional": false}, {"key": "SOMENTE_UMA_CASA_NO_TERRENO", "text": "Somente uma casa no terreno", "value": "NAO_INFORMADO", "optional": false}, {"key": "AREA_DE_SERVICO", "text": "\u00c1rea de servi\u00e7o", "value": "SIM", "optional": false}], "comfortCommodities": [{"key": "BANHEIRA_DE_HIDROMASSAGEM", "text": "Banheira", "value": "SIM", "optional": false}, {"key": "PISCINA_PRIVATIVA", "text": "Piscina privativa", "value": "NAO", "optional": false}, {"key": "AR_CONDICIONADO", "text": "Ar condicionado", "value": "NAO", "optional": false}, {"key": "SOL_DA_MANHA", "text": "Sol da manh\u00e3", "value": "NAO", "optional": false}, {"key": "SOL_DA_TARDE", "text": "Sol da tarde", "value": "SIM", "optional": false}, {"key": "CORTINAS_BLACK_OUT", "text": "Cortinas corta luz", "value": "SIM", "optional": false}, {"key": "CORTINAS_DECORATIVAS", "text": "Cortina transl\u00facida", "value": "SIM", "optional": false}, {"key": "JANELA_ANTI_RUIDO", "text": "Janela anti-ru\u00eddo", "value": "NAO", "optional": false}, {"key": "VENTILADOR_DE_TETO", "text": "Ventilador de teto", "value": "SIM", "optional": false}, {"key": "LUMINOSIDADE_NATURAL", "text": "Janelas grandes", "value": "SIM", "optional": false}, {"key": "VISTA_LIVRE", "text": "Vista livre", "value": "NAO", "optional": false}, {"key": "RUA_SILENCIOSA", "text": "Rua silenciosa", "value": "SIM", "optional": false}], "practicalityCommodities": [{"key": "BOX", "text": "Box", "value": "SIM", "optional": false}, {"key": "ARMARIOS_EMBUTIDOS_NO_QUARTO", "text": "Arm\u00e1rios no quarto", "value": "SIM", "optional": false}, {"key": "ARMARIOS_NOS_BANHEIROS", "text": "Arm\u00e1rios no banheiro", "value": "SIM", "optional": false}, {"key": "ARMARIOS_NA_COZINHA", "text": "Arm\u00e1rios na cozinha", "value": "SIM", "optional": false}, {"key": "CHUVEIRO_A_GAS", "text": "Chuveiro a g\u00e1s", "value": "SIM", "optional": false}, {"key": "FOGAO_INCLUSO", "text": "Fog\u00e3o", "value": "SIM", "optional": false}, {"key": "GELADEIRA_INCLUSO", "text": "Geladeira", "value": "SIM", "optional": false}, {"key": "CHUVEIRO_ELETRICO", "text": "Chuveiro el\u00e9trico", "value": "NAO", "optional": false}, {"key": "MICROONDAS", "text": "Microondas", "value": "NAO", "optional": false}, {"key": "SOFA", "text": "Sof\u00e1", "value": "SIM", "optional": false}, {"key": "MAQUINA_DE_LAVAR", "text": "M\u00e1quina de lavar", "value": "NAO", "optional": false}, {"key": "TANQUE", "text": "Tanque", "value": "SIM", "optional": false}, {"key": "REDE_DE_PROTECAO", "text": "Tela nas janelas", "value": "SIM", "optional": false}, {"key": "VARAL_DE_ROUPAS", "text": "Varal de roupas", "value": "SIM", "optional": false}, {"key": "TOMADAS_NOVAS", "text": "Tomadas 3 pinos", "value": "SIM", "optional": false}, {"key": "TELEVISAO", "text": "Televis\u00e3o", "value": "SIM", "optional": false}, {"key": "MESAS_E_CADEIRAS_DE_JANTAR", "text": "Mesas e cadeiras de jantar", "value": "SIM", "optional": false}, {"key": "CHURRASQUEIRA", "text": "Churrasqueira", "value": "NAO_INFORMADO", "optional": false}, {"key": "ACESSO_SEM_DEGRAUS", "text": "Acesso sem degraus", "value": "SIM", "optional": false}, {"key": "COOKTOP", "text": "Fog\u00e3o cooktop", "value": "NAO", "optional": false}, {"key": "UTENSILIOS_DE_COZINHA", "text": "Utens\u00edlios de cozinha", "value": "NAO", "optional": false}, {"key": "CAMA_DE_CASAL", "text": "Cama de casal", "value": "SIM", "optional": false}, {"key": "CAMA_DE_SOLTEIRO", "text": "Cama de solteiro", "value": "SIM", "optional": false}, {"key": "ESPELHO_NO_BANHEIRO", "text": "Espelho no banheiro", "value": "SIM", "optional": false}, {"key": "FECHADURA_ELETRONICA", "text": "Fechadura eletr\u00f4nica", "value": "NAO", "optional": false}, {"key": "ENERGIA", "text": "Energia no im\u00f3vel", "value": "SIM", "optional": false}], "area": 150, "installations": [{"key": "PLAYGROUND", "text": "Playground", "value": "SIM"}, {"key": "PISCINA", "text": "Piscina", "value": "NAO"}, {"key": "CHURRASQUEIRA", "text": "Churrasqueira", "value": "NAO"}, {"key": "QUADRA_ESPORTIVA", "text": "Quadra esportiva", "value": "NAO"}, {"key": "ACADEMIA", "text": "Academia", "value": "SIM"}, {"key": "SALAO_DE_FESTAS", "text": "Sal\u00e3o de festas", "value": "SIM"}, {"key": "SAUNA", "text": "Sauna", "value": "NAO"}, {"key": "LAVANDERIA_NO_PREDIO", "text": "Lavanderia no pr\u00e9dio", "value": "NAO"}, {"key": "GAS_ENCANADO", "text": "G\u00e1s encanado", "value": "SIM"}, {"key": "ESPACO_GOURMET_NA_AREA_COMUM", "text": "Espa\u00e7o gourmet na \u00e1rea comum", "value": "NAO"}, {"key": "BRINQUEDOTECA", "text": "Brinquedoteca", "value": "NAO_INFORMADO"}, {"key": "CORRIMAO", "text": "Corrim\u00e3o", "value": "NAO_INFORMADO"}, {"key": "PISO_TATIL", "text": "Piso t\u00e1til", "value": "NAO_INFORMADO"}, {"key": "RAMPAS_DE_ACESSO", "text": "Rampas de acesso", "value": "NAO_INFORMADO"}, {"key": "SALAO_DE_JOGOS", "text": "Sal\u00e3o de jogos", "value": "NAO_INFORMADO"}, {"key": "VAGA_DE_GARAGEM_ACESSIVEL", "text": "Vaga de garagem acess\u00edvel", "value": "NAO_INFORMADO"}, {"key": "AREA_VERDE", "text": "\u00c1rea verde", "value": "NAO_INFORMADO"}, {"key": "Elevador", "value": "SIM"}, {"key": "Porteiro24H", "value": "SIM"}], "rentPrice": 8860, "condoPrice": 1600, "condoType": "Normal", "region": {"name": "Itaim Bibi", "hub": {"loading": "UNSET", "enabled": false, "abSecretariat": false, "isPrimaryMarket": false}, "id": 58}, "type": "Apartamento", "iptuType": "Normal", "totalCost": 11152, "parkingSpaces": 1, "address": {"street": "Rua Manuel Guedes", "neighborhood": "Itaim Bibi", "city": "S\u00e3o Paulo", "zipCode": "04536-070", "stateName": "S\u00e3o Paulo", "stateAcronym": "SP", "lat": -23.5815515, "lng": -46.6796167, "countryName": "Brasil", "countryCode": "BR", "country": "Brasil"}, "floor": 10, "homeProtection": 113, "remarks": "1 banheiro de servi\u00e7o/ mobilia completo/", "acceptsPets": true, "hasFurniture": true, "isNearSubway": false, "placesNearby": [{"name": "Let's Code", "type": "SCHOOL", "slug": "let's-code-jardim-europa-sao-paulo-sp"}, {"name": "Hospital do Cora\u00e7\u00e3o", "type": "HOSPITAL", "slug": "hospital-do-coracao-jardim-europa-sao-paulo-sp-brasil"}, {"name": "DeRose Method Itaim", "type": "UNIVERSITY_OR_COLLEGE", "slug": "derose-method-itaim-itaim-bibi-sao-paulo-sp"}, {"name": "Museu da Casa Brasileira (MCB)", "type": "MUSEUM_THEATRE_OR_CONCERT_HALL", "slug": "museu-da-casa-brasileira-mcb-jardim-europa-sao-paulo-sp-brasil"}, {"name": "Escola Estadual Ludovina Credidio Peixoto", "type": "SCHOOL", "slug": "escola-estadual-ludovina-credidio-peixoto-itaim-bibi-sao-paulo-sp"}, {"name": "Col\u00e9gio Madre Alix", "type": "SCHOOL", "slug": "colegio-madre-alix-jardim-paulistano-sao-paulo-sp-brasil"}, {"name": "MuBE (Museu Brasileiro da Escultura e Ecologia)", "type": "MUSEUM_THEATRE_OR_CONCERT_HALL", "slug": "mube-museu-brasileiro-da-escultura-e-ecologia-jardim-europa-sao-paulo-sp-brasil"}, {"name": "C\u00e9lia Helena Centro de Artes e Educa\u00e7\u00e3o", "type": "UNIVERSITY_OR_COLLEGE", "slug": "celia-helena-centro-de-artes-e-educacao-jardim-paulista-sao-paulo-sp"}, {"name": "Cinemark", "type": "MUSEUM_THEATRE_OR_CONCERT_HALL", "slug": "cinemark-jardim-europa-sao-paulo-sp"}, {"name": "Hospital Sancta Maggiore", "type": "HOSPITAL", "slug": "hospital-sancta-maggiore-itaim-bibi-sao-paulo-sp"}, {"name": "Teatro Vento Forte", "type": "MUSEUM_THEATRE_OR_CONCERT_HALL", "slug": "teatro-vento-forte-itaim-bibi-sao-paulo-sp"}, {"name": "St. Paul's School", "type": "SCHOOL", "slug": "st-paul's-school-jardim-paulistano-sao-paulo-sp-brasil"}, {"name": "Parque do Povo", "type": "PARK_OR_GREEN_AREA", "slug": "parque-do-povo-pinheiros-sao-paulo-sp"}, {"name": "Pra\u00e7a Gast\u00e3o Vidigal", "type": "PARK_OR_GREEN_AREA", "slug": "praca-gastao-vidigal-jardim-paulistano-sao-paulo-sp-brasil"}, {"name": "DeRose Method Vila Ol\u00edmpia", "type": "UNIVERSITY_OR_COLLEGE", "slug": "derose-method-vila-olimpia-vila-olimpia-sao-paulo-sp"}, {"name": "Shopping Vitrine Iguatemi", "type": "SHOPPING_MALL", "slug": "shopping-vitrine-iguatemi-jardim-paulistano-sao-paulo-sp"}, {"name": "Pra\u00e7a Adolfo Bloch", "type": "PARK_OR_GREEN_AREA", "slug": "praca-adolfo-bloch-jardim-america-sao-paulo-sp-brasil"}, {"name": "Grupo Escolar Martim Francisco", "type": "SCHOOL", "slug": "grupo-escolar-martim-francisco-vila-nova-conceicao-sao-paulo-sp-brasil"}, {"name": "Hospital S\u00edrio Liban\u00eas Jardins", "type": "HOSPITAL", "slug": "hospital-sirio-libanes-jardins-jardim-america-sao-paulo-sp-brasil"}, {"name": "Escola Louren\u00e7o Castanho", "type": "SCHOOL", "slug": "escola-lourenco-castanho-vila-nova-conceicao-sao-paulo-sp-brasil"}, {"name": "Shopping JK Iguatemi", "type": "SHOPPING_MALL", "slug": "shopping-jk-iguatemi-vila-olimpia-sao-paulo-sp"}, {"name": "Amil Sa\u00fade", "type": "HOSPITAL", "slug": "amil-saude-jardim-america-sao-paulo-sp-brasil"}, {"name": "Pra\u00e7a Pereira Coutinho", "type": "PARK_OR_GREEN_AREA", "slug": "praca-pereira-coutinho-vila-nova-conceicao-sao-paulo-sp-brasil"}, {"name": "FMU", "type": "UNIVERSITY_OR_COLLEGE", "slug": "fmu-vila-nova-conceicao-sao-paulo-sp-brasil"}, {"name": "Shopping Vila Ol\u00edmpia", "type": "SHOPPING_MALL", "slug": "shopping-vila-olimpia-vila-olimpia-sao-paulo-sp"}, {"name": "Pra\u00e7a Guilherme Kwall", "type": "PARK_OR_GREEN_AREA", "slug": "praca-guilherme-kwall-jardim-paulistano-sao-paulo-sp-brasil"}, {"name": "Col\u00e9gio da Companhia de Maria", "type": "SCHOOL", "slug": "colegio-da-companhia-de-maria-vila-nova-conceicao-sao-paulo-sp-brasil"}, {"name": "DeRose Method Vila Nova Concei\u00e7\u00e3o", "type": "UNIVERSITY_OR_COLLEGE", "slug": "derose-method-vila-nova-conceicao-vila-nova-conceicao-sao-paulo-sp"}, {"name": "Insper", "type": "UNIVERSITY_OR_COLLEGE", "slug": "insper-vila-olimpia-sao-paulo-sp"}, {"name": "Cl\u00ednica M\u00e9dica Dr. David Uip", "type": "HOSPITAL", "slug": "clinica-medica-dr-david-uip-jardim-america-sao-paulo-sp-brasil"}], "availabilityType": "IMMEDIATE", "photos": [{"id": 16317121, "subtitle": "Sala 1", "url": "893381240-276.5124313341642611.jpg", "cover": true}, {"id": 16317123, "subtitle": "Sala 1", "url": "893381240-597.031852981165513.jpg", "cover": false}, {"id": 16317125, "subtitle": "Sala 1", "url": "893381240-763.78069213965414.jpg", "cover": false}, {"id": 16317127, "subtitle": "Sala 1", "url": "893381240-681.217423347630815.jpg", "cover": false}, {"id": 16317141, "subtitle": "Sala 1", "url": "893381240-737.3966529463532111.jpg", "cover": false}, {"id": 16317129, "subtitle": "Sala 1", "url": "893381240-304.2853965528040616.jpg", "cover": false}, {"id": 16317134, "subtitle": "Sala 1", "url": "893381240-833.973074872926318.jpg", "cover": false}, {"id": 16317136, "subtitle": "Sala 1", "url": "893381240-510.381506691702119.jpg", "cover": false}, {"id": 16317139, "subtitle": "Sala 1", "url": "893381240-729.5538153464378110.jpg", "cover": false}, {"id": 16317132, "subtitle": "Sala 1", "url": "893381240-270.5066023580290617.jpg", "cover": false}, {"id": 16317142, "subtitle": "Sala 1", "url": "893381240-638.7003346376326112.jpg", "cover": false}, {"id": 16317143, "subtitle": "Vista", "url": "893381240-572.9166733332246112.jpg", "cover": false}, {"id": 16317144, "subtitle": "Sala 2", "url": "893381240-279.246488917870221.jpg", "cover": false}, {"id": 16317145, "subtitle": "Sala 2", "url": "893381240-920.144911417867522.jpg", "cover": false}, {"id": 16317146, "subtitle": "Sala 2", "url": "893381240-554.685667277337923.jpg", "cover": false}, {"id": 16317148, "subtitle": "Sala 2", "url": "893381240-640.943953678539224.jpg", "cover": false}, {"id": 16317149, "subtitle": "Sala 2", "url": "893381240-997.142240587610825.jpg", "cover": false}, {"id": 16317150, "subtitle": "Vista", "url": "893381240-999.652424668229326.jpg", "cover": false}, {"id": 16317152, "subtitle": "Quarto 1 - Su\u00edte", "url": "893381240-697.544013677599231.jpg", "cover": false}, {"id": 16317155, "subtitle": "Quarto 1 - Su\u00edte", "url": "893381240-687.631750759417332.jpg", "cover": false}, {"id": 16317159, "subtitle": "Quarto 1 - Su\u00edte", "url": "893381240-790.260557959659133.jpg", "cover": false}, {"id": 16317161, "subtitle": "Quarto 1 - Su\u00edte", "url": "893381240-588.916176054663234.jpg", "cover": false}, {"id": 16317165, "subtitle": "Quarto 1 - Su\u00edte", "url": "893381240-456.487927608815835.jpg", "cover": false}, {"id": 16317168, "subtitle": "Quarto 1 - Su\u00edte", "url": "893381240-314.975403754362336.jpg", "cover": false}, {"id": 16317171, "subtitle": "Vista", "url": "893381240-429.734516165608137.jpg", "cover": false}, {"id": 16317174, "subtitle": "Banheiro do Quarto 1", "url": "893381240-134.6605885962869438.jpg", "cover": false}, {"id": 16317178, "subtitle": "Banheiro do Quarto 1", "url": "893381240-934.397231027207139.jpg", "cover": false}, {"id": 16317180, "subtitle": "Banheiro do Quarto 1 - Torneira", "url": "893381240-563.8211523166083310.jpg", "cover": false}, {"id": 16317183, "subtitle": "Banheiro do Quarto 1", "url": "893381240-825.6012484875585311.jpg", "cover": false}, {"id": 16317185, "subtitle": "Quarto 2", "url": "893381240-301.0786713705012441.jpg", "cover": false}, {"id": 16317188, "subtitle": "Quarto 2", "url": "893381240-806.225181506142842.jpg", "cover": false}, {"id": 16317191, "subtitle": "Quarto 2", "url": "893381240-697.010225629781543.jpg", "cover": false}, {"id": 16317195, "subtitle": "Quarto 2", "url": "893381240-917.526680271096944.jpg", "cover": false}, {"id": 16317198, "subtitle": "Banheiro", "url": "893381240-202.998498425843551.jpg", "cover": false}, {"id": 16317199, "subtitle": "Banheiro", "url": "893381240-123.9638731784258353.jpg", "cover": false}, {"id": 16317200, "subtitle": "Banheiro", "url": "893381240-832.568773064008854.jpg", "cover": false}, {"id": 16317201, "subtitle": "Banheiro", "url": "893381240-38.4628950119637655.jpg", "cover": false}, {"id": 16317202, "subtitle": "Banheiro - Torneira", "url": "893381240-201.3500962158565256.jpg", "cover": false}, {"id": 16317203, "subtitle": "Cozinha", "url": "893381240-485.1355422842366461.jpg", "cover": false}, {"id": 16317204, "subtitle": "Cozinha", "url": "893381240-147.2429231468578362.jpg", "cover": false}, {"id": 16317209, "subtitle": "Cozinha", "url": "893381240-604.490350035327767.jpg", "cover": false}, {"id": 16317206, "subtitle": "Cozinha", "url": "893381240-579.187259976362264.jpg", "cover": false}, {"id": 16317205, "subtitle": "Cozinha", "url": "893381240-13.65669299982441563.jpg", "cover": false}, {"id": 16317207, "subtitle": "Cozinha", "url": "893381240-31.16884591035118465.jpg", "cover": false}, {"id": 16317208, "subtitle": "Cozinha - Torneira", "url": "893381240-457.080471586655266.jpg", "cover": false}, {"id": 16317211, "subtitle": "\u00c1rea de Servi\u00e7o", "url": "893381240-763.643519372257972.jpg", "cover": false}, {"id": 16317210, "subtitle": "\u00c1rea de Servi\u00e7o", "url": "893381240-306.384076849038671.jpg", "cover": false}, {"id": 16317212, "subtitle": "\u00c1rea de Servi\u00e7o", "url": "893381240-816.098805293869673.jpg", "cover": false}, {"id": 16317213, "subtitle": "\u00c1rea de Servi\u00e7o", "url": "893381240-729.096749420992974.jpg", "cover": false}, {"id": 16317214, "subtitle": "\u00c1rea de Servi\u00e7o", "url": "893381240-677.606739966385675.jpg", "cover": false}, {"id": 16317215, "subtitle": "\u00c1rea de Servi\u00e7o", "url": "893381240-194.348652350982176.jpg", "cover": false}, {"id": 16317216, "subtitle": "Vista", "url": "893381240-165.6459080555419277.jpg", "cover": false}, {"id": 16317217, "subtitle": "Quarto de Servi\u00e7o", "url": "893381240-90.84319606517481.jpg", "cover": false}, {"id": 16317218, "subtitle": "Quarto de Servi\u00e7o", "url": "893381240-790.98214290250882.jpg", "cover": false}, {"id": 16317220, "subtitle": "Quarto de Servi\u00e7o", "url": "893381240-855.743794900342483.jpg", "cover": false}, {"id": 16317221, "subtitle": "Quarto de Servi\u00e7o", "url": "893381240-553.310063002884484.jpg", "cover": false}, {"id": 16317222, "subtitle": "Quarto de Servi\u00e7o", "url": "893381240-436.115686488407385.jpg", "cover": false}, {"id": 16317223, "subtitle": "Quarto de Servi\u00e7o", "url": "893381240-598.364345392829586.jpg", "cover": false}, {"id": 16317224, "subtitle": "Banheiro de Servi\u00e7o", "url": "893381240-712.740472286368687.jpg", "cover": false}, {"id": 16317226, "subtitle": "Banheiro de Servi\u00e7o", "url": "893381240-707.347229341851788.jpg", "cover": false}, {"id": 16317227, "subtitle": "Banheiro de Servi\u00e7o", "url": "893381240-618.761143387852489.jpg", "cover": false}, {"id": 16317228, "subtitle": "Banheiro de Servi\u00e7o - Torneira", "url": "893381240-492.15503904108635810.jpg", "cover": false}, {"id": 16317229, "subtitle": "Banheiro de Servi\u00e7o", "url": "893381240-203.76826338800214811.jpg", "cover": false}, {"id": 16317231, "subtitle": "Hall", "url": "893381240-766.92648800454469.jpg", "cover": false}, {"id": 16317234, "subtitle": "Sal\u00e3o de Festas", "url": "893381240-2.37486087165961210.jpg", "cover": false}, {"id": 16317236, "subtitle": "Sal\u00e3o de Festas", "url": "893381240-571.198684438568211.jpg", "cover": false}, {"id": 16317238, "subtitle": "Academia", "url": "893381240-10.48097517630752812.jpg", "cover": false}, {"id": 16317239, "subtitle": "Playground", "url": "893381240-434.8857528054674613.jpg", "cover": false}, {"id": 16317243, "subtitle": "\u00c1rea Comum", "url": "893381240-70.8703315732881514.jpg", "cover": false}, {"id": 16317246, "subtitle": "\u00c1rea Comum", "url": "893381240-689.131610445071315.jpg", "cover": false}, {"id": 16317248, "subtitle": "Fachada", "url": "893381240-579.1102385264544X.jpg", "cover": false}], "photosCategorizedByRooms": [], "relevantRegions": [], "photospheres": [], "specialConditions": ["Exclusivity"], "offers": {"closingRate": 0, "shouldHighlightIcon": true, "shouldShowOfferDialog": false, "shouldShowOffers": false, "summary": []}, "status": "publicado", "showUrlHasBeenCopiedSnackbar": false, "isGalleryModalOpen": false, "error": false, "loaded": true, "loading": false, "loadingCategorizedRooms": false, "selectedMedia": "tenant/HouseMedia/PHOTOS", "video": "", "promotions": [], "condominium": {"hashId": "9dzqs29zdz", "name": "Ary Cec\u00edlia", "slug": "ary-cecilia-itaim-bibi-sao-paulo", "address": "R. Manuel Guedes", "constructionYear": 1975}, "forRent": true, "forSale": true, "salePrice": 2100000, "mortgageFirstInstallment": 0, "listings": [{"imovelId": 893381240, "businessContext": "RENT", "status": "publicado", "firstPublicationDate": "2021-07-30T02:55:47.000+0000", "lastPublicationDate": "2023-02-20T12:35:34.000+0000", "listingRentModel": {"listingBusinessContextId": 762430, "rentalAdministrator": "QUINTOANDAR"}, "ownership": "STANDARD"}, {"imovelId": 893381240, "businessContext": "SALE", "status": "publicado", "firstPublicationDate": "2021-07-30T02:55:47.000+0000", "lastPublicationDate": "2021-07-30T02:55:47.000+0000", "ownership": "STANDARD"}], "listingTags": [], "businessContext": "", "regionParameters": {"loaded": false, "loading": false, "RENT": {"visitsEnabled": true, "talkToAgentEnabled": false}, "SALE": {"visitsEnabled": true, "talkToAgentEnabled": false}}, "houseAgent": {"isDialogOpen": false, "alreadyOpenedByQueryParam": false}, "tenantServiceFee": 229, "closingStatus": {"loading": false}, "rentalGuarantee": {"minValue": 2215, "maxValue": 6645}, "reservationAvailability": null, "isPrimaryMarket": false, "macroRegion": {"id": 2720, "name": "SPO 06"}, "suites": 1, "allowsCustomOffer": true, "displayCustomOfferPreference": true, "houseVisitStatus": "ACCEPT_NEW", "visitStatusReason": null, "visitsUnavailable": false, "isReserved": false, "allowDirectOffer": true, "lastPublishedDate": "2023-02-20T12:35:34.000Z", "listingPublication": "not_stranded", "rentOnTermination": false, "constructionYear": 1975, "categories": []}, "markers": {"lat": -23.5815515, "lng": -46.6796167}, "talkToAgent": {"dialog": {"open": false, "questionType": null, "question": ""}, "agentSupport": {}, "error": null, "autoSubmit": false, "loading": false, "submitting": false, "success": false, "hasLoadedAgentInfo": false, "agent": null, "hasLoadedAgentsInRegion": false, "agentsInRegion": null}}}}, "__N_SSP": true}, "page": "/imovel/[houseId]/[[...slug]]", "query": {"houseId": "893381240", "slug": ["alugar", "apartamento-3-quartos-itaim-bibi-sao-paulo"]}, "buildId": "gCr3Bg2lYzV9hxZqGibIQ", "runtimeConfig": {"NEXT_PUBLIC_HOME_ADVERTISING_BANNER": "coupon"}, "isFallback": false, "dynamicIds": [61847, 31265, 66435, 77453, 87356, 60899, 41103, 3232, 33207, 72227, 40072, 39327, 19904, 96827], "gssp": true, "customServer": true, "appGip": true, "locale": "pt-BR", "locales": ["pt-BR", "es-MX"], "defaultLocale": "pt-BR", "domainLocales": [{"domain": "www.quintoandar.com.br", "defaultLocale": "pt-BR"}, {"domain": "www.benvi.mx", "defaultLocale": "es-MX"}], "scriptLoader": []}