{"props": {"pageProps": {"initialState": {"route": {"locationBeforeTransitions": {"pathname": "/imovel/893393233/alugar/kitnet-1-quarto-liberdade-sao-paulo", "search": "", "hash": "", "action": "POP", "query": {}}, "topLevelRouteName": "house details", "businessContext": "RENT", "favoriteListsBusinessContext": "RENT"}, "router": {"location": {"href": "/", "pathname": "/", "search": "", "hash": ""}}, "progress": {"pendingRequests": -1}, "login": {"response": {}, "user": {"isLoggedIn": false, "id": 0, "agentId": 0, "hashId": "", "sessionId": null, "name": "", "email": "", "maskedEmail": "", "jwt": {"app": "", "firebase": ""}, "phone": {"countryCode": "+55", "areaCode": "", "phoneNumber": ""}, "country": "BR", "channel": "", "isPhoneRegistered": false, "acceptWhatsapp": true, "hasDocument": false, "isPartner": false}, "accountForm": {}, "redirectUrl": "", "isRequestOngoing": false}, "captcha": {"token": "", "hasLoadedRemoteConfig": false, "provider": "", "friction": "low", "unavailableCountriesCode": []}, "supportedCities": [], "inAppMessages": {"biomaSurvey": {"isOpen": false, "formId": null, "data": {"opaque": true}}}, "metaData": {"similar_houses_clicked": []}, "appData": {"device": {"type": "desktop", "isSearchEngineCrawler": false}, "experiments": "X-AB-Test=ab_exposed_filter_sale_desktop:1,ab_exposed_filter_sale_v1:1,ab_exposed_filters:1,ab_load_more_v0:-1,ab_new_house_card_v2:0,ab_new_rent_listing_phase2:0,ab_profiling_create_alert_filters:0,ab_scheduling_step_by_step_v1:1,ab_show_floor_sale:0,ab_street_search_retrieval_v1:0"}, "house": {"houseInfo": {"id": "893393233", "displayId": "693233", "bedrooms": 1, "city": "S\u00e3o Paulo", "cityId": 39, "bathrooms": 1, "iptu": 0, "amenities": [{"key": "BANHEIRA_DE_HIDROMASSAGEM", "text": "Banheira", "value": "NAO", "optional": false}, {"key": "BOX", "text": "Box", "value": "NAO", "optional": false}, {"key": "VARANDA", "text": "Varanda", "value": "NAO_INFORMADO", "optional": false}, {"key": "PISCINA_PRIVATIVA", "text": "Piscina privativa", "value": "NAO", "optional": false}, {"key": "ARMARIOS_EMBUTIDOS_NO_QUARTO", "text": "Arm\u00e1rios no quarto", "value": "NAO", "optional": false}, {"key": "ARMARIOS_NOS_BANHEIROS", "text": "Arm\u00e1rios no banheiro", "value": "NAO", "optional": false}, {"key": "ARMARIOS_NA_COZINHA", "text": "Arm\u00e1rios na cozinha", "value": "NAO", "optional": false}, {"key": "AR_CONDICIONADO", "text": "Ar condicionado", "value": "NAO", "optional": false}, {"key": "CHUVEIRO_A_GAS", "text": "Chuveiro a g\u00e1s", "value": "NAO", "optional": false}, {"key": "QUARTO_DE_SERVICO", "text": "Quarto de servi\u00e7o", "value": "NAO", "optional": false}, {"key": "BANHEIRO_DE_SERVICO", "text": "Banheiro de servi\u00e7o", "value": "NAO", "optional": false}, {"key": "VARANDA_GOURMET", "text": "Varanda gourmet", "value": "NAO", "optional": false}, {"key": "APARTAMENTO_COBERTURA", "text": "Apartamento cobertura", "value": "NAO", "optional": false}, {"key": "QUARTO_EXTRA_REVERSIVEL", "text": "Quarto extra revers\u00edvel", "value": "NAO", "optional": false}, {"key": "FOGAO_INCLUSO", "text": "Fog\u00e3o", "value": "NAO", "optional": false}, {"key": "GELADEIRA_INCLUSO", "text": "Geladeira", "value": "NAO", "optional": false}, {"key": "BANHEIRO_ADAPTADO", "text": "Banheiro adaptado", "value": "NAO_INFORMADO", "optional": false}, {"key": "CLOSET", "text": "Closet", "value": "NAO_INFORMADO", "optional": false}, {"key": "COZINHA_AMERICANA", "text": "Cozinha americana", "value": "NAO_INFORMADO", "optional": false}, {"key": "MESAS_E_CADEIRAS_DE_ESCRITORIO", "text": "Mesas e cadeiras de escrit\u00f3rio", "value": "NAO_INFORMADO", "optional": false}, {"key": "JARDIM", "text": "Jardim", "value": "NAO_INFORMADO", "optional": false}, {"key": "QUARTOS_E_CORREDORES_COM_PORTAS_AMPLAS", "text": "Quartos e corredores com portas amplas", "value": "NAO_INFORMADO", "optional": false}, {"key": "QUINTAL", "text": "Quintal", "value": "NAO_INFORMADO", "optional": false}, {"key": "SOMENTE_UMA_CASA_NO_TERRENO", "text": "Somente uma casa no terreno", "value": "NAO_INFORMADO", "optional": false}, {"key": "AREA_DE_SERVICO", "text": "\u00c1rea de servi\u00e7o", "value": "NAO_INFORMADO", "optional": false}], "comfortCommodities": [{"key": "BANHEIRA_DE_HIDROMASSAGEM", "text": "Banheira", "value": "NAO", "optional": false}, {"key": "PISCINA_PRIVATIVA", "text": "Piscina privativa", "value": "NAO", "optional": false}, {"key": "AR_CONDICIONADO", "text": "Ar condicionado", "value": "NAO", "optional": false}, {"key": "SOL_DA_MANHA", "text": "Sol da manh\u00e3", "value": "SIM", "optional": false}, {"key": "SOL_DA_TARDE", "text": "Sol da tarde", "value": "NAO", "optional": false}, {"key": "CORTINAS_BLACK_OUT", "text": "Cortinas corta luz", "value": "NAO", "optional": false}, {"key": "CORTINAS_DECORATIVAS", "text": "Cortina transl\u00facida", "value": "NAO", "optional": false}, {"key": "JANELA_ANTI_RUIDO", "text": "Janela anti-ru\u00eddo", "value": "NAO", "optional": false}, {"key": "VENTILADOR_DE_TETO", "text": "Ventilador de teto", "value": "NAO", "optional": false}, {"key": "LUMINOSIDADE_NATURAL", "text": "Janelas grandes", "value": "NAO", "optional": false}, {"key": "VISTA_LIVRE", "text": "Vista livre", "value": "NAO", "optional": false}, {"key": "RUA_SILENCIOSA", "text": "Rua silenciosa", "value": "NAO", "optional": false}], "practicalityCommodities": [{"key": "BOX", "text": "Box", "value": "NAO", "optional": false}, {"key": "ARMARIOS_EMBUTIDOS_NO_QUARTO", "text": "Arm\u00e1rios no quarto", "value": "NAO", "optional": false}, {"key": "ARMARIOS_NOS_BANHEIROS", "text": "Arm\u00e1rios no banheiro", "value": "NAO", "optional": false}, {"key": "ARMARIOS_NA_COZINHA", "text": "Arm\u00e1rios na cozinha", "value": "NAO", "optional": false}, {"key": "CHUVEIRO_A_GAS", "text": "Chuveiro a g\u00e1s", "value": "NAO", "optional": false}, {"key": "FOGAO_INCLUSO", "text": "Fog\u00e3o", "value": "NAO", "optional": false}, {"key": "GELADEIRA_INCLUSO", "text": "Geladeira", "value": "NAO", "optional": false}, {"key": "CHUVEIRO_ELETRICO", "text": "Chuveiro el\u00e9trico", "value": "NAO", "optional": false}, {"key": "MICROONDAS", "text": "Microondas", "value": "NAO", "optional": false}, {"key": "SOFA", "text": "Sof\u00e1", "value": "NAO", "optional": false}, {"key": "MAQUINA_DE_LAVAR", "text": "M\u00e1quina de lavar", "value": "NAO", "optional": false}, {"key": "TANQUE", "text": "Tanque", "value": "NAO", "optional": false}, {"key": "REDE_DE_PROTECAO", "text": "Tela nas janelas", "value": "NAO", "optional": false}, {"key": "VARAL_DE_ROUPAS", "text": "Varal de roupas", "value": "NAO", "optional": false}, {"key": "TOMADAS_NOVAS", "text": "Tomadas 3 pinos", "value": "SIM", "optional": false}, {"key": "TELEVISAO", "text": "Televis\u00e3o", "value": "NAO", "optional": false}, {"key": "MESAS_E_CADEIRAS_DE_JANTAR", "text": "Mesas e cadeiras de jantar", "value": "NAO", "optional": false}, {"key": "CHURRASQUEIRA", "text": "Churrasqueira", "value": "NAO_INFORMADO", "optional": false}, {"key": "ACESSO_SEM_DEGRAUS", "text": "Acesso sem degraus", "value": "NAO", "optional": false}, {"key": "COOKTOP", "text": "Fog\u00e3o cooktop", "value": "NAO", "optional": false}, {"key": "UTENSILIOS_DE_COZINHA", "text": "Utens\u00edlios de cozinha", "value": "NAO", "optional": false}, {"key": "CAMA_DE_CASAL", "text": "Cama de casal", "value": "NAO", "optional": false}, {"key": "CAMA_DE_SOLTEIRO", "text": "Cama de solteiro", "value": "NAO", "optional": false}, {"key": "ESPELHO_NO_BANHEIRO", "text": "Espelho no banheiro", "value": "NAO", "optional": false}, {"key": "FECHADURA_ELETRONICA", "text": "Fechadura eletr\u00f4nica", "value": "NAO", "optional": false}, {"key": "ENERGIA", "text": "Energia no im\u00f3vel", "value": "NAO", "optional": false}], "area": 20, "installations": [{"key": "PLAYGROUND", "text": "Playground", "value": "NAO"}, {"key": "PISCINA", "text": "Piscina", "value": "NAO"}, {"key": "CHURRASQUEIRA", "text": "Churrasqueira", "value": "NAO"}, {"key": "QUADRA_ESPORTIVA", "text": "Quadra esportiva", "value": "NAO"}, {"key": "ACADEMIA", "text": "Academia", "value": "NAO"}, {"key": "SALAO_DE_FESTAS", "text": "Sal\u00e3o de festas", "value": "NAO"}, {"key": "SAUNA", "text": "Sauna", "value": "NAO"}, {"key": "LAVANDERIA_NO_PREDIO", "text": "Lavanderia no pr\u00e9dio", "value": "NAO"}, {"key": "GAS_ENCANADO", "text": "G\u00e1s encanado", "value": "NAO"}, {"key": "ESPACO_GOURMET_NA_AREA_COMUM", "text": "Espa\u00e7o gourmet na \u00e1rea comum", "value": "NAO"}, {"key": "BRINQUEDOTECA", "text": "Brinquedoteca", "value": "NAO_INFORMADO"}, {"key": "CORRIMAO", "text": "Corrim\u00e3o", "value": "NAO_INFORMADO"}, {"key": "PISO_TATIL", "text": "Piso t\u00e1til", "value": "NAO_INFORMADO"}, {"key": "RAMPAS_DE_ACESSO", "text": "Rampas de acesso", "value": "NAO_INFORMADO"}, {"key": "SALAO_DE_JOGOS", "text": "Sal\u00e3o de jogos", "value": "NAO_INFORMADO"}, {"key": "VAGA_DE_GARAGEM_ACESSIVEL", "text": "Vaga de garagem acess\u00edvel", "value": "NAO_INFORMADO"}, {"key": "AREA_VERDE", "text": "\u00c1rea verde", "value": "NAO_INFORMADO"}, {"key": "Elevador", "value": "NAO"}, {"key": "Porteiro24H", "value": "NAO"}], "rentPrice": 1103, "condoPrice": 20, "condoType": "Normal", "region": {"name": "Liberdade", "hub": {"loading": "UNSET", "enabled": false, "abSecretariat": false, "isPrimaryMarket": false}, "id": 54}, "type": "StudioOuKitchenette", "iptuType": "NaoExiste", "totalCost": 1165, "parkingSpaces": 0, "address": {"street": "Rua Glic\u00e9rio", "neighborhood": "Liberdade", "city": "S\u00e3o Paulo", "zipCode": "01514-001", "stateName": "S\u00e3o Paulo", "stateAcronym": "SP", "lat": -23.5575316, "lng": -46.630064, "countryName": "Brasil", "countryCode": "BR", "country": "Brasil"}, "floor": 2, "homeProtection": 14, "remarks": "", "acceptsPets": false, "hasFurniture": false, "isNearSubway": true, "placesNearby": [{"name": "Santa Margiore", "type": "HOSPITAL", "slug": "santa-margiore-liberdade-sao-paulo-sp"}, {"name": "EMEF Duque de Caxias", "type": "SCHOOL", "slug": "emef-duque-de-caxias-liberdade-sao-paulo-sp"}, {"name": "CEI Quintal da Crian\u00e7a", "type": "SCHOOL", "slug": "cei-quintal-da-crianca-liberdade-sao-paulo-sp"}, {"name": "Museu do Tribunal de Justi\u00e7a SP", "type": "MUSEUM_THEATRE_OR_CONCERT_HALL", "slug": "museu-do-tribunal-de-justica-sp-liberdade-sao-paulo-sp"}, {"name": "Hospital Leforte Liberdade", "type": "HOSPITAL", "slug": "hospital-leforte-liberdade-liberdade-sao-paulo-sp"}, {"name": "Instituto/Faculdade Dam\u00e1sio", "type": "UNIVERSITY_OR_COLLEGE", "slug": "instituto-faculdade-damasio-liberdade-sao-paulo-sp"}, {"name": "Sesc Carmo", "type": "MUSEUM_THEATRE_OR_CONCERT_HALL", "slug": "sesc-carmo-se-sao-paulo-sp"}, {"name": "Jap\u00e3o - Liberdade", "type": "ESTACAO_METRO_OU_TREM", "slug": "japao-liberdade-liberdade-sao-paulo-sp"}, {"name": "FAZESP - Escola Fazend\u00e1ria do Estado de S\u00e3o Paulo", "type": "UNIVERSITY_OR_COLLEGE", "slug": "fazesp-escola-fazendaria-do-estado-de-sao-paulo-liberdade-sao-paulo-sp"}, {"name": "Museu Hist\u00f3rico da Imigra\u00e7\u00e3o Japonesa no Brasil", "type": "MUSEUM_THEATRE_OR_CONCERT_HALL", "slug": "museu-historico-da-imigracao-japonesa-no-brasil-liberdade-sao-paulo-sp"}, {"name": "Alfacon", "type": "SCHOOL", "slug": "alfacon-liberdade-sao-paulo-sp"}, {"name": "Col\u00e9gio Adventista da Liberdade", "type": "SCHOOL", "slug": "colegio-adventista-da-liberdade-liberdade-sao-paulo-sp"}, {"name": "Hospital Adventista de S\u00e3o Paulo", "type": "HOSPITAL", "slug": "hospital-adventista-de-sao-paulo-liberdade-sao-paulo-sp"}, {"name": "Hospital Sancta Maggiore", "type": "HOSPITAL", "slug": "hospital-sancta-maggiore-mooca-sao-paulo-sp"}, {"name": "S\u00e9", "type": "ESTACAO_METRO_OU_TREM", "slug": "estacao-se-sao-paulo-sp"}, {"name": "Escola Comte G. Moutinho", "type": "SCHOOL", "slug": "escola-comte-g-moutinho-sao-paulo-sp-brasil"}, {"name": "Escola Estadual Caetano de Campos", "type": "SCHOOL", "slug": "escola-estadual-caetano-de-campos-aclimacao-sao-paulo-sp"}, {"name": "Anglo Vestibulares", "type": "SCHOOL", "slug": "anglo-vestibulares-liberdade-sao-paulo-sp"}, {"name": "Escola de Modelo", "type": "UNIVERSITY_OR_COLLEGE", "slug": "escola-de-modelo-mooca-sao-paulo-sp"}, {"name": "Teatro dos Arcos", "type": "MUSEUM_THEATRE_OR_CONCERT_HALL", "slug": "teatro-dos-arcos-bela-vista-sao-paulo-sp"}, {"name": "Escola Paulista de Direito", "type": "UNIVERSITY_OR_COLLEGE", "slug": "escola-paulista-de-direito-liberdade-sao-paulo-sp"}, {"name": "Escola SENAI", "type": "UNIVERSITY_OR_COLLEGE", "slug": "escola-senai-cambuci-sao-paulo-sp"}, {"name": "Pedro II", "type": "ESTACAO_METRO_OU_TREM", "slug": "estacao-pedro-ii-sao-paulo-sp"}, {"name": "FMU", "type": "UNIVERSITY_OR_COLLEGE", "slug": "fmu-liberdade-sao-paulo-sp"}, {"name": "Col\u00e9gio Nova Gera\u00e7\u00e3o", "type": "SCHOOL", "slug": "colegio-nova-geracao-aclimacao-sao-paulo-sp"}, {"name": "Hospital AC Camargo", "type": "HOSPITAL", "slug": "hospital-ac-camargo-liberdade-sao-paulo-sp"}, {"name": "Hospital Oswaldo Cruz", "type": "HOSPITAL", "slug": "hospital-oswaldo-cruz-liberdade-sao-paulo-sp"}, {"name": "Parque Dom Pedro II", "type": "PARK_OR_GREEN_AREA", "slug": "parque-dom-pedro-ii-bras-sao-paulo-sp-brasil"}, {"name": "ETAPA - S\u00e3o Joaquim", "type": "SCHOOL", "slug": "etapa-sao-joaquim-liberdade-sao-paulo-sp"}, {"name": "Teatro Imprensa", "type": "MUSEUM_THEATRE_OR_CONCERT_HALL", "slug": "teatro-imprensa-bela-vista-sao-paulo-sp"}], "availabilityType": "IMMEDIATE", "photos": [{"id": 16683657, "subtitle": "Sala/Quarto", "url": "893393233-244.614068281396IMG4576.jpg", "cover": true}, {"id": 16683640, "subtitle": "Sala/Quarto", "url": "893393233-433.64526370638066IMG4571.jpg", "cover": false}, {"id": 16683643, "subtitle": "Sala/Quarto", "url": "893393233-958.938522453732IMG4572.jpg", "cover": false}, {"id": 16683646, "subtitle": "Sala/Quarto", "url": "893393233-394.0355111550834IMG4573.jpg", "cover": false}, {"id": 16683649, "subtitle": "Sala/Quarto", "url": "893393233-554.0348746138138IMG4574.jpg", "cover": false}, {"id": 16683653, "subtitle": "Sala/Quarto", "url": "893393233-158.09780473384217IMG4575.jpg", "cover": false}, {"id": 16683660, "subtitle": "Sala/Quarto", "url": "893393233-210.5519468307997IMG4577.jpg", "cover": false}, {"id": 16683663, "subtitle": "Sala/Quarto", "url": "893393233-659.0348827576161IMG4578.jpg", "cover": false}, {"id": 16683666, "subtitle": "Sala/Quarto", "url": "893393233-885.3846027338544IMG4579.jpg", "cover": false}, {"id": 16683669, "subtitle": "Sala/Quarto", "url": "893393233-72.45566774622169IMG4580.jpg", "cover": false}, {"id": 16683670, "subtitle": "Sala/Quarto", "url": "893393233-646.1759777644027IMG4581.jpg", "cover": false}, {"id": 16683673, "subtitle": "Sala/Quarto", "url": "893393233-818.4113476578444IMG4582.jpg", "cover": false}, {"id": 16683675, "subtitle": "Sala/Quarto", "url": "893393233-884.7677911105725IMG4583.jpg", "cover": false}, {"id": 16683676, "subtitle": "Sala/Quarto", "url": "893393233-634.8374564716853IMG4584.jpg", "cover": false}, {"id": 16683680, "subtitle": "Banheiro", "url": "893393233-361.18184654596365IMG4585.jpg", "cover": false}, {"id": 16683683, "subtitle": "Banheiro", "url": "893393233-20.48178527410027IMG4586.jpg", "cover": false}, {"id": 16683685, "subtitle": "Banheiro", "url": "893393233-509.99316947170684IMG4587.jpg", "cover": false}, {"id": 16683689, "subtitle": "Banheiro", "url": "893393233-922.2672091990873IMG4588.jpg", "cover": false}, {"id": 16683690, "subtitle": "Banheiro", "url": "893393233-49.714308516176864IMG4589.jpg", "cover": false}, {"id": 16683693, "subtitle": "Banheiro", "url": "893393233-663.5802183676932IMG4590.jpg", "cover": false}, {"id": 16683695, "subtitle": "Banheiro", "url": "893393233-432.38347930480523IMG4591.jpg", "cover": false}, {"id": 16683698, "subtitle": "Cozinha", "url": "893393233-696.4311222728312IMG4592.jpg", "cover": false}, {"id": 16683703, "subtitle": "Cozinha", "url": "893393233-877.52995052384IMG4593.jpg", "cover": false}, {"id": 16683707, "subtitle": "Cozinha", "url": "893393233-997.4452733502574IMG4594.jpg", "cover": false}, {"id": 16683713, "subtitle": "Cozinha", "url": "893393233-428.8202668395419IMG4595.jpg", "cover": false}, {"id": 16683717, "subtitle": "Cozinha", "url": "893393233-852.3074412127136IMG4596.jpg", "cover": false}, {"id": 16683720, "subtitle": "Quadro de Luz", "url": "893393233-64.92835263608399IMG4597.jpg", "cover": false}, {"id": 16683749, "subtitle": "Lavanderia", "url": "893393233-902.2459367717144IMG4555.jpg", "cover": false}, {"id": 16683752, "subtitle": "Lavanderia", "url": "893393233-269.1905301455632IMG4556.jpg", "cover": false}, {"id": 16683755, "subtitle": "Lavanderia", "url": "893393233-194.14610034273093IMG4557.jpg", "cover": false}, {"id": 16683775, "subtitle": "Entrada", "url": "893393233-963.7502319045001IMG4565.jpg", "cover": false}, {"id": 16683772, "subtitle": "Entrada", "url": "893393233-656.0719015670841IMG4564.jpg", "cover": false}, {"id": 16683622, "subtitle": "Fachada do Studio", "url": "893393233-154.1663471721022IMG4567.jpg", "cover": false}, {"id": 16683636, "subtitle": "Fachada do Studio", "url": "893393233-612.8885673533732IMG4570.jpg", "cover": false}, {"id": 16683627, "subtitle": "Fachada do Studio", "url": "893393233-667.3101785271283IMG4568.jpg", "cover": false}, {"id": 16683632, "subtitle": "Fachada do Studio", "url": "893393233-949.7703298108374IMG4569.jpg", "cover": false}, {"id": 16683759, "subtitle": "Fachada", "url": "893393233-940.8502192158467IMG4561.jpg", "cover": false}, {"id": 16683763, "subtitle": "Fachada", "url": "893393233-612.2984128185442IMG4562.jpg", "cover": false}, {"id": 16683768, "subtitle": "Fachada", "url": "893393233-760.7625417588121IMG4563.jpg", "cover": false}], "photosCategorizedByRooms": [], "relevantRegions": [], "photospheres": [], "specialConditions": ["Exclusivity"], "offers": {"closingRate": 0, "shouldHighlightIcon": true, "shouldShowOfferDialog": false, "shouldShowOffers": false, "summary": []}, "status": "publicado", "showUrlHasBeenCopiedSnackbar": false, "isGalleryModalOpen": false, "error": false, "loaded": true, "loading": false, "loadingCategorizedRooms": false, "selectedMedia": "tenant/HouseMedia/PHOTOS", "video": "", "promotions": [], "condominium": {}, "forRent": true, "forSale": false, "salePrice": 0, "mortgageFirstInstallment": 0, "listings": [{"imovelId": 893393233, "businessContext": "RENT", "status": "publicado", "firstPublicationDate": "2021-08-11T01:19:52.000+0000", "lastPublicationDate": "2022-11-14T10:30:41.000+0000", "listingRentModel": {"listingBusinessContextId": 777100, "rentalAdministrator": "QUINTOANDAR"}, "houseAgents": [{"name": "Cleonice Ferreira", "id": 5410607, "relationType": "KEY_HOLDER"}], "keyHolderAgent": {"id": 4693074, "agentId": 11808, "name": "Adelino Fabricio da Silva Filho"}, "ownership": "STANDARD"}], "listingTags": [], "businessContext": "", "regionParameters": {"loaded": false, "loading": false, "RENT": {"visitsEnabled": true, "talkToAgentEnabled": false}, "SALE": {"visitsEnabled": true, "talkToAgentEnabled": false}}, "houseAgent": {"isDialogOpen": false, "alreadyOpenedByQueryParam": false}, "tenantServiceFee": 28, "closingStatus": {"loading": false}, "rentalGuarantee": {"minValue": 275.75, "maxValue": 827.25}, "reservationAvailability": null, "isPrimaryMarket": false, "macroRegion": {"id": 2728, "name": "SPO 03"}, "suites": 0, "houseVisitStatus": "ACCEPT_NEW", "visitStatusReason": null, "visitsUnavailable": false, "isReserved": false, "allowDirectOffer": true, "lastPublishedDate": "2022-11-14T10:30:41.000Z", "listingPublication": "stranded", "rentOnTermination": false, "constructionYear": null, "categories": []}, "markers": {"lat": -23.5575316, "lng": -46.630064}, "talkToAgent": {"dialog": {"open": false, "questionType": null, "question": ""}, "agentSupport": {}, "error": null, "autoSubmit": false, "loading": false, "submitting": false, "success": false, "hasLoadedAgentInfo": false, "agent": null, "hasLoadedAgentsInRegion": false, "agentsInRegion": null}}}}, "__N_SSP": true}, "page": "/imovel/[houseId]/[[...slug]]", "query": {"houseId": "893393233", "slug": ["alugar", "kitnet-1-quarto-liberdade-sao-paulo"]}, "buildId": "gCr3Bg2lYzV9hxZqGibIQ", "runtimeConfig": {"NEXT_PUBLIC_HOME_ADVERTISING_BANNER": "coupon"}, "isFallback": false, "dynamicIds": [61847, 31265, 66435, 77453, 87356, 60899, 41103, 3232, 72227, 40072, 39327, 19904, 96827], "gssp": true, "customServer": true, "appGip": true, "locale": "pt-BR", "locales": ["pt-BR", "es-MX"], "defaultLocale": "pt-BR", "domainLocales": [{"domain": "www.quintoandar.com.br", "defaultLocale": "pt-BR"}, {"domain": "www.benvi.mx", "defaultLocale": "es-MX"}], "scriptLoader": []}