{"props": {"pageProps": {"initialState": {"route": {"locationBeforeTransitions": {"pathname": "/imovel/893444707/alugar/casa-2-quartos-caninde-sao-paulo", "search": "", "hash": "", "action": "POP", "query": {}}, "topLevelRouteName": "house details", "businessContext": "RENT", "favoriteListsBusinessContext": "RENT"}, "router": {"location": {"href": "/", "pathname": "/", "search": "", "hash": ""}}, "progress": {"pendingRequests": -1}, "login": {"response": {}, "user": {"isLoggedIn": false, "id": 0, "agentId": 0, "hashId": "", "sessionId": null, "name": "", "email": "", "maskedEmail": "", "jwt": {"app": "", "firebase": ""}, "phone": {"countryCode": "+55", "areaCode": "", "phoneNumber": ""}, "country": "BR", "channel": "", "isPhoneRegistered": false, "acceptWhatsapp": true, "hasDocument": false, "isPartner": false}, "accountForm": {}, "redirectUrl": "", "isRequestOngoing": false}, "captcha": {"token": "", "hasLoadedRemoteConfig": false, "provider": "", "friction": "low", "unavailableCountriesCode": []}, "supportedCities": [], "inAppMessages": {"biomaSurvey": {"isOpen": false, "formId": null, "data": {"opaque": true}}}, "metaData": {"similar_houses_clicked": []}, "appData": {"device": {"type": "desktop", "isSearchEngineCrawler": false}, "experiments": "X-AB-Test=ab_exposed_filter_sale_desktop:1,ab_exposed_filter_sale_v1:1,ab_exposed_filters:1,ab_load_more_v0:-1,ab_new_house_card_v2:0,ab_new_rent_listing_phase2:0,ab_profiling_create_alert_filters:0,ab_scheduling_step_by_step_v1:1,ab_show_floor_sale:0,ab_street_search_retrieval_v1:0"}, "house": {"houseInfo": {"id": "893444707", "displayId": "744707", "bedrooms": 2, "city": "S\u00e3o Paulo", "cityId": 39, "bathrooms": 1, "iptu": 34, "amenities": [{"key": "BANHEIRA_DE_HIDROMASSAGEM", "text": "Banheira", "value": "SIM", "optional": false}, {"key": "BOX", "text": "Box", "value": "NAO", "optional": false}, {"key": "VARANDA", "text": "Varanda", "value": "NAO", "optional": false}, {"key": "PISCINA_PRIVATIVA", "text": "Piscina privativa", "value": "NAO", "optional": false}, {"key": "ARMARIOS_EMBUTIDOS_NO_QUARTO", "text": "Arm\u00e1rios no quarto", "value": "NAO", "optional": false}, {"key": "ARMARIOS_NOS_BANHEIROS", "text": "Arm\u00e1rios no banheiro", "value": "NAO", "optional": false}, {"key": "ARMARIOS_NA_COZINHA", "text": "Arm\u00e1rios na cozinha", "value": "NAO", "optional": false}, {"key": "AR_CONDICIONADO", "text": "Ar condicionado", "value": "SIM", "optional": false}, {"key": "CHUVEIRO_A_GAS", "text": "Chuveiro a g\u00e1s", "value": "NAO", "optional": false}, {"key": "QUARTO_DE_SERVICO", "text": "Quarto de servi\u00e7o", "value": "NAO", "optional": false}, {"key": "BANHEIRO_DE_SERVICO", "text": "Banheiro de servi\u00e7o", "value": "NAO", "optional": false}, {"key": "VARANDA_GOURMET", "text": "Varanda gourmet", "value": "NAO", "optional": false}, {"key": "APARTAMENTO_COBERTURA", "text": "Apartamento cobertura", "value": "NAO", "optional": false}, {"key": "QUARTO_EXTRA_REVERSIVEL", "text": "Quarto extra revers\u00edvel", "value": "NAO", "optional": false}, {"key": "FOGAO_INCLUSO", "text": "Fog\u00e3o", "value": "NAO", "optional": false}, {"key": "GELADEIRA_INCLUSO", "text": "Geladeira", "value": "NAO", "optional": false}, {"key": "BANHEIRO_ADAPTADO", "text": "Banheiro adaptado", "value": "NAO", "optional": false}, {"key": "CLOSET", "text": "Closet", "value": "NAO", "optional": false}, {"key": "COZINHA_AMERICANA", "text": "Cozinha americana", "value": "NAO", "optional": false}, {"key": "MESAS_E_CADEIRAS_DE_ESCRITORIO", "text": "Mesas e cadeiras de escrit\u00f3rio", "value": "NAO", "optional": false}, {"key": "JARDIM", "text": "Jardim", "value": "NAO", "optional": false}, {"key": "QUARTOS_E_CORREDORES_COM_PORTAS_AMPLAS", "text": "Quartos e corredores com portas amplas", "value": "NAO", "optional": false}, {"key": "QUINTAL", "text": "Quintal", "value": "NAO", "optional": false}, {"key": "SOMENTE_UMA_CASA_NO_TERRENO", "text": "Somente uma casa no terreno", "value": "NAO", "optional": false}, {"key": "AREA_DE_SERVICO", "text": "\u00c1rea de servi\u00e7o", "value": "SIM", "optional": false}], "comfortCommodities": [{"key": "BANHEIRA_DE_HIDROMASSAGEM", "text": "Banheira", "value": "SIM", "optional": false}, {"key": "PISCINA_PRIVATIVA", "text": "Piscina privativa", "value": "NAO", "optional": false}, {"key": "AR_CONDICIONADO", "text": "Ar condicionado", "value": "SIM", "optional": false}, {"key": "SOL_DA_MANHA", "text": "Sol da manh\u00e3", "value": "SIM", "optional": false}, {"key": "SOL_DA_TARDE", "text": "Sol da tarde", "value": "SIM", "optional": false}, {"key": "CORTINAS_BLACK_OUT", "text": "Cortinas corta luz", "value": "SIM", "optional": false}, {"key": "CORTINAS_DECORATIVAS", "text": "Cortina transl\u00facida", "value": "NAO", "optional": false}, {"key": "JANELA_ANTI_RUIDO", "text": "Janela anti-ru\u00eddo", "value": "NAO", "optional": false}, {"key": "VENTILADOR_DE_TETO", "text": "Ventilador de teto", "value": "NAO", "optional": false}, {"key": "LUMINOSIDADE_NATURAL", "text": "Janelas grandes", "value": "SIM", "optional": false}, {"key": "VISTA_LIVRE", "text": "Vista livre", "value": "NAO", "optional": false}, {"key": "RUA_SILENCIOSA", "text": "Rua silenciosa", "value": "SIM", "optional": false}], "practicalityCommodities": [{"key": "BOX", "text": "Box", "value": "NAO", "optional": false}, {"key": "ARMARIOS_EMBUTIDOS_NO_QUARTO", "text": "Arm\u00e1rios no quarto", "value": "NAO", "optional": false}, {"key": "ARMARIOS_NOS_BANHEIROS", "text": "Arm\u00e1rios no banheiro", "value": "NAO", "optional": false}, {"key": "ARMARIOS_NA_COZINHA", "text": "Arm\u00e1rios na cozinha", "value": "NAO", "optional": false}, {"key": "CHUVEIRO_A_GAS", "text": "Chuveiro a g\u00e1s", "value": "NAO", "optional": false}, {"key": "FOGAO_INCLUSO", "text": "Fog\u00e3o", "value": "NAO", "optional": false}, {"key": "GELADEIRA_INCLUSO", "text": "Geladeira", "value": "NAO", "optional": false}, {"key": "CHUVEIRO_ELETRICO", "text": "Chuveiro el\u00e9trico", "value": "SIM", "optional": false}, {"key": "MICROONDAS", "text": "Microondas", "value": "NAO", "optional": false}, {"key": "SOFA", "text": "Sof\u00e1", "value": "NAO", "optional": false}, {"key": "MAQUINA_DE_LAVAR", "text": "M\u00e1quina de lavar", "value": "NAO", "optional": false}, {"key": "TANQUE", "text": "Tanque", "value": "NAO", "optional": false}, {"key": "REDE_DE_PROTECAO", "text": "Tela nas janelas", "value": "NAO", "optional": false}, {"key": "VARAL_DE_ROUPAS", "text": "Varal de roupas", "value": "NAO", "optional": false}, {"key": "TOMADAS_NOVAS", "text": "Tomadas 3 pinos", "value": "SIM", "optional": false}, {"key": "TELEVISAO", "text": "Televis\u00e3o", "value": "NAO", "optional": false}, {"key": "MESAS_E_CADEIRAS_DE_JANTAR", "text": "Mesas e cadeiras de jantar", "value": "NAO", "optional": false}, {"key": "CHURRASQUEIRA", "text": "Churrasqueira", "value": "NAO", "optional": false}, {"key": "ACESSO_SEM_DEGRAUS", "text": "Acesso sem degraus", "value": "NAO", "optional": false}, {"key": "COOKTOP", "text": "Fog\u00e3o cooktop", "value": "NAO", "optional": false}, {"key": "UTENSILIOS_DE_COZINHA", "text": "Utens\u00edlios de cozinha", "value": "NAO", "optional": false}, {"key": "CAMA_DE_CASAL", "text": "Cama de casal", "value": "NAO", "optional": false}, {"key": "CAMA_DE_SOLTEIRO", "text": "Cama de solteiro", "value": "NAO", "optional": false}, {"key": "ESPELHO_NO_BANHEIRO", "text": "Espelho no banheiro", "value": "SIM", "optional": false}, {"key": "FECHADURA_ELETRONICA", "text": "Fechadura eletr\u00f4nica", "value": "NAO", "optional": false}, {"key": "ENERGIA", "text": "Energia no im\u00f3vel", "value": "SIM", "optional": false}], "area": 70, "installations": [{"key": "PLAYGROUND", "text": "Playground", "value": "NAO"}, {"key": "PISCINA", "text": "Piscina", "value": "NAO"}, {"key": "CHURRASQUEIRA", "text": "Churrasqueira", "value": "NAO"}, {"key": "QUADRA_ESPORTIVA", "text": "Quadra esportiva", "value": "NAO"}, {"key": "ACADEMIA", "text": "Academia", "value": "NAO"}, {"key": "SALAO_DE_FESTAS", "text": "Sal\u00e3o de festas", "value": "NAO"}, {"key": "SAUNA", "text": "Sauna", "value": "NAO"}, {"key": "LAVANDERIA_NO_PREDIO", "text": "Lavanderia no pr\u00e9dio", "value": "NAO"}, {"key": "GAS_ENCANADO", "text": "G\u00e1s encanado", "value": "NAO"}, {"key": "ESPACO_GOURMET_NA_AREA_COMUM", "text": "Espa\u00e7o gourmet na \u00e1rea comum", "value": "NAO"}, {"key": "BRINQUEDOTECA", "text": "Brinquedoteca", "value": "NAO"}, {"key": "CORRIMAO", "text": "Corrim\u00e3o", "value": "SIM"}, {"key": "PISO_TATIL", "text": "Piso t\u00e1til", "value": "SIM"}, {"key": "RAMPAS_DE_ACESSO", "text": "Rampas de acesso", "value": "NAO"}, {"key": "SALAO_DE_JOGOS", "text": "Sal\u00e3o de jogos", "value": "NAO"}, {"key": "VAGA_DE_GARAGEM_ACESSIVEL", "text": "Vaga de garagem acess\u00edvel", "value": "NAO"}, {"key": "AREA_VERDE", "text": "\u00c1rea verde", "value": "NAO"}, {"key": "Elevador", "value": "NAO"}, {"key": "Porteiro24H", "value": "NAO"}], "rentPrice": 2160, "condoPrice": 0, "condoType": "IncluidoNoAluguel", "region": {"name": "Canind\u00e9", "hub": {"loading": "UNSET", "enabled": false, "abSecretariat": false, "isPrimaryMarket": false}, "id": 2148}, "type": "Casa", "iptuType": "Normal", "totalCost": 2285, "parkingSpaces": 0, "address": {"street": "Rua Canind\u00e9", "neighborhood": "Canind\u00e9", "city": "S\u00e3o Paulo", "zipCode": "03033-000", "stateName": "S\u00e3o Paulo", "stateAcronym": "SP", "lat": -23.5280265, "lng": -46.6223041, "countryName": "Brasil", "countryCode": "BR", "country": "Brasil"}, "homeProtection": 36, "remarks": "bem iluminado Pr\u00f3ximo a Regi\u00e3o de comercio do Pari", "acceptsPets": false, "hasFurniture": false, "isNearSubway": true, "placesNearby": [{"name": "Col\u00e9gio da Pol\u00edcia Militar", "type": "SCHOOL", "slug": "colegio-da-policia-militar-caninde-sao-paulo-sp-brasil"}, {"name": "Escola de Samba Colorado do Bras", "type": "MUSEUM_THEATRE_OR_CONCERT_HALL", "slug": "escola-de-samba-colorado-do-bras-caninde-sao-paulo-sp"}, {"name": "Hospital Nossa Senhora do Pari", "type": "HOSPITAL", "slug": "hospital-nossa-senhora-do-pari-caninde-sao-paulo-sp-brasil"}, {"name": "Shopping Carnot", "type": "SHOPPING_MALL", "slug": "shopping-carnot-caninde-sao-paulo-sp"}, {"name": "Shopping Porto Bras", "type": "SHOPPING_MALL", "slug": "shopping-porto-bras-caninde-sao-paulo-sp"}, {"name": "Cl\u00ednica Iamspe", "type": "HOSPITAL", "slug": "clinica-iamspe-caninde-sao-paulo-sp-brasil"}, {"name": "Shopping center Popular de Compras", "type": "SHOPPING_MALL", "slug": "shopping-center-popular-de-compras-caninde-sao-paulo-sp"}, {"name": "EMEI C\u00e1sper L\u00edbero", "type": "SCHOOL", "slug": "emei-casper-libero-pari-sao-paulo-sp-brasil"}, {"name": "Shopping New Bancas", "type": "SHOPPING_MALL", "slug": "shopping-new-bancas-caninde-sao-paulo-sp"}, {"name": "Colegio Arco Iris", "type": "SCHOOL", "slug": "colegio-arco-iris-caninde-sao-paulo-sp"}, {"name": "Galeria Tiers", "type": "SHOPPING_MALL", "slug": "galeria-tiers-caninde-sao-paulo-sp"}, {"name": "Shopping Center D", "type": "SHOPPING_MALL", "slug": "shopping-center-d-caninde-sao-paulo-sp"}, {"name": "Shopping D", "type": "SHOPPING_MALL", "slug": "shopping-d-caninde-sao-paulo-sp-brasil"}, {"name": "Arm\u00eania", "type": "ESTACAO_METRO_OU_TREM", "slug": "estacao-armenia-sao-paulo-sp"}, {"name": "Ciranda do Saber", "type": "SCHOOL", "slug": "ciranda-do-saber-bras-sao-paulo-sp"}, {"name": "Escola Frei A. Santana Galv\u00e3o", "type": "SCHOOL", "slug": "escola-frei-a-santana-galvao-sao-paulo-sp-brasil"}, {"name": "Mega Polo", "type": "SHOPPING_MALL", "slug": "mega-polo-bras-sao-paulo-sp"}, {"name": "Shopping 950", "type": "SHOPPING_MALL", "slug": "shopping-950-bras-sao-paulo-sp"}, {"name": "Museu da Arte Sacra", "type": "MUSEUM_THEATRE_OR_CONCERT_HALL", "slug": "museu-da-arte-sacra-luz-sao-paulo-sp"}, {"name": "Miller Boulevard", "type": "SHOPPING_MALL", "slug": "miller-boulevard-bras-sao-paulo-sp"}, {"name": "Examen", "type": "HOSPITAL", "slug": "examen-bom-retiro-sao-paulo-sp"}, {"name": "FreeShop Box", "type": "SHOPPING_MALL", "slug": "freeshop-box-bras-sao-paulo-sp"}, {"name": "Shopping Oriente", "type": "SHOPPING_MALL", "slug": "shopping-oriente-bras-sao-paulo-sp"}, {"name": "Shopping 25 Bras", "type": "SHOPPING_MALL", "slug": "shopping-25-bras-bras-sao-paulo-sp"}, {"name": "Pra\u00e7a Coronel Fernando Prestes", "type": "PARK_OR_GREEN_AREA", "slug": "praca-coronel-fernando-prestes-bom-retiro-sao-paulo-sp"}, {"name": "Escola Santa Maria", "type": "SCHOOL", "slug": "escola-santa-maria-pari-sao-paulo-sp"}, {"name": "Shopping Meia Noite", "type": "SHOPPING_MALL", "slug": "shopping-meia-noite-bras-sao-paulo-sp"}, {"name": "Faculdade Santana", "type": "SCHOOL", "slug": "faculdade-santana-sao-paulo-sp-brasil"}, {"name": "Instituto Dom Bosco", "type": "UNIVERSITY_OR_COLLEGE", "slug": "instituto-dom-bosco-bom-retiro-sao-paulo-sp"}, {"name": "Shopping Center Norte", "type": "SHOPPING_MALL", "slug": "shopping-center-norte-vila-guilherme-sao-paulo-sp-brasil"}], "availabilityType": "IMMEDIATE", "photos": [{"id": 18777987, "subtitle": "Sala", "url": "893444707-360.8226361964315UI6831.jpg", "cover": true}, {"id": 18777986, "subtitle": "Sala", "url": "893444707-761.0734163339881UI6829.jpg", "cover": false}, {"id": 18777988, "subtitle": "Sala", "url": "893444707-430.78641648025916UI6832.jpg", "cover": false}, {"id": 18777943, "subtitle": "Vista Sala", "url": "893444707-246.23192017458507UI6806.jpg", "cover": false}, {"id": 18777944, "subtitle": "Quarto 1", "url": "893444707-124.94497722384568UI6807.jpg", "cover": false}, {"id": 18777945, "subtitle": "Quarto 1", "url": "893444707-330.4579690462501UI6808.jpg", "cover": false}, {"id": 18777946, "subtitle": "Quarto 1", "url": "893444707-780.4616015887357UI6809.jpg", "cover": false}, {"id": 18777947, "subtitle": "Quarto 1", "url": "893444707-60.23062673266UI6810.jpg", "cover": false}, {"id": 18777948, "subtitle": "Vista Quarto 1", "url": "893444707-812.4928017539511UI6811.jpg", "cover": false}, {"id": 18777949, "subtitle": "Corredor", "url": "893444707-410.1663544818364UI6812.jpg", "cover": false}, {"id": 18777951, "subtitle": "Escada", "url": "893444707-508.32392728757605UI6814.jpg", "cover": false}, {"id": 18777952, "subtitle": "Cozinha", "url": "893444707-970.1268511821673UI6815.jpg", "cover": false}, {"id": 18777953, "subtitle": "Cozinha", "url": "893444707-509.1177564456869UI6816.jpg", "cover": false}, {"id": 18777954, "subtitle": "Cozinha", "url": "893444707-160.58857057825148UI6817.jpg", "cover": false}, {"id": 18777955, "subtitle": "Cozinha", "url": "893444707-459.7502194023573UI6818.jpg", "cover": false}, {"id": 18777956, "subtitle": "Cozinha e Servi\u00e7o", "url": "893444707-764.3030863850023UI6819.jpg", "cover": false}, {"id": 18777957, "subtitle": "Cozinha e Servi\u00e7o", "url": "893444707-357.2995617371725UI6820.jpg", "cover": false}, {"id": 18777958, "subtitle": "Vista Cozinha e Servi\u00e7o", "url": "893444707-176.80708331444006UI6821.jpg", "cover": false}, {"id": 18777959, "subtitle": "Quarto 2", "url": "893444707-187.2250982155512UI6822.jpg", "cover": false}, {"id": 18777960, "subtitle": "Quarto 2", "url": "893444707-95.41258548281395UI6823.jpg", "cover": false}, {"id": 18777961, "subtitle": "Quarto 2", "url": "893444707-264.33339513172893UI6824.jpg", "cover": false}, {"id": 18777962, "subtitle": "Vista Quarto 2", "url": "893444707-2.62318976232212UI6825.jpg", "cover": false}, {"id": 18777963, "subtitle": "Banheiro Social", "url": "893444707-892.5210921520941UI6826.jpg", "cover": false}, {"id": 18777984, "subtitle": "Banheiro Social", "url": "893444707-201.02886952931854UI6827.jpg", "cover": false}, {"id": 18777985, "subtitle": "Banheiro Social", "url": "893444707-975.3802400732258UI6828.jpg", "cover": false}, {"id": 18777989, "subtitle": "Escada", "url": "893444707-890.2154229955693UI6834.jpg", "cover": false}, {"id": 18777990, "subtitle": "\u00c1rea comum", "url": "893444707-620.7224265210825UI6835.jpg", "cover": false}, {"id": 18777991, "subtitle": "\u00c1rea comum", "url": "893444707-50.96355365715355UI6836.jpg", "cover": false}, {"id": 18777992, "subtitle": "Fachada", "url": "893444707-36.38095327539625UI6837.jpg", "cover": false}], "photosCategorizedByRooms": [], "relevantRegions": [], "photospheres": [], "specialConditions": ["Exclusivity"], "offers": {"closingRate": 0, "shouldHighlightIcon": true, "shouldShowOfferDialog": false, "shouldShowOffers": false, "summary": []}, "status": "publicado", "showUrlHasBeenCopiedSnackbar": false, "isGalleryModalOpen": false, "error": false, "loaded": true, "loading": false, "loadingCategorizedRooms": false, "selectedMedia": "tenant/HouseMedia/PHOTOS", "video": "", "promotions": [], "condominium": {}, "forRent": true, "forSale": false, "salePrice": 0, "mortgageFirstInstallment": 0, "listings": [{"imovelId": 893444707, "businessContext": "RENT", "status": "publicado", "firstPublicationDate": "2021-10-11T02:22:07.000+0000", "lastPublicationDate": "2022-08-10T11:34:24.000+0000", "listingRentModel": {"listingBusinessContextId": 838644, "rentalAdministrator": "QUINTOANDAR"}, "houseAgents": [{"name": "Wagner Waldir Correa", "id": 303718, "relationType": "KEY_HOLDER"}], "keyHolderAgent": {"id": 437935, "agentId": 1173, "name": "Luiz Carlos Marfil"}, "ownership": "STANDARD"}], "listingTags": [], "businessContext": "", "regionParameters": {"loaded": false, "loading": false, "RENT": {"visitsEnabled": true, "talkToAgentEnabled": false}, "SALE": {"visitsEnabled": true, "talkToAgentEnabled": false}}, "houseAgent": {"isDialogOpen": false, "alreadyOpenedByQueryParam": false}, "tenantServiceFee": 55, "closingStatus": {"loading": false}, "rentalGuarantee": {"minValue": 540, "maxValue": 1620}, "reservationAvailability": null, "isPrimaryMarket": false, "macroRegion": {"id": 2741, "name": "SPO01"}, "suites": 0, "allowsCustomOffer": true, "displayCustomOfferPreference": false, "houseVisitStatus": "ACCEPT_NEW", "visitStatusReason": null, "visitsUnavailable": false, "isReserved": false, "allowDirectOffer": true, "lastPublishedDate": "2022-08-10T11:34:24.000Z", "listingPublication": "stranded", "rentOnTermination": false, "constructionYear": null, "categories": []}, "markers": {"lat": -23.5280265, "lng": -46.6223041}, "talkToAgent": {"dialog": {"open": false, "questionType": null, "question": ""}, "agentSupport": {}, "error": null, "autoSubmit": false, "loading": false, "submitting": false, "success": false, "hasLoadedAgentInfo": false, "agent": null, "hasLoadedAgentsInRegion": false, "agentsInRegion": null}}}}, "__N_SSP": true}, "page": "/imovel/[houseId]/[[...slug]]", "query": {"houseId": "893444707", "slug": ["alugar", "casa-2-quartos-caninde-sao-paulo"]}, "buildId": "gCr3Bg2lYzV9hxZqGibIQ", "runtimeConfig": {"NEXT_PUBLIC_HOME_ADVERTISING_BANNER": "coupon"}, "isFallback": false, "dynamicIds": [61847, 31265, 66435, 77453, 87356, 60899, 41103, 3232, 72227, 40072, 39327, 19904, 96827], "gssp": true, "customServer": true, "appGip": true, "locale": "pt-BR", "locales": ["pt-BR", "es-MX"], "defaultLocale": "pt-BR", "domainLocales": [{"domain": "www.quintoandar.com.br", "defaultLocale": "pt-BR"}, {"domain": "www.benvi.mx", "defaultLocale": "es-MX"}], "scriptLoader": []}