{"props": {"pageProps": {"initialState": {"route": {"locationBeforeTransitions": {"pathname": "/imovel/893444770/alugar/apartamento-3-quartos-pinheiros-sao-paulo", "search": "", "hash": "", "action": "POP", "query": {}}, "topLevelRouteName": "house details", "businessContext": "RENT", "favoriteListsBusinessContext": "RENT"}, "router": {"location": {"href": "/", "pathname": "/", "search": "", "hash": ""}}, "progress": {"pendingRequests": -1}, "login": {"response": {}, "user": {"isLoggedIn": false, "id": 0, "agentId": 0, "hashId": "", "sessionId": null, "name": "", "email": "", "maskedEmail": "", "jwt": {"app": "", "firebase": ""}, "phone": {"countryCode": "+55", "areaCode": "", "phoneNumber": ""}, "country": "BR", "channel": "", "isPhoneRegistered": false, "acceptWhatsapp": true, "hasDocument": false, "isPartner": false}, "accountForm": {}, "redirectUrl": "", "isRequestOngoing": false}, "captcha": {"token": "", "hasLoadedRemoteConfig": false, "provider": "", "friction": "low", "unavailableCountriesCode": []}, "supportedCities": [], "inAppMessages": {"biomaSurvey": {"isOpen": false, "formId": null, "data": {"opaque": true}}}, "metaData": {"similar_houses_clicked": []}, "appData": {"device": {"type": "desktop", "isSearchEngineCrawler": false}, "experiments": "X-AB-Test=ab_exposed_filter_sale_desktop:1,ab_exposed_filter_sale_v1:1,ab_exposed_filters:1,ab_load_more_v0:-1,ab_new_house_card_v2:0,ab_new_rent_listing_phase2:0,ab_profiling_create_alert_filters:0,ab_scheduling_step_by_step_v1:1,ab_show_floor_sale:0,ab_street_search_retrieval_v1:0"}, "house": {"houseInfo": {"id": "893444770", "displayId": "744770", "bedrooms": 3, "city": "S\u00e3o Paulo", "cityId": 39, "bathrooms": 4, "iptu": 584, "amenities": [{"key": "BANHEIRA_DE_HIDROMASSAGEM", "text": "Banheira", "value": "NAO", "optional": false}, {"key": "BOX", "text": "Box", "value": "SIM", "optional": false}, {"key": "VARANDA", "text": "Varanda", "value": "SIM", "optional": false}, {"key": "PISCINA_PRIVATIVA", "text": "Piscina privativa", "value": "NAO", "optional": false}, {"key": "ARMARIOS_EMBUTIDOS_NO_QUARTO", "text": "Arm\u00e1rios no quarto", "value": "SIM", "optional": false}, {"key": "ARMARIOS_NOS_BANHEIROS", "text": "Arm\u00e1rios no banheiro", "value": "SIM", "optional": false}, {"key": "ARMARIOS_NA_COZINHA", "text": "Arm\u00e1rios na cozinha", "value": "SIM", "optional": false}, {"key": "AR_CONDICIONADO", "text": "Ar condicionado", "value": "SIM", "optional": false}, {"key": "CHUVEIRO_A_GAS", "text": "Chuveiro a g\u00e1s", "value": "SIM", "optional": false}, {"key": "QUARTO_DE_SERVICO", "text": "Quarto de servi\u00e7o", "value": "NAO", "optional": false}, {"key": "BANHEIRO_DE_SERVICO", "text": "Banheiro de servi\u00e7o", "value": "NAO", "optional": false}, {"key": "VARANDA_GOURMET", "text": "Varanda gourmet", "value": "SIM", "optional": false}, {"key": "APARTAMENTO_COBERTURA", "text": "Apartamento cobertura", "value": "NAO", "optional": false}, {"key": "QUARTO_EXTRA_REVERSIVEL", "text": "Quarto extra revers\u00edvel", "value": "NAO", "optional": false}, {"key": "FOGAO_INCLUSO", "text": "Fog\u00e3o", "value": "NAO", "optional": false}, {"key": "GELADEIRA_INCLUSO", "text": "Geladeira", "value": "SIM", "optional": false}, {"key": "BANHEIRO_ADAPTADO", "text": "Banheiro adaptado", "value": "NAO", "optional": false}, {"key": "CLOSET", "text": "Closet", "value": "NAO", "optional": false}, {"key": "COZINHA_AMERICANA", "text": "Cozinha americana", "value": "SIM", "optional": false}, {"key": "MESAS_E_CADEIRAS_DE_ESCRITORIO", "text": "Mesas e cadeiras de escrit\u00f3rio", "value": "NAO", "optional": false}, {"key": "JARDIM", "text": "Jardim", "value": "NAO", "optional": false}, {"key": "QUARTOS_E_CORREDORES_COM_PORTAS_AMPLAS", "text": "Quartos e corredores com portas amplas", "value": "NAO", "optional": false}, {"key": "QUINTAL", "text": "Quintal", "value": "NAO", "optional": false}, {"key": "SOMENTE_UMA_CASA_NO_TERRENO", "text": "Somente uma casa no terreno", "value": "NAO", "optional": false}, {"key": "AREA_DE_SERVICO", "text": "\u00c1rea de servi\u00e7o", "value": "SIM", "optional": false}], "comfortCommodities": [{"key": "BANHEIRA_DE_HIDROMASSAGEM", "text": "Banheira", "value": "NAO", "optional": false}, {"key": "PISCINA_PRIVATIVA", "text": "Piscina privativa", "value": "NAO", "optional": false}, {"key": "AR_CONDICIONADO", "text": "Ar condicionado", "value": "SIM", "optional": false}, {"key": "SOL_DA_MANHA", "text": "Sol da manh\u00e3", "value": "SIM", "optional": false}, {"key": "SOL_DA_TARDE", "text": "Sol da tarde", "value": "SIM", "optional": false}, {"key": "CORTINAS_BLACK_OUT", "text": "Cortinas corta luz", "value": "NAO", "optional": false}, {"key": "CORTINAS_DECORATIVAS", "text": "Cortina transl\u00facida", "value": "NAO", "optional": false}, {"key": "JANELA_ANTI_RUIDO", "text": "Janela anti-ru\u00eddo", "value": "NAO", "optional": false}, {"key": "VENTILADOR_DE_TETO", "text": "Ventilador de teto", "value": "NAO", "optional": false}, {"key": "LUMINOSIDADE_NATURAL", "text": "Janelas grandes", "value": "SIM", "optional": false}, {"key": "VISTA_LIVRE", "text": "Vista livre", "value": "SIM", "optional": false}, {"key": "RUA_SILENCIOSA", "text": "Rua silenciosa", "value": "NAO", "optional": false}], "practicalityCommodities": [{"key": "BOX", "text": "Box", "value": "SIM", "optional": false}, {"key": "ARMARIOS_EMBUTIDOS_NO_QUARTO", "text": "Arm\u00e1rios no quarto", "value": "SIM", "optional": false}, {"key": "ARMARIOS_NOS_BANHEIROS", "text": "Arm\u00e1rios no banheiro", "value": "SIM", "optional": false}, {"key": "ARMARIOS_NA_COZINHA", "text": "Arm\u00e1rios na cozinha", "value": "SIM", "optional": false}, {"key": "CHUVEIRO_A_GAS", "text": "Chuveiro a g\u00e1s", "value": "SIM", "optional": false}, {"key": "FOGAO_INCLUSO", "text": "Fog\u00e3o", "value": "NAO", "optional": false}, {"key": "GELADEIRA_INCLUSO", "text": "Geladeira", "value": "SIM", "optional": false}, {"key": "CHUVEIRO_ELETRICO", "text": "Chuveiro el\u00e9trico", "value": "NAO", "optional": false}, {"key": "MICROONDAS", "text": "Microondas", "value": "NAO", "optional": false}, {"key": "SOFA", "text": "Sof\u00e1", "value": "NAO", "optional": false}, {"key": "MAQUINA_DE_LAVAR", "text": "M\u00e1quina de lavar", "value": "NAO", "optional": false}, {"key": "TANQUE", "text": "Tanque", "value": "SIM", "optional": false}, {"key": "REDE_DE_PROTECAO", "text": "Tela nas janelas", "value": "NAO", "optional": false}, {"key": "VARAL_DE_ROUPAS", "text": "Varal de roupas", "value": "NAO", "optional": false}, {"key": "TOMADAS_NOVAS", "text": "Tomadas 3 pinos", "value": "NAO", "optional": false}, {"key": "TELEVISAO", "text": "Televis\u00e3o", "value": "NAO", "optional": false}, {"key": "MESAS_E_CADEIRAS_DE_JANTAR", "text": "Mesas e cadeiras de jantar", "value": "SIM", "optional": false}, {"key": "CHURRASQUEIRA", "text": "Churrasqueira", "value": "NAO", "optional": false}, {"key": "ACESSO_SEM_DEGRAUS", "text": "Acesso sem degraus", "value": "NAO", "optional": false}, {"key": "COOKTOP", "text": "Fog\u00e3o cooktop", "value": "SIM", "optional": false}, {"key": "UTENSILIOS_DE_COZINHA", "text": "Utens\u00edlios de cozinha", "value": "NAO", "optional": false}, {"key": "CAMA_DE_CASAL", "text": "Cama de casal", "value": "NAO", "optional": false}, {"key": "CAMA_DE_SOLTEIRO", "text": "Cama de solteiro", "value": "NAO", "optional": false}, {"key": "ESPELHO_NO_BANHEIRO", "text": "Espelho no banheiro", "value": "NAO", "optional": false}, {"key": "FECHADURA_ELETRONICA", "text": "Fechadura eletr\u00f4nica", "value": "NAO", "optional": false}, {"key": "ENERGIA", "text": "Energia no im\u00f3vel", "value": "NAO", "optional": false}], "area": 121, "installations": [{"key": "PLAYGROUND", "text": "Playground", "value": "SIM"}, {"key": "PISCINA", "text": "Piscina", "value": "SIM"}, {"key": "CHURRASQUEIRA", "text": "Churrasqueira", "value": "SIM"}, {"key": "QUADRA_ESPORTIVA", "text": "Quadra esportiva", "value": "SIM"}, {"key": "ACADEMIA", "text": "Academia", "value": "SIM"}, {"key": "SALAO_DE_FESTAS", "text": "Sal\u00e3o de festas", "value": "SIM"}, {"key": "SAUNA", "text": "Sauna", "value": "SIM"}, {"key": "LAVANDERIA_NO_PREDIO", "text": "Lavanderia no pr\u00e9dio", "value": "NAO"}, {"key": "GAS_ENCANADO", "text": "G\u00e1s encanado", "value": "NAO"}, {"key": "ESPACO_GOURMET_NA_AREA_COMUM", "text": "Espa\u00e7o gourmet na \u00e1rea comum", "value": "NAO"}, {"key": "BRINQUEDOTECA", "text": "Brinquedoteca", "value": "SIM"}, {"key": "CORRIMAO", "text": "Corrim\u00e3o", "value": "NAO"}, {"key": "PISO_TATIL", "text": "Piso t\u00e1til", "value": "NAO"}, {"key": "RAMPAS_DE_ACESSO", "text": "Rampas de acesso", "value": "NAO"}, {"key": "SALAO_DE_JOGOS", "text": "Sal\u00e3o de jogos", "value": "SIM"}, {"key": "VAGA_DE_GARAGEM_ACESSIVEL", "text": "Vaga de garagem acess\u00edvel", "value": "SIM"}, {"key": "AREA_VERDE", "text": "\u00c1rea verde", "value": "SIM"}, {"key": "Elevador", "value": "SIM"}, {"key": "Porteiro24H", "value": "SIM"}], "rentPrice": 11000, "condoPrice": 1500, "condoType": "Normal", "region": {"name": "Pinheiros", "hub": {"loading": "UNSET", "enabled": false, "abSecretariat": false, "isPrimaryMarket": false}, "id": 61}, "type": "Apartamento", "iptuType": "Normal", "totalCost": 13508, "parkingSpaces": 2, "address": {"street": "Rua Hor\u00e1cio Lane", "neighborhood": "Pinheiros", "city": "S\u00e3o Paulo", "zipCode": "05432-030", "stateName": "S\u00e3o Paulo", "stateAcronym": "SP", "lat": -23.5599701, "lng": -46.6866084, "countryName": "Brasil", "countryCode": "BR", "country": "Brasil"}, "floor": 6, "homeProtection": 140, "remarks": "1 lavabo /deposito /sacada gourmet com churrasqueira / espa\u00e7o home office / sol da manh\u00e3 \n\n\nlazer completo no condom\u00ednio ", "acceptsPets": true, "hasFurniture": true, "isNearSubway": true, "placesNearby": [{"name": "Centro Cultural Rio Verde", "type": "MUSEUM_THEATRE_OR_CONCERT_HALL", "slug": "centro-cultural-rio-verde-pinheiros-sao-paulo-sp"}, {"name": "Espa\u00e7o Contraponto", "type": "MUSEUM_THEATRE_OR_CONCERT_HALL", "slug": "espaco-contraponto-pinheiros-sao-paulo-sp"}, {"name": "Centro Brit\u00e2nico", "type": "SCHOOL", "slug": "centro-britanico-pinheiros-sao-paulo-sp"}, {"name": "Eduardo Fernandes", "type": "MUSEUM_THEATRE_OR_CONCERT_HALL", "slug": "eduardo-fernandes-pinheiros-sao-paulo-sp"}, {"name": "Cine Sala", "type": "MUSEUM_THEATRE_OR_CONCERT_HALL", "slug": "cine-sala-pinheiros-sao-paulo-sp"}, {"name": "ArtShot", "type": "MUSEUM_THEATRE_OR_CONCERT_HALL", "slug": "artshot-vila-madalena-sao-paulo-sp"}, {"name": "Galeria 36", "type": "SHOPPING_MALL", "slug": "galeria-36-pinheiros-sao-paulo-sp"}, {"name": "DeRose Method Vila Madalena", "type": "UNIVERSITY_OR_COLLEGE", "slug": "derose-method-vila-madalena-vila-madalena-sao-paulo-sp"}, {"name": "Fradique Coutinho", "type": "ESTACAO_METRO_OU_TREM", "slug": "estacao-fradique-coutinho-sao-paulo-sp"}, {"name": "E.E Fern\u00e3o Dias Paes", "type": "SCHOOL", "slug": "ee-fernao-dias-paes-pinheiros-sao-paulo-sp"}, {"name": "WIzard", "type": "SCHOOL", "slug": "wizard-pinheiros-sao-paulo-sp"}, {"name": "A CASA", "type": "MUSEUM_THEATRE_OR_CONCERT_HALL", "slug": "a-casa-vila-madalena-sao-paulo-sp"}, {"name": "Instituto Tomie Ohtake", "type": "MUSEUM_THEATRE_OR_CONCERT_HALL", "slug": "instituto-tomie-ohtake-pinheiros-sao-paulo-sp"}, {"name": "Teatro CETIP", "type": "MUSEUM_THEATRE_OR_CONCERT_HALL", "slug": "teatro-cetip-pinheiros-sao-paulo-sp"}, {"name": "E.E Godofredo Furtado", "type": "SCHOOL", "slug": "ee-godofredo-furtado-pinheiros-sao-paulo-sp"}, {"name": "Instituto Mindset", "type": "UNIVERSITY_OR_COLLEGE", "slug": "instituto-mindset-pinheiros-sao-paulo-sp"}, {"name": "Col\u00e9gio Oswald de Andrade \u2013 Unidade Girassol", "type": "SCHOOL", "slug": "colegio-oswald-de-andrade-unidade-girassol-vila-madalena-sao-paulo-sp"}, {"name": "Esquilinho Jardim Escola", "type": "SCHOOL", "slug": "esquilinho-jardim-escola-vila-madalena-sao-paulo-sp"}, {"name": "Faculdade Sumar\u00e9 Matriz", "type": "UNIVERSITY_OR_COLLEGE", "slug": "faculdade-sumare-matriz-sumare-sao-paulo-sp-brasil"}, {"name": "Nilton Travesso Oficina de Atores", "type": "UNIVERSITY_OR_COLLEGE", "slug": "nilton-travesso-oficina-de-atores-pinheiros-sao-paulo-sp"}, {"name": "Unip", "type": "UNIVERSITY_OR_COLLEGE", "slug": "unip-pinheiros-sao-paulo-sp"}, {"name": "Pra\u00e7a Gast\u00e3o Vidigal", "type": "PARK_OR_GREEN_AREA", "slug": "praca-gastao-vidigal-jardim-paulistano-sao-paulo-sp-brasil"}, {"name": "Centro Brit\u00e2nico", "type": "SCHOOL", "slug": "centro-britanico-vila-madalena-sao-paulo-sp"}, {"name": "Cl\u00ednica M\u00e9dica Dr. David Uip", "type": "HOSPITAL", "slug": "clinica-medica-dr-david-uip-jardim-america-sao-paulo-sp-brasil"}, {"name": "St. Paul's School", "type": "SCHOOL", "slug": "st-paul's-school-jardim-paulistano-sao-paulo-sp-brasil"}, {"name": "Centro Universit\u00e1rio Sumar\u00e9", "type": "UNIVERSITY_OR_COLLEGE", "slug": "centro-universitario-sumare-sumare-sao-paulo-sp-brasil"}, {"name": "Galeria de Arte Andr\u00e9", "type": "MUSEUM_THEATRE_OR_CONCERT_HALL", "slug": "galeria-de-arte-andre-jardim-paulista-sao-paulo-sp"}, {"name": "Unibes Centro Cultural", "type": "MUSEUM_THEATRE_OR_CONCERT_HALL", "slug": "unibes-centro-cultural-pinheiros-sao-paulo-sp"}, {"name": "Col\u00e9gio Objetivo", "type": "SCHOOL", "slug": "colegio-objetivo-pinheiros-sao-paulo-sp"}, {"name": "Wizard", "type": "SCHOOL", "slug": "wizard-jardim-paulista-sao-paulo-sp"}], "availabilityType": "IMMEDIATE", "photos": [{"id": 18786147, "subtitle": "Sala", "url": "893444770-926.22284452044203.jpg", "cover": true}, {"id": 18786145, "subtitle": "Sala", "url": "893444770-356.1708607832788401.jpg", "cover": false}, {"id": 18786146, "subtitle": "Sala", "url": "893444770-904.176878743698802.jpg", "cover": false}, {"id": 18786148, "subtitle": "Sala", "url": "893444770-162.642349779123304.jpg", "cover": false}, {"id": 18786149, "subtitle": "Sala", "url": "893444770-661.599978665790905.jpg", "cover": false}, {"id": 18786151, "subtitle": "Sala - Varanda", "url": "893444770-718.105867846255505b.jpg", "cover": false}, {"id": 18786150, "subtitle": "Sala - Varanda", "url": "893444770-163.8702648569112605a.jpg", "cover": false}, {"id": 18786152, "subtitle": "Sala - Varanda", "url": "893444770-18.15390559245355505c.jpg", "cover": false}, {"id": 18786153, "subtitle": "Sala - Varanda Vista", "url": "893444770-090-740.826387000670505d.jpg", "cover": false}, {"id": 18786154, "subtitle": "Su\u00edte 1", "url": "893444770-3.44575431074312106.jpg", "cover": false}, {"id": 18786155, "subtitle": "Su\u00edte 1", "url": "893444770-536.190866830401707.jpg", "cover": false}, {"id": 18786156, "subtitle": "Su\u00edte 1", "url": "893444770-83.189948637865338.jpg", "cover": false}, {"id": 18786157, "subtitle": "Su\u00edte 1", "url": "893444770-457.2019515235009509.jpg", "cover": false}, {"id": 18786158, "subtitle": "Su\u00edte 1 - Banheiro", "url": "893444770-411.7427824490370710.jpg", "cover": false}, {"id": 18786159, "subtitle": "Su\u00edte 1 - Banheiro", "url": "893444770-301.0089739302815711.jpg", "cover": false}, {"id": 18786160, "subtitle": "Su\u00edte 1 - Banheiro", "url": "893444770-86.6894503919797312.jpg", "cover": false}, {"id": 18786161, "subtitle": "Su\u00edte 1 - Banheiro", "url": "893444770-567.685486208302413.jpg", "cover": false}, {"id": 18786163, "subtitle": "Su\u00edte 2", "url": "893444770-892.151294815772414.jpg", "cover": false}, {"id": 18786164, "subtitle": "Su\u00edte 2", "url": "893444770-56.7345731249007115.jpg", "cover": false}, {"id": 18786166, "subtitle": "Su\u00edte 2", "url": "893444770-507.2415915500901616.jpg", "cover": false}, {"id": 18786168, "subtitle": "Su\u00edte 2", "url": "893444770-928.274567317580817.jpg", "cover": false}, {"id": 18786170, "subtitle": "Su\u00edte 2 - Banheiro", "url": "893444770-712.396810123739618.jpg", "cover": false}, {"id": 18786172, "subtitle": "Su\u00edte 2 - Banheiro", "url": "893444770-606.194467747573319.jpg", "cover": false}, {"id": 18786174, "subtitle": "Su\u00edte 2 - Banheiro", "url": "893444770-206.0241207568409420.jpg", "cover": false}, {"id": 18786176, "subtitle": "Su\u00edte 2 - Banheiro", "url": "893444770-166.4553646956927721.jpg", "cover": false}, {"id": 18786178, "subtitle": "Su\u00edte 3", "url": "893444770-360.8186312095160722.jpg", "cover": false}, {"id": 18786181, "subtitle": "Su\u00edte 3", "url": "893444770-251.828232596033823.jpg", "cover": false}, {"id": 18786182, "subtitle": "Su\u00edte 3", "url": "893444770-859.438517828494724.jpg", "cover": false}, {"id": 18786184, "subtitle": "Su\u00edte 3", "url": "893444770-755.343073996408325.jpg", "cover": false}, {"id": 18786185, "subtitle": "Su\u00edte 3 - Banheiro", "url": "893444770-421.669758747198826.jpg", "cover": false}, {"id": 18786186, "subtitle": "Su\u00edte 3 - Banheiro", "url": "893444770-189.359143640008527.jpg", "cover": false}, {"id": 18786187, "subtitle": "Su\u00edte 3 - Banheiro", "url": "893444770-467.460027167501928.jpg", "cover": false}, {"id": 18786188, "subtitle": "Su\u00edte 3 - Banheiro", "url": "893444770-281.6910094198019629.jpg", "cover": false}, {"id": 18786189, "subtitle": "Banheiro", "url": "893444770-364.935223171289930.jpg", "cover": false}, {"id": 18786190, "subtitle": "Cozinha", "url": "893444770-381.0616994577268331.jpg", "cover": false}, {"id": 18786191, "subtitle": "Cozinha", "url": "893444770-62.4812516085843132.jpg", "cover": false}, {"id": 18786192, "subtitle": "Cozinha", "url": "893444770-644.136368245523533.jpg", "cover": false}, {"id": 18786193, "subtitle": "Cozinha", "url": "893444770-151.0754055753914434.jpg", "cover": false}, {"id": 18786194, "subtitle": "Lavanderia", "url": "893444770-60.6673936764465835.jpg", "cover": false}, {"id": 18786195, "subtitle": "Sal\u00e3o de jogos", "url": "893444770-322.2752346765678336.jpg", "cover": false}, {"id": 18786196, "subtitle": "Brinquedoteca", "url": "893444770-456.203981243515937.jpg", "cover": false}, {"id": 18786197, "subtitle": "Playground", "url": "893444770-641.928594708000738.jpg", "cover": false}, {"id": 18786198, "subtitle": "Academia", "url": "893444770-755.984620035978739.jpg", "cover": false}, {"id": 18786199, "subtitle": "Playground", "url": "893444770-88.7304368728334440.jpg", "cover": false}, {"id": 18786200, "subtitle": "Piscina", "url": "893444770-583.233594010771541.jpg", "cover": false}, {"id": 18786201, "subtitle": "Piscina", "url": "893444770-719.592593431562942.jpg", "cover": false}, {"id": 18786202, "subtitle": "Sauna", "url": "893444770-224.5037346140540543.jpg", "cover": false}, {"id": 18786203, "subtitle": "Sal\u00e3o de Festas", "url": "893444770-279.393974032932445.jpg", "cover": false}, {"id": 18786204, "subtitle": "Churrasqueira", "url": "893444770-667.507539958625446.jpg", "cover": false}, {"id": 18786205, "subtitle": "Quadra Esportiva", "url": "893444770-880.371143647048147.jpg", "cover": false}, {"id": 18786206, "subtitle": "Fachada", "url": "893444770-463.986180755591348.jpg", "cover": false}], "photosCategorizedByRooms": [], "relevantRegions": [], "photospheres": [], "specialConditions": [], "offers": {"closingRate": 0, "shouldHighlightIcon": true, "shouldShowOfferDialog": false, "shouldShowOffers": false, "summary": []}, "status": "publicado", "showUrlHasBeenCopiedSnackbar": false, "isGalleryModalOpen": false, "error": false, "loaded": true, "loading": false, "loadingCategorizedRooms": false, "selectedMedia": "tenant/HouseMedia/PHOTOS", "video": "", "promotions": [], "condominium": {"hashId": "ek99s13q7k", "name": "Vernissage Pinheiros", "slug": "vernissage-pinheiros-pinheiros-sao-paulo", "address": "R. Hor\u00e1cio Lane"}, "forRent": true, "forSale": true, "salePrice": 2200000, "mortgageFirstInstallment": 0, "listings": [{"imovelId": 893444770, "businessContext": "SALE", "status": "publicado", "firstPublicationDate": "2021-10-11T20:45:18.000+0000", "lastPublicationDate": "2021-10-11T20:45:18.000+0000", "ownership": "STANDARD"}, {"imovelId": 893444770, "businessContext": "RENT", "status": "publicado", "firstPublicationDate": "2022-11-09T23:26:57.000+0000", "lastPublicationDate": "2022-11-09T23:26:57.000+0000", "listingRentModel": {"listingBusinessContextId": 1304474, "rentalAdministrator": "QUINTOANDAR"}, "ownership": "STANDARD"}], "listingTags": [], "businessContext": "", "regionParameters": {"loaded": false, "loading": false, "RENT": {"visitsEnabled": true, "talkToAgentEnabled": false}, "SALE": {"visitsEnabled": true, "talkToAgentEnabled": false}}, "houseAgent": {"isDialogOpen": false, "alreadyOpenedByQueryParam": false}, "tenantServiceFee": 284, "closingStatus": {"loading": false}, "rentalGuarantee": {"minValue": 2750, "maxValue": 8250}, "reservationAvailability": null, "isPrimaryMarket": false, "macroRegion": {"id": 2737, "name": "SPO 07"}, "suites": 3, "houseVisitStatus": "ACCEPT_NEW", "visitStatusReason": null, "visitsUnavailable": false, "isReserved": false, "allowDirectOffer": true, "lastPublishedDate": "2022-11-09T23:26:57.000Z", "listingPublication": "stranded", "rentOnTermination": false, "constructionYear": null, "categories": []}, "markers": {"lat": -23.5599701, "lng": -46.6866084}, "talkToAgent": {"dialog": {"open": false, "questionType": null, "question": ""}, "agentSupport": {}, "error": null, "autoSubmit": false, "loading": false, "submitting": false, "success": false, "hasLoadedAgentInfo": false, "agent": null, "hasLoadedAgentsInRegion": false, "agentsInRegion": null}}}}, "__N_SSP": true}, "page": "/imovel/[houseId]/[[...slug]]", "query": {"houseId": "893444770", "slug": ["alugar", "apartamento-3-quartos-pinheiros-sao-paulo"]}, "buildId": "gCr3Bg2lYzV9hxZqGibIQ", "runtimeConfig": {"NEXT_PUBLIC_HOME_ADVERTISING_BANNER": "coupon"}, "isFallback": false, "dynamicIds": [61847, 31265, 66435, 77453, 87356, 60899, 41103, 3232, 33207, 72227, 40072, 39327, 19904, 96827], "gssp": true, "customServer": true, "appGip": true, "locale": "pt-BR", "locales": ["pt-BR", "es-MX"], "defaultLocale": "pt-BR", "domainLocales": [{"domain": "www.quintoandar.com.br", "defaultLocale": "pt-BR"}, {"domain": "www.benvi.mx", "defaultLocale": "es-MX"}], "scriptLoader": []}