{"props": {"pageProps": {"initialState": {"route": {"locationBeforeTransitions": {"pathname": "/imovel/893567401/alugar/apartamento-2-quartos-vila-anastacio-sao-paulo", "search": "", "hash": "", "action": "POP", "query": {}}, "topLevelRouteName": "house details", "businessContext": "RENT", "favoriteListsBusinessContext": "RENT"}, "router": {"location": {"href": "/", "pathname": "/", "search": "", "hash": ""}}, "progress": {"pendingRequests": -1}, "login": {"response": {}, "user": {"isLoggedIn": false, "id": 0, "agentId": 0, "hashId": "", "sessionId": null, "name": "", "email": "", "maskedEmail": "", "jwt": {"app": "", "firebase": ""}, "phone": {"countryCode": "+55", "areaCode": "", "phoneNumber": ""}, "country": "BR", "channel": "", "isPhoneRegistered": false, "acceptWhatsapp": true, "hasDocument": false, "isPartner": false}, "accountForm": {}, "redirectUrl": "", "isRequestOngoing": false}, "captcha": {"token": "", "hasLoadedRemoteConfig": false, "provider": "", "friction": "low", "unavailableCountriesCode": []}, "supportedCities": [], "inAppMessages": {"biomaSurvey": {"isOpen": false, "formId": null, "data": {"opaque": true}}}, "metaData": {"similar_houses_clicked": []}, "appData": {"device": {"type": "desktop", "isSearchEngineCrawler": false}, "experiments": "X-AB-Test=ab_exposed_filter_sale_desktop:1,ab_exposed_filter_sale_v1:1,ab_exposed_filters:1,ab_load_more_v0:-1,ab_new_house_card_v2:0,ab_new_rent_listing_phase2:0,ab_profiling_create_alert_filters:0,ab_scheduling_step_by_step_v1:1,ab_show_floor_sale:0,ab_street_search_retrieval_v1:0"}, "house": {"houseInfo": {"id": "893567401", "displayId": "867401", "bedrooms": 2, "city": "S\u00e3o Paulo", "cityId": 39, "bathrooms": 2, "iptu": 184, "amenities": [{"key": "BANHEIRA_DE_HIDROMASSAGEM", "text": "Banheira", "value": "NAO", "optional": false}, {"key": "BOX", "text": "Box", "value": "NAO", "optional": false}, {"key": "VARANDA", "text": "Varanda", "value": "SIM", "optional": false}, {"key": "PISCINA_PRIVATIVA", "text": "Piscina privativa", "value": "NAO", "optional": false}, {"key": "ARMARIOS_EMBUTIDOS_NO_QUARTO", "text": "Arm\u00e1rios no quarto", "value": "NAO", "optional": false}, {"key": "ARMARIOS_NOS_BANHEIROS", "text": "Arm\u00e1rios no banheiro", "value": "NAO", "optional": false}, {"key": "ARMARIOS_NA_COZINHA", "text": "Arm\u00e1rios na cozinha", "value": "NAO", "optional": false}, {"key": "AR_CONDICIONADO", "text": "Ar condicionado", "value": "NAO", "optional": false}, {"key": "CHUVEIRO_A_GAS", "text": "Chuveiro a g\u00e1s", "value": "NAO", "optional": false}, {"key": "QUARTO_DE_SERVICO", "text": "Quarto de servi\u00e7o", "value": "NAO", "optional": false}, {"key": "BANHEIRO_DE_SERVICO", "text": "Banheiro de servi\u00e7o", "value": "NAO", "optional": false}, {"key": "VARANDA_GOURMET", "text": "Varanda gourmet", "value": "NAO", "optional": false}, {"key": "APARTAMENTO_COBERTURA", "text": "Apartamento cobertura", "value": "NAO", "optional": false}, {"key": "QUARTO_EXTRA_REVERSIVEL", "text": "Quarto extra revers\u00edvel", "value": "NAO", "optional": false}, {"key": "FOGAO_INCLUSO", "text": "Fog\u00e3o", "value": "NAO", "optional": false}, {"key": "GELADEIRA_INCLUSO", "text": "Geladeira", "value": "NAO", "optional": false}, {"key": "BANHEIRO_ADAPTADO", "text": "Banheiro adaptado", "value": "NAO", "optional": false}, {"key": "CLOSET", "text": "Closet", "value": "NAO", "optional": false}, {"key": "COZINHA_AMERICANA", "text": "Cozinha americana", "value": "NAO", "optional": false}, {"key": "MESAS_E_CADEIRAS_DE_ESCRITORIO", "text": "Mesas e cadeiras de escrit\u00f3rio", "value": "NAO", "optional": false}, {"key": "JARDIM", "text": "Jardim", "value": "NAO", "optional": false}, {"key": "QUARTOS_E_CORREDORES_COM_PORTAS_AMPLAS", "text": "Quartos e corredores com portas amplas", "value": "SIM", "optional": false}, {"key": "QUINTAL", "text": "Quintal", "value": "NAO", "optional": false}, {"key": "SOMENTE_UMA_CASA_NO_TERRENO", "text": "Somente uma casa no terreno", "value": "SIM", "optional": false}, {"key": "AREA_DE_SERVICO", "text": "\u00c1rea de servi\u00e7o", "value": "SIM", "optional": false}], "comfortCommodities": [{"key": "BANHEIRA_DE_HIDROMASSAGEM", "text": "Banheira", "value": "NAO", "optional": false}, {"key": "PISCINA_PRIVATIVA", "text": "Piscina privativa", "value": "NAO", "optional": false}, {"key": "AR_CONDICIONADO", "text": "Ar condicionado", "value": "NAO", "optional": false}, {"key": "SOL_DA_MANHA", "text": "Sol da manh\u00e3", "value": "NAO", "optional": false}, {"key": "SOL_DA_TARDE", "text": "Sol da tarde", "value": "NAO", "optional": false}, {"key": "CORTINAS_BLACK_OUT", "text": "Cortinas corta luz", "value": "NAO_INFORMADO", "optional": false}, {"key": "CORTINAS_DECORATIVAS", "text": "Cortina transl\u00facida", "value": "NAO_INFORMADO", "optional": false}, {"key": "JANELA_ANTI_RUIDO", "text": "Janela anti-ru\u00eddo", "value": "NAO_INFORMADO", "optional": false}, {"key": "VENTILADOR_DE_TETO", "text": "Ventilador de teto", "value": "NAO", "optional": false}, {"key": "LUMINOSIDADE_NATURAL", "text": "Janelas grandes", "value": "NAO", "optional": false}, {"key": "VISTA_LIVRE", "text": "Vista livre", "value": "SIM", "optional": false}, {"key": "RUA_SILENCIOSA", "text": "Rua silenciosa", "value": "SIM", "optional": false}], "practicalityCommodities": [{"key": "BOX", "text": "Box", "value": "NAO", "optional": false}, {"key": "ARMARIOS_EMBUTIDOS_NO_QUARTO", "text": "Arm\u00e1rios no quarto", "value": "NAO", "optional": false}, {"key": "ARMARIOS_NOS_BANHEIROS", "text": "Arm\u00e1rios no banheiro", "value": "NAO", "optional": false}, {"key": "ARMARIOS_NA_COZINHA", "text": "Arm\u00e1rios na cozinha", "value": "NAO", "optional": false}, {"key": "CHUVEIRO_A_GAS", "text": "Chuveiro a g\u00e1s", "value": "NAO", "optional": false}, {"key": "FOGAO_INCLUSO", "text": "Fog\u00e3o", "value": "NAO", "optional": false}, {"key": "GELADEIRA_INCLUSO", "text": "Geladeira", "value": "NAO", "optional": false}, {"key": "CHUVEIRO_ELETRICO", "text": "Chuveiro el\u00e9trico", "value": "NAO_INFORMADO", "optional": false}, {"key": "MICROONDAS", "text": "Microondas", "value": "NAO", "optional": false}, {"key": "SOFA", "text": "Sof\u00e1", "value": "NAO", "optional": false}, {"key": "MAQUINA_DE_LAVAR", "text": "M\u00e1quina de lavar", "value": "NAO", "optional": false}, {"key": "TANQUE", "text": "Tanque", "value": "SIM", "optional": false}, {"key": "REDE_DE_PROTECAO", "text": "Tela nas janelas", "value": "NAO_INFORMADO", "optional": false}, {"key": "VARAL_DE_ROUPAS", "text": "Varal de roupas", "value": "NAO_INFORMADO", "optional": false}, {"key": "TOMADAS_NOVAS", "text": "Tomadas 3 pinos", "value": "NAO_INFORMADO", "optional": false}, {"key": "TELEVISAO", "text": "Televis\u00e3o", "value": "NAO", "optional": false}, {"key": "MESAS_E_CADEIRAS_DE_JANTAR", "text": "Mesas e cadeiras de jantar", "value": "NAO", "optional": false}, {"key": "CHURRASQUEIRA", "text": "Churrasqueira", "value": "NAO_INFORMADO", "optional": false}, {"key": "ACESSO_SEM_DEGRAUS", "text": "Acesso sem degraus", "value": "NAO_INFORMADO", "optional": false}, {"key": "COOKTOP", "text": "Fog\u00e3o cooktop", "value": "NAO", "optional": false}, {"key": "UTENSILIOS_DE_COZINHA", "text": "Utens\u00edlios de cozinha", "value": "NAO", "optional": false}, {"key": "CAMA_DE_CASAL", "text": "Cama de casal", "value": "NAO", "optional": false}, {"key": "CAMA_DE_SOLTEIRO", "text": "Cama de solteiro", "value": "NAO", "optional": false}, {"key": "ESPELHO_NO_BANHEIRO", "text": "Espelho no banheiro", "value": "NAO_INFORMADO", "optional": false}, {"key": "FECHADURA_ELETRONICA", "text": "Fechadura eletr\u00f4nica", "value": "NAO_INFORMADO", "optional": false}, {"key": "ENERGIA", "text": "Energia no im\u00f3vel", "value": "NAO_INFORMADO", "optional": false}], "area": 70, "installations": [{"key": "PLAYGROUND", "text": "Playground", "value": "SIM"}, {"key": "PISCINA", "text": "Piscina", "value": "SIM"}, {"key": "CHURRASQUEIRA", "text": "Churrasqueira", "value": "SIM"}, {"key": "QUADRA_ESPORTIVA", "text": "Quadra esportiva", "value": "SIM"}, {"key": "ACADEMIA", "text": "Academia", "value": "SIM"}, {"key": "SALAO_DE_FESTAS", "text": "Sal\u00e3o de festas", "value": "SIM"}, {"key": "SAUNA", "text": "Sauna", "value": "NAO"}, {"key": "LAVANDERIA_NO_PREDIO", "text": "Lavanderia no pr\u00e9dio", "value": "NAO"}, {"key": "GAS_ENCANADO", "text": "G\u00e1s encanado", "value": "NAO"}, {"key": "ESPACO_GOURMET_NA_AREA_COMUM", "text": "Espa\u00e7o gourmet na \u00e1rea comum", "value": "NAO"}, {"key": "BRINQUEDOTECA", "text": "Brinquedoteca", "value": "SIM"}, {"key": "CORRIMAO", "text": "Corrim\u00e3o", "value": "SIM"}, {"key": "PISO_TATIL", "text": "Piso t\u00e1til", "value": "SIM"}, {"key": "RAMPAS_DE_ACESSO", "text": "Rampas de acesso", "value": "SIM"}, {"key": "SALAO_DE_JOGOS", "text": "Sal\u00e3o de jogos", "value": "SIM"}, {"key": "VAGA_DE_GARAGEM_ACESSIVEL", "text": "Vaga de garagem acess\u00edvel", "value": "SIM"}, {"key": "AREA_VERDE", "text": "\u00c1rea verde", "value": "SIM"}, {"key": "Elevador", "value": "SIM"}, {"key": "Porteiro24H", "value": "SIM"}], "rentPrice": 3750, "condoPrice": 850, "condoType": "Normal", "region": {"name": "Vila Leopoldina", "hub": {"loading": "UNSET", "enabled": false, "abSecretariat": false, "isPrimaryMarket": false}, "id": 1283}, "type": "Apartamento", "iptuType": "Normal", "totalCost": 4929, "parkingSpaces": 2, "address": {"street": "Rua Martinho de Campos", "neighborhood": "Vila Anast\u00e1cio", "city": "S\u00e3o Paulo", "zipCode": "05093-050", "stateName": "S\u00e3o Paulo", "stateAcronym": "SP", "lat": -23.5169755, "lng": -46.7186155, "countryName": "Brasil", "countryCode": "BR", "country": "Brasil"}, "floor": 16, "homeProtection": 48, "remarks": "", "acceptsPets": false, "hasFurniture": false, "isNearSubway": true, "placesNearby": [{"name": "Domingos De Moraes", "type": "ESTACAO_METRO_OU_TREM", "slug": "estacao-domingos-de-moraes-sao-paulo-sp"}, {"name": "Tiet\u00ea Plaza Shopping", "type": "SHOPPING_MALL", "slug": "tiete-plaza-shopping-jardim-iris-sao-paulo-sp-brasil"}, {"name": "Col\u00e9gio Adventista da Lapa", "type": "SCHOOL", "slug": "colegio-adventista-da-lapa-lapa-sao-paulo-sp"}, {"name": "Escola Santa Tereza", "type": "SCHOOL", "slug": "escola-santa-tereza-city-america-sao-paulo-sp"}, {"name": "Instituto Germinare Escola de Neg\u00f3cios", "type": "UNIVERSITY_OR_COLLEGE", "slug": "instituto-germinare-escola-de-negocios-vila-jaguara-sao-paulo-sp-brasil"}, {"name": "CEI Jardim \u00cdris", "type": "SCHOOL", "slug": "cei-jardim-iris-jardim-iris-sao-paulo-sp-brasil"}, {"name": "Col\u00e9gio Cec\u00edlia Brand\u00e3o", "type": "SCHOOL", "slug": "colegio-cecilia-brandao-piqueri-sao-paulo-sp-brasil"}, {"name": "Escola Municipal de Ensino Infantil Jean Piaget", "type": "SCHOOL", "slug": "escola-municipal-de-ensino-infantil-jean-piaget-alto-da-lapa-sao-paulo-sp"}, {"name": "Pra\u00e7a Grand Reserva Paulista", "type": "PARK_OR_GREEN_AREA", "slug": "praca-grand-reserva-paulista-jardim-iris-sao-paulo-sp-brasil"}, {"name": "Escola Estadual Pereira Barreto", "type": "SCHOOL", "slug": "escola-estadual-pereira-barreto-vila-romana-sao-paulo-sp"}, {"name": "Ginasio SESI Leopoldina", "type": "STADIUM", "slug": "ginasio-sesi-leopoldina-vila-leopoldina-sao-paulo-sp"}, {"name": "UBS Jd. Calif\u00f3rnia", "type": "HOSPITAL", "slug": "ubs-jd-california-piqueri-sao-paulo-sp-brasil"}, {"name": "Parque Cidade de Toronto", "type": "PARK_OR_GREEN_AREA", "slug": "parque-cidade-de-toronto-city-america-sao-paulo-sp-brasil"}, {"name": "Escola Estadual Professor Silvio Xavier Antunes", "type": "SCHOOL", "slug": "escola-estadual-professor-silvio-xavier-antunes-piqueri-sao-paulo-sp-brasil"}, {"name": "DeRose Method Villa-Lobos", "type": "UNIVERSITY_OR_COLLEGE", "slug": "derose-method-villa-lobos-vila-leopoldina-sao-paulo-sp"}], "availabilityType": "IMMEDIATE", "photos": [{"id": 23058352, "subtitle": "Sala", "url": "893567401-409.30830157527834IMG8223.jpg", "cover": true}, {"id": 23058355, "subtitle": "Sala", "url": "893567401-158.9550620417678IMG8224.jpg", "cover": false}, {"id": 23058358, "subtitle": "Sala", "url": "893567401-85.93831080019909IMG8225.jpg", "cover": false}, {"id": 23058362, "subtitle": "Sala", "url": "893567401-517.0682835891795IMG8226.jpg", "cover": false}, {"id": 23058402, "subtitle": "Varanda", "url": "893567401-463.89006019043325IMG8248.jpg", "cover": false}, {"id": 23058403, "subtitle": "Varanda", "url": "893567401-355.7624543574567IMG8249.jpg", "cover": false}, {"id": 23058405, "subtitle": "Varanda Vista", "url": "893567401-90.35781716479352IMG8250.jpg", "cover": false}, {"id": 23058368, "subtitle": "Su\u00edte 1", "url": "893567401-590.4610670935244IMG8227.jpg", "cover": false}, {"id": 23058370, "subtitle": "Su\u00edte 1", "url": "893567401-905.7724965053477IMG8228.jpg", "cover": false}, {"id": 23058373, "subtitle": "Su\u00edte 1", "url": "893567401-586.6253381911382IMG8229.jpg", "cover": false}, {"id": 23058376, "subtitle": "Su\u00edte 1", "url": "893567401-277.5257682807336IMG8230.jpg", "cover": false}, {"id": 23058377, "subtitle": "Banheiro da Su\u00edte 1", "url": "893567401-365.8621262930768IMG8231.jpg", "cover": false}, {"id": 23058381, "subtitle": "Banheiro da Su\u00edte 1", "url": "893567401-897.8979703041991IMG8232.jpg", "cover": false}, {"id": 23058382, "subtitle": "Banheiro da Su\u00edte 1 Pia", "url": "893567401-784.5689916574509IMG8233.jpg", "cover": false}, {"id": 23058385, "subtitle": "Banheiro da Su\u00edte 1", "url": "893567401-198.81803529220798IMG8234.jpg", "cover": false}, {"id": 23058386, "subtitle": "Quarto 2", "url": "893567401-149.3071806302302IMG8235.jpg", "cover": false}, {"id": 23058388, "subtitle": "Quarto 2", "url": "893567401-115.26436088612779IMG8236.jpg", "cover": false}, {"id": 23058389, "subtitle": "Quarto 2", "url": "893567401-11.803699793428768IMG8237.jpg", "cover": false}, {"id": 23058390, "subtitle": "Quarto 2", "url": "893567401-738.1324752072593IMG8238.jpg", "cover": false}, {"id": 23058391, "subtitle": "Banheiro 2", "url": "893567401-60.450165779383IMG8239.jpg", "cover": false}, {"id": 23058392, "subtitle": "Banheiro 2", "url": "893567401-742.0962846579525IMG8240.jpg", "cover": false}, {"id": 23058393, "subtitle": "Banheiro 2 Pia", "url": "893567401-419.7124568639755IMG8241.jpg", "cover": false}, {"id": 23058395, "subtitle": "Banheiro 2", "url": "893567401-287.19750073127557IMG8242.jpg", "cover": false}, {"id": 23058396, "subtitle": "Cozinha", "url": "893567401-787.8363473588566IMG8243.jpg", "cover": false}, {"id": 23058397, "subtitle": "Cozinha", "url": "893567401-491.8037720933113IMG8244.jpg", "cover": false}, {"id": 23058398, "subtitle": "Cozinha", "url": "893567401-468.446328598462IMG8245.jpg", "cover": false}, {"id": 23058399, "subtitle": "Cozinha Pia", "url": "893567401-492.84494082483485IMG8246.jpg", "cover": false}, {"id": 23058401, "subtitle": "Lavanderia", "url": "893567401-861.572803010546IMG8247.jpg", "cover": false}, {"id": 23058406, "subtitle": "Churrasqueira", "url": "893567401-361.0330089378565IMG99991.jpg", "cover": false}, {"id": 23058408, "subtitle": "Playground", "url": "893567401-597.7145691467296IMG99992.jpg", "cover": false}, {"id": 23058409, "subtitle": "Brinquedoteca", "url": "893567401-962.2579097771242IMG99993.jpg", "cover": false}, {"id": 23058411, "subtitle": "Academia", "url": "893567401-673.498555961054IMG99994.jpg", "cover": false}, {"id": 23058412, "subtitle": "Piscina", "url": "893567401-843.7870123298854IMG99995.jpg", "cover": false}, {"id": 23058413, "subtitle": "Fachada", "url": "893567401-758.6150477789205IMG99996.jpg", "cover": false}], "photosCategorizedByRooms": [], "relevantRegions": [], "photospheres": [], "specialConditions": [], "offers": {"closingRate": 0, "shouldHighlightIcon": true, "shouldShowOfferDialog": false, "shouldShowOffers": false, "summary": []}, "status": "publicado", "showUrlHasBeenCopiedSnackbar": false, "isGalleryModalOpen": false, "error": false, "loaded": true, "loading": false, "loadingCategorizedRooms": false, "selectedMedia": "tenant/HouseMedia/PHOTOS", "video": "", "promotions": [], "condominium": {}, "forRent": true, "forSale": true, "salePrice": 790000, "mortgageFirstInstallment": 0, "listings": [{"imovelId": 893567401, "businessContext": "SALE", "status": "publicado", "firstPublicationDate": "2022-02-26T17:47:14.000+0000", "lastPublicationDate": "2022-02-26T17:47:14.000+0000", "ownership": "STANDARD"}, {"imovelId": 893567401, "businessContext": "RENT", "status": "publicado", "firstPublicationDate": "2022-11-24T12:38:26.000+0000", "lastPublicationDate": "2022-11-24T12:38:26.000+0000", "listingRentModel": {"listingBusinessContextId": 1357213, "rentalAdministrator": "QUINTOANDAR"}, "ownership": "STANDARD"}], "listingTags": [], "businessContext": "", "regionParameters": {"loaded": false, "loading": false, "RENT": {"visitsEnabled": true, "talkToAgentEnabled": false}, "SALE": {"visitsEnabled": true, "talkToAgentEnabled": false}}, "houseAgent": {"isDialogOpen": false, "alreadyOpenedByQueryParam": false}, "tenantServiceFee": 97, "closingStatus": {"loading": false}, "rentalGuarantee": {"minValue": 937.5, "maxValue": 2812.5}, "reservationAvailability": null, "isPrimaryMarket": false, "macroRegion": {"id": 2698, "name": "SPO 08"}, "suites": 1, "allowsCustomOffer": true, "displayCustomOfferPreference": false, "houseVisitStatus": "ACCEPT_NEW", "visitStatusReason": null, "visitsUnavailable": false, "isReserved": false, "allowDirectOffer": true, "lastPublishedDate": "2022-11-24T12:38:26.000Z", "listingPublication": "stranded", "rentOnTermination": false, "constructionYear": null, "categories": []}, "markers": {"lat": -23.5169755, "lng": -46.7186155}, "talkToAgent": {"dialog": {"open": false, "questionType": null, "question": ""}, "agentSupport": {}, "error": null, "autoSubmit": false, "loading": false, "submitting": false, "success": false, "hasLoadedAgentInfo": false, "agent": null, "hasLoadedAgentsInRegion": false, "agentsInRegion": null}}}}, "__N_SSP": true}, "page": "/imovel/[houseId]/[[...slug]]", "query": {"houseId": "893567401", "slug": ["alugar", "apartamento-2-quartos-vila-anastacio-sao-paulo"]}, "buildId": "gCr3Bg2lYzV9hxZqGibIQ", "runtimeConfig": {"NEXT_PUBLIC_HOME_ADVERTISING_BANNER": "coupon"}, "isFallback": false, "dynamicIds": [61847, 31265, 66435, 77453, 87356, 60899, 41103, 3232, 33207, 72227, 40072, 39327, 19904, 96827], "gssp": true, "customServer": true, "appGip": true, "locale": "pt-BR", "locales": ["pt-BR", "es-MX"], "defaultLocale": "pt-BR", "domainLocales": [{"domain": "www.quintoandar.com.br", "defaultLocale": "pt-BR"}, {"domain": "www.benvi.mx", "defaultLocale": "es-MX"}], "scriptLoader": []}