{"props": {"pageProps": {"initialState": {"route": {"locationBeforeTransitions": {"pathname": "/imovel/893556838/alugar/apartamento-3-quartos-tucuruvi-sao-paulo", "search": "", "hash": "", "action": "POP", "query": {}}, "topLevelRouteName": "house details", "businessContext": "RENT", "favoriteListsBusinessContext": "RENT"}, "router": {"location": {"href": "/", "pathname": "/", "search": "", "hash": ""}}, "progress": {"pendingRequests": -1}, "login": {"response": {}, "user": {"isLoggedIn": false, "id": 0, "agentId": 0, "hashId": "", "sessionId": null, "name": "", "email": "", "maskedEmail": "", "jwt": {"app": "", "firebase": ""}, "phone": {"countryCode": "+55", "areaCode": "", "phoneNumber": ""}, "country": "BR", "channel": "", "isPhoneRegistered": false, "acceptWhatsapp": true, "hasDocument": false, "isPartner": false}, "accountForm": {}, "redirectUrl": "", "isRequestOngoing": false}, "captcha": {"token": "", "hasLoadedRemoteConfig": false, "provider": "", "friction": "low", "unavailableCountriesCode": []}, "supportedCities": [], "inAppMessages": {"biomaSurvey": {"isOpen": false, "formId": null, "data": {"opaque": true}}}, "metaData": {"similar_houses_clicked": []}, "appData": {"device": {"type": "desktop", "isSearchEngineCrawler": false}, "experiments": "X-AB-Test=ab_exposed_filter_sale_desktop:1,ab_exposed_filter_sale_v1:1,ab_exposed_filters:1,ab_load_more_v0:-1,ab_new_house_card_v2:0,ab_new_rent_listing_phase2:0,ab_profiling_create_alert_filters:0,ab_scheduling_step_by_step_v1:1,ab_show_floor_sale:0,ab_street_search_retrieval_v1:0"}, "house": {"houseInfo": {"id": "893556838", "displayId": "856838", "bedrooms": 3, "city": "S\u00e3o Paulo", "cityId": 39, "bathrooms": 2, "iptu": 0, "amenities": [{"key": "BANHEIRA_DE_HIDROMASSAGEM", "text": "Banheira", "value": "NAO", "optional": false}, {"key": "BOX", "text": "Box", "value": "SIM", "optional": false}, {"key": "VARANDA", "text": "Varanda", "value": "NAO", "optional": false}, {"key": "PISCINA_PRIVATIVA", "text": "Piscina privativa", "value": "NAO", "optional": false}, {"key": "ARMARIOS_EMBUTIDOS_NO_QUARTO", "text": "Arm\u00e1rios no quarto", "value": "SIM", "optional": false}, {"key": "ARMARIOS_NOS_BANHEIROS", "text": "Arm\u00e1rios no banheiro", "value": "NAO", "optional": false}, {"key": "ARMARIOS_NA_COZINHA", "text": "Arm\u00e1rios na cozinha", "value": "SIM", "optional": false}, {"key": "AR_CONDICIONADO", "text": "Ar condicionado", "value": "NAO", "optional": false}, {"key": "CHUVEIRO_A_GAS", "text": "Chuveiro a g\u00e1s", "value": "SIM", "optional": false}, {"key": "QUARTO_DE_SERVICO", "text": "Quarto de servi\u00e7o", "value": "NAO", "optional": false}, {"key": "BANHEIRO_DE_SERVICO", "text": "Banheiro de servi\u00e7o", "value": "NAO", "optional": false}, {"key": "VARANDA_GOURMET", "text": "Varanda gourmet", "value": "NAO", "optional": false}, {"key": "APARTAMENTO_COBERTURA", "text": "Apartamento cobertura", "value": "NAO", "optional": false}, {"key": "QUARTO_EXTRA_REVERSIVEL", "text": "Quarto extra revers\u00edvel", "value": "NAO", "optional": false}, {"key": "FOGAO_INCLUSO", "text": "Fog\u00e3o", "value": "NAO", "optional": false}, {"key": "GELADEIRA_INCLUSO", "text": "Geladeira", "value": "NAO", "optional": false}, {"key": "BANHEIRO_ADAPTADO", "text": "Banheiro adaptado", "value": "NAO", "optional": false}, {"key": "CLOSET", "text": "Closet", "value": "NAO", "optional": false}, {"key": "COZINHA_AMERICANA", "text": "Cozinha americana", "value": "NAO", "optional": false}, {"key": "MESAS_E_CADEIRAS_DE_ESCRITORIO", "text": "Mesas e cadeiras de escrit\u00f3rio", "value": "NAO", "optional": false}, {"key": "JARDIM", "text": "Jardim", "value": "NAO", "optional": false}, {"key": "QUARTOS_E_CORREDORES_COM_PORTAS_AMPLAS", "text": "Quartos e corredores com portas amplas", "value": "SIM", "optional": false}, {"key": "QUINTAL", "text": "Quintal", "value": "NAO", "optional": false}, {"key": "SOMENTE_UMA_CASA_NO_TERRENO", "text": "Somente uma casa no terreno", "value": "NAO", "optional": false}, {"key": "AREA_DE_SERVICO", "text": "\u00c1rea de servi\u00e7o", "value": "SIM", "optional": false}], "comfortCommodities": [{"key": "BANHEIRA_DE_HIDROMASSAGEM", "text": "Banheira", "value": "NAO", "optional": false}, {"key": "PISCINA_PRIVATIVA", "text": "Piscina privativa", "value": "NAO", "optional": false}, {"key": "AR_CONDICIONADO", "text": "Ar condicionado", "value": "NAO", "optional": false}, {"key": "SOL_DA_MANHA", "text": "Sol da manh\u00e3", "value": "SIM", "optional": false}, {"key": "SOL_DA_TARDE", "text": "Sol da tarde", "value": "SIM", "optional": false}, {"key": "CORTINAS_BLACK_OUT", "text": "Cortinas corta luz", "value": "NAO", "optional": false}, {"key": "CORTINAS_DECORATIVAS", "text": "Cortina transl\u00facida", "value": "NAO", "optional": false}, {"key": "JANELA_ANTI_RUIDO", "text": "Janela anti-ru\u00eddo", "value": "NAO", "optional": false}, {"key": "VENTILADOR_DE_TETO", "text": "Ventilador de teto", "value": "NAO", "optional": false}, {"key": "LUMINOSIDADE_NATURAL", "text": "Janelas grandes", "value": "SIM", "optional": false}, {"key": "VISTA_LIVRE", "text": "Vista livre", "value": "SIM", "optional": false}, {"key": "RUA_SILENCIOSA", "text": "Rua silenciosa", "value": "SIM", "optional": false}], "practicalityCommodities": [{"key": "BOX", "text": "Box", "value": "SIM", "optional": false}, {"key": "ARMARIOS_EMBUTIDOS_NO_QUARTO", "text": "Arm\u00e1rios no quarto", "value": "SIM", "optional": false}, {"key": "ARMARIOS_NOS_BANHEIROS", "text": "Arm\u00e1rios no banheiro", "value": "NAO", "optional": false}, {"key": "ARMARIOS_NA_COZINHA", "text": "Arm\u00e1rios na cozinha", "value": "SIM", "optional": false}, {"key": "CHUVEIRO_A_GAS", "text": "Chuveiro a g\u00e1s", "value": "SIM", "optional": false}, {"key": "FOGAO_INCLUSO", "text": "Fog\u00e3o", "value": "NAO", "optional": false}, {"key": "GELADEIRA_INCLUSO", "text": "Geladeira", "value": "NAO", "optional": false}, {"key": "CHUVEIRO_ELETRICO", "text": "Chuveiro el\u00e9trico", "value": "NAO", "optional": false}, {"key": "MICROONDAS", "text": "Microondas", "value": "NAO", "optional": false}, {"key": "SOFA", "text": "Sof\u00e1", "value": "NAO", "optional": false}, {"key": "MAQUINA_DE_LAVAR", "text": "M\u00e1quina de lavar", "value": "NAO", "optional": false}, {"key": "TANQUE", "text": "Tanque", "value": "SIM", "optional": false}, {"key": "REDE_DE_PROTECAO", "text": "Tela nas janelas", "value": "NAO", "optional": false}, {"key": "VARAL_DE_ROUPAS", "text": "Varal de roupas", "value": "SIM", "optional": false}, {"key": "TOMADAS_NOVAS", "text": "Tomadas 3 pinos", "value": "SIM", "optional": false}, {"key": "TELEVISAO", "text": "Televis\u00e3o", "value": "NAO", "optional": false}, {"key": "MESAS_E_CADEIRAS_DE_JANTAR", "text": "Mesas e cadeiras de jantar", "value": "NAO", "optional": false}, {"key": "CHURRASQUEIRA", "text": "Churrasqueira", "value": "NAO", "optional": false}, {"key": "ACESSO_SEM_DEGRAUS", "text": "Acesso sem degraus", "value": "NAO", "optional": false}, {"key": "COOKTOP", "text": "Fog\u00e3o cooktop", "value": "NAO", "optional": false}, {"key": "UTENSILIOS_DE_COZINHA", "text": "Utens\u00edlios de cozinha", "value": "NAO", "optional": false}, {"key": "CAMA_DE_CASAL", "text": "Cama de casal", "value": "NAO", "optional": false}, {"key": "CAMA_DE_SOLTEIRO", "text": "Cama de solteiro", "value": "NAO", "optional": false}, {"key": "ESPELHO_NO_BANHEIRO", "text": "Espelho no banheiro", "value": "SIM", "optional": false}, {"key": "FECHADURA_ELETRONICA", "text": "Fechadura eletr\u00f4nica", "value": "NAO", "optional": false}, {"key": "ENERGIA", "text": "Energia no im\u00f3vel", "value": "SIM", "optional": false}], "area": 87, "installations": [{"key": "PLAYGROUND", "text": "Playground", "value": "NAO"}, {"key": "PISCINA", "text": "Piscina", "value": "NAO"}, {"key": "CHURRASQUEIRA", "text": "Churrasqueira", "value": "NAO"}, {"key": "QUADRA_ESPORTIVA", "text": "Quadra esportiva", "value": "NAO"}, {"key": "ACADEMIA", "text": "Academia", "value": "NAO"}, {"key": "SALAO_DE_FESTAS", "text": "Sal\u00e3o de festas", "value": "NAO"}, {"key": "SAUNA", "text": "Sauna", "value": "NAO"}, {"key": "LAVANDERIA_NO_PREDIO", "text": "Lavanderia no pr\u00e9dio", "value": "NAO"}, {"key": "GAS_ENCANADO", "text": "G\u00e1s encanado", "value": "NAO"}, {"key": "ESPACO_GOURMET_NA_AREA_COMUM", "text": "Espa\u00e7o gourmet na \u00e1rea comum", "value": "NAO"}, {"key": "BRINQUEDOTECA", "text": "Brinquedoteca", "value": "NAO"}, {"key": "CORRIMAO", "text": "Corrim\u00e3o", "value": "NAO"}, {"key": "PISO_TATIL", "text": "Piso t\u00e1til", "value": "NAO"}, {"key": "RAMPAS_DE_ACESSO", "text": "Rampas de acesso", "value": "NAO"}, {"key": "SALAO_DE_JOGOS", "text": "Sal\u00e3o de jogos", "value": "NAO"}, {"key": "VAGA_DE_GARAGEM_ACESSIVEL", "text": "Vaga de garagem acess\u00edvel", "value": "SIM"}, {"key": "AREA_VERDE", "text": "\u00c1rea verde", "value": "SIM"}, {"key": "Elevador", "value": "NAO"}, {"key": "Porteiro24H", "value": "NAO"}], "rentPrice": 3000, "condoPrice": 160, "condoType": "Normal", "region": {"name": "Tucuruvi", "hub": {"loading": "UNSET", "enabled": false, "abSecretariat": false, "isPrimaryMarket": false}, "id": 1584}, "type": "Apartamento", "iptuType": "NaoExiste", "totalCost": 3276, "parkingSpaces": 2, "address": {"street": "Avenida Coronel Sezefredo Fagundes", "neighborhood": "Tucuruvi", "city": "S\u00e3o Paulo", "zipCode": "02306-000", "stateName": "S\u00e3o Paulo", "stateAcronym": "SP", "lat": -23.4675437, "lng": -46.6038837, "countryName": "Brasil", "countryCode": "BR", "country": "Brasil"}, "floor": 3, "homeProtection": 39, "remarks": "Apartamento amplo reformado. Pintura nova. Carpetes no quartos todos lavados e higienizados. Todos os quartos com arm\u00e1rios embutidos. Cozinha toda reformada com arm\u00e1rios embutidos e g\u00e1s de rua. Janelas de inox. Garagem toda reformada privativas para dois carros. A vista da para a Serra da Cantareira.\nO apartamento fica no 3\u00ba pavimento 4\u00ba andar conforme matr\u00edcula do im\u00f3vel.", "furniture": "Tudo vai ficar no im\u00f3vel. Somente na garagem que tem alguns pertences particulares que irei tirar", "acceptsPets": false, "hasFurniture": false, "isNearSubway": false, "placesNearby": [{"name": "Escola Professora Rafael de Moraos", "type": "SCHOOL", "slug": "escola-professora-rafael-de-moraos-sao-paulo-sp-brasil"}, {"name": "Escola Estadual Matilde Macedo Soares", "type": "SCHOOL", "slug": "escola-estadual-matilde-macedo-soares-casa-verde-alta-sao-paulo-sp-brasil"}, {"name": "Escola Pedro Alexandrino", "type": "SCHOOL", "slug": "escola-pedro-alexandrino-sao-paulo-sp-brasil"}, {"name": "Col\u00e9gio Santa Catarina", "type": "SCHOOL", "slug": "colegio-santa-catarina-vila-mazzei-sao-paulo-sp-brasil"}, {"name": "Escola Professora Luzia Godoy", "type": "SCHOOL", "slug": "escola-professora-luzia-godoy-sao-paulo-sp-brasil"}, {"name": "Escola Estadual Albino C\u00e9sar", "type": "SCHOOL", "slug": "escola-estadual-albino-cesar-vila-mazzei-sao-paulo-sp-brasil"}, {"name": "Centro M\u00e9dico Mazzei", "type": "HOSPITAL", "slug": "centro-medico-mazzei-vila-mazzei-sao-paulo-sp-brasil"}, {"name": "Shopping Metr\u00f4 Tucuruvi", "type": "SHOPPING_MALL", "slug": "shopping-metro-tucuruvi-vila-gustavo-sao-paulo-sp-brasil"}, {"name": "Ophthal Hospital Especializado", "type": "HOSPITAL", "slug": "ophthal-hospital-especializado-vila-mazzei-sao-paulo-sp-brasil"}, {"name": "Cinemark Tucuruvi", "type": "MUSEUM_THEATRE_OR_CONCERT_HALL", "slug": "cinemark-tucuruvi-vila-mazzei-sao-paulo-sp"}, {"name": "Hospital Policia Militar", "type": "HOSPITAL", "slug": "hospital-policia-militar-tucuruvi-sao-paulo-sp"}, {"name": "Escola Silva Jardim", "type": "SCHOOL", "slug": "escola-silva-jardim-sao-paulo-sp-brasil"}, {"name": "Idioma e inform\u00e1tica", "type": "UNIVERSITY_OR_COLLEGE", "slug": "idioma-e-informatica-vila-gustavo-sao-paulo-sp"}, {"name": "Escola Estadual C\u00f4nego Jo\u00e3o Ligabue", "type": "SCHOOL", "slug": "escola-estadual-conego-joao-ligabue-vila-gustavo-sao-paulo-sp-brasil"}, {"name": "Recanto S\u00e3o Camilo - Cuidados Paliativos", "type": "HOSPITAL", "slug": "recanto-sao-camilo-cuidados-paliativos-vila-constanca-sao-paulo-sp-brasil"}], "availabilityType": "IMMEDIATE", "photos": [{"id": 22686659, "subtitle": "Sala", "url": "893556838-614.0625542598464DSC5739.JPG", "cover": true}, {"id": 22686688, "subtitle": "Sala", "url": "893556838-594.0822892286174DSC5740.JPG", "cover": false}, {"id": 22686706, "subtitle": "Sala", "url": "893556838-960.6799458149728DSC5741.JPG", "cover": false}, {"id": 22686719, "subtitle": "Sala", "url": "893556838-905.9066725419548DSC5742.JPG", "cover": false}, {"id": 22686734, "subtitle": "Sala", "url": "893556838-441.87142404812465DSC5743.JPG", "cover": false}, {"id": 22686761, "subtitle": "Quarto 1", "url": "893556838-831.7528351450457DSC5744.JPG", "cover": false}, {"id": 22686783, "subtitle": "Quarto 1", "url": "893556838-434.75669763045744DSC5745.JPG", "cover": false}, {"id": 22686803, "subtitle": "Quarto 1", "url": "893556838-972.769886477642DSC5746.JPG", "cover": false}, {"id": 22686822, "subtitle": "Quarto 1", "url": "893556838-834.6504697450777DSC5747.JPG", "cover": false}, {"id": 22686834, "subtitle": "Quarto 1", "url": "893556838-639.9736344057036DSC5748.JPG", "cover": false}, {"id": 22686837, "subtitle": "Quarto 2", "url": "893556838-952.4042877435927DSC5749.JPG", "cover": false}, {"id": 22686841, "subtitle": "Quarto 2", "url": "893556838-410.3313433638709DSC5750.JPG", "cover": false}, {"id": 22686844, "subtitle": "Quarto 2", "url": "893556838-872.4125409717121DSC5751.JPG", "cover": false}, {"id": 22686854, "subtitle": "Quarto 2", "url": "893556838-841.9829648210147DSC5752.JPG", "cover": false}, {"id": 22686869, "subtitle": "Quarto 2", "url": "893556838-759.5193697098807DSC5753.JPG", "cover": false}, {"id": 22686881, "subtitle": "Quarto 3", "url": "893556838-481.6610492740658DSC5754.JPG", "cover": false}, {"id": 22686896, "subtitle": "Quarto 3", "url": "893556838-372.63614097686417DSC5755.JPG", "cover": false}, {"id": 22686957, "subtitle": "Quarto 3", "url": "893556838-756.3611743990595DSC5756.JPG", "cover": false}, {"id": 22686992, "subtitle": "Quarto 3", "url": "893556838-716.7567759367836DSC5757.JPG", "cover": false}, {"id": 22687015, "subtitle": "Quarto 3", "url": "893556838-900.1720198884929DSC5758.JPG", "cover": false}, {"id": 22687050, "subtitle": "Banheiro do Quarto 3", "url": "893556838-628.038229433967DSC5759.JPG", "cover": false}, {"id": 22687069, "subtitle": "Banheiro do Quarto 3", "url": "893556838-24.243636015736868DSC5760.JPG", "cover": false}, {"id": 22687095, "subtitle": "Banheiro do Quarto 3", "url": "893556838-920.8260865954771DSC5761.JPG", "cover": false}, {"id": 22687105, "subtitle": "Banheiro do Quarto 3", "url": "893556838-469.5575125432839DSC5762.JPG", "cover": false}, {"id": 22687107, "subtitle": "Banheiro", "url": "893556838-518.4925851816321DSC5763.JPG", "cover": false}, {"id": 22687111, "subtitle": "Banheiro", "url": "893556838-732.2041162510741DSC5764.JPG", "cover": false}, {"id": 22687119, "subtitle": "Banheiro", "url": "893556838-199.94911702687114DSC5765.JPG", "cover": false}, {"id": 22687127, "subtitle": "Banheiro", "url": "893556838-433.07663414281825DSC5766.JPG", "cover": false}, {"id": 22687131, "subtitle": "Cozinha", "url": "893556838-469.1196101734072DSC5767.JPG", "cover": false}, {"id": 22687142, "subtitle": "Cozinha", "url": "893556838-72.07200282658022DSC5768.JPG", "cover": false}, {"id": 22687151, "subtitle": "Cozinha", "url": "893556838-64.69553184397925DSC5769.JPG", "cover": false}, {"id": 22687156, "subtitle": "Cozinha", "url": "893556838-172.81231737678826DSC5770.JPG", "cover": false}, {"id": 22687174, "subtitle": "Cozinha", "url": "893556838-972.0056090565203DSC5771.JPG", "cover": false}, {"id": 22687186, "subtitle": "Cozinha", "url": "893556838-26.658408620007013DSC5772.JPG", "cover": false}, {"id": 22687213, "subtitle": "Cozinha", "url": "893556838-19.061187994587DSC5773.JPG", "cover": false}, {"id": 22687244, "subtitle": "\u00c1rea de Servi\u00e7o", "url": "893556838-194.13857152709556DSC5774.JPG", "cover": false}, {"id": 22687265, "subtitle": "\u00c1rea de Servi\u00e7o", "url": "893556838-793.5673730072972DSC5775.JPG", "cover": false}, {"id": 22687284, "subtitle": "\u00c1rea de Servi\u00e7o", "url": "893556838-848.9379645809108DSC5776.JPG", "cover": false}, {"id": 22687308, "subtitle": "\u00c1rea de Servi\u00e7o", "url": "893556838-695.8305561121999DSC5777.JPG", "cover": false}, {"id": 22687324, "subtitle": "\u00c1rea de Servi\u00e7o", "url": "893556838-189.15167784869712DSC5778.JPG", "cover": false}, {"id": 22687343, "subtitle": "Garagem", "url": "893556838-991.4247213321286DSC5780.JPG", "cover": false}, {"id": 22687361, "subtitle": "Garagem", "url": "893556838-138.68744852767344DSC5781.JPG", "cover": false}, {"id": 22687394, "subtitle": "Garagem", "url": "893556838-686.913316703058DSC5782.JPG", "cover": false}, {"id": 22687440, "subtitle": "Fachada", "url": "893556838-620.1669648793588DSC5783.JPG", "cover": false}, {"id": 22687468, "subtitle": "Fachada", "url": "893556838-107.07278917448693DSC5784.JPG", "cover": false}, {"id": 22687478, "subtitle": "Fachada", "url": "893556838-796.626949687519DSC5785.JPG", "cover": false}], "photosCategorizedByRooms": [], "relevantRegions": [], "photospheres": [], "specialConditions": [], "offers": {"closingRate": 0, "shouldHighlightIcon": true, "shouldShowOfferDialog": false, "shouldShowOffers": false, "summary": []}, "status": "suspenso", "showUrlHasBeenCopiedSnackbar": false, "isGalleryModalOpen": false, "error": false, "loaded": true, "loading": false, "loadingCategorizedRooms": false, "selectedMedia": "tenant/HouseMedia/PHOTOS", "video": "", "promotions": [], "condominium": {}, "forRent": true, "forSale": true, "salePrice": 450000, "mortgageFirstInstallment": 0, "listings": [{"imovelId": 893556838, "businessContext": "SALE", "status": "publicado", "firstPublicationDate": "2022-02-17T00:58:57.000+0000", "lastPublicationDate": "2022-02-17T00:58:57.000+0000", "ownership": "STANDARD"}, {"imovelId": 893556838, "businessContext": "RENT", "status": "suspenso", "statusReason": "ContractDraft", "firstPublicationDate": "2022-09-28T20:16:22.000+0000", "lastPublicationDate": "2022-09-28T20:16:22.000+0000", "listingRentModel": {"listingBusinessContextId": 1253342, "rentalAdministrator": "QUINTOANDAR"}, "ownership": "STANDARD"}], "listingTags": [], "businessContext": "", "regionParameters": {"loaded": false, "loading": false, "RENT": {"visitsEnabled": true, "talkToAgentEnabled": false}, "SALE": {"visitsEnabled": true, "talkToAgentEnabled": false}}, "houseAgent": {"isDialogOpen": false, "alreadyOpenedByQueryParam": false}, "tenantServiceFee": 77, "closingStatus": {"loading": false}, "rentalGuarantee": {"minValue": 750, "maxValue": 2250}, "reservationAvailability": null, "isPrimaryMarket": false, "macroRegion": {"id": 2710, "name": "SPO 12"}, "suites": 1, "allowsCustomOffer": false, "displayCustomOfferPreference": true, "houseVisitStatus": "ACCEPT_NEW", "visitStatusReason": null, "visitsUnavailable": false, "isReserved": false, "allowDirectOffer": true, "lastPublishedDate": "2022-09-28T20:16:22.000Z", "listingPublication": "stranded", "rentOnTermination": false, "constructionYear": null, "categories": []}, "markers": {"lat": -23.4675437, "lng": -46.6038837}, "talkToAgent": {"dialog": {"open": false, "questionType": null, "question": ""}, "agentSupport": {}, "error": null, "autoSubmit": false, "loading": false, "submitting": false, "success": false, "hasLoadedAgentInfo": false, "agent": null, "hasLoadedAgentsInRegion": false, "agentsInRegion": null}}}}, "__N_SSP": true}, "page": "/imovel/[houseId]/[[...slug]]", "query": {"houseId": "893556838", "slug": ["alugar", "apartamento-3-quartos-tucuruvi-sao-paulo"]}, "buildId": "gCr3Bg2lYzV9hxZqGibIQ", "runtimeConfig": {"NEXT_PUBLIC_HOME_ADVERTISING_BANNER": "coupon"}, "isFallback": false, "dynamicIds": [61847, 31265, 66435, 77453, 11010, 87356, 60899, 41103, 3232, 33207, 72227, 40072, 96827], "gssp": true, "customServer": true, "appGip": true, "locale": "pt-BR", "locales": ["pt-BR", "es-MX"], "defaultLocale": "pt-BR", "domainLocales": [{"domain": "www.quintoandar.com.br", "defaultLocale": "pt-BR"}, {"domain": "www.benvi.mx", "defaultLocale": "es-MX"}], "scriptLoader": []}