{"props": {"pageProps": {"initialState": {"route": {"locationBeforeTransitions": {"pathname": "/imovel/893505562/alugar/apartamento-2-quartos-vila-amalia-zona-norte-sao-paulo", "search": "", "hash": "", "action": "POP", "query": {}}, "topLevelRouteName": "house details", "businessContext": "RENT", "favoriteListsBusinessContext": "RENT"}, "router": {"location": {"href": "/", "pathname": "/", "search": "", "hash": ""}}, "progress": {"pendingRequests": -1}, "login": {"response": {}, "user": {"isLoggedIn": false, "id": 0, "agentId": 0, "hashId": "", "sessionId": null, "name": "", "email": "", "maskedEmail": "", "jwt": {"app": "", "firebase": ""}, "phone": {"countryCode": "+55", "areaCode": "", "phoneNumber": ""}, "country": "BR", "channel": "", "isPhoneRegistered": false, "acceptWhatsapp": true, "hasDocument": false, "isPartner": false}, "accountForm": {}, "redirectUrl": "", "isRequestOngoing": false}, "captcha": {"token": "", "hasLoadedRemoteConfig": false, "provider": "", "friction": "low", "unavailableCountriesCode": []}, "supportedCities": [], "inAppMessages": {"biomaSurvey": {"isOpen": false, "formId": null, "data": {"opaque": true}}}, "metaData": {"similar_houses_clicked": []}, "appData": {"device": {"type": "desktop", "isSearchEngineCrawler": false}, "experiments": "X-AB-Test=ab_exposed_filter_sale_desktop:1,ab_exposed_filter_sale_v1:1,ab_exposed_filters:1,ab_load_more_v0:-1,ab_new_house_card_v2:0,ab_new_rent_listing_phase2:0,ab_profiling_create_alert_filters:0,ab_scheduling_step_by_step_v1:1,ab_show_floor_sale:0,ab_street_search_retrieval_v1:0"}, "house": {"houseInfo": {"id": "893505562", "displayId": "805562", "bedrooms": 2, "city": "S\u00e3o Paulo", "cityId": 39, "bathrooms": 2, "iptu": 0, "amenities": [{"key": "BANHEIRA_DE_HIDROMASSAGEM", "text": "Banheira", "value": "NAO", "optional": false}, {"key": "BOX", "text": "Box", "value": "SIM", "optional": false}, {"key": "VARANDA", "text": "Varanda", "value": "NAO", "optional": false}, {"key": "PISCINA_PRIVATIVA", "text": "Piscina privativa", "value": "NAO", "optional": false}, {"key": "ARMARIOS_EMBUTIDOS_NO_QUARTO", "text": "Arm\u00e1rios no quarto", "value": "SIM", "optional": false}, {"key": "ARMARIOS_NOS_BANHEIROS", "text": "Arm\u00e1rios no banheiro", "value": "SIM", "optional": false}, {"key": "ARMARIOS_NA_COZINHA", "text": "Arm\u00e1rios na cozinha", "value": "SIM", "optional": false}, {"key": "AR_CONDICIONADO", "text": "Ar condicionado", "value": "NAO", "optional": false}, {"key": "CHUVEIRO_A_GAS", "text": "Chuveiro a g\u00e1s", "value": "NAO", "optional": false}, {"key": "QUARTO_DE_SERVICO", "text": "Quarto de servi\u00e7o", "value": "NAO", "optional": false}, {"key": "BANHEIRO_DE_SERVICO", "text": "Banheiro de servi\u00e7o", "value": "NAO", "optional": false}, {"key": "VARANDA_GOURMET", "text": "Varanda gourmet", "value": "SIM", "optional": false}, {"key": "APARTAMENTO_COBERTURA", "text": "Apartamento cobertura", "value": "SIM", "optional": false}, {"key": "QUARTO_EXTRA_REVERSIVEL", "text": "Quarto extra revers\u00edvel", "value": "NAO", "optional": false}, {"key": "FOGAO_INCLUSO", "text": "Fog\u00e3o", "value": "NAO", "optional": false}, {"key": "GELADEIRA_INCLUSO", "text": "Geladeira", "value": "NAO", "optional": false}, {"key": "BANHEIRO_ADAPTADO", "text": "Banheiro adaptado", "value": "NAO", "optional": false}, {"key": "CLOSET", "text": "Closet", "value": "NAO", "optional": false}, {"key": "COZINHA_AMERICANA", "text": "Cozinha americana", "value": "NAO", "optional": false}, {"key": "MESAS_E_CADEIRAS_DE_ESCRITORIO", "text": "Mesas e cadeiras de escrit\u00f3rio", "value": "NAO", "optional": false}, {"key": "JARDIM", "text": "Jardim", "value": "NAO", "optional": false}, {"key": "QUARTOS_E_CORREDORES_COM_PORTAS_AMPLAS", "text": "Quartos e corredores com portas amplas", "value": "NAO", "optional": false}, {"key": "QUINTAL", "text": "Quintal", "value": "NAO", "optional": false}, {"key": "SOMENTE_UMA_CASA_NO_TERRENO", "text": "Somente uma casa no terreno", "value": "NAO", "optional": false}, {"key": "AREA_DE_SERVICO", "text": "\u00c1rea de servi\u00e7o", "value": "NAO", "optional": false}], "comfortCommodities": [{"key": "BANHEIRA_DE_HIDROMASSAGEM", "text": "Banheira", "value": "NAO", "optional": false}, {"key": "PISCINA_PRIVATIVA", "text": "Piscina privativa", "value": "NAO", "optional": false}, {"key": "AR_CONDICIONADO", "text": "Ar condicionado", "value": "NAO", "optional": false}, {"key": "SOL_DA_MANHA", "text": "Sol da manh\u00e3", "value": "NAO", "optional": false}, {"key": "SOL_DA_TARDE", "text": "Sol da tarde", "value": "NAO", "optional": false}, {"key": "CORTINAS_BLACK_OUT", "text": "Cortinas corta luz", "value": "NAO", "optional": false}, {"key": "CORTINAS_DECORATIVAS", "text": "Cortina transl\u00facida", "value": "NAO", "optional": false}, {"key": "JANELA_ANTI_RUIDO", "text": "Janela anti-ru\u00eddo", "value": "NAO", "optional": false}, {"key": "VENTILADOR_DE_TETO", "text": "Ventilador de teto", "value": "NAO", "optional": false}, {"key": "LUMINOSIDADE_NATURAL", "text": "Janelas grandes", "value": "NAO", "optional": false}, {"key": "VISTA_LIVRE", "text": "Vista livre", "value": "NAO", "optional": false}, {"key": "RUA_SILENCIOSA", "text": "Rua silenciosa", "value": "NAO", "optional": false}], "practicalityCommodities": [{"key": "BOX", "text": "Box", "value": "SIM", "optional": false}, {"key": "ARMARIOS_EMBUTIDOS_NO_QUARTO", "text": "Arm\u00e1rios no quarto", "value": "SIM", "optional": false}, {"key": "ARMARIOS_NOS_BANHEIROS", "text": "Arm\u00e1rios no banheiro", "value": "SIM", "optional": false}, {"key": "ARMARIOS_NA_COZINHA", "text": "Arm\u00e1rios na cozinha", "value": "SIM", "optional": false}, {"key": "CHUVEIRO_A_GAS", "text": "Chuveiro a g\u00e1s", "value": "NAO", "optional": false}, {"key": "FOGAO_INCLUSO", "text": "Fog\u00e3o", "value": "NAO", "optional": false}, {"key": "GELADEIRA_INCLUSO", "text": "Geladeira", "value": "NAO", "optional": false}, {"key": "CHUVEIRO_ELETRICO", "text": "Chuveiro el\u00e9trico", "value": "NAO", "optional": false}, {"key": "MICROONDAS", "text": "Microondas", "value": "NAO", "optional": false}, {"key": "SOFA", "text": "Sof\u00e1", "value": "NAO", "optional": false}, {"key": "MAQUINA_DE_LAVAR", "text": "M\u00e1quina de lavar", "value": "NAO", "optional": false}, {"key": "TANQUE", "text": "Tanque", "value": "NAO", "optional": false}, {"key": "REDE_DE_PROTECAO", "text": "Tela nas janelas", "value": "NAO", "optional": false}, {"key": "VARAL_DE_ROUPAS", "text": "Varal de roupas", "value": "NAO", "optional": false}, {"key": "TOMADAS_NOVAS", "text": "Tomadas 3 pinos", "value": "NAO", "optional": false}, {"key": "TELEVISAO", "text": "Televis\u00e3o", "value": "NAO", "optional": false}, {"key": "MESAS_E_CADEIRAS_DE_JANTAR", "text": "Mesas e cadeiras de jantar", "value": "SIM", "optional": false}, {"key": "CHURRASQUEIRA", "text": "Churrasqueira", "value": "NAO", "optional": false}, {"key": "ACESSO_SEM_DEGRAUS", "text": "Acesso sem degraus", "value": "NAO", "optional": false}, {"key": "COOKTOP", "text": "Fog\u00e3o cooktop", "value": "NAO", "optional": false}, {"key": "UTENSILIOS_DE_COZINHA", "text": "Utens\u00edlios de cozinha", "value": "NAO", "optional": false}, {"key": "CAMA_DE_CASAL", "text": "Cama de casal", "value": "NAO", "optional": false}, {"key": "CAMA_DE_SOLTEIRO", "text": "Cama de solteiro", "value": "NAO", "optional": false}, {"key": "ESPELHO_NO_BANHEIRO", "text": "Espelho no banheiro", "value": "NAO", "optional": false}, {"key": "FECHADURA_ELETRONICA", "text": "Fechadura eletr\u00f4nica", "value": "NAO", "optional": false}, {"key": "ENERGIA", "text": "Energia no im\u00f3vel", "value": "NAO", "optional": false}], "area": 112, "installations": [{"key": "PLAYGROUND", "text": "Playground", "value": "SIM"}, {"key": "PISCINA", "text": "Piscina", "value": "SIM"}, {"key": "CHURRASQUEIRA", "text": "Churrasqueira", "value": "SIM"}, {"key": "QUADRA_ESPORTIVA", "text": "Quadra esportiva", "value": "SIM"}, {"key": "ACADEMIA", "text": "Academia", "value": "SIM"}, {"key": "SALAO_DE_FESTAS", "text": "Sal\u00e3o de festas", "value": "SIM"}, {"key": "SAUNA", "text": "Sauna", "value": "NAO"}, {"key": "LAVANDERIA_NO_PREDIO", "text": "Lavanderia no pr\u00e9dio", "value": "NAO"}, {"key": "GAS_ENCANADO", "text": "G\u00e1s encanado", "value": "NAO"}, {"key": "ESPACO_GOURMET_NA_AREA_COMUM", "text": "Espa\u00e7o gourmet na \u00e1rea comum", "value": "NAO"}, {"key": "BRINQUEDOTECA", "text": "Brinquedoteca", "value": "NAO"}, {"key": "CORRIMAO", "text": "Corrim\u00e3o", "value": "NAO"}, {"key": "PISO_TATIL", "text": "Piso t\u00e1til", "value": "NAO"}, {"key": "RAMPAS_DE_ACESSO", "text": "Rampas de acesso", "value": "NAO"}, {"key": "SALAO_DE_JOGOS", "text": "Sal\u00e3o de jogos", "value": "NAO"}, {"key": "VAGA_DE_GARAGEM_ACESSIVEL", "text": "Vaga de garagem acess\u00edvel", "value": "NAO"}, {"key": "AREA_VERDE", "text": "\u00c1rea verde", "value": "NAO"}, {"key": "Elevador", "value": "NAO"}, {"key": "Porteiro24H", "value": "SIM"}], "rentPrice": 2040, "condoPrice": 595, "condoType": "Normal", "region": {"name": "Vila Am\u00e1lia", "hub": {"loading": "UNSET", "enabled": false, "abSecretariat": false, "isPrimaryMarket": false}, "id": 2544}, "type": "Apartamento", "iptuType": "NaoExiste", "totalCost": 2713, "parkingSpaces": 1, "address": {"street": "Rua Elza Guimar\u00e3es", "neighborhood": "Vila Am\u00e1lia (zona Norte)", "city": "S\u00e3o Paulo", "zipCode": "02618-010", "stateName": "S\u00e3o Paulo", "stateAcronym": "SP", "lat": -23.4686432, "lng": -46.6515067, "countryName": "Brasil", "countryCode": "BR", "country": "Brasil"}, "floor": 4, "homeProtection": 26, "remarks": "OPORTUNIDADE UNICA PORTA FECHADA, ( Itens inclu\u00eddos abaixo para venda)!!! \n\nCooktop;\nMesa de jantar com seis cadeiras;\nForno a g\u00e1s;\nMicroondas;\nSof\u00e1;\nPainel;\nChurrasqueira ( espa\u00e7o gourmet);\nLustres;\nVentiladores de teto ( quartos e sala );\nCloset nos quartos;\nM\u00f3veis planejados ( cozinha e banheiros )...\n\nVoc\u00ea so vai levar seus pertences e n\u00e3o ter\u00e1 que imobilia-lo ...\n\n\nCobertura Duplex\n\nIm\u00f3vel totalmente mobiliado, com qualidade , n\u00e3o vai precisar ter gastos com reformas ou mob\u00edlias, venha conferir !!!\n\nIm\u00f3vel revestido em piso de porcelanatos e nos quartos pisos laminados .\n\nCorrim\u00e3o da escada em alum\u00ednio e a pintura marmorizada\n\nTeto com gesso \n\nPia totalmente de m\u00e1rmore \n\nQuartos ,banheiro e cozinha totalmente embutidos com m\u00f3veis planejados\n\nOBS: 01 vaga para carro ou moto , *ROTATIVA*para venda e para aluguel a partir de janeiro serao disponiveis mais vagas ( tem um estacionamento a 200 metros onde a mensalodade sao de $$ 150,00 )!!!\n\nPredio somente com 4 andares *SEM ELEVADOR*\n\nObs: A partir de 01/2023 o condom\u00ednio come\u00e7ar\u00e1 a ratear o valor da pintura do condom\u00ednio em geral", "furniture": "Em caso de Loca\u00e7\u00e3o permanecem no im\u00f3vel:\n\nCooktop;\nMesa de jantar\nForno a g\u00e1s;\nMicroondas;\nPainel;\nChurrasqueira ( espa\u00e7o gourmet);\nLustres;\nVentiladores de teto ( quartos e sala );\nCloset nos quartos;\nM\u00f3veis planejados ( cozinha e banheiros )...\n\nCaso queira negociar os seguintes moveis:\nMesa de jantar com seis cadeiras;\nSof\u00e1;\nPainel;\nGeladeira.", "acceptsPets": true, "hasFurniture": false, "isNearSubway": false, "placesNearby": [{"name": "Escola Turma do Tintino", "type": "SCHOOL", "slug": "escola-turma-do-tintino-vila-amalia-sao-paulo-sp-brasil"}, {"name": "Col\u00e9gio Estadual Guilherme de Almeida", "type": "SCHOOL", "slug": "colegio-estadual-guilherme-de-almeida-vila-amalia-sao-paulo-sp-brasil"}, {"name": "EMEF Professor Roberto Patr\u00edcio", "type": "SCHOOL", "slug": "emef-professor-roberto-patricio-vila-nova-cachoeirinha-sao-paulo-sp"}, {"name": "Escola Alfredo Gomes", "type": "SCHOOL", "slug": "escola-alfredo-gomes-sao-paulo-sp-brasil"}, {"name": "F\u00e1brica de Cultura Vila Nova Cachoeirinha", "type": "MUSEUM_THEATRE_OR_CONCERT_HALL", "slug": "fabrica-de-cultura-vila-nova-cachoeirinha-vila-nova-cachoeirinha-sao-paulo-sp-brasil"}, {"name": "Pra\u00e7a Francisco Pinto", "type": "PARK_OR_GREEN_AREA", "slug": "praca-francisco-pinto-vila-roque-sao-paulo-sp-brasil"}, {"name": "Pra\u00e7a Ant\u00f4nia Maturano Lago", "type": "PARK_OR_GREEN_AREA", "slug": "praca-antonia-maturano-lago-vila-roque-sao-paulo-sp-brasil"}, {"name": "EMEI Odilio Denys Mal", "type": "SCHOOL", "slug": "emei-odilio-denys-mal-vila-roque-sao-paulo-sp-brasil"}, {"name": "UBS Vila Dion\u00edsia", "type": "HOSPITAL", "slug": "ubs-vila-dionisia-vila-dionisia-sao-paulo-sp-brasil"}, {"name": "Col\u00e9gio Nova Cachoeirinha", "type": "SCHOOL", "slug": "colegio-nova-cachoeirinha-vila-nova-cachoeirinha-sao-paulo-sp-brasil"}, {"name": "EMEF Osvaldo Quirino Sim\u00f5e", "type": "SCHOOL", "slug": "emef-osvaldo-quirino-simoe-vila-dionisia-sao-paulo-sp-brasil"}, {"name": "Escola Estadual Yolando Mallozzi", "type": "SCHOOL", "slug": "escola-estadual-yolando-mallozzi-vila-roque-sao-paulo-sp-brasil"}, {"name": "UBS Dra. Ilza Weltman Hutzler", "type": "HOSPITAL", "slug": "ubs-dra-ilza-weltman-hutzler-vila-roque-sao-paulo-sp-brasil"}, {"name": "Y\u00e1zigi - Ingl\u00eas", "type": "SCHOOL", "slug": "yazigi-ingles-vila-dionisia-sao-paulo-sp"}, {"name": "Universidade Est\u00e1cio", "type": "UNIVERSITY_OR_COLLEGE", "slug": "universidade-estacio-vila-nova-cachoeirinha-sao-paulo-sp-brasil"}, {"name": "Col\u00e9gio Thomas Treglia", "type": "SCHOOL", "slug": "colegio-thomas-treglia-vila-roque-sao-paulo-sp-brasil"}, {"name": "SESI \u2013 Lauzane Paulista", "type": "SCHOOL", "slug": "sesi-lauzane-paulista-sao-paulo-sp"}, {"name": "Colegio Gouveia", "type": "SCHOOL", "slug": "colegio-gouveia-vila-roque-sao-paulo-sp"}, {"name": "Col\u00e9gio Tecla", "type": "SCHOOL", "slug": "colegio-tecla-vila-dionisia-sao-paulo-sp-brasil"}, {"name": "Escola Professora Arlete T. Pizao", "type": "SCHOOL", "slug": "escola-professora-arlete-t-pizao-sao-paulo-sp-brasil"}, {"name": "Col\u00e9gio Arca", "type": "SCHOOL", "slug": "colegio-arca-vila-dionisia-sao-paulo-sp-brasil"}, {"name": "Vip Colegio", "type": "SCHOOL", "slug": "vip-colegio-vila-roque-sao-paulo-sp"}, {"name": "Escola Tito P. da Fonseca", "type": "SCHOOL", "slug": "escola-tito-p-da-fonseca-sao-paulo-sp-brasil"}, {"name": "Col\u00e9gio Piaget", "type": "SCHOOL", "slug": "colegio-piaget-sitio-do-mandaqui-sao-paulo-sp"}, {"name": "Santana Parque Shopping", "type": "SHOPPING_MALL", "slug": "santana-parque-shopping-santana-sao-paulo-sp"}], "availabilityType": "IMMEDIATE", "photos": [{"id": 20766344, "subtitle": "Sala", "url": "893505562-954.0617731786045IMG7235.jpg", "cover": true}, {"id": 20766339, "subtitle": "Sala", "url": "893505562-316.1986340074958IMG7233.jpg", "cover": false}, {"id": 20766340, "subtitle": "Sala", "url": "893505562-134.29872552872934IMG7234.jpg", "cover": false}, {"id": 20766351, "subtitle": "Sala", "url": "893505562-470.74278243297783IMG7236.jpg", "cover": false}, {"id": 20766357, "subtitle": "Sala", "url": "893505562-94.22780988478219IMG7237.jpg", "cover": false}, {"id": 20766360, "subtitle": "Sala", "url": "893505562-230.56926570705483IMG7239.jpg", "cover": false}, {"id": 20766365, "subtitle": "Banheiro ", "url": "893505562-116.5234104785724IMG7241.jpg", "cover": false}, {"id": 20766375, "subtitle": "Banheiro ", "url": "893505562-478.7720725892487IMG7243.jpg", "cover": false}, {"id": 20766379, "subtitle": "Banheiro ", "url": "893505562-332.27344527383707IMG7246.jpg", "cover": false}, {"id": 20766381, "subtitle": "Sala de TV", "url": "893505562-456.51797588771905IMG7250.jpg", "cover": false}, {"id": 20766383, "subtitle": "Sala de TV", "url": "893505562-788.7040555642106IMG7251.jpg", "cover": false}, {"id": 20766386, "subtitle": "Escada", "url": "893505562-502.36689743769404IMG7252.jpg", "cover": false}, {"id": 20766392, "subtitle": "Sala de TV", "url": "893505562-660.7540995837023IMG7253.jpg", "cover": false}, {"id": 20766395, "subtitle": "Sala de TV", "url": "893505562-568.3876925407498IMG7257.jpg", "cover": false}, {"id": 20766397, "subtitle": "Sala de TV", "url": "893505562-48.76561743429952IMG7259.jpg", "cover": false}, {"id": 20766416, "subtitle": "Quarto 1", "url": "893505562-325.06743692854724IMG7204.jpg", "cover": false}, {"id": 20766418, "subtitle": "Quarto 1", "url": "893505562-820.2059215481922IMG7208.jpg", "cover": false}, {"id": 20766423, "subtitle": "Quarto 1", "url": "893505562-68.95519195035249IMG7211.jpg", "cover": false}, {"id": 20766430, "subtitle": "Quarto 1", "url": "893505562-548.6091050359923IMG7212.jpg", "cover": false}, {"id": 20766442, "subtitle": "Quarto 2", "url": "893505562-509.3728925139279IMG7214.jpg", "cover": false}, {"id": 20766449, "subtitle": "Quarto 2", "url": "893505562-156.95035449551364IMG7216.jpg", "cover": false}, {"id": 20766454, "subtitle": "Quarto 2", "url": "893505562-931.4961823274142IMG7217.jpg", "cover": false}, {"id": 20766460, "subtitle": "Quarto 2", "url": "893505562-693.6471190720723IMG7218.jpg", "cover": false}, {"id": 20766462, "subtitle": "Quarto 2", "url": "893505562-762.551698883982IMG7219.jpg", "cover": false}, {"id": 20766467, "subtitle": "Vista ", "url": "893505562-187.77281573278702IMG7220.jpg", "cover": false}, {"id": 20766549, "subtitle": "Banheiro", "url": "893505562-689.7441663680503IMG7278.jpg", "cover": false}, {"id": 20766553, "subtitle": "Banheiro", "url": "893505562-103.45094290531675IMG7280.jpg", "cover": false}, {"id": 20766560, "subtitle": "Banheiro", "url": "893505562-385.2895069656257IMG7282.jpg", "cover": false}, {"id": 20766471, "subtitle": "Cozinha", "url": "893505562-803.7387642134482IMG7223.jpg", "cover": false}, {"id": 20766479, "subtitle": "Cozinha", "url": "893505562-160.63641666720684IMG7224.jpg", "cover": false}, {"id": 20766484, "subtitle": "Cozinha", "url": "893505562-131.22149158818496IMG7225.jpg", "cover": false}, {"id": 20766488, "subtitle": "Cozinha", "url": "893505562-562.6035286791669IMG7226.jpg", "cover": false}, {"id": 20766494, "subtitle": "Cozinha", "url": "893505562-388.70161194358565IMG7227.jpg", "cover": false}, {"id": 20766506, "subtitle": "Cozinha", "url": "893505562-452.00672217889IMG7228.jpg", "cover": false}, {"id": 20766510, "subtitle": "Vista", "url": "893505562-659.4955096450389IMG7230.jpg", "cover": false}, {"id": 20766711, "subtitle": "Varanda", "url": "893505562-639.7859770106501IMG7262.jpg", "cover": false}, {"id": 20766717, "subtitle": "\u00c1rea de Servi\u00e7o", "url": "893505562-871.598755360087IMG7263.jpg", "cover": false}, {"id": 20766724, "subtitle": "\u00c1rea de Servi\u00e7o", "url": "893505562-736.2675918135811IMG7264.jpg", "cover": false}, {"id": 20766727, "subtitle": "Varanda", "url": "893505562-941.1720699874057IMG7265.jpg", "cover": false}, {"id": 20766729, "subtitle": "\u00c1rea Gourmet", "url": "893505562-525.4508529199433IMG7266.jpg", "cover": false}, {"id": 20766733, "subtitle": "Varanda", "url": "893505562-677.589392575702IMG7269.jpg", "cover": false}, {"id": 20766736, "subtitle": "Vista ", "url": "893505562-555.3503565737066IMG7273.jpg", "cover": false}, {"id": 20766739, "subtitle": "Vista ", "url": "893505562-272.6356322123895IMG7274.jpg", "cover": false}, {"id": 20776768, "subtitle": "\u00c1rea comum", "url": "893505562-299.5000998919791893419988978.7597332137871893181923519.9074073183567IMG8991.jfif", "cover": false}, {"id": 20776771, "subtitle": "\u00c1rea comum", "url": "893505562-769.187176106701389349291768.9715754068897893181923411.0154918011304IMG8993.jpg", "cover": false}, {"id": 20776774, "subtitle": "\u00c1rea comum", "url": "893505562-678.882977114669189349291779.623553743166657929173.jpg", "cover": false}, {"id": 20776775, "subtitle": "\u00c1rea comum", "url": "893505562-349.21426133245535893492917110.874332678167387929172.jpg", "cover": false}, {"id": 20776778, "subtitle": "\u00c1rea comum", "url": "893505562-418.6654274147745893492917862.8602259754194893419988306.0649185522470489318192320.138719331233013IMG8995.jfif", "cover": false}, {"id": 20776777, "subtitle": "\u00c1rea comum", "url": "893505562-829.6378805377999893492917248.17953831173068893419988465.6097874930455893181923388.6743191003037IMG9002.jfif", "cover": false}, {"id": 20776770, "subtitle": "Fachada", "url": "893505562-103.2260714740991389349291739.10821976106049893447208569.031871665027421FACHADA.jpg", "cover": false}], "photosCategorizedByRooms": [], "relevantRegions": [], "photospheres": [], "specialConditions": [], "offers": {"closingRate": 0, "shouldHighlightIcon": true, "shouldShowOfferDialog": false, "shouldShowOffers": false, "summary": []}, "status": "publicado", "showUrlHasBeenCopiedSnackbar": false, "isGalleryModalOpen": false, "error": false, "loaded": true, "loading": false, "loadingCategorizedRooms": false, "selectedMedia": "tenant/HouseMedia/PHOTOS", "video": "", "promotions": [], "condominium": {"hashId": "9d37s63o9p", "name": "Vila Nova Life", "slug": "vila-nova-life-vila-amalia-zona-norte-sao-paulo", "address": "R. Elza Guimar\u00e3es"}, "forRent": true, "forSale": true, "salePrice": 425000, "mortgageFirstInstallment": 0, "listings": [{"imovelId": 893505562, "businessContext": "SALE", "status": "publicado", "firstPublicationDate": "2021-12-18T01:37:43.000+0000", "lastPublicationDate": "2021-12-18T01:37:43.000+0000", "ownership": "STANDARD"}, {"imovelId": 893505562, "businessContext": "RENT", "status": "publicado", "firstPublicationDate": "2022-11-17T14:50:12.000+0000", "lastPublicationDate": "2022-11-17T14:50:12.000+0000", "listingRentModel": {"listingBusinessContextId": 1344338, "rentalAdministrator": "QUINTOANDAR"}, "ownership": "STANDARD"}], "listingTags": [], "businessContext": "", "regionParameters": {"loaded": false, "loading": false, "RENT": {"visitsEnabled": true, "talkToAgentEnabled": false}, "SALE": {"visitsEnabled": true, "talkToAgentEnabled": false}}, "houseAgent": {"isDialogOpen": false, "alreadyOpenedByQueryParam": false}, "tenantServiceFee": 52, "closingStatus": {"loading": false}, "rentalGuarantee": {"minValue": 510, "maxValue": 1530}, "reservationAvailability": null, "isPrimaryMarket": false, "macroRegion": {"id": 2760, "name": "SPO09"}, "suites": 0, "allowsCustomOffer": true, "displayCustomOfferPreference": true, "houseVisitStatus": "ACCEPT_NEW", "visitStatusReason": null, "visitsUnavailable": false, "isReserved": false, "allowDirectOffer": true, "lastPublishedDate": "2022-11-17T14:50:12.000Z", "listingPublication": "stranded", "rentOnTermination": false, "constructionYear": null, "categories": []}, "markers": {"lat": -23.4686432, "lng": -46.6515067}, "talkToAgent": {"dialog": {"open": false, "questionType": null, "question": ""}, "agentSupport": {}, "error": null, "autoSubmit": false, "loading": false, "submitting": false, "success": false, "hasLoadedAgentInfo": false, "agent": null, "hasLoadedAgentsInRegion": false, "agentsInRegion": null}}}}, "__N_SSP": true}, "page": "/imovel/[houseId]/[[...slug]]", "query": {"houseId": "893505562", "slug": ["alugar", "apartamento-2-quartos-vila-amalia-zona-norte-sao-paulo"]}, "buildId": "gCr3Bg2lYzV9hxZqGibIQ", "runtimeConfig": {"NEXT_PUBLIC_HOME_ADVERTISING_BANNER": "coupon"}, "isFallback": false, "dynamicIds": [61847, 31265, 66435, 77453, 87356, 60899, 41103, 3232, 33207, 72227, 40072, 39327, 19904, 96827], "gssp": true, "customServer": true, "appGip": true, "locale": "pt-BR", "locales": ["pt-BR", "es-MX"], "defaultLocale": "pt-BR", "domainLocales": [{"domain": "www.quintoandar.com.br", "defaultLocale": "pt-BR"}, {"domain": "www.benvi.mx", "defaultLocale": "es-MX"}], "scriptLoader": []}