{"props": {"pageProps": {"initialState": {"route": {"locationBeforeTransitions": {"pathname": "/imovel/893557767/alugar/apartamento-2-quartos-jardim-paulista-sao-paulo", "search": "", "hash": "", "action": "POP", "query": {}}, "topLevelRouteName": "house details", "businessContext": "RENT", "favoriteListsBusinessContext": "RENT"}, "router": {"location": {"href": "/", "pathname": "/", "search": "", "hash": ""}}, "progress": {"pendingRequests": -1}, "login": {"response": {}, "user": {"isLoggedIn": false, "id": 0, "agentId": 0, "hashId": "", "sessionId": null, "name": "", "email": "", "maskedEmail": "", "jwt": {"app": "", "firebase": ""}, "phone": {"countryCode": "+55", "areaCode": "", "phoneNumber": ""}, "country": "BR", "channel": "", "isPhoneRegistered": false, "acceptWhatsapp": true, "hasDocument": false, "isPartner": false}, "accountForm": {}, "redirectUrl": "", "isRequestOngoing": false}, "captcha": {"token": "", "hasLoadedRemoteConfig": false, "provider": "", "friction": "low", "unavailableCountriesCode": []}, "supportedCities": [], "inAppMessages": {"biomaSurvey": {"isOpen": false, "formId": null, "data": {"opaque": true}}}, "metaData": {"similar_houses_clicked": []}, "appData": {"device": {"type": "desktop", "isSearchEngineCrawler": false}, "experiments": "X-AB-Test=ab_exposed_filter_sale_desktop:1,ab_exposed_filter_sale_v1:1,ab_exposed_filters:1,ab_load_more_v0:-1,ab_new_house_card_v2:0,ab_new_rent_listing_phase2:0,ab_profiling_create_alert_filters:0,ab_scheduling_step_by_step_v1:1,ab_show_floor_sale:0,ab_street_search_retrieval_v1:0"}, "house": {"houseInfo": {"id": "893557767", "displayId": "857767", "bedrooms": 2, "city": "S\u00e3o Paulo", "cityId": 39, "bathrooms": 1, "iptu": 159, "amenities": [{"key": "BANHEIRA_DE_HIDROMASSAGEM", "text": "Banheira", "value": "NAO", "optional": false}, {"key": "BOX", "text": "Box", "value": "SIM", "optional": false}, {"key": "VARANDA", "text": "Varanda", "value": "SIM", "optional": false}, {"key": "PISCINA_PRIVATIVA", "text": "Piscina privativa", "value": "SIM", "optional": false}, {"key": "ARMARIOS_EMBUTIDOS_NO_QUARTO", "text": "Arm\u00e1rios no quarto", "value": "SIM", "optional": false}, {"key": "ARMARIOS_NOS_BANHEIROS", "text": "Arm\u00e1rios no banheiro", "value": "SIM", "optional": false}, {"key": "ARMARIOS_NA_COZINHA", "text": "Arm\u00e1rios na cozinha", "value": "SIM", "optional": false}, {"key": "AR_CONDICIONADO", "text": "Ar condicionado", "value": "NAO", "optional": false}, {"key": "CHUVEIRO_A_GAS", "text": "Chuveiro a g\u00e1s", "value": "SIM", "optional": false}, {"key": "QUARTO_DE_SERVICO", "text": "Quarto de servi\u00e7o", "value": "SIM", "optional": false}, {"key": "BANHEIRO_DE_SERVICO", "text": "Banheiro de servi\u00e7o", "value": "SIM", "optional": false}, {"key": "VARANDA_GOURMET", "text": "Varanda gourmet", "value": "SIM", "optional": false}, {"key": "APARTAMENTO_COBERTURA", "text": "Apartamento cobertura", "value": "NAO", "optional": false}, {"key": "QUARTO_EXTRA_REVERSIVEL", "text": "Quarto extra revers\u00edvel", "value": "SIM", "optional": false}, {"key": "FOGAO_INCLUSO", "text": "Fog\u00e3o", "value": "NAO", "optional": false}, {"key": "GELADEIRA_INCLUSO", "text": "Geladeira", "value": "NAO", "optional": false}, {"key": "BANHEIRO_ADAPTADO", "text": "Banheiro adaptado", "value": "NAO", "optional": false}, {"key": "CLOSET", "text": "Closet", "value": "NAO", "optional": false}, {"key": "COZINHA_AMERICANA", "text": "Cozinha americana", "value": "SIM", "optional": false}, {"key": "MESAS_E_CADEIRAS_DE_ESCRITORIO", "text": "Mesas e cadeiras de escrit\u00f3rio", "value": "NAO", "optional": false}, {"key": "JARDIM", "text": "Jardim", "value": "NAO", "optional": false}, {"key": "QUARTOS_E_CORREDORES_COM_PORTAS_AMPLAS", "text": "Quartos e corredores com portas amplas", "value": "SIM", "optional": false}, {"key": "QUINTAL", "text": "Quintal", "value": "NAO", "optional": false}, {"key": "SOMENTE_UMA_CASA_NO_TERRENO", "text": "Somente uma casa no terreno", "value": "NAO", "optional": false}, {"key": "AREA_DE_SERVICO", "text": "\u00c1rea de servi\u00e7o", "value": "SIM", "optional": false}], "comfortCommodities": [{"key": "BANHEIRA_DE_HIDROMASSAGEM", "text": "Banheira", "value": "NAO", "optional": false}, {"key": "PISCINA_PRIVATIVA", "text": "Piscina privativa", "value": "SIM", "optional": false}, {"key": "AR_CONDICIONADO", "text": "Ar condicionado", "value": "NAO", "optional": false}, {"key": "SOL_DA_MANHA", "text": "Sol da manh\u00e3", "value": "SIM", "optional": false}, {"key": "SOL_DA_TARDE", "text": "Sol da tarde", "value": "SIM", "optional": false}, {"key": "CORTINAS_BLACK_OUT", "text": "Cortinas corta luz", "value": "SIM", "optional": false}, {"key": "CORTINAS_DECORATIVAS", "text": "Cortina transl\u00facida", "value": "SIM", "optional": false}, {"key": "JANELA_ANTI_RUIDO", "text": "Janela anti-ru\u00eddo", "value": "SIM", "optional": false}, {"key": "VENTILADOR_DE_TETO", "text": "Ventilador de teto", "value": "NAO", "optional": false}, {"key": "LUMINOSIDADE_NATURAL", "text": "Janelas grandes", "value": "SIM", "optional": false}, {"key": "VISTA_LIVRE", "text": "Vista livre", "value": "NAO", "optional": false}, {"key": "RUA_SILENCIOSA", "text": "Rua silenciosa", "value": "SIM", "optional": false}], "practicalityCommodities": [{"key": "BOX", "text": "Box", "value": "SIM", "optional": false}, {"key": "ARMARIOS_EMBUTIDOS_NO_QUARTO", "text": "Arm\u00e1rios no quarto", "value": "SIM", "optional": false}, {"key": "ARMARIOS_NOS_BANHEIROS", "text": "Arm\u00e1rios no banheiro", "value": "SIM", "optional": false}, {"key": "ARMARIOS_NA_COZINHA", "text": "Arm\u00e1rios na cozinha", "value": "SIM", "optional": false}, {"key": "CHUVEIRO_A_GAS", "text": "Chuveiro a g\u00e1s", "value": "SIM", "optional": false}, {"key": "FOGAO_INCLUSO", "text": "Fog\u00e3o", "value": "NAO", "optional": false}, {"key": "GELADEIRA_INCLUSO", "text": "Geladeira", "value": "NAO", "optional": false}, {"key": "CHUVEIRO_ELETRICO", "text": "Chuveiro el\u00e9trico", "value": "SIM", "optional": false}, {"key": "MICROONDAS", "text": "Microondas", "value": "NAO", "optional": false}, {"key": "SOFA", "text": "Sof\u00e1", "value": "NAO", "optional": false}, {"key": "MAQUINA_DE_LAVAR", "text": "M\u00e1quina de lavar", "value": "NAO", "optional": false}, {"key": "TANQUE", "text": "Tanque", "value": "SIM", "optional": false}, {"key": "REDE_DE_PROTECAO", "text": "Tela nas janelas", "value": "SIM", "optional": false}, {"key": "VARAL_DE_ROUPAS", "text": "Varal de roupas", "value": "SIM", "optional": false}, {"key": "TOMADAS_NOVAS", "text": "Tomadas 3 pinos", "value": "SIM", "optional": false}, {"key": "TELEVISAO", "text": "Televis\u00e3o", "value": "NAO", "optional": false}, {"key": "MESAS_E_CADEIRAS_DE_JANTAR", "text": "Mesas e cadeiras de jantar", "value": "NAO", "optional": false}, {"key": "CHURRASQUEIRA", "text": "Churrasqueira", "value": "SIM", "optional": false}, {"key": "ACESSO_SEM_DEGRAUS", "text": "Acesso sem degraus", "value": "SIM", "optional": false}, {"key": "COOKTOP", "text": "Fog\u00e3o cooktop", "value": "NAO", "optional": false}, {"key": "UTENSILIOS_DE_COZINHA", "text": "Utens\u00edlios de cozinha", "value": "NAO", "optional": false}, {"key": "CAMA_DE_CASAL", "text": "Cama de casal", "value": "SIM", "optional": false}, {"key": "CAMA_DE_SOLTEIRO", "text": "Cama de solteiro", "value": "SIM", "optional": false}, {"key": "ESPELHO_NO_BANHEIRO", "text": "Espelho no banheiro", "value": "SIM", "optional": false}, {"key": "FECHADURA_ELETRONICA", "text": "Fechadura eletr\u00f4nica", "value": "SIM", "optional": false}, {"key": "ENERGIA", "text": "Energia no im\u00f3vel", "value": "SIM", "optional": false}], "area": 78, "installations": [{"key": "PLAYGROUND", "text": "Playground", "value": "SIM"}, {"key": "PISCINA", "text": "Piscina", "value": "SIM"}, {"key": "CHURRASQUEIRA", "text": "Churrasqueira", "value": "NAO"}, {"key": "QUADRA_ESPORTIVA", "text": "Quadra esportiva", "value": "NAO"}, {"key": "ACADEMIA", "text": "Academia", "value": "SIM"}, {"key": "SALAO_DE_FESTAS", "text": "Sal\u00e3o de festas", "value": "SIM"}, {"key": "SAUNA", "text": "Sauna", "value": "NAO"}, {"key": "LAVANDERIA_NO_PREDIO", "text": "Lavanderia no pr\u00e9dio", "value": "NAO"}, {"key": "GAS_ENCANADO", "text": "G\u00e1s encanado", "value": "SIM"}, {"key": "ESPACO_GOURMET_NA_AREA_COMUM", "text": "Espa\u00e7o gourmet na \u00e1rea comum", "value": "SIM"}, {"key": "BRINQUEDOTECA", "text": "Brinquedoteca", "value": "SIM"}, {"key": "CORRIMAO", "text": "Corrim\u00e3o", "value": "SIM"}, {"key": "PISO_TATIL", "text": "Piso t\u00e1til", "value": "SIM"}, {"key": "RAMPAS_DE_ACESSO", "text": "Rampas de acesso", "value": "SIM"}, {"key": "SALAO_DE_JOGOS", "text": "Sal\u00e3o de jogos", "value": "SIM"}, {"key": "VAGA_DE_GARAGEM_ACESSIVEL", "text": "Vaga de garagem acess\u00edvel", "value": "SIM"}, {"key": "AREA_VERDE", "text": "\u00c1rea verde", "value": "SIM"}, {"key": "Elevador", "value": "SIM"}, {"key": "Porteiro24H", "value": "SIM"}], "rentPrice": 6000, "condoPrice": 900, "condoType": "Normal", "region": {"name": "Para\u00edso", "hub": {"loading": "UNSET", "enabled": false, "abSecretariat": false, "isPrimaryMarket": false}, "id": 1329}, "type": "Apartamento", "iptuType": "Normal", "totalCost": 7291, "parkingSpaces": 1, "address": {"street": "Avenida Brigadeiro Lu\u00eds Ant\u00f4nio", "neighborhood": "Jardim Paulista", "city": "S\u00e3o Paulo", "zipCode": "01401-000", "stateName": "S\u00e3o Paulo", "stateAcronym": "SP", "lat": -23.5713526, "lng": -46.6522627, "countryName": "Brasil", "countryCode": "BR", "country": "Brasil"}, "floor": 6, "homeProtection": 77, "acceptsPets": true, "hasFurniture": false, "isNearSubway": true, "placesNearby": [{"name": "Supletivo e cursos t\u00e9cnicos Inaci", "type": "SCHOOL", "slug": "supletivo-e-cursos-tecnicos-inaci-paraiso-sao-paulo-sp"}, {"name": "Escola Pipoquinha", "type": "SCHOOL", "slug": "escola-pipoquinha-jardim-paulista-sao-paulo-sp"}, {"name": "Escola UNS de Ingl\u00eas", "type": "SCHOOL", "slug": "escola-uns-de-ingles-jardim-paulista-sao-paulo-sp"}, {"name": "Escola do Vinho", "type": "SCHOOL", "slug": "escola-do-vinho-paraiso-sao-paulo-sp"}, {"name": "Escola Kumon", "type": "SCHOOL", "slug": "escola-kumon-jardim-paulista-sao-paulo-sp"}, {"name": "Hospital Total Cor", "type": "HOSPITAL", "slug": "hospital-total-cor-jardim-paulista-sao-paulo-sp"}, {"name": "Escola de Yoga", "type": "SCHOOL", "slug": "escola-de-yoga-paraiso-sao-paulo-sp"}, {"name": "DeRose Method Casa Paulista", "type": "UNIVERSITY_OR_COLLEGE", "slug": "derose-method-casa-paulista-jardim-paulista-sao-paulo-sp"}, {"name": "Col\u00e9gio Winnicott", "type": "SCHOOL", "slug": "colegio-winnicott-jardim-paulista-sao-paulo-sp"}, {"name": "Brigadeiro", "type": "ESTACAO_METRO_OU_TREM", "slug": "estacao-brigadeiro-sao-paulo-sp"}, {"name": "Funda\u00e7\u00e3o Getulio Vargas", "type": "UNIVERSITY_OR_COLLEGE", "slug": "fundacao-getulio-vargas-bela-vista-sao-paulo-sp"}, {"name": "Shopping Veneza", "type": "SHOPPING_MALL", "slug": "shopping-veneza-bela-vista-sao-paulo-sp"}, {"name": "Santa Maria", "type": "HOSPITAL", "slug": "santa-maria-paraiso-sao-paulo-sp"}, {"name": "Escola de idiomas", "type": "SCHOOL", "slug": "escola-de-idiomas-jardim-paulista-sao-paulo-sp"}, {"name": "Escola Dom Ratinho", "type": "SCHOOL", "slug": "escola-dom-ratinho-jardim-paulista-sao-paulo-sp"}, {"name": "Top Center Shopping", "type": "SHOPPING_MALL", "slug": "top-center-shopping-bela-vista-sao-paulo-sp"}, {"name": "Unip", "type": "UNIVERSITY_OR_COLLEGE", "slug": "unip-bela-vista-sao-paulo-sp"}, {"name": "Faculdade C\u00e1sper L\u00edbero", "type": "UNIVERSITY_OR_COLLEGE", "slug": "faculdade-casper-libero-bela-vista-sao-paulo-sp"}, {"name": "Escola Estadual Rodrigues Alves", "type": "SCHOOL", "slug": "escola-estadual-rodrigues-alves-paraiso-sao-paulo-sp"}, {"name": "Boulevard Monti Mare", "type": "SHOPPING_MALL", "slug": "boulevard-monti-mare-bela-vista-sao-paulo-sp"}, {"name": "Pr\u00f3 Matre Paulista", "type": "HOSPITAL", "slug": "pro-matre-paulista-bela-vista-sao-paulo-sp"}, {"name": "C\u00e1sper L\u00edbero", "type": "UNIVERSITY_OR_COLLEGE", "slug": "casper-libero-paulista-sao-paulo-sp"}, {"name": "Ita\u00fa Cultural", "type": "MUSEUM_THEATRE_OR_CONCERT_HALL", "slug": "itau-cultural-bela-vista-sao-paulo-sp"}, {"name": "Objetivo", "type": "SCHOOL", "slug": "objetivo-bela-vista-sao-paulo-sp"}, {"name": "Est\u00e1dio \u00cdcaro de Castro Melo", "type": "STADIUM", "slug": "estadio-\u00edcaro-de-castro-melo-paraiso-sao-paulo-sp"}, {"name": "Escola Santi", "type": "SCHOOL", "slug": "escola-santi-paraiso-sao-paulo-sp"}, {"name": "Japan House", "type": "MUSEUM_THEATRE_OR_CONCERT_HALL", "slug": "japan-house-bela-vista-sao-paulo-sp"}, {"name": "Trianon - Masp", "type": "ESTACAO_METRO_OU_TREM", "slug": "estacao-trianon-masp-sao-paulo-sp"}, {"name": "Docas Carga e Descarga", "type": "SHOPPING_MALL", "slug": "docas-carga-e-descarga-bela-vista-sao-paulo-sp"}, {"name": "Centro Cultural Fiesp", "type": "MUSEUM_THEATRE_OR_CONCERT_HALL", "slug": "centro-cultural-fiesp-jardim-paulista-sao-paulo-sp"}], "availabilityType": "IMMEDIATE", "photos": [{"id": 23414564, "subtitle": null, "url": "893557767-140.15320641942307IMG5522.jpg", "cover": true}, {"id": 23414535, "subtitle": null, "url": "893557767-242.5463506326614IMG5540.jpg", "cover": false}, {"id": 23414539, "subtitle": null, "url": "893557767-324.4014246479795IMG5554.jpg", "cover": false}, {"id": 23414541, "subtitle": null, "url": "893557767-765.9171268866171IMG5541.jpg", "cover": false}, {"id": 23414543, "subtitle": null, "url": "893557767-720.0456738957912IMG5557.jpg", "cover": false}, {"id": 23414544, "subtitle": null, "url": "893557767-218.96096519898356IMG5543.jpg", "cover": false}, {"id": 23414546, "subtitle": null, "url": "893557767-396.7659945527697IMG5542.jpg", "cover": false}, {"id": 23414547, "subtitle": null, "url": "893557767-758.7244897584189IMG5556.jpg", "cover": false}, {"id": 23414549, "subtitle": null, "url": "893557767-769.0183358311237IMG5552.jpg", "cover": false}, {"id": 23414550, "subtitle": null, "url": "893557767-659.8977852749189IMG5547.jpg", "cover": false}, {"id": 23414552, "subtitle": null, "url": "893557767-953.6481815181525IMG5553.jpg", "cover": false}, {"id": 23414553, "subtitle": null, "url": "893557767-493.9870042147493IMG5545.jpg", "cover": false}, {"id": 23414554, "subtitle": null, "url": "893557767-76.1918226668048IMG5551.jpg", "cover": false}, {"id": 23414555, "subtitle": null, "url": "893557767-294.5440007532019IMG5550.jpg", "cover": false}, {"id": 23414557, "subtitle": null, "url": "893557767-347.5863585424821IMG5544.jpg", "cover": false}, {"id": 23414558, "subtitle": null, "url": "893557767-502.41140133273746IMG5523.jpg", "cover": false}, {"id": 23414560, "subtitle": null, "url": "893557767-729.8851868124405IMG5537.jpg", "cover": false}, {"id": 23414562, "subtitle": null, "url": "893557767-780.4203455253067IMG5536.jpg", "cover": false}, {"id": 23414565, "subtitle": null, "url": "893557767-256.9347598448281IMG5534.jpg", "cover": false}, {"id": 23414567, "subtitle": null, "url": "893557767-45.22394866330293IMG5521.jpg", "cover": false}, {"id": 23414568, "subtitle": null, "url": "893557767-278.2895947629522IMG5535.jpg", "cover": false}, {"id": 23414570, "subtitle": null, "url": "893557767-158.23858806662273IMG5531.jpg", "cover": false}, {"id": 23414571, "subtitle": null, "url": "893557767-808.8643304921687IMG5525.jpg", "cover": false}, {"id": 23414572, "subtitle": null, "url": "893557767-184.05459746023521IMG5519.jpg", "cover": false}, {"id": 23414574, "subtitle": null, "url": "893557767-656.483230972608IMG5524.jpg", "cover": false}, {"id": 23414575, "subtitle": null, "url": "893557767-536.3230871606249IMG5530.jpg", "cover": false}, {"id": 23414577, "subtitle": null, "url": "893557767-308.7915618912591IMG5526.jpg", "cover": false}, {"id": 23414578, "subtitle": null, "url": "893557767-461.57530057515226IMG5532.jpg", "cover": false}, {"id": 23414580, "subtitle": null, "url": "893557767-344.17085310856055IMG5527.jpg", "cover": false}, {"id": 23414581, "subtitle": null, "url": "893557767-482.5842136207429IMG5517.jpg", "cover": false}, {"id": 23414582, "subtitle": null, "url": "893557767-721.5383004274022IMG5529.jpg", "cover": false}, {"id": 23414583, "subtitle": null, "url": "893557767-647.1377793074464IMG5528.jpg", "cover": false}, {"id": 23414584, "subtitle": null, "url": "893557767-588.150151087999IMG5539.jpg", "cover": false}, {"id": 23414585, "subtitle": null, "url": "893557767-71.14313902662073IMG5513.jpg", "cover": false}, {"id": 23414586, "subtitle": null, "url": "893557767-698.0076014061107IMG7503.jpg", "cover": false}, {"id": 23414587, "subtitle": null, "url": "893557767-769.1315610985735IMG5560.jpg", "cover": false}, {"id": 23414588, "subtitle": null, "url": "893557767-868.1827478162523IMG5548.jpg", "cover": false}, {"id": 23414589, "subtitle": null, "url": "893557767-94.51643759519679IMG5562.jpg", "cover": false}, {"id": 23414591, "subtitle": null, "url": "893557767-202.46071987955884IMG5563.jpg", "cover": false}, {"id": 23414592, "subtitle": null, "url": "893557767-888.8704534353182IMG5566.jpg", "cover": false}, {"id": 23414593, "subtitle": null, "url": "893557767-793.3291823395513IMG5558.jpg", "cover": false}, {"id": 23414594, "subtitle": null, "url": "893557767-229.43287438536387IMG5559.jpg", "cover": false}, {"id": 23414595, "subtitle": null, "url": "893557767-412.3972927453908IMG5565.jpg", "cover": false}], "photosCategorizedByRooms": [], "relevantRegions": [], "photospheres": [], "specialConditions": ["Exclusivity"], "offers": {"closingRate": 0, "shouldHighlightIcon": true, "shouldShowOfferDialog": false, "shouldShowOffers": false, "summary": []}, "status": "publicado", "showUrlHasBeenCopiedSnackbar": false, "isGalleryModalOpen": false, "error": false, "loaded": true, "loading": false, "loadingCategorizedRooms": false, "selectedMedia": "tenant/HouseMedia/PHOTOS", "video": "", "promotions": [], "condominium": {"hashId": "wdw2s94eod", "name": "Paulista Garden Tower", "slug": "paulista-garden-tower-jardim-paulista-sao-paulo", "address": "Av. Brigadeiro Lu\u00eds Ant\u00f4nio", "constructionYear": 2004}, "forRent": true, "forSale": true, "salePrice": 870000, "mortgageFirstInstallment": 0, "listings": [{"imovelId": 893557767, "businessContext": "SALE", "status": "publicado", "firstPublicationDate": "2022-02-23T04:07:18.000+0000", "lastPublicationDate": "2022-02-23T04:07:18.000+0000", "ownership": "STANDARD"}, {"imovelId": 893557767, "businessContext": "RENT", "status": "publicado", "firstPublicationDate": "2022-09-14T21:45:09.000+0000", "lastPublicationDate": "2022-09-14T21:45:09.000+0000", "listingRentModel": {"listingBusinessContextId": 1238044, "rentalAdministrator": "QUINTOANDAR"}, "ownership": "STANDARD"}], "listingTags": [], "businessContext": "", "regionParameters": {"loaded": false, "loading": false, "RENT": {"visitsEnabled": true, "talkToAgentEnabled": false}, "SALE": {"visitsEnabled": true, "talkToAgentEnabled": false}}, "houseAgent": {"isDialogOpen": false, "alreadyOpenedByQueryParam": false}, "tenantServiceFee": 155, "closingStatus": {"loading": false}, "rentalGuarantee": {"minValue": 1500, "maxValue": 4500}, "reservationAvailability": null, "isPrimaryMarket": false, "macroRegion": {"id": 2737, "name": "SPO 07"}, "suites": 0, "houseVisitStatus": "ACCEPT_NEW", "visitStatusReason": null, "visitsUnavailable": false, "isReserved": false, "allowDirectOffer": true, "lastPublishedDate": "2022-09-14T21:45:09.000Z", "listingPublication": "stranded", "rentOnTermination": false, "constructionYear": 2004, "categories": []}, "markers": {"lat": -23.5713526, "lng": -46.6522627}, "talkToAgent": {"dialog": {"open": false, "questionType": null, "question": ""}, "agentSupport": {}, "error": null, "autoSubmit": false, "loading": false, "submitting": false, "success": false, "hasLoadedAgentInfo": false, "agent": null, "hasLoadedAgentsInRegion": false, "agentsInRegion": null}}}}, "__N_SSP": true}, "page": "/imovel/[houseId]/[[...slug]]", "query": {"houseId": "893557767", "slug": ["alugar", "apartamento-2-quartos-jardim-paulista-sao-paulo"]}, "buildId": "gCr3Bg2lYzV9hxZqGibIQ", "runtimeConfig": {"NEXT_PUBLIC_HOME_ADVERTISING_BANNER": "coupon"}, "isFallback": false, "dynamicIds": [61847, 31265, 66435, 77453, 87356, 60899, 41103, 3232, 33207, 72227, 40072, 39327, 19904, 96827], "gssp": true, "customServer": true, "appGip": true, "locale": "pt-BR", "locales": ["pt-BR", "es-MX"], "defaultLocale": "pt-BR", "domainLocales": [{"domain": "www.quintoandar.com.br", "defaultLocale": "pt-BR"}, {"domain": "www.benvi.mx", "defaultLocale": "es-MX"}], "scriptLoader": []}