{"props": {"pageProps": {"initialState": {"route": {"locationBeforeTransitions": {"pathname": "/imovel/893691399/alugar/apartamento-2-quartos-gopouva-guarulhos", "search": "", "hash": "", "action": "POP", "query": {}}, "topLevelRouteName": "house details", "businessContext": "RENT", "favoriteListsBusinessContext": "RENT"}, "router": {"location": {"href": "/", "pathname": "/", "search": "", "hash": ""}}, "progress": {"pendingRequests": -1}, "login": {"response": {}, "user": {"isLoggedIn": false, "id": 0, "agentId": 0, "hashId": "", "sessionId": null, "name": "", "email": "", "maskedEmail": "", "jwt": {"app": "", "firebase": ""}, "phone": {"countryCode": "+55", "areaCode": "", "phoneNumber": ""}, "country": "BR", "channel": "", "isPhoneRegistered": false, "acceptWhatsapp": true, "hasDocument": false, "isPartner": false}, "accountForm": {}, "redirectUrl": "", "isRequestOngoing": false}, "captcha": {"token": "", "hasLoadedRemoteConfig": false, "provider": "", "friction": "low", "unavailableCountriesCode": []}, "supportedCities": [], "inAppMessages": {"biomaSurvey": {"isOpen": false, "formId": null, "data": {"opaque": true}}}, "metaData": {"similar_houses_clicked": []}, "appData": {"device": {"type": "desktop", "isSearchEngineCrawler": false}, "experiments": "X-AB-Test=ab_exposed_filter_sale_desktop:1,ab_exposed_filter_sale_v1:1,ab_exposed_filters:1,ab_load_more_v0:-1,ab_new_house_card_v2:0,ab_new_rent_listing_phase2:0,ab_profiling_create_alert_filters:0,ab_scheduling_step_by_step_v1:1,ab_show_floor_sale:0,ab_street_search_retrieval_v1:0"}, "house": {"houseInfo": {"id": "893691399", "displayId": "991399", "bedrooms": 2, "city": "Guarulhos", "cityId": 1412, "bathrooms": 1, "iptu": 34, "amenities": [{"key": "BANHEIRA_DE_HIDROMASSAGEM", "text": "Banheira", "value": "NAO", "optional": false}, {"key": "BOX", "text": "Box", "value": "SIM", "optional": false}, {"key": "VARANDA", "text": "Varanda", "value": "NAO", "optional": false}, {"key": "PISCINA_PRIVATIVA", "text": "Piscina privativa", "value": "SIM", "optional": false}, {"key": "ARMARIOS_EMBUTIDOS_NO_QUARTO", "text": "Arm\u00e1rios no quarto", "value": "NAO", "optional": false}, {"key": "ARMARIOS_NOS_BANHEIROS", "text": "Arm\u00e1rios no banheiro", "value": "NAO", "optional": false}, {"key": "ARMARIOS_NA_COZINHA", "text": "Arm\u00e1rios na cozinha", "value": "NAO", "optional": false}, {"key": "AR_CONDICIONADO", "text": "Ar condicionado", "value": "NAO", "optional": false}, {"key": "CHUVEIRO_A_GAS", "text": "Chuveiro a g\u00e1s", "value": "NAO", "optional": false}, {"key": "QUARTO_DE_SERVICO", "text": "Quarto de servi\u00e7o", "value": "SIM", "optional": false}, {"key": "BANHEIRO_DE_SERVICO", "text": "Banheiro de servi\u00e7o", "value": "SIM", "optional": false}, {"key": "VARANDA_GOURMET", "text": "Varanda gourmet", "value": "SIM", "optional": false}, {"key": "APARTAMENTO_COBERTURA", "text": "Apartamento cobertura", "value": "NAO", "optional": false}, {"key": "QUARTO_EXTRA_REVERSIVEL", "text": "Quarto extra revers\u00edvel", "value": "SIM", "optional": false}, {"key": "FOGAO_INCLUSO", "text": "Fog\u00e3o", "value": "NAO", "optional": false}, {"key": "GELADEIRA_INCLUSO", "text": "Geladeira", "value": "SIM", "optional": false}, {"key": "BANHEIRO_ADAPTADO", "text": "Banheiro adaptado", "value": "NAO", "optional": false}, {"key": "CLOSET", "text": "Closet", "value": "NAO", "optional": false}, {"key": "COZINHA_AMERICANA", "text": "Cozinha americana", "value": "NAO", "optional": false}, {"key": "MESAS_E_CADEIRAS_DE_ESCRITORIO", "text": "Mesas e cadeiras de escrit\u00f3rio", "value": "NAO", "optional": false}, {"key": "JARDIM", "text": "Jardim", "value": "NAO", "optional": false}, {"key": "QUARTOS_E_CORREDORES_COM_PORTAS_AMPLAS", "text": "Quartos e corredores com portas amplas", "value": "SIM", "optional": false}, {"key": "QUINTAL", "text": "Quintal", "value": "NAO", "optional": false}, {"key": "SOMENTE_UMA_CASA_NO_TERRENO", "text": "Somente uma casa no terreno", "value": "NAO", "optional": false}, {"key": "AREA_DE_SERVICO", "text": "\u00c1rea de servi\u00e7o", "value": "SIM", "optional": false}], "comfortCommodities": [{"key": "BANHEIRA_DE_HIDROMASSAGEM", "text": "Banheira", "value": "NAO", "optional": false}, {"key": "PISCINA_PRIVATIVA", "text": "Piscina privativa", "value": "SIM", "optional": false}, {"key": "AR_CONDICIONADO", "text": "Ar condicionado", "value": "NAO", "optional": false}, {"key": "SOL_DA_MANHA", "text": "Sol da manh\u00e3", "value": "NAO", "optional": false}, {"key": "SOL_DA_TARDE", "text": "Sol da tarde", "value": "NAO", "optional": false}, {"key": "CORTINAS_BLACK_OUT", "text": "Cortinas corta luz", "value": "SIM", "optional": false}, {"key": "CORTINAS_DECORATIVAS", "text": "Cortina transl\u00facida", "value": "SIM", "optional": false}, {"key": "JANELA_ANTI_RUIDO", "text": "Janela anti-ru\u00eddo", "value": "SIM", "optional": false}, {"key": "VENTILADOR_DE_TETO", "text": "Ventilador de teto", "value": "SIM", "optional": false}, {"key": "LUMINOSIDADE_NATURAL", "text": "Janelas grandes", "value": "NAO", "optional": false}, {"key": "VISTA_LIVRE", "text": "Vista livre", "value": "NAO", "optional": false}, {"key": "RUA_SILENCIOSA", "text": "Rua silenciosa", "value": "SIM", "optional": false}], "practicalityCommodities": [{"key": "BOX", "text": "Box", "value": "SIM", "optional": false}, {"key": "ARMARIOS_EMBUTIDOS_NO_QUARTO", "text": "Arm\u00e1rios no quarto", "value": "NAO", "optional": false}, {"key": "ARMARIOS_NOS_BANHEIROS", "text": "Arm\u00e1rios no banheiro", "value": "NAO", "optional": false}, {"key": "ARMARIOS_NA_COZINHA", "text": "Arm\u00e1rios na cozinha", "value": "NAO", "optional": false}, {"key": "CHUVEIRO_A_GAS", "text": "Chuveiro a g\u00e1s", "value": "NAO", "optional": false}, {"key": "FOGAO_INCLUSO", "text": "Fog\u00e3o", "value": "NAO", "optional": false}, {"key": "GELADEIRA_INCLUSO", "text": "Geladeira", "value": "SIM", "optional": false}, {"key": "CHUVEIRO_ELETRICO", "text": "Chuveiro el\u00e9trico", "value": "SIM", "optional": false}, {"key": "MICROONDAS", "text": "Microondas", "value": "NAO", "optional": false}, {"key": "SOFA", "text": "Sof\u00e1", "value": "NAO", "optional": false}, {"key": "MAQUINA_DE_LAVAR", "text": "M\u00e1quina de lavar", "value": "NAO", "optional": false}, {"key": "TANQUE", "text": "Tanque", "value": "NAO", "optional": false}, {"key": "REDE_DE_PROTECAO", "text": "Tela nas janelas", "value": "SIM", "optional": false}, {"key": "VARAL_DE_ROUPAS", "text": "Varal de roupas", "value": "SIM", "optional": false}, {"key": "TOMADAS_NOVAS", "text": "Tomadas 3 pinos", "value": "SIM", "optional": false}, {"key": "TELEVISAO", "text": "Televis\u00e3o", "value": "NAO", "optional": false}, {"key": "MESAS_E_CADEIRAS_DE_JANTAR", "text": "Mesas e cadeiras de jantar", "value": "NAO", "optional": false}, {"key": "CHURRASQUEIRA", "text": "Churrasqueira", "value": "SIM", "optional": false}, {"key": "ACESSO_SEM_DEGRAUS", "text": "Acesso sem degraus", "value": "SIM", "optional": false}, {"key": "COOKTOP", "text": "Fog\u00e3o cooktop", "value": "NAO", "optional": false}, {"key": "UTENSILIOS_DE_COZINHA", "text": "Utens\u00edlios de cozinha", "value": "NAO", "optional": false}, {"key": "CAMA_DE_CASAL", "text": "Cama de casal", "value": "NAO", "optional": false}, {"key": "CAMA_DE_SOLTEIRO", "text": "Cama de solteiro", "value": "NAO", "optional": false}, {"key": "ESPELHO_NO_BANHEIRO", "text": "Espelho no banheiro", "value": "SIM", "optional": false}, {"key": "FECHADURA_ELETRONICA", "text": "Fechadura eletr\u00f4nica", "value": "SIM", "optional": false}, {"key": "ENERGIA", "text": "Energia no im\u00f3vel", "value": "SIM", "optional": false}], "area": 55, "installations": [{"key": "PLAYGROUND", "text": "Playground", "value": "NAO"}, {"key": "PISCINA", "text": "Piscina", "value": "NAO"}, {"key": "CHURRASQUEIRA", "text": "Churrasqueira", "value": "NAO"}, {"key": "QUADRA_ESPORTIVA", "text": "Quadra esportiva", "value": "SIM"}, {"key": "ACADEMIA", "text": "Academia", "value": "NAO"}, {"key": "SALAO_DE_FESTAS", "text": "Sal\u00e3o de festas", "value": "SIM"}, {"key": "SAUNA", "text": "Sauna", "value": "NAO"}, {"key": "LAVANDERIA_NO_PREDIO", "text": "Lavanderia no pr\u00e9dio", "value": "NAO"}, {"key": "GAS_ENCANADO", "text": "G\u00e1s encanado", "value": "SIM"}, {"key": "ESPACO_GOURMET_NA_AREA_COMUM", "text": "Espa\u00e7o gourmet na \u00e1rea comum", "value": "SIM"}, {"key": "BRINQUEDOTECA", "text": "Brinquedoteca", "value": "NAO"}, {"key": "CORRIMAO", "text": "Corrim\u00e3o", "value": "NAO"}, {"key": "PISO_TATIL", "text": "Piso t\u00e1til", "value": "NAO"}, {"key": "RAMPAS_DE_ACESSO", "text": "Rampas de acesso", "value": "NAO"}, {"key": "SALAO_DE_JOGOS", "text": "Sal\u00e3o de jogos", "value": "NAO"}, {"key": "VAGA_DE_GARAGEM_ACESSIVEL", "text": "Vaga de garagem acess\u00edvel", "value": "NAO"}, {"key": "AREA_VERDE", "text": "\u00c1rea verde", "value": "SIM"}, {"key": "Elevador", "value": "NAO"}, {"key": "Porteiro24H", "value": "SIM"}], "rentPrice": 1275, "condoPrice": 323, "condoType": "Normal", "region": {"name": "Vila Augusta", "hub": {"loading": "UNSET", "enabled": false, "abSecretariat": false, "isPrimaryMarket": false}, "id": 1420}, "type": "Apartamento", "iptuType": "Normal", "totalCost": 1682, "parkingSpaces": 1, "address": {"street": "Rua Nossa Senhora M\u00e3e dos Homens", "neighborhood": "Gopouva", "city": "Guarulhos", "zipCode": "07091-000", "stateName": "S\u00e3o Paulo", "stateAcronym": "SP", "lat": -23.4645937, "lng": -46.5431261, "countryName": "Brasil", "countryCode": "BR", "country": "Brasil"}, "floor": 3, "homeProtection": 17, "acceptsPets": true, "hasFurniture": false, "isNearSubway": false, "placesNearby": [{"name": "Col\u00e9gio Adventista de Gopouva", "type": "SCHOOL", "slug": "colegio-adventista-de-gopouva-gopouva-guarulhos-sp-brasil"}, {"name": "E.P.G. D\u2019Almeida Barbosa", "type": "SCHOOL", "slug": "epg-d\u2019almeida-barbosa-gopouva-guarulhos-sp-brasil"}, {"name": "Col\u00e9gio Vin\u00edcius de Moraes", "type": "SCHOOL", "slug": "colegio-vinicius-de-moraes-gopouva-guarulhos-sp-brasil"}, {"name": "Pra\u00e7a S\u00e3o Judas Tadeu", "type": "PARK_OR_GREEN_AREA", "slug": "praca-sao-judas-tadeu-vila-augusta-guarulhos-sp"}, {"name": "Col\u00e9gio Nossa Senhora das Dores", "type": "SCHOOL", "slug": "colegio-nossa-senhora-das-dores-gopouva-guarulhos-sp-brasil"}, {"name": "Escola Rotary", "type": "SCHOOL", "slug": "escola-rotary-guarulhos-sp-brasil"}, {"name": "Escola Anita Saraceni", "type": "SCHOOL", "slug": "escola-anita-saraceni-guarulhos-sp-brasil"}, {"name": "CEMEG Centro de Especialidades M\u00e9dicas de Guarulhos", "type": "HOSPITAL", "slug": "cemeg-centro-de-especialidades-medicas-de-guarulhos-gopouva-guarulhos-sp-brasil"}, {"name": "Hospital Unimed Guarulhos", "type": "HOSPITAL", "slug": "hospital-unimed-guarulhos-vila-augusta-guarulhos-sp"}, {"name": "Complexo Hospitalar Padre Bento", "type": "HOSPITAL", "slug": "complexo-hospitalar-padre-bento-gopouva-guarulhos-sp-brasil"}, {"name": "Teatro Padre Bento", "type": "MUSEUM_THEATRE_OR_CONCERT_HALL", "slug": "teatro-padre-bento-jardim-tranquilidade-guarulhos-sp"}, {"name": "Escola Clarice Lispector", "type": "SCHOOL", "slug": "escola-clarice-lispector-guarulhos-sp-brasil"}, {"name": "Hospital e Maternidade Guarulhos Notre Dame Interm\u00e9dica", "type": "HOSPITAL", "slug": "hospital-e-maternidade-guarulhos-notre-dame-intermedica-centro-guarulhos-sp-brasil"}, {"name": "Col\u00e9gio Kennedy", "type": "SCHOOL", "slug": "colegio-kennedy-centro-guarulhos-sp-brasil"}, {"name": "Escola Professor Frederico B. Brotero", "type": "SCHOOL", "slug": "escola-professor-frederico-b-brotero-guarulhos-sp-brasil"}, {"name": "Hospital Municipal da Crian\u00e7a e do Adolescente", "type": "HOSPITAL", "slug": "hospital-municipal-da-crianca-e-do-adolescente-centro-guarulhos-sp-brasil"}, {"name": "Escola Estadual Capistrano de Abreu", "type": "SCHOOL", "slug": "escola-estadual-capistrano-de-abreu-centro-guarulhos-sp-brasil"}, {"name": "Universidade Guarulhos (UNG)", "type": "UNIVERSITY_OR_COLLEGE", "slug": "universidade-guarulhos-ung-centro-guarulhos-sp"}, {"name": "Pra\u00e7a Presidente Get\u00falio Vargas", "type": "PARK_OR_GREEN_AREA", "slug": "praca-presidente-getulio-vargas-centro-guarulhos-sp-brasil"}, {"name": "Hospital Carlos Chagas", "type": "HOSPITAL", "slug": "hospital-carlos-chagas-centro-guarulhos-sp"}, {"name": "Faculdade ENIAC", "type": "UNIVERSITY_OR_COLLEGE", "slug": "faculdade-eniac-centro-guarulhos-sp"}, {"name": "Escola Jo\u00e3o C. Soares", "type": "SCHOOL", "slug": "escola-joao-c-soares-guarulhos-sp-brasil"}, {"name": "Pra\u00e7a IV Centen\u00e1rio", "type": "PARK_OR_GREEN_AREA", "slug": "praca-iv-centenario-centro-guarulhos-sp-brasil"}, {"name": "Poli Shopping", "type": "SHOPPING_MALL", "slug": "poli-shopping-centro-guarulhos-sp"}, {"name": "Cl\u00ednica Individuar", "type": "HOSPITAL", "slug": "clinica-individuar-vila-augusta-guarulhos-sp"}, {"name": "Faculdades Integradas Guarulhos", "type": "UNIVERSITY_OR_COLLEGE", "slug": "faculdades-integradas-guarulhos-centro-guarulhos-sp-brasil"}, {"name": "Senac", "type": "UNIVERSITY_OR_COLLEGE", "slug": "senac-vila-miriam-guarulhos-sp"}], "availabilityType": "IMMEDIATE", "photos": [{"id": 27150761, "subtitle": "Sala", "url": "893691399-311.84653113882763IMG7474.JPG", "cover": true}, {"id": 27150762, "subtitle": "Sala", "url": "893691399-261.61214245945297IMG7475.JPG", "cover": false}, {"id": 27150769, "subtitle": "Sala", "url": "893691399-353.5902229799649IMG7476.JPG", "cover": false}, {"id": 27150777, "subtitle": "Sala", "url": "893691399-678.7066434380793IMG7477.JPG", "cover": false}, {"id": 27150783, "subtitle": "Quarto 1", "url": "893691399-206.53927643165594IMG7478.JPG", "cover": false}, {"id": 27150786, "subtitle": "Quarto 1", "url": "893691399-882.9912327469619IMG7479.JPG", "cover": false}, {"id": 27150788, "subtitle": "Quarto 1", "url": "893691399-655.3256010606189IMG7480.JPG", "cover": false}, {"id": 27150790, "subtitle": "Quarto 1", "url": "893691399-978.4035593456989IMG7481.JPG", "cover": false}, {"id": 27150792, "subtitle": "Quarto 1", "url": "893691399-341.46747305557403IMG7482.JPG", "cover": false}, {"id": 27150796, "subtitle": "Quarto 2", "url": "893691399-142.93742831365276IMG7483.JPG", "cover": false}, {"id": 27150803, "subtitle": "Quarto 2", "url": "893691399-371.02296252119237IMG7484.JPG", "cover": false}, {"id": 27150810, "subtitle": "Quarto 2", "url": "893691399-235.49430447030028IMG7485.JPG", "cover": false}, {"id": 27150816, "subtitle": "Quarto 2", "url": "893691399-692.4640250054717IMG7486.JPG", "cover": false}, {"id": 27150822, "subtitle": "Banheiro", "url": "893691399-774.0986223806814IMG7487.JPG", "cover": false}, {"id": 27150826, "subtitle": "Banheiro", "url": "893691399-871.8702154158066IMG7488.JPG", "cover": false}, {"id": 27150842, "subtitle": "Banheiro", "url": "893691399-408.3360439957473IMG7489.JPG", "cover": false}, {"id": 27150855, "subtitle": "Banheiro", "url": "893691399-090-337.80685103513855IMG7490.JPG", "cover": false}, {"id": 27150857, "subtitle": "Cozinha e \u00c1rea de Servi\u00e7o", "url": "893691399-843.144742222246IMG7491.JPG", "cover": false}, {"id": 27150860, "subtitle": "Cozinha e \u00c1rea de Servi\u00e7o", "url": "893691399-513.6938105683442IMG7492.JPG", "cover": false}, {"id": 27150862, "subtitle": "Cozinha e \u00c1rea de Servi\u00e7o", "url": "893691399-57.15358231465151IMG7493.JPG", "cover": false}, {"id": 27150865, "subtitle": "Cozinha e \u00c1rea de Servi\u00e7o", "url": "893691399-676.6052080654547IMG7494.JPG", "cover": false}, {"id": 27150882, "subtitle": null, "url": "893691399-762.1379965084639IMG7495.JPG", "cover": false}], "photosCategorizedByRooms": [], "relevantRegions": [], "photospheres": [], "specialConditions": ["Exclusivity"], "offers": {"closingRate": 0, "shouldHighlightIcon": true, "shouldShowOfferDialog": false, "shouldShowOffers": false, "summary": []}, "status": "publicado", "showUrlHasBeenCopiedSnackbar": false, "isGalleryModalOpen": false, "error": false, "loaded": true, "loading": false, "loadingCategorizedRooms": false, "selectedMedia": "tenant/HouseMedia/PHOTOS", "video": "", "promotions": [], "condominium": {}, "forRent": true, "forSale": true, "salePrice": 240000, "mortgageFirstInstallment": 0, "listings": [{"imovelId": 893691399, "businessContext": "SALE", "status": "publicado", "firstPublicationDate": "2022-06-18T17:58:45.000+0000", "lastPublicationDate": "2022-06-18T17:58:45.000+0000", "ownership": "STANDARD"}, {"imovelId": 893691399, "businessContext": "RENT", "status": "publicado", "firstPublicationDate": "2022-09-29T16:12:55.000+0000", "lastPublicationDate": "2022-09-29T16:12:55.000+0000", "listingRentModel": {"listingBusinessContextId": 1254248, "rentalAdministrator": "QUINTOANDAR"}, "ownership": "STANDARD"}], "listingTags": [], "businessContext": "", "regionParameters": {"loaded": false, "loading": false, "RENT": {"visitsEnabled": true, "talkToAgentEnabled": false}, "SALE": {"visitsEnabled": true, "talkToAgentEnabled": false}}, "houseAgent": {"isDialogOpen": false, "alreadyOpenedByQueryParam": false}, "tenantServiceFee": 33, "closingStatus": {"loading": false}, "rentalGuarantee": {"minValue": 318.75, "maxValue": 956.25}, "reservationAvailability": null, "isPrimaryMarket": false, "macroRegion": {"id": 2747, "name": "GRU 01"}, "suites": 0, "houseVisitStatus": "ACCEPT_NEW", "visitStatusReason": null, "visitsUnavailable": false, "isReserved": false, "allowDirectOffer": true, "lastPublishedDate": "2022-09-29T16:12:55.000Z", "listingPublication": "stranded", "rentOnTermination": false, "constructionYear": null, "categories": []}, "markers": {"lat": -23.4645937, "lng": -46.5431261}, "talkToAgent": {"dialog": {"open": false, "questionType": null, "question": ""}, "agentSupport": {}, "error": null, "autoSubmit": false, "loading": false, "submitting": false, "success": false, "hasLoadedAgentInfo": false, "agent": null, "hasLoadedAgentsInRegion": false, "agentsInRegion": null}}}}, "__N_SSP": true}, "page": "/imovel/[houseId]/[[...slug]]", "query": {"houseId": "893691399", "slug": ["alugar", "apartamento-2-quartos-gopouva-guarulhos"]}, "buildId": "gCr3Bg2lYzV9hxZqGibIQ", "runtimeConfig": {"NEXT_PUBLIC_HOME_ADVERTISING_BANNER": "coupon"}, "isFallback": false, "dynamicIds": [61847, 31265, 66435, 77453, 87356, 60899, 41103, 3232, 33207, 72227, 40072, 39327, 19904, 96827], "gssp": true, "customServer": true, "appGip": true, "locale": "pt-BR", "locales": ["pt-BR", "es-MX"], "defaultLocale": "pt-BR", "domainLocales": [{"domain": "www.quintoandar.com.br", "defaultLocale": "pt-BR"}, {"domain": "www.benvi.mx", "defaultLocale": "es-MX"}], "scriptLoader": []}