{"props": {"pageProps": {"initialState": {"route": {"locationBeforeTransitions": {"pathname": "/imovel/893692907/alugar/casa-3-quartos-maranhao-sao-paulo", "search": "", "hash": "", "action": "POP", "query": {}}, "topLevelRouteName": "house details", "businessContext": "RENT", "favoriteListsBusinessContext": "RENT"}, "router": {"location": {"href": "/", "pathname": "/", "search": "", "hash": ""}}, "progress": {"pendingRequests": -1}, "login": {"response": {}, "user": {"isLoggedIn": false, "id": 0, "agentId": 0, "hashId": "", "sessionId": null, "name": "", "email": "", "maskedEmail": "", "jwt": {"app": "", "firebase": ""}, "phone": {"countryCode": "+55", "areaCode": "", "phoneNumber": ""}, "country": "BR", "channel": "", "isPhoneRegistered": false, "acceptWhatsapp": true, "hasDocument": false, "isPartner": false}, "accountForm": {}, "redirectUrl": "", "isRequestOngoing": false}, "captcha": {"token": "", "hasLoadedRemoteConfig": false, "provider": "", "friction": "low", "unavailableCountriesCode": []}, "supportedCities": [], "inAppMessages": {"biomaSurvey": {"isOpen": false, "formId": null, "data": {"opaque": true}}}, "metaData": {"similar_houses_clicked": []}, "appData": {"device": {"type": "desktop", "isSearchEngineCrawler": false}, "experiments": "X-AB-Test=ab_exposed_filter_sale_desktop:1,ab_exposed_filter_sale_v1:1,ab_exposed_filters:1,ab_load_more_v0:-1,ab_new_house_card_v2:0,ab_new_rent_listing_phase2:0,ab_profiling_create_alert_filters:0,ab_scheduling_step_by_step_v1:1,ab_show_floor_sale:0,ab_street_search_retrieval_v1:0"}, "house": {"houseInfo": {"id": "893692907", "displayId": "992907", "bedrooms": 3, "city": "S\u00e3o Paulo", "cityId": 39, "bathrooms": 3, "iptu": 262, "amenities": [{"key": "BANHEIRA_DE_HIDROMASSAGEM", "text": "Banheira", "value": "NAO", "optional": false}, {"key": "BOX", "text": "Box", "value": "SIM", "optional": false}, {"key": "VARANDA", "text": "Varanda", "value": "NAO", "optional": false}, {"key": "PISCINA_PRIVATIVA", "text": "Piscina privativa", "value": "NAO", "optional": false}, {"key": "ARMARIOS_EMBUTIDOS_NO_QUARTO", "text": "Arm\u00e1rios no quarto", "value": "NAO", "optional": false}, {"key": "ARMARIOS_NOS_BANHEIROS", "text": "Arm\u00e1rios no banheiro", "value": "NAO", "optional": false}, {"key": "ARMARIOS_NA_COZINHA", "text": "Arm\u00e1rios na cozinha", "value": "NAO", "optional": false}, {"key": "AR_CONDICIONADO", "text": "Ar condicionado", "value": "NAO", "optional": false}, {"key": "CHUVEIRO_A_GAS", "text": "Chuveiro a g\u00e1s", "value": "NAO", "optional": false}, {"key": "QUARTO_DE_SERVICO", "text": "Quarto de servi\u00e7o", "value": "SIM", "optional": false}, {"key": "BANHEIRO_DE_SERVICO", "text": "Banheiro de servi\u00e7o", "value": "SIM", "optional": false}, {"key": "VARANDA_GOURMET", "text": "Varanda gourmet", "value": "SIM", "optional": false}, {"key": "APARTAMENTO_COBERTURA", "text": "Apartamento cobertura", "value": "NAO", "optional": false}, {"key": "QUARTO_EXTRA_REVERSIVEL", "text": "Quarto extra revers\u00edvel", "value": "SIM", "optional": false}, {"key": "FOGAO_INCLUSO", "text": "Fog\u00e3o", "value": "NAO", "optional": false}, {"key": "GELADEIRA_INCLUSO", "text": "Geladeira", "value": "NAO", "optional": false}, {"key": "BANHEIRO_ADAPTADO", "text": "Banheiro adaptado", "value": "NAO", "optional": false}, {"key": "CLOSET", "text": "Closet", "value": "NAO", "optional": false}, {"key": "COZINHA_AMERICANA", "text": "Cozinha americana", "value": "NAO", "optional": false}, {"key": "MESAS_E_CADEIRAS_DE_ESCRITORIO", "text": "Mesas e cadeiras de escrit\u00f3rio", "value": "NAO", "optional": false}, {"key": "JARDIM", "text": "Jardim", "value": "NAO", "optional": false}, {"key": "QUARTOS_E_CORREDORES_COM_PORTAS_AMPLAS", "text": "Quartos e corredores com portas amplas", "value": "NAO", "optional": false}, {"key": "QUINTAL", "text": "Quintal", "value": "SIM", "optional": false}, {"key": "SOMENTE_UMA_CASA_NO_TERRENO", "text": "Somente uma casa no terreno", "value": "NAO", "optional": false}, {"key": "AREA_DE_SERVICO", "text": "\u00c1rea de servi\u00e7o", "value": "SIM", "optional": false}], "comfortCommodities": [{"key": "BANHEIRA_DE_HIDROMASSAGEM", "text": "Banheira", "value": "NAO", "optional": false}, {"key": "PISCINA_PRIVATIVA", "text": "Piscina privativa", "value": "NAO", "optional": false}, {"key": "AR_CONDICIONADO", "text": "Ar condicionado", "value": "NAO", "optional": false}, {"key": "SOL_DA_MANHA", "text": "Sol da manh\u00e3", "value": "SIM", "optional": false}, {"key": "SOL_DA_TARDE", "text": "Sol da tarde", "value": "SIM", "optional": false}, {"key": "CORTINAS_BLACK_OUT", "text": "Cortinas corta luz", "value": "SIM", "optional": false}, {"key": "CORTINAS_DECORATIVAS", "text": "Cortina transl\u00facida", "value": "SIM", "optional": false}, {"key": "JANELA_ANTI_RUIDO", "text": "Janela anti-ru\u00eddo", "value": "SIM", "optional": false}, {"key": "VENTILADOR_DE_TETO", "text": "Ventilador de teto", "value": "NAO", "optional": false}, {"key": "LUMINOSIDADE_NATURAL", "text": "Janelas grandes", "value": "NAO", "optional": false}, {"key": "VISTA_LIVRE", "text": "Vista livre", "value": "NAO", "optional": false}, {"key": "RUA_SILENCIOSA", "text": "Rua silenciosa", "value": "SIM", "optional": false}], "practicalityCommodities": [{"key": "BOX", "text": "Box", "value": "SIM", "optional": false}, {"key": "ARMARIOS_EMBUTIDOS_NO_QUARTO", "text": "Arm\u00e1rios no quarto", "value": "NAO", "optional": false}, {"key": "ARMARIOS_NOS_BANHEIROS", "text": "Arm\u00e1rios no banheiro", "value": "NAO", "optional": false}, {"key": "ARMARIOS_NA_COZINHA", "text": "Arm\u00e1rios na cozinha", "value": "NAO", "optional": false}, {"key": "CHUVEIRO_A_GAS", "text": "Chuveiro a g\u00e1s", "value": "NAO", "optional": false}, {"key": "FOGAO_INCLUSO", "text": "Fog\u00e3o", "value": "NAO", "optional": false}, {"key": "GELADEIRA_INCLUSO", "text": "Geladeira", "value": "NAO", "optional": false}, {"key": "CHUVEIRO_ELETRICO", "text": "Chuveiro el\u00e9trico", "value": "SIM", "optional": false}, {"key": "MICROONDAS", "text": "Microondas", "value": "NAO", "optional": false}, {"key": "SOFA", "text": "Sof\u00e1", "value": "NAO", "optional": false}, {"key": "MAQUINA_DE_LAVAR", "text": "M\u00e1quina de lavar", "value": "NAO", "optional": false}, {"key": "TANQUE", "text": "Tanque", "value": "SIM", "optional": false}, {"key": "REDE_DE_PROTECAO", "text": "Tela nas janelas", "value": "SIM", "optional": false}, {"key": "VARAL_DE_ROUPAS", "text": "Varal de roupas", "value": "SIM", "optional": false}, {"key": "TOMADAS_NOVAS", "text": "Tomadas 3 pinos", "value": "SIM", "optional": false}, {"key": "TELEVISAO", "text": "Televis\u00e3o", "value": "NAO", "optional": false}, {"key": "MESAS_E_CADEIRAS_DE_JANTAR", "text": "Mesas e cadeiras de jantar", "value": "NAO", "optional": false}, {"key": "CHURRASQUEIRA", "text": "Churrasqueira", "value": "SIM", "optional": false}, {"key": "ACESSO_SEM_DEGRAUS", "text": "Acesso sem degraus", "value": "SIM", "optional": false}, {"key": "COOKTOP", "text": "Fog\u00e3o cooktop", "value": "NAO", "optional": false}, {"key": "UTENSILIOS_DE_COZINHA", "text": "Utens\u00edlios de cozinha", "value": "NAO", "optional": false}, {"key": "CAMA_DE_CASAL", "text": "Cama de casal", "value": "NAO", "optional": false}, {"key": "CAMA_DE_SOLTEIRO", "text": "Cama de solteiro", "value": "NAO", "optional": false}, {"key": "ESPELHO_NO_BANHEIRO", "text": "Espelho no banheiro", "value": "SIM", "optional": false}, {"key": "FECHADURA_ELETRONICA", "text": "Fechadura eletr\u00f4nica", "value": "SIM", "optional": false}, {"key": "ENERGIA", "text": "Energia no im\u00f3vel", "value": "SIM", "optional": false}], "area": 240, "installations": [{"key": "PLAYGROUND", "text": "Playground", "value": "NAO"}, {"key": "PISCINA", "text": "Piscina", "value": "NAO"}, {"key": "CHURRASQUEIRA", "text": "Churrasqueira", "value": "NAO"}, {"key": "QUADRA_ESPORTIVA", "text": "Quadra esportiva", "value": "NAO"}, {"key": "ACADEMIA", "text": "Academia", "value": "NAO"}, {"key": "SALAO_DE_FESTAS", "text": "Sal\u00e3o de festas", "value": "NAO"}, {"key": "SAUNA", "text": "Sauna", "value": "NAO"}, {"key": "LAVANDERIA_NO_PREDIO", "text": "Lavanderia no pr\u00e9dio", "value": "NAO"}, {"key": "GAS_ENCANADO", "text": "G\u00e1s encanado", "value": "SIM"}, {"key": "ESPACO_GOURMET_NA_AREA_COMUM", "text": "Espa\u00e7o gourmet na \u00e1rea comum", "value": "SIM"}, {"key": "BRINQUEDOTECA", "text": "Brinquedoteca", "value": "NAO"}, {"key": "CORRIMAO", "text": "Corrim\u00e3o", "value": "NAO"}, {"key": "PISO_TATIL", "text": "Piso t\u00e1til", "value": "NAO"}, {"key": "RAMPAS_DE_ACESSO", "text": "Rampas de acesso", "value": "NAO"}, {"key": "SALAO_DE_JOGOS", "text": "Sal\u00e3o de jogos", "value": "NAO"}, {"key": "VAGA_DE_GARAGEM_ACESSIVEL", "text": "Vaga de garagem acess\u00edvel", "value": "NAO"}, {"key": "AREA_VERDE", "text": "\u00c1rea verde", "value": "NAO"}, {"key": "Elevador", "value": "NAO"}, {"key": "Porteiro24H", "value": "NAO"}], "rentPrice": 3375, "condoPrice": 0, "condoType": "NaoExiste", "region": {"name": "Tatuap\u00e9", "hub": {"loading": "UNSET", "enabled": false, "abSecretariat": false, "isPrimaryMarket": false}, "id": 1304}, "type": "Casa", "iptuType": "Normal", "totalCost": 3780, "parkingSpaces": 3, "address": {"street": "Rua Toledo Piza", "neighborhood": "Maranh\u00e3o", "city": "S\u00e3o Paulo", "zipCode": "03072-050", "stateName": "S\u00e3o Paulo", "stateAcronym": "SP", "lat": -23.5341318, "lng": -46.5553328, "countryName": "Brasil", "countryCode": "BR", "country": "Brasil"}, "homeProtection": 56, "remarks": "CASA TERREA NO TATUAP\u00c9! 3DORM, 3VAGAS, 3CS, 1 ED\u00cdCULAS, TERRA\u00c7O COM QUARTO DE SERVI\u00c7O,QUINTAL. TERRENO 8X30 ! SALA E COZINHA GRANDE.\n\u00c9 bem localizado, pr\u00f3ximo a pontos de interesse de TATUAP\u00c9. FICA A 900 M DA ESTA\u00c7\u00c3O CARR\u00c3O DO METR\u00d4, 500 M DA UNIVERSIDADE (UNICID,)COL\u00c9GIO MENDEL EXATO ESPIRITO SANTO,E 400 M DA RUA ANT\u00d4NIO DE BARROS (RUA C/OS PRINCIPAIS COMERCIOS, BANCOS, FARM\u00c1CIA, CORREIO, MERCADO, LOT\u00c9RICA, LOJAS , ETC).F\u00c1CIL ACESSO A TRANSPORTE P\u00da[LINK_REMOVIDO]\u00c7O DE OPORTUNIDADE! AGENDE UMA VISITA.", "furniture": "Imovel esta com armarios na cozinha.", "acceptsPets": true, "hasFurniture": false, "isNearSubway": false, "placesNearby": [{"name": "Fatec Tatuap\u00e9 - Victor Civita", "type": "UNIVERSITY_OR_COLLEGE", "slug": "fatec-tatuape-victor-civita-tatuape-sao-paulo-sp"}, {"name": "Terminal Aricanduva", "type": "BUS_TERMINAL_STATION", "slug": "terminal-aricanduva-penha-de-franca-sao-paulo-sp"}, {"name": "Col\u00e9gio Objetivo Penha", "type": "SCHOOL", "slug": "colegio-objetivo-penha-penha-de-franca-sao-paulo-sp-brasil"}, {"name": "Zoopaloo Buffet", "type": "MUSEUM_THEATRE_OR_CONCERT_HALL", "slug": "zoopaloo-buffet-tatuape-sao-paulo-sp"}, {"name": "Hospital Tatuap\u00e9", "type": "HOSPITAL", "slug": "hospital-tatuape-tatuape-sao-paulo-sp"}, {"name": "Senai", "type": "UNIVERSITY_OR_COLLEGE", "slug": "senai-tatuape-sao-paulo-sp"}, {"name": "Shopping Center Penha", "type": "SHOPPING_MALL", "slug": "shopping-center-penha-penha-de-franca-sao-paulo-sp-brasil"}, {"name": "Parque S\u00e3o Jorge", "type": "STADIUM", "slug": "parque-sao-jorge-parque-sao-jorge-sao-paulo-sp"}, {"name": "Moviecon Penha", "type": "MUSEUM_THEATRE_OR_CONCERT_HALL", "slug": "moviecon-penha-penha-de-franca-sao-paulo-sp"}, {"name": "Espa\u00e7o Cultural Tatuap\u00e9", "type": "UNIVERSITY_OR_COLLEGE", "slug": "espaco-cultural-tatuape-tatuape-sao-paulo-sp"}, {"name": "Col\u00e9gio Estadual Nossa Senhora da Penha", "type": "SCHOOL", "slug": "colegio-estadual-nossa-senhora-da-penha-penha-de-franca-sao-paulo-sp-brasil"}, {"name": "Est\u00e1dio Parque S\u00e3o Jorge", "type": "STADIUM", "slug": "estadio-parque-sao-jorge-vila-moreira-sao-paulo-sp"}, {"name": "Col\u00e9gio Esperanto", "type": "SCHOOL", "slug": "colegio-esperanto-tatuape-sao-paulo-sp"}, {"name": "Col\u00e9gio Agostiniano Mendel", "type": "SCHOOL", "slug": "colegio-agostiniano-mendel-tatuape-sao-paulo-sp"}, {"name": "ETEC Professor Apr\u00edgio Gonzaga", "type": "SCHOOL", "slug": "etec-professor-aprigio-gonzaga-penha-de-franca-sao-paulo-sp"}, {"name": "Pra\u00e7a Alice Gon\u00e7alves", "type": "PARK_OR_GREEN_AREA", "slug": "praca-alice-goncalves-tatuape-sao-paulo-sp"}, {"name": "Escola Estadual Profa. Marisa de Melo", "type": "SCHOOL", "slug": "escola-estadual-profa-marisa-de-melo-vila-aricanduva-sao-paulo-sp-brasil"}], "availabilityType": "IMMEDIATE", "photos": [{"id": 33937915, "subtitle": "Sala", "url": "893692907-781.6632284299262DSC6085.jpg", "cover": true}, {"id": 33937916, "subtitle": "Sala", "url": "893692907-501.4838802253988DSC6086.jpg", "cover": false}, {"id": 33937917, "subtitle": "Sala", "url": "893692907-233.07508556384104DSC6087.jpg", "cover": false}, {"id": 33937918, "subtitle": "Vista da sala", "url": "893692907-471.9675461916277DSC6088.jpg", "cover": false}, {"id": 33937919, "subtitle": "Quarto 01", "url": "893692907-251.22685007703993DSC6089.jpg", "cover": false}, {"id": 33937920, "subtitle": "Quarto 01", "url": "893692907-728.8235099831069DSC6090.jpg", "cover": false}, {"id": 33937922, "subtitle": "Quarto 01", "url": "893692907-574.4841168676134DSC6091.jpg", "cover": false}, {"id": 33937923, "subtitle": "Vista do quarto 01", "url": "893692907-22.703689098168113DSC6092.jpg", "cover": false}, {"id": 33937935, "subtitle": "Quarto 02", "url": "893692907-285.4519268699444DSC6098.jpg", "cover": false}, {"id": 33937938, "subtitle": "Quarto 02", "url": "893692907-152.65870732583465DSC6099.jpg", "cover": false}, {"id": 33937940, "subtitle": "Quarto 02", "url": "893692907-242.32156722407038DSC6100.jpg", "cover": false}, {"id": 33937943, "subtitle": "Vista do quarto 02", "url": "893692907-915.2325475552982DSC6101.jpg", "cover": false}, {"id": 33937946, "subtitle": "Quarto 03", "url": "893692907-285.62399036355515DSC6102.jpg", "cover": false}, {"id": 33937948, "subtitle": "Quarto 03", "url": "893692907-570.9048734890494DSC6103.jpg", "cover": false}, {"id": 33937950, "subtitle": "Quarto 03", "url": "893692907-106.14791539040702DSC6104.jpg", "cover": false}, {"id": 33937952, "subtitle": "Vista do quarto 03", "url": "893692907-337.6911307127232DSC6105.jpg", "cover": false}, {"id": 33938093, "subtitle": "Banheiro social 01", "url": "893692907-147.63114887605911DSC6093.jpg", "cover": false}, {"id": 33938096, "subtitle": "Banheiro social 01", "url": "893692907-957.3647249626564DSC6094.jpg", "cover": false}, {"id": 33938100, "subtitle": "Banheiro social 01", "url": "893692907-157.96376175152525DSC6095.jpg", "cover": false}, {"id": 33938103, "subtitle": "Chuveiro", "url": "893692907-219.01416049298794DSC6096.jpg", "cover": false}, {"id": 33938105, "subtitle": "Pia", "url": "893692907-956.9591694538833DSC6097.jpg", "cover": false}, {"id": 33938107, "subtitle": "Banheiro social 02", "url": "893692907-361.6882203391982DSC6106.jpg", "cover": false}, {"id": 33938108, "subtitle": "Banheiro social 02", "url": "893692907-699.0514738595717DSC6107.jpg", "cover": false}, {"id": 33938109, "subtitle": "Chuveiro", "url": "893692907-135.48923578086792DSC6108.jpg", "cover": false}, {"id": 33938111, "subtitle": "Pia", "url": "893692907-88.91995846190004DSC6109.jpg", "cover": false}, {"id": 33938166, "subtitle": "Quintal", "url": "893692907-222.84698427064853DSC6110.jpg", "cover": false}, {"id": 33938168, "subtitle": "Quintal", "url": "893692907-498.93717448412366DSC6111.jpg", "cover": false}, {"id": 33938169, "subtitle": "Edicola", "url": "893692907-459.914865142012DSC6112.jpg", "cover": false}, {"id": 33938170, "subtitle": "Edicola", "url": "893692907-674.2903247068068DSC6113.jpg", "cover": false}, {"id": 33938172, "subtitle": "Edicola", "url": "893692907-108.74414834949152DSC6114.jpg", "cover": false}, {"id": 33938174, "subtitle": "Cozinha da edicola", "url": "893692907-625.3486035488193DSC6115.jpg", "cover": false}, {"id": 33938176, "subtitle": "Cozinha da edicola", "url": "893692907-916.904582222947DSC6116.jpg", "cover": false}, {"id": 33938177, "subtitle": "Cozinha da edicola", "url": "893692907-681.8057710962177DSC6117.jpg", "cover": false}, {"id": 33938178, "subtitle": "Banheiro de servi\u00e7o", "url": "893692907-200.2309035045776DSC6118.jpg", "cover": false}, {"id": 33938180, "subtitle": "Terra\u00e7o", "url": "893692907-925.1235467063025DSC6119.jpg", "cover": false}, {"id": 33938181, "subtitle": "Terra\u00e7o", "url": "893692907-858.9655990527937DSC6120.jpg", "cover": false}, {"id": 33938183, "subtitle": "Terra\u00e7o", "url": "893692907-844.8914599389772DSC6121.jpg", "cover": false}, {"id": 33938184, "subtitle": "Quarto de servi\u00e7o", "url": "893692907-643.7247015437929DSC6122.jpg", "cover": false}, {"id": 33938187, "subtitle": "Quintal", "url": "893692907-267.70674126089267DSC6123.jpg", "cover": false}, {"id": 33938188, "subtitle": "Quintal", "url": "893692907-940.7646966590366DSC6124.jpg", "cover": false}, {"id": 33938190, "subtitle": "Quintal", "url": "893692907-448.25792904195816DSC6125.jpg", "cover": false}, {"id": 33938191, "subtitle": "Quintal", "url": "893692907-872.8518458378281DSC6126.jpg", "cover": false}, {"id": 33938274, "subtitle": "Quintal", "url": "893692907-219.05736630580864DSC6127.jpg", "cover": false}, {"id": 33938283, "subtitle": "Garagem", "url": "893692907-226.44217682976318DSC6128.jpg", "cover": false}, {"id": 33938284, "subtitle": "Garagem", "url": "893692907-581.4327674170206DSC6129.jpg", "cover": false}, {"id": 33938285, "subtitle": "Garagem", "url": "893692907-225.62316501604207DSC6130.jpg", "cover": false}, {"id": 33938286, "subtitle": "Fachada", "url": "893692907-636.9554581772076DSC6131.jpg", "cover": false}], "photosCategorizedByRooms": [], "relevantRegions": [], "photospheres": [], "specialConditions": ["Exclusivity"], "offers": {"closingRate": 0, "shouldHighlightIcon": true, "shouldShowOfferDialog": false, "shouldShowOffers": false, "summary": []}, "status": "publicado", "showUrlHasBeenCopiedSnackbar": false, "isGalleryModalOpen": false, "error": false, "loaded": true, "loading": false, "loadingCategorizedRooms": false, "selectedMedia": "tenant/HouseMedia/PHOTOS", "video": "", "promotions": [], "condominium": {}, "forRent": true, "forSale": true, "salePrice": 750000, "mortgageFirstInstallment": 0, "listings": [{"imovelId": 893692907, "businessContext": "RENT", "status": "publicado", "firstPublicationDate": "2023-01-23T18:21:41.000+0000", "lastPublicationDate": "2023-01-23T18:21:41.000+0000", "listingRentModel": {"listingBusinessContextId": 1432698, "rentalAdministrator": "QUINTOANDAR"}, "ownership": "STANDARD"}, {"imovelId": 893692907, "businessContext": "SALE", "status": "publicado", "firstPublicationDate": "2023-01-07T19:02:15.000+0000", "lastPublicationDate": "2023-01-07T19:02:15.000+0000", "ownership": "STANDARD"}], "listingTags": [], "businessContext": "", "regionParameters": {"loaded": false, "loading": false, "RENT": {"visitsEnabled": true, "talkToAgentEnabled": false}, "SALE": {"visitsEnabled": true, "talkToAgentEnabled": false}}, "houseAgent": {"isDialogOpen": false, "alreadyOpenedByQueryParam": false}, "tenantServiceFee": 87, "closingStatus": {"loading": false}, "rentalGuarantee": {"minValue": 843.75, "maxValue": 2531.25}, "reservationAvailability": null, "isPrimaryMarket": false, "macroRegion": {"id": 2741, "name": "SPO01"}, "suites": 0, "allowsCustomOffer": false, "displayCustomOfferPreference": true, "houseVisitStatus": "ACCEPT_NEW", "visitStatusReason": null, "visitsUnavailable": false, "isReserved": false, "allowDirectOffer": true, "lastPublishedDate": "2023-01-23T18:21:41.000Z", "listingPublication": "not_stranded", "rentOnTermination": false, "constructionYear": null, "categories": []}, "markers": {"lat": -23.5341318, "lng": -46.5553328}, "talkToAgent": {"dialog": {"open": false, "questionType": null, "question": ""}, "agentSupport": {}, "error": null, "autoSubmit": false, "loading": false, "submitting": false, "success": false, "hasLoadedAgentInfo": false, "agent": null, "hasLoadedAgentsInRegion": false, "agentsInRegion": null}}}}, "__N_SSP": true}, "page": "/imovel/[houseId]/[[...slug]]", "query": {"houseId": "893692907", "slug": ["alugar", "casa-3-quartos-maranhao-sao-paulo"]}, "buildId": "gCr3Bg2lYzV9hxZqGibIQ", "runtimeConfig": {"NEXT_PUBLIC_HOME_ADVERTISING_BANNER": "coupon"}, "isFallback": false, "dynamicIds": [61847, 31265, 66435, 77453, 87356, 60899, 41103, 3232, 33207, 72227, 40072, 39327, 19904, 96827], "gssp": true, "customServer": true, "appGip": true, "locale": "pt-BR", "locales": ["pt-BR", "es-MX"], "defaultLocale": "pt-BR", "domainLocales": [{"domain": "www.quintoandar.com.br", "defaultLocale": "pt-BR"}, {"domain": "www.benvi.mx", "defaultLocale": "es-MX"}], "scriptLoader": []}