{"props": {"pageProps": {"initialState": {"route": {"locationBeforeTransitions": {"pathname": "/imovel/893784992/alugar/casa-4-quartos-jardim-guedala-sao-paulo", "search": "", "hash": "", "action": "POP", "query": {}}, "topLevelRouteName": "house details", "businessContext": "RENT", "favoriteListsBusinessContext": "RENT"}, "router": {"location": {"href": "/", "pathname": "/", "search": "", "hash": ""}}, "progress": {"pendingRequests": -1}, "login": {"response": {}, "user": {"isLoggedIn": false, "id": 0, "agentId": 0, "hashId": "", "sessionId": null, "name": "", "email": "", "maskedEmail": "", "jwt": {"app": "", "firebase": ""}, "phone": {"countryCode": "+55", "areaCode": "", "phoneNumber": ""}, "country": "BR", "channel": "", "isPhoneRegistered": false, "acceptWhatsapp": true, "hasDocument": false, "isPartner": false}, "accountForm": {}, "redirectUrl": "", "isRequestOngoing": false}, "captcha": {"token": "", "hasLoadedRemoteConfig": false, "provider": "", "friction": "low", "unavailableCountriesCode": []}, "supportedCities": [], "inAppMessages": {"biomaSurvey": {"isOpen": false, "formId": null, "data": {"opaque": true}}}, "metaData": {"similar_houses_clicked": []}, "appData": {"device": {"type": "desktop", "isSearchEngineCrawler": false}, "experiments": "X-AB-Test=ab_exposed_filter_sale_desktop:1,ab_exposed_filter_sale_v1:1,ab_exposed_filters:1,ab_load_more_v0:-1,ab_new_house_card_v2:0,ab_new_rent_listing_phase2:0,ab_profiling_create_alert_filters:0,ab_scheduling_step_by_step_v1:1,ab_show_floor_sale:0,ab_street_search_retrieval_v1:0"}, "house": {"houseInfo": {"id": "893784992", "displayId": "1084992", "bedrooms": 4, "city": "S\u00e3o Paulo", "cityId": 39, "bathrooms": 6, "iptu": 3084, "amenities": [{"key": "BANHEIRA_DE_HIDROMASSAGEM", "text": "Banheira", "value": "NAO", "optional": false}, {"key": "BOX", "text": "Box", "value": "NAO", "optional": false}, {"key": "VARANDA", "text": "Varanda", "value": "NAO", "optional": false}, {"key": "PISCINA_PRIVATIVA", "text": "Piscina privativa", "value": "NAO", "optional": false}, {"key": "ARMARIOS_EMBUTIDOS_NO_QUARTO", "text": "Arm\u00e1rios no quarto", "value": "NAO", "optional": false}, {"key": "ARMARIOS_NOS_BANHEIROS", "text": "Arm\u00e1rios no banheiro", "value": "NAO", "optional": false}, {"key": "ARMARIOS_NA_COZINHA", "text": "Arm\u00e1rios na cozinha", "value": "NAO", "optional": false}, {"key": "AR_CONDICIONADO", "text": "Ar condicionado", "value": "NAO", "optional": false}, {"key": "CHUVEIRO_A_GAS", "text": "Chuveiro a g\u00e1s", "value": "NAO", "optional": false}, {"key": "QUARTO_DE_SERVICO", "text": "Quarto de servi\u00e7o", "value": "NAO", "optional": false}, {"key": "BANHEIRO_DE_SERVICO", "text": "Banheiro de servi\u00e7o", "value": "NAO", "optional": false}, {"key": "VARANDA_GOURMET", "text": "Varanda gourmet", "value": "NAO", "optional": false}, {"key": "APARTAMENTO_COBERTURA", "text": "Apartamento cobertura", "value": "NAO", "optional": false}, {"key": "QUARTO_EXTRA_REVERSIVEL", "text": "Quarto extra revers\u00edvel", "value": "NAO", "optional": false}, {"key": "FOGAO_INCLUSO", "text": "Fog\u00e3o", "value": "NAO", "optional": false}, {"key": "GELADEIRA_INCLUSO", "text": "Geladeira", "value": "NAO", "optional": false}, {"key": "BANHEIRO_ADAPTADO", "text": "Banheiro adaptado", "value": "NAO", "optional": false}, {"key": "CLOSET", "text": "Closet", "value": "NAO", "optional": false}, {"key": "COZINHA_AMERICANA", "text": "Cozinha americana", "value": "NAO", "optional": false}, {"key": "MESAS_E_CADEIRAS_DE_ESCRITORIO", "text": "Mesas e cadeiras de escrit\u00f3rio", "value": "NAO", "optional": false}, {"key": "JARDIM", "text": "Jardim", "value": "NAO", "optional": false}, {"key": "QUARTOS_E_CORREDORES_COM_PORTAS_AMPLAS", "text": "Quartos e corredores com portas amplas", "value": "NAO", "optional": false}, {"key": "QUINTAL", "text": "Quintal", "value": "NAO", "optional": false}, {"key": "SOMENTE_UMA_CASA_NO_TERRENO", "text": "Somente uma casa no terreno", "value": "NAO", "optional": false}, {"key": "AREA_DE_SERVICO", "text": "\u00c1rea de servi\u00e7o", "value": "NAO", "optional": false}], "comfortCommodities": [{"key": "BANHEIRA_DE_HIDROMASSAGEM", "text": "Banheira", "value": "NAO", "optional": false}, {"key": "PISCINA_PRIVATIVA", "text": "Piscina privativa", "value": "NAO", "optional": false}, {"key": "AR_CONDICIONADO", "text": "Ar condicionado", "value": "NAO", "optional": false}, {"key": "SOL_DA_MANHA", "text": "Sol da manh\u00e3", "value": "NAO", "optional": false}, {"key": "SOL_DA_TARDE", "text": "Sol da tarde", "value": "NAO", "optional": false}, {"key": "CORTINAS_BLACK_OUT", "text": "Cortinas corta luz", "value": "NAO", "optional": false}, {"key": "CORTINAS_DECORATIVAS", "text": "Cortina transl\u00facida", "value": "NAO", "optional": false}, {"key": "JANELA_ANTI_RUIDO", "text": "Janela anti-ru\u00eddo", "value": "NAO", "optional": false}, {"key": "VENTILADOR_DE_TETO", "text": "Ventilador de teto", "value": "NAO", "optional": false}, {"key": "LUMINOSIDADE_NATURAL", "text": "Janelas grandes", "value": "NAO", "optional": false}, {"key": "VISTA_LIVRE", "text": "Vista livre", "value": "NAO", "optional": false}, {"key": "RUA_SILENCIOSA", "text": "Rua silenciosa", "value": "NAO", "optional": false}], "practicalityCommodities": [{"key": "BOX", "text": "Box", "value": "NAO", "optional": false}, {"key": "ARMARIOS_EMBUTIDOS_NO_QUARTO", "text": "Arm\u00e1rios no quarto", "value": "NAO", "optional": false}, {"key": "ARMARIOS_NOS_BANHEIROS", "text": "Arm\u00e1rios no banheiro", "value": "NAO", "optional": false}, {"key": "ARMARIOS_NA_COZINHA", "text": "Arm\u00e1rios na cozinha", "value": "NAO", "optional": false}, {"key": "CHUVEIRO_A_GAS", "text": "Chuveiro a g\u00e1s", "value": "NAO", "optional": false}, {"key": "FOGAO_INCLUSO", "text": "Fog\u00e3o", "value": "NAO", "optional": false}, {"key": "GELADEIRA_INCLUSO", "text": "Geladeira", "value": "NAO", "optional": false}, {"key": "CHUVEIRO_ELETRICO", "text": "Chuveiro el\u00e9trico", "value": "NAO", "optional": false}, {"key": "MICROONDAS", "text": "Microondas", "value": "NAO", "optional": false}, {"key": "SOFA", "text": "Sof\u00e1", "value": "NAO", "optional": false}, {"key": "MAQUINA_DE_LAVAR", "text": "M\u00e1quina de lavar", "value": "NAO", "optional": false}, {"key": "TANQUE", "text": "Tanque", "value": "NAO", "optional": false}, {"key": "REDE_DE_PROTECAO", "text": "Tela nas janelas", "value": "NAO", "optional": false}, {"key": "VARAL_DE_ROUPAS", "text": "Varal de roupas", "value": "NAO", "optional": false}, {"key": "TOMADAS_NOVAS", "text": "Tomadas 3 pinos", "value": "NAO", "optional": false}, {"key": "TELEVISAO", "text": "Televis\u00e3o", "value": "NAO", "optional": false}, {"key": "MESAS_E_CADEIRAS_DE_JANTAR", "text": "Mesas e cadeiras de jantar", "value": "NAO", "optional": false}, {"key": "CHURRASQUEIRA", "text": "Churrasqueira", "value": "NAO", "optional": false}, {"key": "ACESSO_SEM_DEGRAUS", "text": "Acesso sem degraus", "value": "NAO", "optional": false}, {"key": "COOKTOP", "text": "Fog\u00e3o cooktop", "value": "NAO", "optional": false}, {"key": "UTENSILIOS_DE_COZINHA", "text": "Utens\u00edlios de cozinha", "value": "NAO", "optional": false}, {"key": "CAMA_DE_CASAL", "text": "Cama de casal", "value": "NAO", "optional": false}, {"key": "CAMA_DE_SOLTEIRO", "text": "Cama de solteiro", "value": "NAO", "optional": false}, {"key": "ESPELHO_NO_BANHEIRO", "text": "Espelho no banheiro", "value": "NAO", "optional": false}, {"key": "FECHADURA_ELETRONICA", "text": "Fechadura eletr\u00f4nica", "value": "NAO", "optional": false}, {"key": "ENERGIA", "text": "Energia no im\u00f3vel", "value": "NAO", "optional": false}], "area": 520, "installations": [{"key": "PLAYGROUND", "text": "Playground", "value": "NAO_INFORMADO"}, {"key": "PISCINA", "text": "Piscina", "value": "NAO_INFORMADO"}, {"key": "CHURRASQUEIRA", "text": "Churrasqueira", "value": "NAO_INFORMADO"}, {"key": "QUADRA_ESPORTIVA", "text": "Quadra esportiva", "value": "NAO_INFORMADO"}, {"key": "ACADEMIA", "text": "Academia", "value": "NAO_INFORMADO"}, {"key": "SALAO_DE_FESTAS", "text": "Sal\u00e3o de festas", "value": "NAO_INFORMADO"}, {"key": "SAUNA", "text": "Sauna", "value": "NAO_INFORMADO"}, {"key": "LAVANDERIA_NO_PREDIO", "text": "Lavanderia no pr\u00e9dio", "value": "NAO_INFORMADO"}, {"key": "GAS_ENCANADO", "text": "G\u00e1s encanado", "value": "NAO_INFORMADO"}, {"key": "ESPACO_GOURMET_NA_AREA_COMUM", "text": "Espa\u00e7o gourmet na \u00e1rea comum", "value": "NAO_INFORMADO"}, {"key": "BRINQUEDOTECA", "text": "Brinquedoteca", "value": "NAO_INFORMADO"}, {"key": "CORRIMAO", "text": "Corrim\u00e3o", "value": "NAO_INFORMADO"}, {"key": "PISO_TATIL", "text": "Piso t\u00e1til", "value": "NAO_INFORMADO"}, {"key": "RAMPAS_DE_ACESSO", "text": "Rampas de acesso", "value": "NAO_INFORMADO"}, {"key": "SALAO_DE_JOGOS", "text": "Sal\u00e3o de jogos", "value": "NAO_INFORMADO"}, {"key": "VAGA_DE_GARAGEM_ACESSIVEL", "text": "Vaga de garagem acess\u00edvel", "value": "NAO_INFORMADO"}, {"key": "AREA_VERDE", "text": "\u00c1rea verde", "value": "NAO_INFORMADO"}, {"key": "Elevador", "value": "NAO"}, {"key": "Porteiro24H", "value": "SIM"}], "rentPrice": 10000, "condoPrice": 0, "condoType": "IncluidoNoAluguel", "region": {"name": "Morumbi", "hub": {"loading": "UNSET", "enabled": false, "abSecretariat": false, "isPrimaryMarket": false}, "id": 1476}, "type": "Casa", "iptuType": "Normal", "totalCost": 13470, "parkingSpaces": 3, "address": {"street": "Rua Alvorada do Sul", "neighborhood": "Jardim Guedala", "city": "S\u00e3o Paulo", "zipCode": "05612-010", "stateName": "S\u00e3o Paulo", "stateAcronym": "SP", "lat": -23.5908562, "lng": -46.7093466, "countryName": "Brasil", "countryCode": "BR", "country": "Brasil"}, "floor": 1, "homeProtection": 166, "remarks": "\u00d3TIMA LOCALIZA\u00c7\u00c3O, RUA ARBORIZADA E TRANQUILA, ESPA\u00c7OS AMPLOS E COM MUITA LUZ NATURAL,SU\u00cdTE PRINCIPAL COM VARANDA, \u00c1REA EXTERNA COM JARDINS, HORTA E POMAR.", "acceptsPets": false, "hasFurniture": false, "isNearSubway": false, "placesNearby": [{"name": "Pra\u00e7a Monsenhor Galv\u00e3o Sousa", "type": "PARK_OR_GREEN_AREA", "slug": "praca-monsenhor-galvao-sousa-jardim-guedala-sao-paulo-sp-brasil"}, {"name": "Hospital S\u00e3o Luiz Morumbi", "type": "HOSPITAL", "slug": "hospital-sao-luiz-morumbi-jardim-guedala-sao-paulo-sp-brasil"}, {"name": "The British College of Brazil", "type": "SCHOOL", "slug": "the-british-college-of-brazil-jardim-guedala-sao-paulo-sp-brasil"}, {"name": "Parque Alfredo Volpi", "type": "PARK_OR_GREEN_AREA", "slug": "parque-alfredo-volpi-jardim-guedala-sao-paulo-sp-brasil"}, {"name": "Reserva Ecol\u00f3gica do Morumbi", "type": "PARK_OR_GREEN_AREA", "slug": "reserva-ecologica-do-morumbi-cidade-jardim-sao-paulo-sp-brasil"}, {"name": "Prevent Senior", "type": "HOSPITAL", "slug": "prevent-senior-butanta-sao-paulo-sp"}, {"name": "Hospital Albert Einstein", "type": "HOSPITAL", "slug": "hospital-albert-einstein-jardim-leonor-sao-paulo-sp"}, {"name": "PlayPen Bilingual Education", "type": "SCHOOL", "slug": "playpen-bilingual-education-jardim-guedala-sao-paulo-sp"}, {"name": "Centro Universit\u00e1rio FIAM-FAAM (FMU)", "type": "UNIVERSITY_OR_COLLEGE", "slug": "centro-universitario-fiam-faam-fmu-jardim-guedala-sao-paulo-sp-brasil"}, {"name": "Est\u00e1dio do Morumbi - C\u00edcero Pompeu de Toledo", "type": "STADIUM", "slug": "estadio-cicero-pompeu-de-toledo-morumbi-sao-paulo-sp"}, {"name": "Shopping Cidade Jardim", "type": "SHOPPING_MALL", "slug": "shopping-cidade-jardim-cidade-jardim-sao-paulo-sp-brasil"}, {"name": "Pra\u00e7a Ayrton Senna", "type": "PARK_OR_GREEN_AREA", "slug": "praca-ayrton-senna-vila-sonia-sao-paulo-sp"}, {"name": "Col\u00e9gio Souza e Almeida - Objetivo", "type": "SCHOOL", "slug": "colegio-souza-e-almeida-objetivo-vila-sonia-sao-paulo-sp"}, {"name": "Butant\u00e3 Shopping", "type": "SHOPPING_MALL", "slug": "butanta-shopping-butanta-sao-paulo-sp"}], "availabilityType": "IMMEDIATE", "photos": [{"id": 35744065, "subtitle": "", "url": "893784992-883.722133278970160f3147a-651f-4b6b-9756-03041c1df318-LEAD3P-3f424f05-3d85-47c0-b9fc-ae1c5a51ba0f.jpg", "cover": true}, {"id": 35744066, "subtitle": "", "url": "893784992-702.284677636206960f3147a-651f-4b6b-9756-03041c1df318-LEAD3P-7e0131bf-f17f-4b9f-8ae4-6b1ee7f4b34a.jpg", "cover": false}, {"id": 35744067, "subtitle": "", "url": "893784992-660.402914220704560f3147a-651f-4b6b-9756-03041c1df318-LEAD3P-d9bd5643-f64e-47c4-b621-d51aba9a2f76.jpg", "cover": false}, {"id": 35744076, "subtitle": "", "url": "893784992-980.130124265516860f3147a-651f-4b6b-9756-03041c1df318-LEAD3P-78b2c38b-c6ed-4dd5-8a38-3b1cf3fd4a25.jpg", "cover": false}, {"id": 35744082, "subtitle": "", "url": "893784992-794.353261026846960f3147a-651f-4b6b-9756-03041c1df318-LEAD3P-f9243d36-8a6b-4f6b-a739-62f91b3f9d6d.jpg", "cover": false}, {"id": 35744089, "subtitle": "", "url": "893784992-804.431432831049660f3147a-651f-4b6b-9756-03041c1df318-LEAD3P-c0e1ba4b-b2db-4a8e-bb98-3ab1a535da9b.jpg", "cover": false}, {"id": 35744093, "subtitle": "", "url": "893784992-843.82582633125760f3147a-651f-4b6b-9756-03041c1df318-LEAD3P-9d52b905-c3ed-42a6-bfd3-8f98f51a874f.jpg", "cover": false}, {"id": 35744095, "subtitle": "", "url": "893784992-901.74421205073760f3147a-651f-4b6b-9756-03041c1df318-LEAD3P-c8ea8dc6-4f41-4e2c-b887-88880b12c4c3.jpg", "cover": false}, {"id": 35744081, "subtitle": "", "url": "893784992-417.1087970424328560f3147a-651f-4b6b-9756-03041c1df318-LEAD3P-0df11f26-51d9-45df-89ca-d98b50afb4f2.jpg", "cover": false}, {"id": 35744092, "subtitle": "", "url": "893784992-745.787600522494160f3147a-651f-4b6b-9756-03041c1df318-LEAD3P-9aa57798-7f85-47d4-ba7b-ae8471a02016.jpg", "cover": false}, {"id": 35744072, "subtitle": "", "url": "893784992-620.590290487075960f3147a-651f-4b6b-9756-03041c1df318-LEAD3P-d7908edd-96e6-4bbf-8c3a-af3702c242ef.jpg", "cover": false}, {"id": 35744074, "subtitle": "", "url": "893784992-201.7330968741135660f3147a-651f-4b6b-9756-03041c1df318-LEAD3P-23e9ad36-54b1-48d2-b9b0-eae60c423b0d.jpg", "cover": false}, {"id": 35744071, "subtitle": "", "url": "893784992-31.3296359618421360f3147a-651f-4b6b-9756-03041c1df318-LEAD3P-0f14b880-f052-4f6a-a17c-6c52830a3f62.jpg", "cover": false}, {"id": 35744075, "subtitle": "", "url": "893784992-767.49588213063460f3147a-651f-4b6b-9756-03041c1df318-LEAD3P-38978cb4-4fea-4838-93f0-4004c1353573.jpg", "cover": false}, {"id": 35744086, "subtitle": "", "url": "893784992-684.177305910944660f3147a-651f-4b6b-9756-03041c1df318-LEAD3P-3c1eeb35-62a7-4a33-b574-78b91e9640b2.jpg", "cover": false}, {"id": 35744080, "subtitle": "", "url": "893784992-96.0083160435327760f3147a-651f-4b6b-9756-03041c1df318-LEAD3P-67530454-b6b2-48e7-a7e0-b59650af86a8.jpg", "cover": false}, {"id": 35744069, "subtitle": "", "url": "893784992-957.550047862931560f3147a-651f-4b6b-9756-03041c1df318-LEAD3P-53026a80-41b4-4eee-8319-7b82a9509b63.jpg", "cover": false}, {"id": 35744073, "subtitle": "", "url": "893784992-695.988871975208760f3147a-651f-4b6b-9756-03041c1df318-LEAD3P-6111110d-d84d-44f0-bfed-64f04b574d55.jpg", "cover": false}, {"id": 35744078, "subtitle": "", "url": "893784992-362.848752239931260f3147a-651f-4b6b-9756-03041c1df318-LEAD3P-0fa4948f-3099-4c9a-be38-46eb29d06525.jpg", "cover": false}, {"id": 35744091, "subtitle": "", "url": "893784992-2.951015335976414660f3147a-651f-4b6b-9756-03041c1df318-LEAD3P-d9923f8b-68ea-43b7-82c8-03d633752a66.jpg", "cover": false}, {"id": 35744094, "subtitle": "", "url": "893784992-21.32170641718500560f3147a-651f-4b6b-9756-03041c1df318-LEAD3P-3ae5c8f1-e4a8-45ce-a41e-4b19eca1b073.jpg", "cover": false}, {"id": 35744088, "subtitle": "", "url": "893784992-647.160069280999960f3147a-651f-4b6b-9756-03041c1df318-LEAD3P-b5fc88bf-b9a2-4057-bbba-e2dbd45e4ac9.jpg", "cover": false}, {"id": 35744096, "subtitle": "", "url": "893784992-550.498916210470660f3147a-651f-4b6b-9756-03041c1df318-LEAD3P-be475f3d-9cd4-467f-98be-643c125246a0.jpg", "cover": false}, {"id": 35744084, "subtitle": "", "url": "893784992-256.820032781430760f3147a-651f-4b6b-9756-03041c1df318-LEAD3P-bad937e0-1773-430e-96ac-7936a6b39e19.jpg", "cover": false}, {"id": 35744087, "subtitle": "", "url": "893784992-18.25116865209419760f3147a-651f-4b6b-9756-03041c1df318-LEAD3P-f203ef35-3cff-4d23-a9a2-b2d7efb5e0b4.jpg", "cover": false}, {"id": 35744085, "subtitle": "", "url": "893784992-39.3689951617386460f3147a-651f-4b6b-9756-03041c1df318-LEAD3P-f88fa44a-c71a-4032-84ba-e594d6d34298.jpg", "cover": false}, {"id": 35744070, "subtitle": "", "url": "893784992-971.638224585400560f3147a-651f-4b6b-9756-03041c1df318-LEAD3P-64afdc82-8b0f-4bd4-92e9-c3970bf42ff2.jpg", "cover": false}, {"id": 35744077, "subtitle": "", "url": "893784992-909.657482326319860f3147a-651f-4b6b-9756-03041c1df318-LEAD3P-9a49a179-ee42-45e8-8033-6df4c8d7f750.jpg", "cover": false}, {"id": 35744068, "subtitle": "", "url": "893784992-987.638118138845560f3147a-651f-4b6b-9756-03041c1df318-LEAD3P-d2006ebb-5d10-4682-b63c-b87598fc0576.jpg", "cover": false}, {"id": 35744083, "subtitle": "", "url": "893784992-103.8203027831056260f3147a-651f-4b6b-9756-03041c1df318-LEAD3P-9fe74429-a191-4873-9d4c-37ad4c0dd45b.jpg", "cover": false}, {"id": 35744090, "subtitle": "", "url": "893784992-748.409226383994760f3147a-651f-4b6b-9756-03041c1df318-LEAD3P-4acb7ce9-163a-4c6b-b8ba-70e5a146309f.jpg", "cover": false}], "photosCategorizedByRooms": [], "relevantRegions": [], "photospheres": [], "specialConditions": [], "offers": {"closingRate": 0, "shouldHighlightIcon": true, "shouldShowOfferDialog": false, "shouldShowOffers": false, "summary": []}, "status": "publicado", "showUrlHasBeenCopiedSnackbar": false, "isGalleryModalOpen": false, "error": false, "loaded": true, "loading": false, "loadingCategorizedRooms": false, "selectedMedia": "tenant/HouseMedia/PHOTOS", "video": "", "promotions": [], "condominium": {}, "forRent": true, "forSale": true, "salePrice": 2000000, "mortgageFirstInstallment": 0, "listings": [{"imovelId": 893784992, "businessContext": "RENT", "status": "publicado", "firstPublicationDate": "2023-03-15T14:30:20.000+0000", "lastPublicationDate": "2023-03-15T14:30:20.000+0000", "listingRentModel": {"listingBusinessContextId": 1514306, "rentalAdministrator": "QUINTOANDAR"}, "ownership": "STANDARD"}, {"imovelId": 893784992, "businessContext": "SALE", "status": "publicado", "firstPublicationDate": "2023-02-24T13:55:29.000+0000", "lastPublicationDate": "2023-02-24T13:55:29.000+0000", "ownership": "THIRD_PARTY"}], "listingTags": [], "businessContext": "", "regionParameters": {"loaded": false, "loading": false, "RENT": {"visitsEnabled": true, "talkToAgentEnabled": false}, "SALE": {"visitsEnabled": true, "talkToAgentEnabled": false}}, "houseAgent": {"isDialogOpen": false, "alreadyOpenedByQueryParam": false}, "tenantServiceFee": 220, "closingStatus": {"loading": false}, "rentalGuarantee": {"minValue": 2500, "maxValue": 7500}, "reservationAvailability": null, "isPrimaryMarket": false, "macroRegion": {"id": 2702, "name": "SPO 10"}, "suites": 2, "houseVisitStatus": "ACCEPT_NEW", "visitStatusReason": null, "visitsUnavailable": false, "isReserved": false, "allowDirectOffer": true, "lastPublishedDate": "2023-03-15T14:30:20.000Z", "listingPublication": "not_stranded", "rentOnTermination": false, "constructionYear": null, "categories": []}, "markers": {"lat": -23.5908562, "lng": -46.7093466}, "talkToAgent": {"dialog": {"open": false, "questionType": null, "question": ""}, "agentSupport": {}, "error": null, "autoSubmit": false, "loading": false, "submitting": false, "success": false, "hasLoadedAgentInfo": false, "agent": null, "hasLoadedAgentsInRegion": false, "agentsInRegion": null}}}}, "__N_SSP": true}, "page": "/imovel/[houseId]/[[...slug]]", "query": {"houseId": "893784992", "slug": ["alugar", "casa-4-quartos-jardim-guedala-sao-paulo"]}, "buildId": "gCr3Bg2lYzV9hxZqGibIQ", "runtimeConfig": {"NEXT_PUBLIC_HOME_ADVERTISING_BANNER": "coupon"}, "isFallback": false, "dynamicIds": [61847, 31265, 66435, 77453, 87356, 60899, 41103, 3232, 33207, 72227, 40072, 39327, 19904, 96827], "gssp": true, "customServer": true, "appGip": true, "locale": "pt-BR", "locales": ["pt-BR", "es-MX"], "defaultLocale": "pt-BR", "domainLocales": [{"domain": "www.quintoandar.com.br", "defaultLocale": "pt-BR"}, {"domain": "www.benvi.mx", "defaultLocale": "es-MX"}], "scriptLoader": []}