{"props": {"pageProps": {"initialState": {"route": {"locationBeforeTransitions": {"pathname": "/imovel/893765301/alugar/apartamento-3-quartos-sao-joao-climaco-sao-paulo", "search": "", "hash": "", "action": "POP", "query": {}}, "topLevelRouteName": "house details", "businessContext": "RENT", "favoriteListsBusinessContext": "RENT"}, "router": {"location": {"href": "/", "pathname": "/", "search": "", "hash": ""}}, "progress": {"pendingRequests": -1}, "login": {"response": {}, "user": {"isLoggedIn": false, "id": 0, "agentId": 0, "hashId": "", "sessionId": null, "name": "", "email": "", "maskedEmail": "", "jwt": {"app": "", "firebase": ""}, "phone": {"countryCode": "+55", "areaCode": "", "phoneNumber": ""}, "country": "BR", "channel": "", "isPhoneRegistered": false, "acceptWhatsapp": true, "hasDocument": false, "isPartner": false}, "accountForm": {}, "redirectUrl": "", "isRequestOngoing": false}, "captcha": {"token": "", "hasLoadedRemoteConfig": false, "provider": "", "friction": "low", "unavailableCountriesCode": []}, "supportedCities": [], "inAppMessages": {"biomaSurvey": {"isOpen": false, "formId": null, "data": {"opaque": true}}}, "metaData": {"similar_houses_clicked": []}, "appData": {"device": {"type": "desktop", "isSearchEngineCrawler": false}, "experiments": "X-AB-Test=ab_exposed_filter_sale_desktop:1,ab_exposed_filter_sale_v1:1,ab_exposed_filters:1,ab_load_more_v0:-1,ab_new_house_card_v2:0,ab_new_rent_listing_phase2:0,ab_profiling_create_alert_filters:0,ab_scheduling_step_by_step_v1:1,ab_show_floor_sale:0,ab_street_search_retrieval_v1:0"}, "house": {"houseInfo": {"id": "893765301", "displayId": "1065301", "bedrooms": 3, "city": "S\u00e3o Paulo", "cityId": 39, "bathrooms": 2, "iptu": 0, "amenities": [{"key": "BANHEIRA_DE_HIDROMASSAGEM", "text": "Banheira", "value": "NAO", "optional": false}, {"key": "BOX", "text": "Box", "value": "SIM", "optional": false}, {"key": "VARANDA", "text": "Varanda", "value": "SIM", "optional": false}, {"key": "PISCINA_PRIVATIVA", "text": "Piscina privativa", "value": "NAO", "optional": false}, {"key": "ARMARIOS_EMBUTIDOS_NO_QUARTO", "text": "Arm\u00e1rios no quarto", "value": "SIM", "optional": false}, {"key": "ARMARIOS_NOS_BANHEIROS", "text": "Arm\u00e1rios no banheiro", "value": "NAO", "optional": false}, {"key": "ARMARIOS_NA_COZINHA", "text": "Arm\u00e1rios na cozinha", "value": "SIM", "optional": false}, {"key": "AR_CONDICIONADO", "text": "Ar condicionado", "value": "NAO", "optional": false}, {"key": "CHUVEIRO_A_GAS", "text": "Chuveiro a g\u00e1s", "value": "SIM", "optional": false}, {"key": "QUARTO_DE_SERVICO", "text": "Quarto de servi\u00e7o", "value": "NAO", "optional": false}, {"key": "BANHEIRO_DE_SERVICO", "text": "Banheiro de servi\u00e7o", "value": "NAO", "optional": false}, {"key": "VARANDA_GOURMET", "text": "Varanda gourmet", "value": "NAO", "optional": false}, {"key": "APARTAMENTO_COBERTURA", "text": "Apartamento cobertura", "value": "NAO", "optional": false}, {"key": "QUARTO_EXTRA_REVERSIVEL", "text": "Quarto extra revers\u00edvel", "value": "NAO", "optional": false}, {"key": "FOGAO_INCLUSO", "text": "Fog\u00e3o", "value": "NAO", "optional": false}, {"key": "GELADEIRA_INCLUSO", "text": "Geladeira", "value": "NAO", "optional": false}, {"key": "BANHEIRO_ADAPTADO", "text": "Banheiro adaptado", "value": "NAO", "optional": false}, {"key": "CLOSET", "text": "Closet", "value": "NAO", "optional": false}, {"key": "COZINHA_AMERICANA", "text": "Cozinha americana", "value": "SIM", "optional": false}, {"key": "MESAS_E_CADEIRAS_DE_ESCRITORIO", "text": "Mesas e cadeiras de escrit\u00f3rio", "value": "NAO", "optional": false}, {"key": "JARDIM", "text": "Jardim", "value": "NAO", "optional": false}, {"key": "QUARTOS_E_CORREDORES_COM_PORTAS_AMPLAS", "text": "Quartos e corredores com portas amplas", "value": "SIM", "optional": false}, {"key": "QUINTAL", "text": "Quintal", "value": "NAO", "optional": false}, {"key": "SOMENTE_UMA_CASA_NO_TERRENO", "text": "Somente uma casa no terreno", "value": "NAO", "optional": false}, {"key": "AREA_DE_SERVICO", "text": "\u00c1rea de servi\u00e7o", "value": "SIM", "optional": false}], "comfortCommodities": [{"key": "BANHEIRA_DE_HIDROMASSAGEM", "text": "Banheira", "value": "NAO", "optional": false}, {"key": "PISCINA_PRIVATIVA", "text": "Piscina privativa", "value": "NAO", "optional": false}, {"key": "AR_CONDICIONADO", "text": "Ar condicionado", "value": "NAO", "optional": false}, {"key": "SOL_DA_MANHA", "text": "Sol da manh\u00e3", "value": "SIM", "optional": false}, {"key": "SOL_DA_TARDE", "text": "Sol da tarde", "value": "NAO", "optional": false}, {"key": "CORTINAS_BLACK_OUT", "text": "Cortinas corta luz", "value": "NAO", "optional": false}, {"key": "CORTINAS_DECORATIVAS", "text": "Cortina transl\u00facida", "value": "NAO", "optional": false}, {"key": "JANELA_ANTI_RUIDO", "text": "Janela anti-ru\u00eddo", "value": "NAO", "optional": false}, {"key": "VENTILADOR_DE_TETO", "text": "Ventilador de teto", "value": "NAO", "optional": false}, {"key": "LUMINOSIDADE_NATURAL", "text": "Janelas grandes", "value": "SIM", "optional": false}, {"key": "VISTA_LIVRE", "text": "Vista livre", "value": "SIM", "optional": false}, {"key": "RUA_SILENCIOSA", "text": "Rua silenciosa", "value": "SIM", "optional": false}], "practicalityCommodities": [{"key": "BOX", "text": "Box", "value": "SIM", "optional": false}, {"key": "ARMARIOS_EMBUTIDOS_NO_QUARTO", "text": "Arm\u00e1rios no quarto", "value": "SIM", "optional": false}, {"key": "ARMARIOS_NOS_BANHEIROS", "text": "Arm\u00e1rios no banheiro", "value": "NAO", "optional": false}, {"key": "ARMARIOS_NA_COZINHA", "text": "Arm\u00e1rios na cozinha", "value": "SIM", "optional": false}, {"key": "CHUVEIRO_A_GAS", "text": "Chuveiro a g\u00e1s", "value": "SIM", "optional": false}, {"key": "FOGAO_INCLUSO", "text": "Fog\u00e3o", "value": "NAO", "optional": false}, {"key": "GELADEIRA_INCLUSO", "text": "Geladeira", "value": "NAO", "optional": false}, {"key": "CHUVEIRO_ELETRICO", "text": "Chuveiro el\u00e9trico", "value": "NAO", "optional": false}, {"key": "MICROONDAS", "text": "Microondas", "value": "NAO", "optional": false}, {"key": "SOFA", "text": "Sof\u00e1", "value": "NAO", "optional": false}, {"key": "MAQUINA_DE_LAVAR", "text": "M\u00e1quina de lavar", "value": "NAO", "optional": false}, {"key": "TANQUE", "text": "Tanque", "value": "SIM", "optional": false}, {"key": "REDE_DE_PROTECAO", "text": "Tela nas janelas", "value": "NAO", "optional": false}, {"key": "VARAL_DE_ROUPAS", "text": "Varal de roupas", "value": "NAO", "optional": false}, {"key": "TOMADAS_NOVAS", "text": "Tomadas 3 pinos", "value": "SIM", "optional": false}, {"key": "TELEVISAO", "text": "Televis\u00e3o", "value": "NAO", "optional": false}, {"key": "MESAS_E_CADEIRAS_DE_JANTAR", "text": "Mesas e cadeiras de jantar", "value": "NAO", "optional": false}, {"key": "CHURRASQUEIRA", "text": "Churrasqueira", "value": "NAO", "optional": false}, {"key": "ACESSO_SEM_DEGRAUS", "text": "Acesso sem degraus", "value": "SIM", "optional": false}, {"key": "COOKTOP", "text": "Fog\u00e3o cooktop", "value": "NAO", "optional": false}, {"key": "UTENSILIOS_DE_COZINHA", "text": "Utens\u00edlios de cozinha", "value": "NAO", "optional": false}, {"key": "CAMA_DE_CASAL", "text": "Cama de casal", "value": "NAO", "optional": false}, {"key": "CAMA_DE_SOLTEIRO", "text": "Cama de solteiro", "value": "NAO", "optional": false}, {"key": "ESPELHO_NO_BANHEIRO", "text": "Espelho no banheiro", "value": "NAO", "optional": false}, {"key": "FECHADURA_ELETRONICA", "text": "Fechadura eletr\u00f4nica", "value": "NAO", "optional": false}, {"key": "ENERGIA", "text": "Energia no im\u00f3vel", "value": "SIM", "optional": false}], "area": 62, "installations": [{"key": "PLAYGROUND", "text": "Playground", "value": "NAO_INFORMADO"}, {"key": "PISCINA", "text": "Piscina", "value": "NAO_INFORMADO"}, {"key": "CHURRASQUEIRA", "text": "Churrasqueira", "value": "NAO_INFORMADO"}, {"key": "QUADRA_ESPORTIVA", "text": "Quadra esportiva", "value": "NAO_INFORMADO"}, {"key": "ACADEMIA", "text": "Academia", "value": "NAO_INFORMADO"}, {"key": "SALAO_DE_FESTAS", "text": "Sal\u00e3o de festas", "value": "NAO_INFORMADO"}, {"key": "SAUNA", "text": "Sauna", "value": "NAO_INFORMADO"}, {"key": "LAVANDERIA_NO_PREDIO", "text": "Lavanderia no pr\u00e9dio", "value": "NAO_INFORMADO"}, {"key": "GAS_ENCANADO", "text": "G\u00e1s encanado", "value": "NAO_INFORMADO"}, {"key": "ESPACO_GOURMET_NA_AREA_COMUM", "text": "Espa\u00e7o gourmet na \u00e1rea comum", "value": "NAO_INFORMADO"}, {"key": "BRINQUEDOTECA", "text": "Brinquedoteca", "value": "NAO_INFORMADO"}, {"key": "CORRIMAO", "text": "Corrim\u00e3o", "value": "NAO_INFORMADO"}, {"key": "PISO_TATIL", "text": "Piso t\u00e1til", "value": "NAO_INFORMADO"}, {"key": "RAMPAS_DE_ACESSO", "text": "Rampas de acesso", "value": "NAO_INFORMADO"}, {"key": "SALAO_DE_JOGOS", "text": "Sal\u00e3o de jogos", "value": "NAO_INFORMADO"}, {"key": "VAGA_DE_GARAGEM_ACESSIVEL", "text": "Vaga de garagem acess\u00edvel", "value": "NAO_INFORMADO"}, {"key": "AREA_VERDE", "text": "\u00c1rea verde", "value": "NAO_INFORMADO"}, {"key": "Elevador", "value": "SIM"}, {"key": "Porteiro24H", "value": "SIM"}], "rentPrice": 2065, "condoPrice": 400, "condoType": "Normal", "region": {"name": "S\u00e3o Jo\u00e3o Cl\u00edmaco", "hub": {"loading": "UNSET", "enabled": false, "abSecretariat": false, "isPrimaryMarket": false}, "id": 2151}, "type": "Apartamento", "iptuType": "NaoExiste", "totalCost": 2545, "parkingSpaces": 1, "address": {"street": "Rua Anny", "neighborhood": "S\u00e3o Jo\u00e3o Climaco", "city": "S\u00e3o Paulo", "zipCode": "04240-000", "stateName": "S\u00e3o Paulo", "stateAcronym": "SP", "lat": -23.6221231, "lng": -46.5842854, "countryName": "Brasil", "countryCode": "BR", "country": "Brasil"}, "floor": 3, "homeProtection": 27, "remarks": "", "acceptsPets": false, "hasFurniture": false, "isNearSubway": false, "placesNearby": [{"name": "Parkshopping S\u00e3o Caetano", "type": "SHOPPING_MALL", "slug": "parkshopping-sao-caetano-ceramica-sao-caetano-do-sul-sp"}, {"name": "CEU EMEF Presidente Campos Sallles", "type": "SCHOOL", "slug": "ceu-emef-presidente-campos-sallles-sacoma-sao-paulo-sp"}, {"name": "CEU EMEI Antonio Francisco Lisboa", "type": "SCHOOL", "slug": "ceu-emei-antonio-francisco-lisboa-sacoma-sao-paulo-sp"}, {"name": "Col\u00e9gio Rumo Inicial", "type": "SCHOOL", "slug": "colegio-rumo-inicial-sao-joao-climaco-sao-paulo-sp-brasil"}, {"name": "Portal Music Hall", "type": "MUSEUM_THEATRE_OR_CONCERT_HALL", "slug": "portal-music-hall-centro-sao-caetano-do-sul-sp"}, {"name": "Curso Singular Anglo", "type": "SCHOOL", "slug": "curso-singular-anglo-centro-sao-caetano-do-sul-sp"}, {"name": "Espa\u00e7o Verde Chico Mendes", "type": "PARK_OR_GREEN_AREA", "slug": "espaco-verde-chico-mendes-ceramica-sao-caetano-do-sul-sp"}, {"name": "Col\u00e9gio Ideal SP", "type": "SCHOOL", "slug": "colegio-ideal-sp-sacoma-sao-paulo-sp"}], "availabilityType": "FLEXIBLE", "photos": [{"id": 29927708, "subtitle": "Sala", "url": "893765301-902.933498400652IMG8380.jpg", "cover": true}, {"id": 29927707, "subtitle": "Sala", "url": "893765301-482.01607409982404IMG8379.jpg", "cover": false}, {"id": 29927709, "subtitle": "Sala", "url": "893765301-357.91612059055524IMG8381.jpg", "cover": false}, {"id": 29927710, "subtitle": "Sala", "url": "893765301-501.55426260284173IMG8382.jpg", "cover": false}, {"id": 29927748, "subtitle": "Su\u00edte", "url": "893765301-487.27691482393476IMG8359.jpg", "cover": false}, {"id": 29927750, "subtitle": "Su\u00edte", "url": "893765301-570.7439272524933IMG8360.jpg", "cover": false}, {"id": 29927751, "subtitle": "Su\u00edte", "url": "893765301-86.1120892284315IMG8361.jpg", "cover": false}, {"id": 29927752, "subtitle": "Su\u00edte", "url": "893765301-607.0718045547522IMG8362.jpg", "cover": false}, {"id": 29927753, "subtitle": "Banheiro da Su\u00edte", "url": "893765301-948.5762761056463IMG8363.jpg", "cover": false}, {"id": 29927754, "subtitle": "Banheiro da Su\u00edte", "url": "893765301-401.8407824028499IMG8364.jpg", "cover": false}, {"id": 29927755, "subtitle": "Banheiro da Su\u00edte", "url": "893765301-267.4002863745625IMG8365.jpg", "cover": false}, {"id": 29927756, "subtitle": "Banheiro da Su\u00edte", "url": "893765301-647.7619239562144IMG8366.jpg", "cover": false}, {"id": 29927816, "subtitle": "Quarto 1", "url": "893765301-166.41834260940124IMG8367.jpg", "cover": false}, {"id": 29927817, "subtitle": "Quarto 1", "url": "893765301-2.6511845750724072IMG8368.jpg", "cover": false}, {"id": 29927818, "subtitle": "Quarto 1", "url": "893765301-913.0320421393295IMG8369.jpg", "cover": false}, {"id": 29927819, "subtitle": "Quarto 1", "url": "893765301-140.98629806376306IMG8370.jpg", "cover": false}, {"id": 29927820, "subtitle": "Quarto 2", "url": "893765301-230.6712579389356IMG8371.jpg", "cover": false}, {"id": 29927821, "subtitle": "Quarto 2", "url": "893765301-237.5567641408567IMG8372.jpg", "cover": false}, {"id": 29927822, "subtitle": "Quarto 2", "url": "893765301-304.1088130510767IMG8373.jpg", "cover": false}, {"id": 29927823, "subtitle": "Quarto 2", "url": "893765301-302.75813550991813IMG8374.jpg", "cover": false}, {"id": 29927826, "subtitle": "Banheiro", "url": "893765301-463.2591675026796IMG8375.jpg", "cover": false}, {"id": 29927827, "subtitle": "Banheiro", "url": "893765301-67.95338109619387IMG8376.jpg", "cover": false}, {"id": 29927828, "subtitle": "Banheiro", "url": "893765301-891.7370300682393IMG8377.jpg", "cover": false}, {"id": 29927829, "subtitle": "Banheiro", "url": "893765301-153.93422945024605IMG8378.jpg", "cover": false}, {"id": 29927831, "subtitle": "Cozinha", "url": "893765301-194.76514109707898IMG8383.jpg", "cover": false}, {"id": 29927832, "subtitle": "Cozinha", "url": "893765301-21.66184840196017IMG8384.jpg", "cover": false}, {"id": 29927834, "subtitle": "Cozinha", "url": "893765301-331.63550532897466IMG8385.jpg", "cover": false}, {"id": 29927836, "subtitle": "Cozinha", "url": "893765301-299.02197937190135IMG8386.jpg", "cover": false}, {"id": 29927838, "subtitle": "\u00c1rea de Servi\u00e7o", "url": "893765301-306.09830655730764IMG8387.jpg", "cover": false}, {"id": 29927839, "subtitle": "\u00c1rea de Servi\u00e7o", "url": "893765301-374.53566868717826IMG8388.jpg", "cover": false}, {"id": 29927841, "subtitle": "\u00c1rea de Servi\u00e7o", "url": "893765301-381.5977833594766IMG8389.jpg", "cover": false}, {"id": 29927843, "subtitle": "\u00c1rea de Servi\u00e7o", "url": "893765301-678.0687870598864IMG8390.jpg", "cover": false}], "photosCategorizedByRooms": [], "relevantRegions": [], "photospheres": [], "specialConditions": [], "offers": {"closingRate": 0, "shouldHighlightIcon": true, "shouldShowOfferDialog": false, "shouldShowOffers": false, "summary": []}, "status": "despublicado", "showUrlHasBeenCopiedSnackbar": false, "isGalleryModalOpen": false, "error": false, "loaded": true, "loading": false, "loadingCategorizedRooms": false, "selectedMedia": "tenant/HouseMedia/PHOTOS", "video": "", "promotions": [], "condominium": {}, "forRent": true, "forSale": true, "salePrice": 365000, "mortgageFirstInstallment": 0, "listings": [{"imovelId": 893765301, "businessContext": "SALE", "status": "publicado", "firstPublicationDate": "2022-09-13T03:06:06.000+0000", "lastPublicationDate": "2022-09-13T03:06:06.000+0000", "ownership": "STANDARD"}, {"imovelId": 893765301, "businessContext": "RENT", "status": "despublicado", "statusReason": "OWNER_SELLING_HOUSE", "firstPublicationDate": "2022-09-13T03:06:06.000+0000", "lastPublicationDate": "2022-09-13T03:06:06.000+0000", "listingRentModel": {"listingBusinessContextId": 1232091, "rentalAdministrator": "QUINTOANDAR"}, "ownership": "STANDARD"}], "listingTags": [], "businessContext": "", "regionParameters": {"loaded": false, "loading": false, "RENT": {"visitsEnabled": true, "talkToAgentEnabled": false}, "SALE": {"visitsEnabled": true, "talkToAgentEnabled": false}}, "houseAgent": {"isDialogOpen": false, "alreadyOpenedByQueryParam": false}, "tenantServiceFee": 53, "closingStatus": {"loading": false}, "rentalGuarantee": {"minValue": 516.25, "maxValue": 1548.75}, "reservationAvailability": null, "isPrimaryMarket": false, "macroRegion": {"id": 2728, "name": "SPO 03"}, "suites": 1, "allowsCustomOffer": true, "displayCustomOfferPreference": false, "daysToVacate": 30, "houseVisitStatus": "ACCEPT_NEW", "visitStatusReason": null, "visitsUnavailable": false, "isReserved": false, "allowDirectOffer": true, "lastPublishedDate": "2022-09-13T03:06:06.000Z", "listingPublication": "stranded", "rentOnTermination": false, "constructionYear": null, "categories": []}, "markers": {"lat": -23.6221231, "lng": -46.5842854}, "talkToAgent": {"dialog": {"open": false, "questionType": null, "question": ""}, "agentSupport": {}, "error": null, "autoSubmit": false, "loading": false, "submitting": false, "success": false, "hasLoadedAgentInfo": false, "agent": null, "hasLoadedAgentsInRegion": false, "agentsInRegion": null}}}}, "__N_SSP": true}, "page": "/imovel/[houseId]/[[...slug]]", "query": {"houseId": "893765301", "slug": ["alugar", "apartamento-3-quartos-sao-joao-climaco-sao-paulo"]}, "buildId": "gCr3Bg2lYzV9hxZqGibIQ", "runtimeConfig": {"NEXT_PUBLIC_HOME_ADVERTISING_BANNER": "coupon"}, "isFallback": false, "dynamicIds": [61847, 31265, 66435, 77453, 11010, 87356, 60899, 41103, 3232, 33207, 72227, 40072, 96827], "gssp": true, "customServer": true, "appGip": true, "locale": "pt-BR", "locales": ["pt-BR", "es-MX"], "defaultLocale": "pt-BR", "domainLocales": [{"domain": "www.quintoandar.com.br", "defaultLocale": "pt-BR"}, {"domain": "www.benvi.mx", "defaultLocale": "es-MX"}], "scriptLoader": []}