{"props": {"pageProps": {"initialState": {"route": {"locationBeforeTransitions": {"pathname": "/imovel/893758331/alugar/apartamento-1-quarto-vila-da-saude-sao-paulo", "search": "", "hash": "", "action": "POP", "query": {}}, "topLevelRouteName": "house details", "businessContext": "RENT", "favoriteListsBusinessContext": "RENT"}, "router": {"location": {"href": "/", "pathname": "/", "search": "", "hash": ""}}, "progress": {"pendingRequests": -1}, "login": {"response": {}, "user": {"isLoggedIn": false, "id": 0, "agentId": 0, "hashId": "", "sessionId": null, "name": "", "email": "", "maskedEmail": "", "jwt": {"app": "", "firebase": ""}, "phone": {"countryCode": "+55", "areaCode": "", "phoneNumber": ""}, "country": "BR", "channel": "", "isPhoneRegistered": false, "acceptWhatsapp": true, "hasDocument": false, "isPartner": false}, "accountForm": {}, "redirectUrl": "", "isRequestOngoing": false}, "captcha": {"token": "", "hasLoadedRemoteConfig": false, "provider": "", "friction": "low", "unavailableCountriesCode": []}, "supportedCities": [], "inAppMessages": {"biomaSurvey": {"isOpen": false, "formId": null, "data": {"opaque": true}}}, "metaData": {"similar_houses_clicked": []}, "appData": {"device": {"type": "desktop", "isSearchEngineCrawler": false}, "experiments": "X-AB-Test=ab_exposed_filter_sale_desktop:1,ab_exposed_filter_sale_v1:1,ab_exposed_filters:1,ab_load_more_v0:-1,ab_new_house_card_v2:0,ab_new_rent_listing_phase2:0,ab_profiling_create_alert_filters:0,ab_scheduling_step_by_step_v1:1,ab_show_floor_sale:0,ab_street_search_retrieval_v1:0"}, "house": {"houseInfo": {"id": "893758331", "displayId": "1058331", "bedrooms": 1, "city": "S\u00e3o Paulo", "cityId": 39, "bathrooms": 1, "iptu": 10, "amenities": [{"key": "BANHEIRA_DE_HIDROMASSAGEM", "text": "Banheira", "value": "NAO", "optional": false}, {"key": "BOX", "text": "Box", "value": "SIM", "optional": false}, {"key": "VARANDA", "text": "Varanda", "value": "SIM", "optional": false}, {"key": "PISCINA_PRIVATIVA", "text": "Piscina privativa", "value": "NAO", "optional": false}, {"key": "ARMARIOS_EMBUTIDOS_NO_QUARTO", "text": "Arm\u00e1rios no quarto", "value": "SIM", "optional": false}, {"key": "ARMARIOS_NOS_BANHEIROS", "text": "Arm\u00e1rios no banheiro", "value": "SIM", "optional": false}, {"key": "ARMARIOS_NA_COZINHA", "text": "Arm\u00e1rios na cozinha", "value": "SIM", "optional": false}, {"key": "AR_CONDICIONADO", "text": "Ar condicionado", "value": "SIM", "optional": false}, {"key": "CHUVEIRO_A_GAS", "text": "Chuveiro a g\u00e1s", "value": "SIM", "optional": false}, {"key": "QUARTO_DE_SERVICO", "text": "Quarto de servi\u00e7o", "value": "NAO", "optional": false}, {"key": "BANHEIRO_DE_SERVICO", "text": "Banheiro de servi\u00e7o", "value": "NAO", "optional": false}, {"key": "VARANDA_GOURMET", "text": "Varanda gourmet", "value": "SIM", "optional": false}, {"key": "APARTAMENTO_COBERTURA", "text": "Apartamento cobertura", "value": "NAO", "optional": false}, {"key": "QUARTO_EXTRA_REVERSIVEL", "text": "Quarto extra revers\u00edvel", "value": "NAO", "optional": false}, {"key": "FOGAO_INCLUSO", "text": "Fog\u00e3o", "value": "NAO", "optional": false}, {"key": "GELADEIRA_INCLUSO", "text": "Geladeira", "value": "SIM", "optional": false}, {"key": "BANHEIRO_ADAPTADO", "text": "Banheiro adaptado", "value": "NAO", "optional": false}, {"key": "CLOSET", "text": "Closet", "value": "NAO", "optional": false}, {"key": "COZINHA_AMERICANA", "text": "Cozinha americana", "value": "NAO", "optional": false}, {"key": "MESAS_E_CADEIRAS_DE_ESCRITORIO", "text": "Mesas e cadeiras de escrit\u00f3rio", "value": "SIM", "optional": false}, {"key": "JARDIM", "text": "Jardim", "value": "SIM", "optional": false}, {"key": "QUARTOS_E_CORREDORES_COM_PORTAS_AMPLAS", "text": "Quartos e corredores com portas amplas", "value": "SIM", "optional": false}, {"key": "QUINTAL", "text": "Quintal", "value": "NAO", "optional": false}, {"key": "SOMENTE_UMA_CASA_NO_TERRENO", "text": "Somente uma casa no terreno", "value": "NAO", "optional": false}, {"key": "AREA_DE_SERVICO", "text": "\u00c1rea de servi\u00e7o", "value": "SIM", "optional": false}], "comfortCommodities": [{"key": "BANHEIRA_DE_HIDROMASSAGEM", "text": "Banheira", "value": "NAO", "optional": false}, {"key": "PISCINA_PRIVATIVA", "text": "Piscina privativa", "value": "NAO", "optional": false}, {"key": "AR_CONDICIONADO", "text": "Ar condicionado", "value": "SIM", "optional": false}, {"key": "SOL_DA_MANHA", "text": "Sol da manh\u00e3", "value": "NAO", "optional": false}, {"key": "SOL_DA_TARDE", "text": "Sol da tarde", "value": "SIM", "optional": false}, {"key": "CORTINAS_BLACK_OUT", "text": "Cortinas corta luz", "value": "SIM", "optional": false}, {"key": "CORTINAS_DECORATIVAS", "text": "Cortina transl\u00facida", "value": "SIM", "optional": false}, {"key": "JANELA_ANTI_RUIDO", "text": "Janela anti-ru\u00eddo", "value": "SIM", "optional": false}, {"key": "VENTILADOR_DE_TETO", "text": "Ventilador de teto", "value": "NAO", "optional": false}, {"key": "LUMINOSIDADE_NATURAL", "text": "Janelas grandes", "value": "SIM", "optional": false}, {"key": "VISTA_LIVRE", "text": "Vista livre", "value": "NAO", "optional": false}, {"key": "RUA_SILENCIOSA", "text": "Rua silenciosa", "value": "SIM", "optional": false}], "practicalityCommodities": [{"key": "BOX", "text": "Box", "value": "SIM", "optional": false}, {"key": "ARMARIOS_EMBUTIDOS_NO_QUARTO", "text": "Arm\u00e1rios no quarto", "value": "SIM", "optional": false}, {"key": "ARMARIOS_NOS_BANHEIROS", "text": "Arm\u00e1rios no banheiro", "value": "SIM", "optional": false}, {"key": "ARMARIOS_NA_COZINHA", "text": "Arm\u00e1rios na cozinha", "value": "SIM", "optional": false}, {"key": "CHUVEIRO_A_GAS", "text": "Chuveiro a g\u00e1s", "value": "SIM", "optional": false}, {"key": "FOGAO_INCLUSO", "text": "Fog\u00e3o", "value": "NAO", "optional": false}, {"key": "GELADEIRA_INCLUSO", "text": "Geladeira", "value": "SIM", "optional": false}, {"key": "CHUVEIRO_ELETRICO", "text": "Chuveiro el\u00e9trico", "value": "SIM", "optional": false}, {"key": "MICROONDAS", "text": "Microondas", "value": "SIM", "optional": false}, {"key": "SOFA", "text": "Sof\u00e1", "value": "SIM", "optional": false}, {"key": "MAQUINA_DE_LAVAR", "text": "M\u00e1quina de lavar", "value": "SIM", "optional": false}, {"key": "TANQUE", "text": "Tanque", "value": "SIM", "optional": false}, {"key": "REDE_DE_PROTECAO", "text": "Tela nas janelas", "value": "SIM", "optional": false}, {"key": "VARAL_DE_ROUPAS", "text": "Varal de roupas", "value": "SIM", "optional": false}, {"key": "TOMADAS_NOVAS", "text": "Tomadas 3 pinos", "value": "SIM", "optional": false}, {"key": "TELEVISAO", "text": "Televis\u00e3o", "value": "SIM", "optional": false}, {"key": "MESAS_E_CADEIRAS_DE_JANTAR", "text": "Mesas e cadeiras de jantar", "value": "SIM", "optional": false}, {"key": "CHURRASQUEIRA", "text": "Churrasqueira", "value": "SIM", "optional": false}, {"key": "ACESSO_SEM_DEGRAUS", "text": "Acesso sem degraus", "value": "SIM", "optional": false}, {"key": "COOKTOP", "text": "Fog\u00e3o cooktop", "value": "SIM", "optional": false}, {"key": "UTENSILIOS_DE_COZINHA", "text": "Utens\u00edlios de cozinha", "value": "NAO", "optional": false}, {"key": "CAMA_DE_CASAL", "text": "Cama de casal", "value": "SIM", "optional": false}, {"key": "CAMA_DE_SOLTEIRO", "text": "Cama de solteiro", "value": "NAO", "optional": false}, {"key": "ESPELHO_NO_BANHEIRO", "text": "Espelho no banheiro", "value": "SIM", "optional": false}, {"key": "FECHADURA_ELETRONICA", "text": "Fechadura eletr\u00f4nica", "value": "SIM", "optional": false}, {"key": "ENERGIA", "text": "Energia no im\u00f3vel", "value": "SIM", "optional": false}], "area": 37, "installations": [{"key": "PLAYGROUND", "text": "Playground", "value": "NAO"}, {"key": "PISCINA", "text": "Piscina", "value": "SIM"}, {"key": "CHURRASQUEIRA", "text": "Churrasqueira", "value": "SIM"}, {"key": "QUADRA_ESPORTIVA", "text": "Quadra esportiva", "value": "NAO"}, {"key": "ACADEMIA", "text": "Academia", "value": "SIM"}, {"key": "SALAO_DE_FESTAS", "text": "Sal\u00e3o de festas", "value": "SIM"}, {"key": "SAUNA", "text": "Sauna", "value": "NAO"}, {"key": "LAVANDERIA_NO_PREDIO", "text": "Lavanderia no pr\u00e9dio", "value": "SIM"}, {"key": "GAS_ENCANADO", "text": "G\u00e1s encanado", "value": "SIM"}, {"key": "ESPACO_GOURMET_NA_AREA_COMUM", "text": "Espa\u00e7o gourmet na \u00e1rea comum", "value": "SIM"}, {"key": "BRINQUEDOTECA", "text": "Brinquedoteca", "value": "NAO"}, {"key": "CORRIMAO", "text": "Corrim\u00e3o", "value": "NAO"}, {"key": "PISO_TATIL", "text": "Piso t\u00e1til", "value": "NAO"}, {"key": "RAMPAS_DE_ACESSO", "text": "Rampas de acesso", "value": "SIM"}, {"key": "SALAO_DE_JOGOS", "text": "Sal\u00e3o de jogos", "value": "NAO"}, {"key": "VAGA_DE_GARAGEM_ACESSIVEL", "text": "Vaga de garagem acess\u00edvel", "value": "SIM"}, {"key": "AREA_VERDE", "text": "\u00c1rea verde", "value": "SIM"}, {"key": "Elevador", "value": "SIM"}, {"key": "Porteiro24H", "value": "SIM"}], "rentPrice": 2900, "condoPrice": 800, "condoType": "Normal", "region": {"name": "Sa\u00fade", "hub": {"loading": "UNSET", "enabled": false, "abSecretariat": false, "isPrimaryMarket": false}, "id": 49}, "type": "Apartamento", "iptuType": "Normal", "totalCost": 3822, "parkingSpaces": 1, "address": {"street": "Rua General Chagas Santos", "neighborhood": "Vila da Sa\u00fade", "city": "S\u00e3o Paulo", "zipCode": "04146-050", "stateName": "S\u00e3o Paulo", "stateAcronym": "SP", "lat": -23.6180621, "lng": -46.6331688, "countryName": "Brasil", "countryCode": "BR", "country": "Brasil"}, "floor": 8, "homeProtection": 37, "remarks": "Excelente apartamento, pronto para morar. Localizado em local calmo, pr\u00f3ximo aos metr\u00f4s Sa\u00fade e Pra\u00e7a da \u00e1rvore, pontos de \u00f4nibus e diversos com\u00e9rcios como supermercados, padaria, restaurantes e uma excelente feira livre aos domingos. O im\u00f3vel se encontra em perfeito estado de conserva\u00e7\u00e3o, muito bem arejado.", "furniture": "O apartamento possui arm\u00e1rios planejados por todos os c\u00f4modos. A cozinha possui geladeira, cooktop, microondas, mesa e cadeiras, al\u00e9m de arm\u00e1rios. O quarto possui, cama, arm\u00e1rio e c\u00f4moda. J\u00e1 na sala, ficar\u00e3o a TV de 40\u201d, arm\u00e1rio, sof\u00e1 e ar condicionado.\nTodos os itens s\u00e3o novos ou seminovos em perfeitas condi\u00e7\u00f5es, n\u00e3o s\u00e3o negoci\u00e1veis e permanecer\u00e3o no im\u00f3vel.", "acceptsPets": true, "hasFurniture": true, "isNearSubway": true, "placesNearby": [{"name": "Escola Estadual Professora Maria Ribeiro Guimar\u00e3es Bueno", "type": "SCHOOL", "slug": "escola-estadual-professora-maria-ribeiro-guimaraes-bueno-saude-sao-paulo-sp"}, {"name": "Sa\u00fade", "type": "ESTACAO_METRO_OU_TREM", "slug": "estacao-saude-sao-paulo-sp"}, {"name": "Shopping Plaza Sul", "type": "SHOPPING_MALL", "slug": "shopping-plaza-sul-jardim-da-saude-sao-paulo-sp"}, {"name": "Col\u00e9gio Internacional Radial", "type": "SCHOOL", "slug": "colegio-internacional-radial-saude-sao-paulo-sp"}, {"name": "Sociedade Beneficiente Feminina Mika", "type": "SCHOOL", "slug": "sociedade-beneficiente-feminina-mika-saude-sao-paulo-sp"}, {"name": "Pra\u00e7a Da \u00c1rvore", "type": "ESTACAO_METRO_OU_TREM", "slug": "estacao-praca-da-arvore-sao-paulo-sp"}, {"name": "Teatro Escola Nill de P\u00e1dua", "type": "MUSEUM_THEATRE_OR_CONCERT_HALL", "slug": "teatro-escola-nill-de-padua-saude-sao-paulo-sp"}, {"name": "Escola Eduque", "type": "SCHOOL", "slug": "escola-eduque-bosque-da-saude-sao-paulo-sp"}, {"name": "Fisk", "type": "SCHOOL", "slug": "fisk-saude-sao-paulo-sp"}, {"name": "DeRose Method Plaza Sul", "type": "UNIVERSITY_OR_COLLEGE", "slug": "derose-method-plaza-sul-bosque-da-saude-sao-paulo-sp"}, {"name": "Escola Louren\u00e7o Filho", "type": "SCHOOL", "slug": "escola-lourenco-filho-sao-paulo-sp-brasil"}, {"name": "Escola Sa\u00fade", "type": "SCHOOL", "slug": "escola-saude-chacara-inglesa-sao-paulo-sp"}, {"name": "Col\u00e9gio Nova Gera\u00e7\u00e3o", "type": "SCHOOL", "slug": "colegio-nova-geracao-bosque-da-saude-sao-paulo-sp"}, {"name": "RASC Aprendiz SP", "type": "UNIVERSITY_OR_COLLEGE", "slug": "rasc-aprendiz-sp-vila-mariana-sao-paulo-sp"}, {"name": "Col\u00e9gio Renova\u00e7\u00e3o", "type": "SCHOOL", "slug": "colegio-renovacao-vila-santo-estefano-sao-paulo-sp"}], "availabilityType": "IMMEDIATE", "photos": [{"id": 29684965, "subtitle": "Sala conjugada", "url": "893758331-962.2831662198607Ed.TAGDecor1301173.jpg", "cover": true}, {"id": 29684968, "subtitle": "Sala conjugada", "url": "893758331-576.7245720463209Ed.TAGDecor13011732.jpg", "cover": false}, {"id": 29684973, "subtitle": "Sala conjugada", "url": "893758331-532.555605636555Ed.TAGDecor13011733.jpg", "cover": false}, {"id": 29684976, "subtitle": "Sala conjugada", "url": "893758331-757.4172909391006Ed.TAGDecor13011734.jpg", "cover": false}, {"id": 29684981, "subtitle": "Sala conjugada", "url": "893758331-924.3343375040535Ed.TAGDecor13011735.jpg", "cover": false}, {"id": 29684985, "subtitle": "Sala conjugada", "url": "893758331-787.5791091116931Ed.TAGDecor13011736.jpg", "cover": false}, {"id": 29684988, "subtitle": "Sala conjugada", "url": "893758331-924.4299002425366Ed.TAGDecor13011737.jpg", "cover": false}, {"id": 29685220, "subtitle": "Sala conjugada", "url": "893758331-524.4831992087894Ed.TAGDecor13011738.jpg", "cover": false}, {"id": 29685223, "subtitle": "Sala conjugada", "url": "893758331-14.49486832800051Ed.TAGDecor13011739.jpg", "cover": false}, {"id": 29685228, "subtitle": "Sala conjugada", "url": "893758331-821.1345914072608Ed.TAGDecor130117310.jpg", "cover": false}, {"id": 29685230, "subtitle": "Sala conjugada", "url": "893758331-933.7525438005185Ed.TAGDecor130117311.jpg", "cover": false}, {"id": 29685238, "subtitle": "Sala conjugada", "url": "893758331-669.6908813722613Ed.TAGDecor130117312.jpg", "cover": false}, {"id": 29685242, "subtitle": "Quarto", "url": "893758331-569.4946487421001Ed.TAGDecor130117313.jpg", "cover": false}, {"id": 29685245, "subtitle": "Quarto - Arm\u00e1rios", "url": "893758331-488.14264540649344Ed.TAGDecor130117314.jpg", "cover": false}, {"id": 29685250, "subtitle": "Quarto - Arm\u00e1rios", "url": "893758331-964.3008020667662Ed.TAGDecor130117315.jpg", "cover": false}, {"id": 29685306, "subtitle": "Quarto", "url": "893758331-36.48590790298667Ed.TAGDecor130117316.jpg", "cover": false}, {"id": 29685311, "subtitle": "Vista do quarto", "url": "893758331-997.9890168874942Ed.TAGDecor130117317.jpg", "cover": false}, {"id": 29685315, "subtitle": "Detalhe lavabo", "url": "893758331-304.18966914715537Ed.TAGDecor130117318.jpg", "cover": false}, {"id": 29685320, "subtitle": "Detalhe lavabo", "url": "893758331-123.14564248885817Ed.TAGDecor130117319.jpg", "cover": false}, {"id": 29685324, "subtitle": "Banheiro", "url": "893758331-19.132432610930117Ed.TAGDecor130117320.jpg", "cover": false}, {"id": 29685328, "subtitle": "Detalhe banheiro", "url": "893758331-405.857673847239Ed.TAGDecor130117321.jpg", "cover": false}, {"id": 29685334, "subtitle": "\u00c1rea comum - Sal\u00e3o de festas", "url": "893758331-893.0652800984952Ed.TAGDecor130117322.jpg", "cover": false}, {"id": 29685336, "subtitle": "\u00c1rea comum - Sal\u00e3o de festas", "url": "893758331-589.1881644260661Ed.TAGDecor130117323.jpg", "cover": false}, {"id": 29685359, "subtitle": "\u00c1rea comum - Sal\u00e3o de festas", "url": "893758331-631.3508808991463Ed.TAGDecor130117328.jpg", "cover": false}, {"id": 29685340, "subtitle": "\u00c1rea comum - Sal\u00e3o de festas", "url": "893758331-253.52633396531655Ed.TAGDecor130117324.jpg", "cover": false}, {"id": 29685345, "subtitle": "\u00c1rea comum - Sal\u00e3o de festas", "url": "893758331-187.05244855992464Ed.TAGDecor130117325.jpg", "cover": false}, {"id": 29685348, "subtitle": "Sal\u00e3o de jogos", "url": "893758331-915.3083771944991Ed.TAGDecor130117326.jpg", "cover": false}, {"id": 29685354, "subtitle": "Sal\u00e3o de jogos", "url": "893758331-807.4578514859353Ed.TAGDecor130117327.jpg", "cover": false}, {"id": 29685366, "subtitle": "Lavanderia", "url": "893758331-159.36740644476467Ed.TAGDecor130117329.jpg", "cover": false}, {"id": 29685372, "subtitle": "Lavanderia", "url": "893758331-842.6343786730586Ed.TAGDecor130117330.jpg", "cover": false}, {"id": 29685379, "subtitle": "Lavanderia", "url": "893758331-999.9443998045468Ed.TAGDecor130117331.jpg", "cover": false}, {"id": 29685384, "subtitle": "\u00c1rea comum - Academia", "url": "893758331-408.1478505343763Ed.TAGDecor130117332.jpg", "cover": false}, {"id": 29685387, "subtitle": "\u00c1rea comum - Academia", "url": "893758331-109.78980657198368Ed.TAGDecor130117333.jpg", "cover": false}, {"id": 29685391, "subtitle": "\u00c1rea comum - Academia", "url": "893758331-417.3314437560158Ed.TAGDecor130117334.jpg", "cover": false}, {"id": 29685398, "subtitle": "\u00c1rea comum - Academia", "url": "893758331-442.719282235982Ed.TAGDecor130117335.jpg", "cover": false}, {"id": 29685401, "subtitle": "\u00c1rea comum - Piscina", "url": "893758331-806.6418552832896Ed.TAGDecor130117336.jpg", "cover": false}, {"id": 29685407, "subtitle": "\u00c1rea comum - Piscina", "url": "893758331-884.3911957323237Ed.TAGDecor130117337.jpg", "cover": false}, {"id": 29685414, "subtitle": "\u00c1rea comum - Piscina", "url": "893758331-360.2690497809149Ed.TAGDecor130117338.jpg", "cover": false}, {"id": 29685418, "subtitle": "Mercadinho", "url": "893758331-121.15160105644517Ed.TAGDecor130117339.jpg", "cover": false}, {"id": 29685491, "subtitle": "Fachada", "url": "893758331-118.12047015020511IMG20220902221056.jpg", "cover": false}], "photosCategorizedByRooms": [], "relevantRegions": [], "photospheres": [], "specialConditions": ["Exclusivity"], "offers": {"closingRate": 0, "shouldHighlightIcon": true, "shouldShowOfferDialog": false, "shouldShowOffers": false, "summary": []}, "status": "publicado", "showUrlHasBeenCopiedSnackbar": false, "isGalleryModalOpen": false, "error": false, "loaded": true, "loading": false, "loadingCategorizedRooms": false, "selectedMedia": "tenant/HouseMedia/PHOTOS", "video": "", "promotions": [], "condominium": {"hashId": "ndv7sg7jjd", "name": "Tag Decor", "slug": "tag-decor-vila-da-saude-sao-paulo", "address": "R. Gen. Chagas Santos", "constructionYear": 2014}, "forRent": true, "forSale": true, "salePrice": 425000, "mortgageFirstInstallment": 0, "listings": [{"imovelId": 893758331, "businessContext": "SALE", "status": "publicado", "firstPublicationDate": "2022-09-05T14:11:41.000+0000", "lastPublicationDate": "2022-09-05T14:11:41.000+0000", "ownership": "STANDARD"}, {"imovelId": 893758331, "businessContext": "RENT", "status": "publicado", "firstPublicationDate": "2022-09-03T21:46:22.000+0000", "lastPublicationDate": "2022-09-03T21:46:22.000+0000", "listingRentModel": {"listingBusinessContextId": 1223306, "rentalAdministrator": "QUINTOANDAR"}, "ownership": "STANDARD"}], "listingTags": [], "businessContext": "", "regionParameters": {"loaded": false, "loading": false, "RENT": {"visitsEnabled": true, "talkToAgentEnabled": false}, "SALE": {"visitsEnabled": true, "talkToAgentEnabled": false}}, "houseAgent": {"isDialogOpen": false, "alreadyOpenedByQueryParam": false}, "tenantServiceFee": 75, "closingStatus": {"loading": false}, "rentalGuarantee": {"minValue": 725, "maxValue": 2175}, "reservationAvailability": null, "isPrimaryMarket": false, "macroRegion": {"id": 2740, "name": "SPO 04"}, "suites": 0, "allowsCustomOffer": false, "displayCustomOfferPreference": false, "houseVisitStatus": "ACCEPT_NEW", "visitStatusReason": null, "visitsUnavailable": false, "isReserved": false, "allowDirectOffer": true, "lastPublishedDate": "2022-09-03T21:46:22.000Z", "listingPublication": "stranded", "rentOnTermination": false, "constructionYear": 2014, "categories": []}, "markers": {"lat": -23.6180621, "lng": -46.6331688}, "talkToAgent": {"dialog": {"open": false, "questionType": null, "question": ""}, "agentSupport": {}, "error": null, "autoSubmit": false, "loading": false, "submitting": false, "success": false, "hasLoadedAgentInfo": false, "agent": null, "hasLoadedAgentsInRegion": false, "agentsInRegion": null}}}}, "__N_SSP": true}, "page": "/imovel/[houseId]/[[...slug]]", "query": {"houseId": "893758331", "slug": ["alugar", "apartamento-1-quarto-vila-da-saude-sao-paulo"]}, "buildId": "gCr3Bg2lYzV9hxZqGibIQ", "runtimeConfig": {"NEXT_PUBLIC_HOME_ADVERTISING_BANNER": "coupon"}, "isFallback": false, "dynamicIds": [61847, 31265, 66435, 77453, 87356, 60899, 41103, 3232, 33207, 72227, 40072, 39327, 19904, 96827], "gssp": true, "customServer": true, "appGip": true, "locale": "pt-BR", "locales": ["pt-BR", "es-MX"], "defaultLocale": "pt-BR", "domainLocales": [{"domain": "www.quintoandar.com.br", "defaultLocale": "pt-BR"}, {"domain": "www.benvi.mx", "defaultLocale": "es-MX"}], "scriptLoader": []}