{"props": {"pageProps": {"initialState": {"route": {"locationBeforeTransitions": {"pathname": "/imovel/893738610/alugar/casa-1-quarto-vila-california-sao-paulo", "search": "", "hash": "", "action": "POP", "query": {}}, "topLevelRouteName": "house details", "businessContext": "RENT", "favoriteListsBusinessContext": "RENT"}, "router": {"location": {"href": "/", "pathname": "/", "search": "", "hash": ""}}, "progress": {"pendingRequests": -1}, "login": {"response": {}, "user": {"isLoggedIn": false, "id": 0, "agentId": 0, "hashId": "", "sessionId": null, "name": "", "email": "", "maskedEmail": "", "jwt": {"app": "", "firebase": ""}, "phone": {"countryCode": "+55", "areaCode": "", "phoneNumber": ""}, "country": "BR", "channel": "", "isPhoneRegistered": false, "acceptWhatsapp": true, "hasDocument": false, "isPartner": false}, "accountForm": {}, "redirectUrl": "", "isRequestOngoing": false}, "captcha": {"token": "", "hasLoadedRemoteConfig": false, "provider": "", "friction": "low", "unavailableCountriesCode": []}, "supportedCities": [], "inAppMessages": {"biomaSurvey": {"isOpen": false, "formId": null, "data": {"opaque": true}}}, "metaData": {"similar_houses_clicked": []}, "appData": {"device": {"type": "desktop", "isSearchEngineCrawler": false}, "experiments": "X-AB-Test=ab_exposed_filter_sale_desktop:1,ab_exposed_filter_sale_v1:1,ab_exposed_filters:1,ab_load_more_v0:-1,ab_new_house_card_v2:0,ab_new_rent_listing_phase2:0,ab_profiling_create_alert_filters:0,ab_scheduling_step_by_step_v1:1,ab_show_floor_sale:0,ab_street_search_retrieval_v1:0"}, "house": {"houseInfo": {"id": "893738610", "displayId": "1038610", "bedrooms": 1, "city": "S\u00e3o Paulo", "cityId": 39, "bathrooms": 1, "iptu": 49, "amenities": [{"key": "BANHEIRA_DE_HIDROMASSAGEM", "text": "Banheira", "value": "NAO", "optional": false}, {"key": "BOX", "text": "Box", "value": "NAO", "optional": false}, {"key": "VARANDA", "text": "Varanda", "value": "NAO", "optional": false}, {"key": "PISCINA_PRIVATIVA", "text": "Piscina privativa", "value": "SIM", "optional": false}, {"key": "ARMARIOS_EMBUTIDOS_NO_QUARTO", "text": "Arm\u00e1rios no quarto", "value": "NAO", "optional": false}, {"key": "ARMARIOS_NOS_BANHEIROS", "text": "Arm\u00e1rios no banheiro", "value": "NAO", "optional": false}, {"key": "ARMARIOS_NA_COZINHA", "text": "Arm\u00e1rios na cozinha", "value": "NAO", "optional": false}, {"key": "AR_CONDICIONADO", "text": "Ar condicionado", "value": "NAO", "optional": false}, {"key": "CHUVEIRO_A_GAS", "text": "Chuveiro a g\u00e1s", "value": "NAO", "optional": false}, {"key": "QUARTO_DE_SERVICO", "text": "Quarto de servi\u00e7o", "value": "SIM", "optional": false}, {"key": "BANHEIRO_DE_SERVICO", "text": "Banheiro de servi\u00e7o", "value": "SIM", "optional": false}, {"key": "VARANDA_GOURMET", "text": "Varanda gourmet", "value": "SIM", "optional": false}, {"key": "APARTAMENTO_COBERTURA", "text": "Apartamento cobertura", "value": "NAO", "optional": false}, {"key": "QUARTO_EXTRA_REVERSIVEL", "text": "Quarto extra revers\u00edvel", "value": "SIM", "optional": false}, {"key": "FOGAO_INCLUSO", "text": "Fog\u00e3o", "value": "NAO", "optional": false}, {"key": "GELADEIRA_INCLUSO", "text": "Geladeira", "value": "NAO", "optional": false}, {"key": "BANHEIRO_ADAPTADO", "text": "Banheiro adaptado", "value": "NAO", "optional": false}, {"key": "CLOSET", "text": "Closet", "value": "NAO", "optional": false}, {"key": "COZINHA_AMERICANA", "text": "Cozinha americana", "value": "NAO", "optional": false}, {"key": "MESAS_E_CADEIRAS_DE_ESCRITORIO", "text": "Mesas e cadeiras de escrit\u00f3rio", "value": "NAO", "optional": false}, {"key": "JARDIM", "text": "Jardim", "value": "NAO", "optional": false}, {"key": "QUARTOS_E_CORREDORES_COM_PORTAS_AMPLAS", "text": "Quartos e corredores com portas amplas", "value": "NAO", "optional": false}, {"key": "QUINTAL", "text": "Quintal", "value": "NAO", "optional": false}, {"key": "SOMENTE_UMA_CASA_NO_TERRENO", "text": "Somente uma casa no terreno", "value": "NAO", "optional": false}, {"key": "AREA_DE_SERVICO", "text": "\u00c1rea de servi\u00e7o", "value": "NAO", "optional": false}], "comfortCommodities": [{"key": "BANHEIRA_DE_HIDROMASSAGEM", "text": "Banheira", "value": "NAO", "optional": false}, {"key": "PISCINA_PRIVATIVA", "text": "Piscina privativa", "value": "SIM", "optional": false}, {"key": "AR_CONDICIONADO", "text": "Ar condicionado", "value": "NAO", "optional": false}, {"key": "SOL_DA_MANHA", "text": "Sol da manh\u00e3", "value": "SIM", "optional": false}, {"key": "SOL_DA_TARDE", "text": "Sol da tarde", "value": "SIM", "optional": false}, {"key": "CORTINAS_BLACK_OUT", "text": "Cortinas corta luz", "value": "SIM", "optional": false}, {"key": "CORTINAS_DECORATIVAS", "text": "Cortina transl\u00facida", "value": "SIM", "optional": false}, {"key": "JANELA_ANTI_RUIDO", "text": "Janela anti-ru\u00eddo", "value": "SIM", "optional": false}, {"key": "VENTILADOR_DE_TETO", "text": "Ventilador de teto", "value": "NAO", "optional": false}, {"key": "LUMINOSIDADE_NATURAL", "text": "Janelas grandes", "value": "NAO", "optional": false}, {"key": "VISTA_LIVRE", "text": "Vista livre", "value": "SIM", "optional": false}, {"key": "RUA_SILENCIOSA", "text": "Rua silenciosa", "value": "NAO", "optional": false}], "practicalityCommodities": [{"key": "BOX", "text": "Box", "value": "NAO", "optional": false}, {"key": "ARMARIOS_EMBUTIDOS_NO_QUARTO", "text": "Arm\u00e1rios no quarto", "value": "NAO", "optional": false}, {"key": "ARMARIOS_NOS_BANHEIROS", "text": "Arm\u00e1rios no banheiro", "value": "NAO", "optional": false}, {"key": "ARMARIOS_NA_COZINHA", "text": "Arm\u00e1rios na cozinha", "value": "NAO", "optional": false}, {"key": "CHUVEIRO_A_GAS", "text": "Chuveiro a g\u00e1s", "value": "NAO", "optional": false}, {"key": "FOGAO_INCLUSO", "text": "Fog\u00e3o", "value": "NAO", "optional": false}, {"key": "GELADEIRA_INCLUSO", "text": "Geladeira", "value": "NAO", "optional": false}, {"key": "CHUVEIRO_ELETRICO", "text": "Chuveiro el\u00e9trico", "value": "SIM", "optional": false}, {"key": "MICROONDAS", "text": "Microondas", "value": "NAO", "optional": false}, {"key": "SOFA", "text": "Sof\u00e1", "value": "NAO", "optional": false}, {"key": "MAQUINA_DE_LAVAR", "text": "M\u00e1quina de lavar", "value": "NAO", "optional": false}, {"key": "TANQUE", "text": "Tanque", "value": "SIM", "optional": false}, {"key": "REDE_DE_PROTECAO", "text": "Tela nas janelas", "value": "SIM", "optional": false}, {"key": "VARAL_DE_ROUPAS", "text": "Varal de roupas", "value": "SIM", "optional": false}, {"key": "TOMADAS_NOVAS", "text": "Tomadas 3 pinos", "value": "SIM", "optional": false}, {"key": "TELEVISAO", "text": "Televis\u00e3o", "value": "NAO", "optional": false}, {"key": "MESAS_E_CADEIRAS_DE_JANTAR", "text": "Mesas e cadeiras de jantar", "value": "NAO", "optional": false}, {"key": "CHURRASQUEIRA", "text": "Churrasqueira", "value": "SIM", "optional": false}, {"key": "ACESSO_SEM_DEGRAUS", "text": "Acesso sem degraus", "value": "SIM", "optional": false}, {"key": "COOKTOP", "text": "Fog\u00e3o cooktop", "value": "NAO", "optional": false}, {"key": "UTENSILIOS_DE_COZINHA", "text": "Utens\u00edlios de cozinha", "value": "NAO", "optional": false}, {"key": "CAMA_DE_CASAL", "text": "Cama de casal", "value": "NAO", "optional": false}, {"key": "CAMA_DE_SOLTEIRO", "text": "Cama de solteiro", "value": "NAO", "optional": false}, {"key": "ESPELHO_NO_BANHEIRO", "text": "Espelho no banheiro", "value": "SIM", "optional": false}, {"key": "FECHADURA_ELETRONICA", "text": "Fechadura eletr\u00f4nica", "value": "SIM", "optional": false}, {"key": "ENERGIA", "text": "Energia no im\u00f3vel", "value": "SIM", "optional": false}], "area": 58, "installations": [{"key": "PLAYGROUND", "text": "Playground", "value": "NAO"}, {"key": "PISCINA", "text": "Piscina", "value": "NAO"}, {"key": "CHURRASQUEIRA", "text": "Churrasqueira", "value": "NAO"}, {"key": "QUADRA_ESPORTIVA", "text": "Quadra esportiva", "value": "NAO"}, {"key": "ACADEMIA", "text": "Academia", "value": "NAO"}, {"key": "SALAO_DE_FESTAS", "text": "Sal\u00e3o de festas", "value": "NAO"}, {"key": "SAUNA", "text": "Sauna", "value": "NAO"}, {"key": "LAVANDERIA_NO_PREDIO", "text": "Lavanderia no pr\u00e9dio", "value": "NAO"}, {"key": "GAS_ENCANADO", "text": "G\u00e1s encanado", "value": "SIM"}, {"key": "ESPACO_GOURMET_NA_AREA_COMUM", "text": "Espa\u00e7o gourmet na \u00e1rea comum", "value": "SIM"}, {"key": "BRINQUEDOTECA", "text": "Brinquedoteca", "value": "NAO"}, {"key": "CORRIMAO", "text": "Corrim\u00e3o", "value": "NAO"}, {"key": "PISO_TATIL", "text": "Piso t\u00e1til", "value": "NAO"}, {"key": "RAMPAS_DE_ACESSO", "text": "Rampas de acesso", "value": "NAO"}, {"key": "SALAO_DE_JOGOS", "text": "Sal\u00e3o de jogos", "value": "NAO"}, {"key": "VAGA_DE_GARAGEM_ACESSIVEL", "text": "Vaga de garagem acess\u00edvel", "value": "NAO"}, {"key": "AREA_VERDE", "text": "\u00c1rea verde", "value": "NAO"}, {"key": "Elevador", "value": "NAO"}, {"key": "Porteiro24H", "value": "NAO"}], "rentPrice": 850, "condoPrice": 0, "condoType": "IncluidoNoAluguel", "region": {"name": "Vila Calif\u00f3rnia", "hub": {"loading": "UNSET", "enabled": false, "abSecretariat": false, "isPrimaryMarket": false}, "id": 2154}, "type": "Casa", "iptuType": "Normal", "totalCost": 936, "parkingSpaces": 0, "address": {"street": "Rua Paranaubis", "neighborhood": "Vila Calif\u00f3rnia", "city": "S\u00e3o Paulo", "zipCode": "03216-010", "stateName": "S\u00e3o Paulo", "stateAcronym": "SP", "lat": -23.6082189, "lng": -46.5546994, "countryName": "Brasil", "countryCode": "BR", "country": "Brasil"}, "homeProtection": 15, "remarks": "J\u00e1 incluso no valor de aluguel o rateio de \u00e1gua e esgoto.", "acceptsPets": true, "hasFurniture": false, "isNearSubway": false, "placesNearby": [{"name": "Pra\u00e7a Jo\u00e3o Valentim Lobato", "type": "PARK_OR_GREEN_AREA", "slug": "praca-joao-valentim-lobato-vila-california-sao-paulo-sp-brasil"}, {"name": "Unidade B\u00e1sica de Sa\u00fade - Vila Calif\u00f3rnia", "type": "HOSPITAL", "slug": "unidade-basica-de-saude-vila-california-vila-california-sao-paulo-sp-brasil"}, {"name": "Escola Estadual Profa. Brisabella de Almeida Nobre", "type": "SCHOOL", "slug": "escola-estadual-profa-brisabella-de-almeida-nobre-vila-california-sao-paulo-sp-brasil"}, {"name": "Escola Bambynos", "type": "SCHOOL", "slug": "escola-bambynos-vila-california-sao-paulo-sp-brasil"}, {"name": "Uninter Polo Parque S\u00e3o Lucas", "type": "UNIVERSITY_OR_COLLEGE", "slug": "uninter-polo-parque-sao-lucas-parque-sao-lucas-sao-paulo-sp-brasil"}, {"name": "Pra\u00e7a Jos\u00e9 Rodrigo de Lima", "type": "PARK_OR_GREEN_AREA", "slug": "praca-jose-rodrigo-de-lima-parque-sao-lucas-sao-paulo-sp-brasil"}, {"name": "Escola de Samba Unidos de S\u00e3o Lucas", "type": "SCHOOL", "slug": "escola-de-samba-unidos-de-sao-lucas-parque-sao-lucas-sao-paulo-sp-brasil"}, {"name": "Teatro Santos Dumont", "type": "MUSEUM_THEATRE_OR_CONCERT_HALL", "slug": "teatro-santos-dumont-santa-paula-sao-caetano-do-sul-sp"}, {"name": "Faculdade Tijucussu", "type": "UNIVERSITY_OR_COLLEGE", "slug": "faculdade-tijucussu-santa-paula-sao-caetano-do-sul-sp"}, {"name": "Col\u00e9gio F\u00eanix - Unidade 1", "type": "SCHOOL", "slug": "colegio-fenix-unidade-1-santa-paula-sao-caetano-do-sul-sp"}, {"name": "EMEF 28 de Julho", "type": "SCHOOL", "slug": "emef-28-de-julho-barcelona-sao-caetano-do-sul-sp"}, {"name": "Pinacoteca Municipal", "type": "MUSEUM_THEATRE_OR_CONCERT_HALL", "slug": "pinacoteca-municipal-santa-paula-sao-caetano-do-sul-sp"}, {"name": "UBS Parque S\u00e3o Lucas", "type": "HOSPITAL", "slug": "ubs-parque-sao-lucas-parque-sao-lucas-sao-paulo-sp-brasil"}, {"name": "Sesc S\u00e3o Caetano", "type": "MUSEUM_THEATRE_OR_CONCERT_HALL", "slug": "sesc-sao-caetano-santa-paula-sao-caetano-do-sul-sp"}, {"name": "Cl\u00ednica Dom Bosco", "type": "HOSPITAL", "slug": "clinica-dom-bosco-parque-sao-lucas-sao-paulo-sp-brasil"}, {"name": "Col\u00e9gio Rinco Progressivo", "type": "SCHOOL", "slug": "colegio-rinco-progressivo-jardim-independencia-sao-paulo-sp-brasil"}, {"name": "Hospital Estadual Vila Alpina", "type": "HOSPITAL", "slug": "hospital-estadual-vila-alpina-jardim-avelino-sao-paulo-sp-brasil"}, {"name": "Col\u00e9gio Carpe Diem Objetivo", "type": "SCHOOL", "slug": "colegio-carpe-diem-objetivo-parque-sao-lucas-sao-paulo-sp-brasil"}, {"name": "Col\u00e9gio Avelino", "type": "SCHOOL", "slug": "colegio-avelino-jardim-avelino-sao-paulo-sp-brasil"}], "availabilityType": "IMMEDIATE", "photos": [{"id": 28867393, "subtitle": "Cozinha", "url": "893738610-1.9442359351792282GENI0845.jpg", "cover": true}, {"id": 28867394, "subtitle": "Cozinha", "url": "893738610-935.8033740240525GENI0846.jpg", "cover": false}, {"id": 28867395, "subtitle": "Cozinha", "url": "893738610-896.8342683821709GENI0847.jpg", "cover": false}, {"id": 28867396, "subtitle": "Cozinha", "url": "893738610-871.1469255779743GENI0848.jpg", "cover": false}, {"id": 28867397, "subtitle": "Cozinha", "url": "893738610-684.3106305184394GENI0849.jpg", "cover": false}, {"id": 28867398, "subtitle": "Quarto", "url": "893738610-878.0849574408479GENI0850.jpg", "cover": false}, {"id": 28867399, "subtitle": "Quarto", "url": "893738610-641.9109954815449GENI0851.jpg", "cover": false}, {"id": 28867400, "subtitle": "Quarto", "url": "893738610-269.51461322272354GENI0852.jpg", "cover": false}, {"id": 28867401, "subtitle": "Quarto", "url": "893738610-16.022747986593643GENI0853.jpg", "cover": false}, {"id": 28867402, "subtitle": "Quarto", "url": "893738610-380.01346031520734GENI0854.jpg", "cover": false}, {"id": 28867403, "subtitle": "Quarto", "url": "893738610-583.2083974757917GENI0855.jpg", "cover": false}, {"id": 28867404, "subtitle": "Quarto", "url": "893738610-729.0507212340441GENI0856.jpg", "cover": false}, {"id": 28867405, "subtitle": "Quarto", "url": "893738610-14.00096719277133GENI0857.jpg", "cover": false}, {"id": 28867411, "subtitle": "Banheiro", "url": "893738610-541.0471811809078GENI0863.jpg", "cover": false}, {"id": 28867412, "subtitle": "Banheiro", "url": "893738610-562.9822198225886GENI0864.jpg", "cover": false}, {"id": 28867414, "subtitle": "Banheiro", "url": "893738610-353.6826907031566GENI0865.jpg", "cover": false}, {"id": 28867416, "subtitle": "Banheiro", "url": "893738610-129.47881721996046GENI0867.jpg", "cover": false}, {"id": 28867407, "subtitle": "\u00c1rea de Servi\u00e7o", "url": "893738610-920.4437711663609GENI0859.jpg", "cover": false}, {"id": 28867406, "subtitle": "\u00c1rea de Servi\u00e7o", "url": "893738610-342.6732106687006GENI0858.jpg", "cover": false}, {"id": 28867408, "subtitle": "\u00c1rea de Servi\u00e7o", "url": "893738610-107.52056059903525GENI0860.jpg", "cover": false}, {"id": 28867409, "subtitle": "\u00c1rea de Servi\u00e7o", "url": "893738610-499.6279800885842GENI0861.jpg", "cover": false}, {"id": 28867410, "subtitle": "\u00c1rea de Servi\u00e7o", "url": "893738610-832.2000408961767GENI0862.jpg", "cover": false}, {"id": 28867417, "subtitle": "Fachada", "url": "893738610-177.5247679136567GENI0869.jpg", "cover": false}, {"id": 28867418, "subtitle": "Fachada", "url": "893738610-451.87005879178355GENI0870.jpg", "cover": false}], "photosCategorizedByRooms": [], "relevantRegions": [], "photospheres": [], "specialConditions": ["Negotiated"], "offers": {"closingRate": 0, "shouldHighlightIcon": true, "shouldShowOfferDialog": false, "shouldShowOffers": false, "summary": []}, "status": "publicado", "showUrlHasBeenCopiedSnackbar": false, "isGalleryModalOpen": false, "error": false, "loaded": true, "loading": false, "loadingCategorizedRooms": false, "selectedMedia": "tenant/HouseMedia/PHOTOS", "video": "", "promotions": [], "condominium": {}, "forRent": true, "forSale": false, "salePrice": 0, "mortgageFirstInstallment": 0, "listings": [{"imovelId": 893738610, "businessContext": "RENT", "status": "publicado", "firstPublicationDate": "2022-08-10T10:03:44.000+0000", "lastPublicationDate": "2022-08-10T10:03:44.000+0000", "listingRentModel": {"listingBusinessContextId": 1198967, "rentalAdministrator": "QUINTOANDAR"}, "houseAgents": [{"name": "James Figueiredo Branco", "id": 540308, "relationType": "KEY_HOLDER"}], "keyHolderAgent": {"id": 540308, "agentId": 4745, "name": "James Figueiredo Branco"}, "ownership": "STANDARD"}], "listingTags": [], "businessContext": "", "regionParameters": {"loaded": false, "loading": false, "RENT": {"visitsEnabled": true, "talkToAgentEnabled": false}, "SALE": {"visitsEnabled": true, "talkToAgentEnabled": false}}, "houseAgent": {"isDialogOpen": false, "alreadyOpenedByQueryParam": false}, "tenantServiceFee": 22, "closingStatus": {"loading": false}, "rentalGuarantee": {"minValue": 212.5, "maxValue": 637.5}, "reservationAvailability": null, "isPrimaryMarket": false, "macroRegion": {"id": 2741, "name": "SPO01"}, "suites": 0, "allowsCustomOffer": false, "displayCustomOfferPreference": false, "houseVisitStatus": "ACCEPT_NEW", "visitStatusReason": null, "visitsUnavailable": false, "isReserved": false, "allowDirectOffer": true, "lastPublishedDate": "2022-08-10T10:03:44.000Z", "listingPublication": "stranded", "rentOnTermination": false, "constructionYear": null, "categories": []}, "markers": {"lat": -23.6082189, "lng": -46.5546994}, "talkToAgent": {"dialog": {"open": false, "questionType": null, "question": ""}, "agentSupport": {}, "error": null, "autoSubmit": false, "loading": false, "submitting": false, "success": false, "hasLoadedAgentInfo": false, "agent": null, "hasLoadedAgentsInRegion": false, "agentsInRegion": null}}}}, "__N_SSP": true}, "page": "/imovel/[houseId]/[[...slug]]", "query": {"houseId": "893738610", "slug": ["alugar", "casa-1-quarto-vila-california-sao-paulo"]}, "buildId": "gCr3Bg2lYzV9hxZqGibIQ", "runtimeConfig": {"NEXT_PUBLIC_HOME_ADVERTISING_BANNER": "coupon"}, "isFallback": false, "dynamicIds": [61847, 31265, 66435, 77453, 87356, 60899, 41103, 3232, 72227, 40072, 39327, 19904, 96827], "gssp": true, "customServer": true, "appGip": true, "locale": "pt-BR", "locales": ["pt-BR", "es-MX"], "defaultLocale": "pt-BR", "domainLocales": [{"domain": "www.quintoandar.com.br", "defaultLocale": "pt-BR"}, {"domain": "www.benvi.mx", "defaultLocale": "es-MX"}], "scriptLoader": []}