{"props": {"pageProps": {"initialState": {"route": {"locationBeforeTransitions": {"pathname": "/imovel/893741467/alugar/apartamento-2-quartos-republica-sao-paulo", "search": "", "hash": "", "action": "POP", "query": {}}, "topLevelRouteName": "house details", "businessContext": "RENT", "favoriteListsBusinessContext": "RENT"}, "router": {"location": {"href": "/", "pathname": "/", "search": "", "hash": ""}}, "progress": {"pendingRequests": -1}, "login": {"response": {}, "user": {"isLoggedIn": false, "id": 0, "agentId": 0, "hashId": "", "sessionId": null, "name": "", "email": "", "maskedEmail": "", "jwt": {"app": "", "firebase": ""}, "phone": {"countryCode": "+55", "areaCode": "", "phoneNumber": ""}, "country": "BR", "channel": "", "isPhoneRegistered": false, "acceptWhatsapp": true, "hasDocument": false, "isPartner": false}, "accountForm": {}, "redirectUrl": "", "isRequestOngoing": false}, "captcha": {"token": "", "hasLoadedRemoteConfig": false, "provider": "", "friction": "low", "unavailableCountriesCode": []}, "supportedCities": [], "inAppMessages": {"biomaSurvey": {"isOpen": false, "formId": null, "data": {"opaque": true}}}, "metaData": {"similar_houses_clicked": []}, "appData": {"device": {"type": "desktop", "isSearchEngineCrawler": false}, "experiments": "X-AB-Test=ab_exposed_filter_sale_desktop:1,ab_exposed_filter_sale_v1:1,ab_exposed_filters:1,ab_load_more_v0:-1,ab_new_house_card_v2:0,ab_new_rent_listing_phase2:0,ab_profiling_create_alert_filters:0,ab_scheduling_step_by_step_v1:1,ab_show_floor_sale:0,ab_street_search_retrieval_v1:0"}, "house": {"houseInfo": {"id": "893741467", "displayId": "1041467", "bedrooms": 2, "city": "S\u00e3o Paulo", "cityId": 39, "bathrooms": 3, "iptu": 118, "amenities": [{"key": "BANHEIRA_DE_HIDROMASSAGEM", "text": "Banheira", "value": "NAO", "optional": false}, {"key": "BOX", "text": "Box", "value": "SIM", "optional": false}, {"key": "VARANDA", "text": "Varanda", "value": "NAO", "optional": false}, {"key": "PISCINA_PRIVATIVA", "text": "Piscina privativa", "value": "NAO", "optional": false}, {"key": "ARMARIOS_EMBUTIDOS_NO_QUARTO", "text": "Arm\u00e1rios no quarto", "value": "SIM", "optional": false}, {"key": "ARMARIOS_NOS_BANHEIROS", "text": "Arm\u00e1rios no banheiro", "value": "SIM", "optional": false}, {"key": "ARMARIOS_NA_COZINHA", "text": "Arm\u00e1rios na cozinha", "value": "SIM", "optional": false}, {"key": "AR_CONDICIONADO", "text": "Ar condicionado", "value": "SIM", "optional": false}, {"key": "CHUVEIRO_A_GAS", "text": "Chuveiro a g\u00e1s", "value": "NAO", "optional": false}, {"key": "QUARTO_DE_SERVICO", "text": "Quarto de servi\u00e7o", "value": "NAO", "optional": false}, {"key": "BANHEIRO_DE_SERVICO", "text": "Banheiro de servi\u00e7o", "value": "NAO", "optional": false}, {"key": "VARANDA_GOURMET", "text": "Varanda gourmet", "value": "NAO", "optional": false}, {"key": "APARTAMENTO_COBERTURA", "text": "Apartamento cobertura", "value": "NAO", "optional": false}, {"key": "QUARTO_EXTRA_REVERSIVEL", "text": "Quarto extra revers\u00edvel", "value": "NAO", "optional": false}, {"key": "FOGAO_INCLUSO", "text": "Fog\u00e3o", "value": "NAO", "optional": false}, {"key": "GELADEIRA_INCLUSO", "text": "Geladeira", "value": "SIM", "optional": false}, {"key": "BANHEIRO_ADAPTADO", "text": "Banheiro adaptado", "value": "NAO", "optional": false}, {"key": "CLOSET", "text": "Closet", "value": "NAO", "optional": false}, {"key": "COZINHA_AMERICANA", "text": "Cozinha americana", "value": "NAO", "optional": false}, {"key": "MESAS_E_CADEIRAS_DE_ESCRITORIO", "text": "Mesas e cadeiras de escrit\u00f3rio", "value": "NAO", "optional": false}, {"key": "JARDIM", "text": "Jardim", "value": "NAO", "optional": false}, {"key": "QUARTOS_E_CORREDORES_COM_PORTAS_AMPLAS", "text": "Quartos e corredores com portas amplas", "value": "NAO", "optional": false}, {"key": "QUINTAL", "text": "Quintal", "value": "NAO", "optional": false}, {"key": "SOMENTE_UMA_CASA_NO_TERRENO", "text": "Somente uma casa no terreno", "value": "NAO", "optional": false}, {"key": "AREA_DE_SERVICO", "text": "\u00c1rea de servi\u00e7o", "value": "NAO", "optional": false}], "comfortCommodities": [{"key": "BANHEIRA_DE_HIDROMASSAGEM", "text": "Banheira", "value": "NAO", "optional": false}, {"key": "PISCINA_PRIVATIVA", "text": "Piscina privativa", "value": "NAO", "optional": false}, {"key": "AR_CONDICIONADO", "text": "Ar condicionado", "value": "SIM", "optional": false}, {"key": "SOL_DA_MANHA", "text": "Sol da manh\u00e3", "value": "NAO", "optional": false}, {"key": "SOL_DA_TARDE", "text": "Sol da tarde", "value": "NAO", "optional": false}, {"key": "CORTINAS_BLACK_OUT", "text": "Cortinas corta luz", "value": "NAO", "optional": false}, {"key": "CORTINAS_DECORATIVAS", "text": "Cortina transl\u00facida", "value": "NAO", "optional": false}, {"key": "JANELA_ANTI_RUIDO", "text": "Janela anti-ru\u00eddo", "value": "NAO", "optional": false}, {"key": "VENTILADOR_DE_TETO", "text": "Ventilador de teto", "value": "NAO", "optional": false}, {"key": "LUMINOSIDADE_NATURAL", "text": "Janelas grandes", "value": "NAO", "optional": false}, {"key": "VISTA_LIVRE", "text": "Vista livre", "value": "NAO", "optional": false}, {"key": "RUA_SILENCIOSA", "text": "Rua silenciosa", "value": "NAO", "optional": false}], "practicalityCommodities": [{"key": "BOX", "text": "Box", "value": "SIM", "optional": false}, {"key": "ARMARIOS_EMBUTIDOS_NO_QUARTO", "text": "Arm\u00e1rios no quarto", "value": "SIM", "optional": false}, {"key": "ARMARIOS_NOS_BANHEIROS", "text": "Arm\u00e1rios no banheiro", "value": "SIM", "optional": false}, {"key": "ARMARIOS_NA_COZINHA", "text": "Arm\u00e1rios na cozinha", "value": "SIM", "optional": false}, {"key": "CHUVEIRO_A_GAS", "text": "Chuveiro a g\u00e1s", "value": "NAO", "optional": false}, {"key": "FOGAO_INCLUSO", "text": "Fog\u00e3o", "value": "NAO", "optional": false}, {"key": "GELADEIRA_INCLUSO", "text": "Geladeira", "value": "SIM", "optional": false}, {"key": "CHUVEIRO_ELETRICO", "text": "Chuveiro el\u00e9trico", "value": "NAO", "optional": false}, {"key": "MICROONDAS", "text": "Microondas", "value": "NAO", "optional": false}, {"key": "SOFA", "text": "Sof\u00e1", "value": "SIM", "optional": false}, {"key": "MAQUINA_DE_LAVAR", "text": "M\u00e1quina de lavar", "value": "NAO", "optional": false}, {"key": "TANQUE", "text": "Tanque", "value": "NAO", "optional": false}, {"key": "REDE_DE_PROTECAO", "text": "Tela nas janelas", "value": "NAO", "optional": false}, {"key": "VARAL_DE_ROUPAS", "text": "Varal de roupas", "value": "NAO", "optional": false}, {"key": "TOMADAS_NOVAS", "text": "Tomadas 3 pinos", "value": "NAO", "optional": false}, {"key": "TELEVISAO", "text": "Televis\u00e3o", "value": "NAO", "optional": false}, {"key": "MESAS_E_CADEIRAS_DE_JANTAR", "text": "Mesas e cadeiras de jantar", "value": "SIM", "optional": false}, {"key": "CHURRASQUEIRA", "text": "Churrasqueira", "value": "NAO", "optional": false}, {"key": "ACESSO_SEM_DEGRAUS", "text": "Acesso sem degraus", "value": "NAO", "optional": false}, {"key": "COOKTOP", "text": "Fog\u00e3o cooktop", "value": "NAO", "optional": false}, {"key": "UTENSILIOS_DE_COZINHA", "text": "Utens\u00edlios de cozinha", "value": "NAO", "optional": false}, {"key": "CAMA_DE_CASAL", "text": "Cama de casal", "value": "SIM", "optional": false}, {"key": "CAMA_DE_SOLTEIRO", "text": "Cama de solteiro", "value": "NAO", "optional": false}, {"key": "ESPELHO_NO_BANHEIRO", "text": "Espelho no banheiro", "value": "NAO", "optional": false}, {"key": "FECHADURA_ELETRONICA", "text": "Fechadura eletr\u00f4nica", "value": "NAO", "optional": false}, {"key": "ENERGIA", "text": "Energia no im\u00f3vel", "value": "NAO", "optional": false}], "area": 62, "installations": [{"key": "PLAYGROUND", "text": "Playground", "value": "NAO"}, {"key": "PISCINA", "text": "Piscina", "value": "NAO"}, {"key": "CHURRASQUEIRA", "text": "Churrasqueira", "value": "NAO"}, {"key": "QUADRA_ESPORTIVA", "text": "Quadra esportiva", "value": "NAO"}, {"key": "ACADEMIA", "text": "Academia", "value": "NAO"}, {"key": "SALAO_DE_FESTAS", "text": "Sal\u00e3o de festas", "value": "NAO"}, {"key": "SAUNA", "text": "Sauna", "value": "NAO"}, {"key": "LAVANDERIA_NO_PREDIO", "text": "Lavanderia no pr\u00e9dio", "value": "NAO_INFORMADO"}, {"key": "GAS_ENCANADO", "text": "G\u00e1s encanado", "value": "NAO"}, {"key": "ESPACO_GOURMET_NA_AREA_COMUM", "text": "Espa\u00e7o gourmet na \u00e1rea comum", "value": "NAO"}, {"key": "BRINQUEDOTECA", "text": "Brinquedoteca", "value": "NAO_INFORMADO"}, {"key": "CORRIMAO", "text": "Corrim\u00e3o", "value": "NAO_INFORMADO"}, {"key": "PISO_TATIL", "text": "Piso t\u00e1til", "value": "NAO_INFORMADO"}, {"key": "RAMPAS_DE_ACESSO", "text": "Rampas de acesso", "value": "NAO_INFORMADO"}, {"key": "SALAO_DE_JOGOS", "text": "Sal\u00e3o de jogos", "value": "NAO_INFORMADO"}, {"key": "VAGA_DE_GARAGEM_ACESSIVEL", "text": "Vaga de garagem acess\u00edvel", "value": "NAO_INFORMADO"}, {"key": "AREA_VERDE", "text": "\u00c1rea verde", "value": "NAO_INFORMADO"}, {"key": "Elevador", "value": "NAO"}, {"key": "Porteiro24H", "value": "SIM"}], "rentPrice": 5592, "condoPrice": 1398, "condoType": "Normal", "region": {"name": "Santa Cec\u00edlia", "hub": {"loading": "UNSET", "enabled": false, "abSecretariat": false, "isPrimaryMarket": false}, "id": 73}, "type": "Apartamento", "iptuType": "Normal", "totalCost": 7302, "parkingSpaces": 0, "address": {"street": "Rua Rego Freitas", "neighborhood": "Rep\u00fablica", "city": "S\u00e3o Paulo", "zipCode": "01220-010", "stateName": "S\u00e3o Paulo", "stateAcronym": "SP", "lat": -23.5458578, "lng": -46.6468297, "countryName": "Brasil", "countryCode": "BR", "country": "Brasil"}, "floor": 7, "homeProtection": 71, "remarks": "No Edif\u00edcio Magdalena Laura, com vista para o Copan e pr\u00f3ximo a Casa do Porco, estreamos o lan\u00e7amento de apartamentos exclusivos Tabas! Nos ap\u00eas Tabas voc\u00ea encontra m\u00f3veis modernos e sofisticados, cozinha equipada com eletrodom\u00e9sticos, al\u00e9m de Smart TV, TV a cabo e Wi-Fi. Quando quiser relaxar, a Tabas oferece colch\u00f5es, roupa de cama e toalhas de alta qualidade. N\u00f3s cuidamos de tudo para que voc\u00ea possa desfrutar sua estadia e se sentir em casa.", "furniture": "", "acceptsPets": true, "hasFurniture": true, "isNearSubway": true, "placesNearby": [{"name": "Teatro de Arena", "type": "MUSEUM_THEATRE_OR_CONCERT_HALL", "slug": "teatro-de-arena-santa-cecilia-sao-paulo-sp"}, {"name": "Galeria Jaqueline Martins", "type": "MUSEUM_THEATRE_OR_CONCERT_HALL", "slug": "galeria-jaqueline-martins-santa-cecilia-sao-paulo-sp"}, {"name": "133. Pra\u00e7a Roosevelt", "type": "PARK_OR_GREEN_AREA", "slug": "133-praca-roosevelt-consolacao-sao-paulo-sp"}, {"name": "Escola Nossa Senhora da Consola\u00e7\u00e3o", "type": "SCHOOL", "slug": "escola-nossa-senhora-da-consolacao-sao-paulo-sp-brasil"}, {"name": "SESC Consola\u00e7\u00e3o", "type": "MUSEUM_THEATRE_OR_CONCERT_HALL", "slug": "sesc-consolacao-santa-cecilia-sao-paulo-sp"}, {"name": "Senac Sede", "type": "SCHOOL", "slug": "senac-sede-santa-cecilia-sao-paulo-sp"}, {"name": "Mackenzie", "type": "UNIVERSITY_OR_COLLEGE", "slug": "universidade-presbiteriana-mackenzie-sao-paulo-sp"}, {"name": "Medicina Diagn\u00f3stica Lavoisier", "type": "HOSPITAL", "slug": "medicina-diagnostica-lavoisier-consolacao-sao-paulo-sp"}, {"name": "Rep\u00fablica", "type": "ESTACAO_METRO_OU_TREM", "slug": "estacao-republica-sao-paulo-sp"}, {"name": "FCMSCSP - Faculdade Medicina Santa Casa", "type": "UNIVERSITY_OR_COLLEGE", "slug": "faculdade-ciencias-medicas-santa-casa-sao-paulo-sp"}, {"name": "Galeria Arouche", "type": "SHOPPING_MALL", "slug": "galeria-arouche-santa-cecilia-sao-paulo-sp"}, {"name": "PUC SP - Campus Consola\u00e7\u00e3o", "type": "UNIVERSITY_OR_COLLEGE", "slug": "puc-consola\u00e7\u00e3o-sao-paulo-sp"}, {"name": "Largo do Arouche", "type": "PARK_OR_GREEN_AREA", "slug": "largo-do-arouche-santa-cecilia-sao-paulo-sp"}, {"name": "Escola", "type": "SCHOOL", "slug": "escola-santa-cecilia-sao-paulo-sp"}, {"name": "Ch\u00e1cara Lane", "type": "MUSEUM_THEATRE_OR_CONCERT_HALL", "slug": "chacara-lane-higienopolis-sao-paulo-sp"}, {"name": "Hospital Santa Isabel", "type": "HOSPITAL", "slug": "hospital-santa-isabel-santa-cecilia-sao-paulo-sp"}, {"name": "La Salsa Discotek", "type": "MUSEUM_THEATRE_OR_CONCERT_HALL", "slug": "la-salsa-discotek-santa-cecilia-sao-paulo-sp"}, {"name": "Terminal Amaral Gurgel", "type": "BUS_TERMINAL_STATION", "slug": "terminal-amaral-gurgel-santa-cecilia-sao-paulo-sp"}, {"name": "Galeria Sete de Abril", "type": "SHOPPING_MALL", "slug": "galeria-sete-de-abril-consolacao-sao-paulo-sp"}, {"name": "Faculdade de Arquitetura e Urbanismo", "type": "UNIVERSITY_OR_COLLEGE", "slug": "faculdade-de-arquitetura-e-urbanismo-higienopolis-sao-paulo-sp"}, {"name": "Universidade Estadual Paulista J\u00falio de Mesquita Filho", "type": "UNIVERSITY_OR_COLLEGE", "slug": "universidade-estadual-paulista-julio-de-mesquita-filho-consolacao-sao-paulo-sp"}, {"name": "Col\u00e9gio Mackenzie", "type": "SCHOOL", "slug": "colegio-mackenzie-higienopolis-sao-paulo-sp"}, {"name": "Play Art", "type": "MUSEUM_THEATRE_OR_CONCERT_HALL", "slug": "play-art-santa-cecilia-sao-paulo-sp"}, {"name": "Tattoo Museum", "type": "MUSEUM_THEATRE_OR_CONCERT_HALL", "slug": "tattoo-museum-centro-sao-paulo-sp"}, {"name": "Teatro Commune", "type": "MUSEUM_THEATRE_OR_CONCERT_HALL", "slug": "teatro-commune-higienopolis-sao-paulo-sp"}, {"name": "Sesc 24 de Maio", "type": "MUSEUM_THEATRE_OR_CONCERT_HALL", "slug": "sesc-24-de-maio-republica-sao-paulo-sp"}, {"name": "Clube Atl\u00e9tico S\u00e3o Paulo (SPAC)", "type": "STADIUM", "slug": "clube-atletico-sao-paulo-spac-sao-paulo-sp-brasil"}, {"name": "Parque Minhoc\u00e3o (Via Elevado Pres. Jo\u00e3o Goulart)", "type": "PARK_OR_GREEN_AREA", "slug": "parque-minhocao-via-elevado-pres-joao-goulart-barra-funda-sao-paulo-sp-brasil"}, {"name": "Galeria R Monteiro", "type": "SHOPPING_MALL", "slug": "galeria-r-monteiro-centro-sao-paulo-sp"}, {"name": "Santa Cec\u00edlia", "type": "ESTACAO_METRO_OU_TREM", "slug": "estacao-santa-cecilia-sao-paulo-sp"}], "availabilityType": "IMMEDIATE", "photos": [{"id": 28925369, "subtitle": null, "url": "893741467-911.83904037523471CAPA.jpg", "cover": true}, {"id": 28925371, "subtitle": null, "url": "893741467-698.47350138784532.jpg", "cover": false}, {"id": 28925378, "subtitle": null, "url": "893741467-763.75834563721213.jpg", "cover": false}, {"id": 28925384, "subtitle": null, "url": "893741467-195.741707172467984.jpg", "cover": false}, {"id": 28925398, "subtitle": null, "url": "893741467-764.17984346483325.jpg", "cover": false}, {"id": 28925410, "subtitle": null, "url": "893741467-460.59576434444366.jpg", "cover": false}, {"id": 28925417, "subtitle": null, "url": "893741467-17.3121782691938447.jpg", "cover": false}, {"id": 28925424, "subtitle": null, "url": "893741467-635.45914423084048.jpg", "cover": false}, {"id": 28925429, "subtitle": null, "url": "893741467-911.09391661091929.jpg", "cover": false}, {"id": 28925435, "subtitle": null, "url": "893741467-388.01407314185410.jpg", "cover": false}, {"id": 28925441, "subtitle": null, "url": "893741467-935.376932772482111.jpg", "cover": false}, {"id": 28925445, "subtitle": null, "url": "893741467-440.012293073972312.jpg", "cover": false}, {"id": 28925452, "subtitle": null, "url": "893741467-764.870183320186113.jpg", "cover": false}, {"id": 28925457, "subtitle": null, "url": "893741467-525.515109924772814.jpg", "cover": false}, {"id": 28925463, "subtitle": null, "url": "893741467-859.37319328871315.jpg", "cover": false}, {"id": 28925469, "subtitle": null, "url": "893741467-89.624014807671916.jpg", "cover": false}, {"id": 28925475, "subtitle": null, "url": "893741467-568.166512512174417.jpg", "cover": false}, {"id": 28925480, "subtitle": null, "url": "893741467-97.6852344992806818.jpg", "cover": false}, {"id": 28925482, "subtitle": null, "url": "893741467-482.5358841771676519.jpg", "cover": false}, {"id": 28925487, "subtitle": null, "url": "893741467-650.742837049798820.jpg", "cover": false}, {"id": 28925489, "subtitle": null, "url": "893741467-605.330165370364721.jpg", "cover": false}], "photosCategorizedByRooms": [], "relevantRegions": [], "photospheres": [], "specialConditions": ["Negotiated"], "offers": {"closingRate": 0, "shouldHighlightIcon": true, "shouldShowOfferDialog": false, "shouldShowOffers": false, "summary": []}, "status": "publicado", "showUrlHasBeenCopiedSnackbar": false, "isGalleryModalOpen": false, "error": false, "loaded": true, "loading": false, "loadingCategorizedRooms": false, "selectedMedia": "tenant/HouseMedia/PHOTOS", "video": "", "promotions": [], "condominium": {}, "forRent": true, "forSale": false, "salePrice": 0, "mortgageFirstInstallment": 0, "listings": [{"imovelId": 893741467, "businessContext": "RENT", "status": "publicado", "firstPublicationDate": "2022-08-11T22:33:05.000+0000", "lastPublicationDate": "2022-08-11T22:33:05.000+0000", "listingRentModel": {"listingBusinessContextId": 1202551, "rentalAdministrator": "QUINTOANDAR"}, "ownership": "STANDARD"}], "listingTags": [], "businessContext": "", "regionParameters": {"loaded": false, "loading": false, "RENT": {"visitsEnabled": true, "talkToAgentEnabled": false}, "SALE": {"visitsEnabled": true, "talkToAgentEnabled": false}}, "houseAgent": {"isDialogOpen": false, "alreadyOpenedByQueryParam": false}, "tenantServiceFee": 123, "closingStatus": {"loading": false}, "rentalGuarantee": {"minValue": 1398, "maxValue": 4194}, "reservationAvailability": null, "isPrimaryMarket": false, "macroRegion": {"id": 2705, "name": "SPO 02"}, "suites": 2, "allowsCustomOffer": true, "displayCustomOfferPreference": true, "houseVisitStatus": "ACCEPT_NEW", "visitStatusReason": null, "visitsUnavailable": false, "isReserved": false, "allowDirectOffer": true, "lastPublishedDate": "2022-08-11T22:33:05.000Z", "listingPublication": "stranded", "rentOnTermination": false, "constructionYear": null, "categories": []}, "markers": {"lat": -23.5458578, "lng": -46.6468297}, "talkToAgent": {"dialog": {"open": false, "questionType": null, "question": ""}, "agentSupport": {}, "error": null, "autoSubmit": false, "loading": false, "submitting": false, "success": false, "hasLoadedAgentInfo": false, "agent": null, "hasLoadedAgentsInRegion": false, "agentsInRegion": null}}}}, "__N_SSP": true}, "page": "/imovel/[houseId]/[[...slug]]", "query": {"houseId": "893741467", "slug": ["alugar", "apartamento-2-quartos-republica-sao-paulo"]}, "buildId": "gCr3Bg2lYzV9hxZqGibIQ", "runtimeConfig": {"NEXT_PUBLIC_HOME_ADVERTISING_BANNER": "coupon"}, "isFallback": false, "dynamicIds": [61847, 31265, 66435, 77453, 87356, 60899, 41103, 3232, 72227, 40072, 39327, 19904, 96827], "gssp": true, "customServer": true, "appGip": true, "locale": "pt-BR", "locales": ["pt-BR", "es-MX"], "defaultLocale": "pt-BR", "domainLocales": [{"domain": "www.quintoandar.com.br", "defaultLocale": "pt-BR"}, {"domain": "www.benvi.mx", "defaultLocale": "es-MX"}], "scriptLoader": []}