{"props": {"pageProps": {"initialState": {"route": {"locationBeforeTransitions": {"pathname": "/imovel/893745618/alugar/kitnet-1-quarto-consolacao-sao-paulo", "search": "", "hash": "", "action": "POP", "query": {}}, "topLevelRouteName": "house details", "businessContext": "RENT", "favoriteListsBusinessContext": "RENT"}, "router": {"location": {"href": "/", "pathname": "/", "search": "", "hash": ""}}, "progress": {"pendingRequests": -1}, "login": {"response": {}, "user": {"isLoggedIn": false, "id": 0, "agentId": 0, "hashId": "", "sessionId": null, "name": "", "email": "", "maskedEmail": "", "jwt": {"app": "", "firebase": ""}, "phone": {"countryCode": "+55", "areaCode": "", "phoneNumber": ""}, "country": "BR", "channel": "", "isPhoneRegistered": false, "acceptWhatsapp": true, "hasDocument": false, "isPartner": false}, "accountForm": {}, "redirectUrl": "", "isRequestOngoing": false}, "captcha": {"token": "", "hasLoadedRemoteConfig": false, "provider": "", "friction": "low", "unavailableCountriesCode": []}, "supportedCities": [], "inAppMessages": {"biomaSurvey": {"isOpen": false, "formId": null, "data": {"opaque": true}}}, "metaData": {"similar_houses_clicked": []}, "appData": {"device": {"type": "desktop", "isSearchEngineCrawler": false}, "experiments": "X-AB-Test=ab_exposed_filter_sale_desktop:1,ab_exposed_filter_sale_v1:1,ab_exposed_filters:1,ab_load_more_v0:-1,ab_new_house_card_v2:0,ab_new_rent_listing_phase2:0,ab_profiling_create_alert_filters:0,ab_scheduling_step_by_step_v1:1,ab_show_floor_sale:0,ab_street_search_retrieval_v1:0"}, "house": {"houseInfo": {"id": "893745618", "displayId": "1045618", "bedrooms": 1, "city": "S\u00e3o Paulo", "cityId": 39, "bathrooms": 1, "iptu": 0, "amenities": [{"key": "BANHEIRA_DE_HIDROMASSAGEM", "text": "Banheira", "value": "NAO", "optional": false}, {"key": "BOX", "text": "Box", "value": "NAO", "optional": false}, {"key": "VARANDA", "text": "Varanda", "value": "NAO", "optional": false}, {"key": "PISCINA_PRIVATIVA", "text": "Piscina privativa", "value": "NAO", "optional": false}, {"key": "ARMARIOS_EMBUTIDOS_NO_QUARTO", "text": "Arm\u00e1rios no quarto", "value": "NAO", "optional": false}, {"key": "ARMARIOS_NOS_BANHEIROS", "text": "Arm\u00e1rios no banheiro", "value": "NAO", "optional": false}, {"key": "ARMARIOS_NA_COZINHA", "text": "Arm\u00e1rios na cozinha", "value": "NAO", "optional": false}, {"key": "AR_CONDICIONADO", "text": "Ar condicionado", "value": "NAO", "optional": false}, {"key": "CHUVEIRO_A_GAS", "text": "Chuveiro a g\u00e1s", "value": "NAO", "optional": false}, {"key": "QUARTO_DE_SERVICO", "text": "Quarto de servi\u00e7o", "value": "NAO", "optional": false}, {"key": "BANHEIRO_DE_SERVICO", "text": "Banheiro de servi\u00e7o", "value": "NAO", "optional": false}, {"key": "VARANDA_GOURMET", "text": "Varanda gourmet", "value": "NAO", "optional": false}, {"key": "APARTAMENTO_COBERTURA", "text": "Apartamento cobertura", "value": "NAO", "optional": false}, {"key": "QUARTO_EXTRA_REVERSIVEL", "text": "Quarto extra revers\u00edvel", "value": "NAO", "optional": false}, {"key": "FOGAO_INCLUSO", "text": "Fog\u00e3o", "value": "NAO", "optional": false}, {"key": "GELADEIRA_INCLUSO", "text": "Geladeira", "value": "NAO", "optional": false}, {"key": "BANHEIRO_ADAPTADO", "text": "Banheiro adaptado", "value": "NAO", "optional": false}, {"key": "CLOSET", "text": "Closet", "value": "NAO", "optional": false}, {"key": "COZINHA_AMERICANA", "text": "Cozinha americana", "value": "NAO", "optional": false}, {"key": "MESAS_E_CADEIRAS_DE_ESCRITORIO", "text": "Mesas e cadeiras de escrit\u00f3rio", "value": "NAO", "optional": false}, {"key": "JARDIM", "text": "Jardim", "value": "NAO", "optional": false}, {"key": "QUARTOS_E_CORREDORES_COM_PORTAS_AMPLAS", "text": "Quartos e corredores com portas amplas", "value": "SIM", "optional": false}, {"key": "QUINTAL", "text": "Quintal", "value": "NAO", "optional": false}, {"key": "SOMENTE_UMA_CASA_NO_TERRENO", "text": "Somente uma casa no terreno", "value": "NAO", "optional": false}, {"key": "AREA_DE_SERVICO", "text": "\u00c1rea de servi\u00e7o", "value": "NAO", "optional": false}], "comfortCommodities": [{"key": "BANHEIRA_DE_HIDROMASSAGEM", "text": "Banheira", "value": "NAO", "optional": false}, {"key": "PISCINA_PRIVATIVA", "text": "Piscina privativa", "value": "NAO", "optional": false}, {"key": "AR_CONDICIONADO", "text": "Ar condicionado", "value": "NAO", "optional": false}, {"key": "SOL_DA_MANHA", "text": "Sol da manh\u00e3", "value": "SIM", "optional": false}, {"key": "SOL_DA_TARDE", "text": "Sol da tarde", "value": "SIM", "optional": false}, {"key": "CORTINAS_BLACK_OUT", "text": "Cortinas corta luz", "value": "NAO", "optional": false}, {"key": "CORTINAS_DECORATIVAS", "text": "Cortina transl\u00facida", "value": "NAO", "optional": false}, {"key": "JANELA_ANTI_RUIDO", "text": "Janela anti-ru\u00eddo", "value": "NAO", "optional": false}, {"key": "VENTILADOR_DE_TETO", "text": "Ventilador de teto", "value": "NAO", "optional": false}, {"key": "LUMINOSIDADE_NATURAL", "text": "Janelas grandes", "value": "SIM", "optional": false}, {"key": "VISTA_LIVRE", "text": "Vista livre", "value": "SIM", "optional": false}, {"key": "RUA_SILENCIOSA", "text": "Rua silenciosa", "value": "SIM", "optional": false}], "practicalityCommodities": [{"key": "BOX", "text": "Box", "value": "NAO", "optional": false}, {"key": "ARMARIOS_EMBUTIDOS_NO_QUARTO", "text": "Arm\u00e1rios no quarto", "value": "NAO", "optional": false}, {"key": "ARMARIOS_NOS_BANHEIROS", "text": "Arm\u00e1rios no banheiro", "value": "NAO", "optional": false}, {"key": "ARMARIOS_NA_COZINHA", "text": "Arm\u00e1rios na cozinha", "value": "NAO", "optional": false}, {"key": "CHUVEIRO_A_GAS", "text": "Chuveiro a g\u00e1s", "value": "NAO", "optional": false}, {"key": "FOGAO_INCLUSO", "text": "Fog\u00e3o", "value": "NAO", "optional": false}, {"key": "GELADEIRA_INCLUSO", "text": "Geladeira", "value": "NAO", "optional": false}, {"key": "CHUVEIRO_ELETRICO", "text": "Chuveiro el\u00e9trico", "value": "SIM", "optional": false}, {"key": "MICROONDAS", "text": "Microondas", "value": "NAO", "optional": false}, {"key": "SOFA", "text": "Sof\u00e1", "value": "NAO", "optional": false}, {"key": "MAQUINA_DE_LAVAR", "text": "M\u00e1quina de lavar", "value": "NAO", "optional": false}, {"key": "TANQUE", "text": "Tanque", "value": "NAO", "optional": false}, {"key": "REDE_DE_PROTECAO", "text": "Tela nas janelas", "value": "NAO", "optional": false}, {"key": "VARAL_DE_ROUPAS", "text": "Varal de roupas", "value": "SIM", "optional": false}, {"key": "TOMADAS_NOVAS", "text": "Tomadas 3 pinos", "value": "SIM", "optional": false}, {"key": "TELEVISAO", "text": "Televis\u00e3o", "value": "NAO", "optional": false}, {"key": "MESAS_E_CADEIRAS_DE_JANTAR", "text": "Mesas e cadeiras de jantar", "value": "NAO", "optional": false}, {"key": "CHURRASQUEIRA", "text": "Churrasqueira", "value": "NAO", "optional": false}, {"key": "ACESSO_SEM_DEGRAUS", "text": "Acesso sem degraus", "value": "NAO", "optional": false}, {"key": "COOKTOP", "text": "Fog\u00e3o cooktop", "value": "NAO", "optional": false}, {"key": "UTENSILIOS_DE_COZINHA", "text": "Utens\u00edlios de cozinha", "value": "NAO", "optional": false}, {"key": "CAMA_DE_CASAL", "text": "Cama de casal", "value": "NAO", "optional": false}, {"key": "CAMA_DE_SOLTEIRO", "text": "Cama de solteiro", "value": "NAO", "optional": false}, {"key": "ESPELHO_NO_BANHEIRO", "text": "Espelho no banheiro", "value": "SIM", "optional": false}, {"key": "FECHADURA_ELETRONICA", "text": "Fechadura eletr\u00f4nica", "value": "NAO", "optional": false}, {"key": "ENERGIA", "text": "Energia no im\u00f3vel", "value": "NAO", "optional": false}], "area": 41, "installations": [{"key": "PLAYGROUND", "text": "Playground", "value": "NAO"}, {"key": "PISCINA", "text": "Piscina", "value": "NAO"}, {"key": "CHURRASQUEIRA", "text": "Churrasqueira", "value": "SIM"}, {"key": "QUADRA_ESPORTIVA", "text": "Quadra esportiva", "value": "NAO"}, {"key": "ACADEMIA", "text": "Academia", "value": "NAO"}, {"key": "SALAO_DE_FESTAS", "text": "Sal\u00e3o de festas", "value": "NAO"}, {"key": "SAUNA", "text": "Sauna", "value": "NAO"}, {"key": "LAVANDERIA_NO_PREDIO", "text": "Lavanderia no pr\u00e9dio", "value": "NAO"}, {"key": "GAS_ENCANADO", "text": "G\u00e1s encanado", "value": "SIM"}, {"key": "ESPACO_GOURMET_NA_AREA_COMUM", "text": "Espa\u00e7o gourmet na \u00e1rea comum", "value": "NAO"}, {"key": "BRINQUEDOTECA", "text": "Brinquedoteca", "value": "NAO"}, {"key": "CORRIMAO", "text": "Corrim\u00e3o", "value": "NAO"}, {"key": "PISO_TATIL", "text": "Piso t\u00e1til", "value": "NAO"}, {"key": "RAMPAS_DE_ACESSO", "text": "Rampas de acesso", "value": "SIM"}, {"key": "SALAO_DE_JOGOS", "text": "Sal\u00e3o de jogos", "value": "NAO"}, {"key": "VAGA_DE_GARAGEM_ACESSIVEL", "text": "Vaga de garagem acess\u00edvel", "value": "NAO"}, {"key": "AREA_VERDE", "text": "\u00c1rea verde", "value": "NAO"}, {"key": "Elevador", "value": "SIM"}, {"key": "Porteiro24H", "value": "SIM"}], "rentPrice": 1087, "condoPrice": 377, "condoType": "Normal", "region": {"name": "Consola\u00e7\u00e3o", "hub": {"loading": "UNSET", "enabled": false, "abSecretariat": false, "isPrimaryMarket": false}, "id": 72}, "type": "StudioOuKitchenette", "iptuType": "NaoExiste", "totalCost": 1506, "parkingSpaces": 0, "address": {"street": "Rua Paim", "neighborhood": "Consola\u00e7\u00e3o", "city": "S\u00e3o Paulo", "zipCode": "01306-010", "stateName": "S\u00e3o Paulo", "stateAcronym": "SP", "lat": -23.5546126, "lng": -46.6509141, "countryName": "Brasil", "countryCode": "BR", "country": "Brasil"}, "floor": 10, "homeProtection": 14, "remarks": "", "acceptsPets": true, "hasFurniture": false, "isNearSubway": true, "placesNearby": [{"name": "Espaco Ita\u00fa Cinemas Frei Caneca", "type": "MUSEUM_THEATRE_OR_CONCERT_HALL", "slug": "espaco-itau-cinemas-frei-caneca-consolacao-sao-paulo-sp"}, {"name": "14 Bis", "type": "ESTACAO_METRO_OU_TREM", "slug": "estacao-14-bis-bela-vista-sao-paulo-sp"}, {"name": "Clube Atl\u00e9tico S\u00e3o Paulo (SPAC)", "type": "STADIUM", "slug": "clube-atletico-sao-paulo-spac-sao-paulo-sp-brasil"}, {"name": "Centro de Pesquisa e Forma\u00e7\u00e3o SESC", "type": "SCHOOL", "slug": "centro-de-pesquisa-e-formacao-sesc-bela-vista-sao-paulo-sp"}, {"name": "Teatro Raul Cortez", "type": "MUSEUM_THEATRE_OR_CONCERT_HALL", "slug": "teatro-raul-cortez-bela-vista-sao-paulo-sp"}, {"name": "Hospital S\u00edrio Liban\u00eas", "type": "HOSPITAL", "slug": "hospital-sirio-libanes-bela-vista-sao-paulo-sp"}, {"name": "Teatro Augusta", "type": "MUSEUM_THEATRE_OR_CONCERT_HALL", "slug": "teatro-augusta-consolacao-sao-paulo-sp"}, {"name": "Comedians", "type": "MUSEUM_THEATRE_OR_CONCERT_HALL", "slug": "comedians-consolacao-sao-paulo-sp"}, {"name": "Escola Paulista da Magistratura", "type": "UNIVERSITY_OR_COLLEGE", "slug": "escola-paulista-da-magistratura-consolacao-sao-paulo-sp"}, {"name": "Higien\u00f3polis-Mackenzie", "type": "ESTACAO_METRO_OU_TREM", "slug": "estacao-higienopolis-mackenzie-linha-6-consolacao-sao-paulo-sp"}, {"name": "PUC SP - Campus Consola\u00e7\u00e3o", "type": "UNIVERSITY_OR_COLLEGE", "slug": "puc-consola\u00e7\u00e3o-sao-paulo-sp"}, {"name": "Teatro Commune", "type": "MUSEUM_THEATRE_OR_CONCERT_HALL", "slug": "teatro-commune-higienopolis-sao-paulo-sp"}, {"name": "Est\u00fadio Lois Louis", "type": "MUSEUM_THEATRE_OR_CONCERT_HALL", "slug": "estudio-lois-louis-consolacao-sao-paulo-sp"}, {"name": "WA Dan\u00e7as", "type": "SCHOOL", "slug": "wa-dancas-consolacao-sao-paulo-sp"}, {"name": "Ch\u00e1cara Lane", "type": "MUSEUM_THEATRE_OR_CONCERT_HALL", "slug": "chacara-lane-higienopolis-sao-paulo-sp"}, {"name": "Hospital 9 de Julho", "type": "HOSPITAL", "slug": "hospital-9-de-julho-consolacao-sao-paulo-sp"}, {"name": "Escola Nossa Senhora da Consola\u00e7\u00e3o", "type": "SCHOOL", "slug": "escola-nossa-senhora-da-consolacao-sao-paulo-sp-brasil"}, {"name": "Hospital Municipal Infantil Menino Jesus", "type": "HOSPITAL", "slug": "hospital-municipal-infantil-menino-jesus-bela-vista-sao-paulo-sp"}, {"name": "Mackenzie", "type": "UNIVERSITY_OR_COLLEGE", "slug": "universidade-presbiteriana-mackenzie-sao-paulo-sp"}, {"name": "EE Dra. Maria Augusta Saraiva", "type": "SCHOOL", "slug": "ee-dra-maria-augusta-saraiva-bela-vista-sao-paulo-sp"}, {"name": "133. Pra\u00e7a Roosevelt", "type": "PARK_OR_GREEN_AREA", "slug": "133-praca-roosevelt-consolacao-sao-paulo-sp"}, {"name": "Espa\u00e7o Ita\u00fa de Cinema - Augusta (anexo)", "type": "MUSEUM_THEATRE_OR_CONCERT_HALL", "slug": "espaco-itau-de-cinema-augusta-anexo-consolacao-sao-paulo-sp"}, {"name": "Espa\u00e7o Ita\u00fa de Cinema - Augusta", "type": "MUSEUM_THEATRE_OR_CONCERT_HALL", "slug": "espaco-itau-de-cinema-augusta-consolacao-sao-paulo-sp"}, {"name": "Teatro Brasileiro de Com\u00e9dia", "type": "MUSEUM_THEATRE_OR_CONCERT_HALL", "slug": "teatro-brasileiro-de-comedia-bela-vista-sao-paulo-sp"}, {"name": "Galeria Le village", "type": "SHOPPING_MALL", "slug": "galeria-le-village-consolacao-sao-paulo-sp"}, {"name": "Col\u00e9gio Mackenzie", "type": "SCHOOL", "slug": "colegio-mackenzie-higienopolis-sao-paulo-sp"}, {"name": "Faculdade de Arquitetura e Urbanismo", "type": "UNIVERSITY_OR_COLLEGE", "slug": "faculdade-de-arquitetura-e-urbanismo-higienopolis-sao-paulo-sp"}, {"name": "Museu de Arte de S\u00e3o Paulo (MASP)", "type": "MUSEUM_THEATRE_OR_CONCERT_HALL", "slug": "museu-de-arte-de-sao-paulo-masp-bela-vista-sao-paulo-sp"}, {"name": "Wiseup", "type": "SCHOOL", "slug": "wiseup-consolacao-sao-paulo-sp"}, {"name": "SESC Consola\u00e7\u00e3o", "type": "MUSEUM_THEATRE_OR_CONCERT_HALL", "slug": "sesc-consolacao-santa-cecilia-sao-paulo-sp"}], "availabilityType": "IMMEDIATE", "photos": [{"id": 29089609, "subtitle": "Sala", "url": "893745618-665.2192173764234104561801.jpg", "cover": true}, {"id": 29089610, "subtitle": "Sala", "url": "893745618-903.4870623534629104561802.jpg", "cover": false}, {"id": 29089612, "subtitle": "Sala", "url": "893745618-748.6300556582702104561803.jpg", "cover": false}, {"id": 29089614, "subtitle": "Sala", "url": "893745618-677.8429178375304104561804.jpg", "cover": false}, {"id": 29089615, "subtitle": "Sala", "url": "893745618-0.47030752503818274104561805.jpg", "cover": false}, {"id": 29089616, "subtitle": "Quarto", "url": "893745618-348.8214278700965104561806.jpg", "cover": false}, {"id": 29089618, "subtitle": "Quarto", "url": "893745618-863.5821981702895104561807.jpg", "cover": false}, {"id": 29089619, "subtitle": "Quarto", "url": "893745618-795.5130261458031104561808.jpg", "cover": false}, {"id": 29089621, "subtitle": "Quarto", "url": "893745618-490.4200690607293104561809.jpg", "cover": false}, {"id": 29089623, "subtitle": "Quarto", "url": "893745618-606.2464855718843104561810.jpg", "cover": false}, {"id": 29089624, "subtitle": "Banheiro", "url": "893745618-145.4035577342575104561812.jpg", "cover": false}, {"id": 29089626, "subtitle": "Banheiro", "url": "893745618-357.43842979835136104561813.jpg", "cover": false}, {"id": 29089627, "subtitle": "Banheiro", "url": "893745618-733.1974900749151104561814.jpg", "cover": false}, {"id": 29089628, "subtitle": "Banheiro", "url": "893745618-205.22379909025855104561815.jpg", "cover": false}, {"id": 29089629, "subtitle": "Cozinha", "url": "893745618-516.8054323109181104561816.jpg", "cover": false}, {"id": 29089631, "subtitle": "Cozinha", "url": "893745618-476.22148146195644104561817.jpg", "cover": false}, {"id": 29089632, "subtitle": "Cozinha", "url": "893745618-256.8241944878665104561818.jpg", "cover": false}, {"id": 29089633, "subtitle": "Cozinha", "url": "893745618-377.39360545468503104561819.jpg", "cover": false}, {"id": 29089638, "subtitle": "Churrasqueira", "url": "893745618-27.772481269241478104561873.jpg", "cover": false}, {"id": 29089636, "subtitle": "Churrasqueira", "url": "893745618-448.79221249367953104561871.jpg", "cover": false}, {"id": 29089640, "subtitle": "Entrada", "url": "893745618-728.0463285665272104561874.jpg", "cover": false}, {"id": 29089641, "subtitle": "Fachada", "url": "893745618-588.0564123985724104561875.jpg", "cover": false}], "photosCategorizedByRooms": [], "relevantRegions": [], "photospheres": [], "specialConditions": [], "offers": {"closingRate": 0, "shouldHighlightIcon": true, "shouldShowOfferDialog": false, "shouldShowOffers": false, "summary": []}, "status": "publicado", "showUrlHasBeenCopiedSnackbar": false, "isGalleryModalOpen": false, "error": false, "loaded": true, "loading": false, "loadingCategorizedRooms": false, "selectedMedia": "tenant/HouseMedia/PHOTOS", "video": "", "promotions": [], "condominium": {}, "forRent": true, "forSale": true, "salePrice": 178000, "mortgageFirstInstallment": 0, "listings": [{"imovelId": 893745618, "businessContext": "SALE", "status": "publicado", "firstPublicationDate": "2022-08-17T20:43:06.000+0000", "lastPublicationDate": "2022-08-17T20:43:06.000+0000", "ownership": "STANDARD"}, {"imovelId": 893745618, "businessContext": "RENT", "status": "publicado", "firstPublicationDate": "2022-08-17T20:43:06.000+0000", "lastPublicationDate": "2022-08-17T20:43:06.000+0000", "listingRentModel": {"listingBusinessContextId": 1207727, "rentalAdministrator": "QUINTOANDAR"}, "ownership": "STANDARD"}], "listingTags": [], "businessContext": "", "regionParameters": {"loaded": false, "loading": false, "RENT": {"visitsEnabled": true, "talkToAgentEnabled": false}, "SALE": {"visitsEnabled": true, "talkToAgentEnabled": false}}, "houseAgent": {"isDialogOpen": false, "alreadyOpenedByQueryParam": false}, "tenantServiceFee": 28, "closingStatus": {"loading": false}, "rentalGuarantee": {"minValue": 271.75, "maxValue": 815.25}, "reservationAvailability": null, "isPrimaryMarket": false, "macroRegion": {"id": 2705, "name": "SPO 02"}, "suites": 0, "allowsCustomOffer": true, "displayCustomOfferPreference": false, "houseVisitStatus": "ACCEPT_NEW", "visitStatusReason": null, "visitsUnavailable": false, "isReserved": false, "allowDirectOffer": true, "lastPublishedDate": "2022-08-17T20:43:06.000Z", "listingPublication": "stranded", "rentOnTermination": false, "constructionYear": null, "categories": []}, "markers": {"lat": -23.5546126, "lng": -46.6509141}, "talkToAgent": {"dialog": {"open": false, "questionType": null, "question": ""}, "agentSupport": {}, "error": null, "autoSubmit": false, "loading": false, "submitting": false, "success": false, "hasLoadedAgentInfo": false, "agent": null, "hasLoadedAgentsInRegion": false, "agentsInRegion": null}}}}, "__N_SSP": true}, "page": "/imovel/[houseId]/[[...slug]]", "query": {"houseId": "893745618", "slug": ["alugar", "kitnet-1-quarto-consolacao-sao-paulo"]}, "buildId": "gCr3Bg2lYzV9hxZqGibIQ", "runtimeConfig": {"NEXT_PUBLIC_HOME_ADVERTISING_BANNER": "coupon"}, "isFallback": false, "dynamicIds": [61847, 31265, 66435, 77453, 87356, 60899, 41103, 3232, 33207, 72227, 40072, 39327, 19904, 96827], "gssp": true, "customServer": true, "appGip": true, "locale": "pt-BR", "locales": ["pt-BR", "es-MX"], "defaultLocale": "pt-BR", "domainLocales": [{"domain": "www.quintoandar.com.br", "defaultLocale": "pt-BR"}, {"domain": "www.benvi.mx", "defaultLocale": "es-MX"}], "scriptLoader": []}