{"props": {"pageProps": {"initialState": {"route": {"locationBeforeTransitions": {"pathname": "/imovel/893794030/alugar/apartamento-1-quarto-liberdade-sao-paulo", "search": "", "hash": "", "action": "POP", "query": {}}, "topLevelRouteName": "house details", "businessContext": "RENT", "favoriteListsBusinessContext": "RENT"}, "router": {"location": {"href": "/", "pathname": "/", "search": "", "hash": ""}}, "progress": {"pendingRequests": -1}, "login": {"response": {}, "user": {"isLoggedIn": false, "id": 0, "agentId": 0, "hashId": "", "sessionId": null, "name": "", "email": "", "maskedEmail": "", "jwt": {"app": "", "firebase": ""}, "phone": {"countryCode": "+55", "areaCode": "", "phoneNumber": ""}, "country": "BR", "channel": "", "isPhoneRegistered": false, "acceptWhatsapp": true, "hasDocument": false, "isPartner": false}, "accountForm": {}, "redirectUrl": "", "isRequestOngoing": false}, "captcha": {"token": "", "hasLoadedRemoteConfig": false, "provider": "", "friction": "low", "unavailableCountriesCode": []}, "supportedCities": [], "inAppMessages": {"biomaSurvey": {"isOpen": false, "formId": null, "data": {"opaque": true}}}, "metaData": {"similar_houses_clicked": []}, "appData": {"device": {"type": "desktop", "isSearchEngineCrawler": false}, "experiments": "X-AB-Test=ab_exposed_filter_sale_desktop:1,ab_exposed_filter_sale_v1:1,ab_exposed_filters:1,ab_load_more_v0:-1,ab_new_house_card_v2:0,ab_new_rent_listing_phase2:0,ab_profiling_create_alert_filters:0,ab_scheduling_step_by_step_v1:1,ab_show_floor_sale:0,ab_street_search_retrieval_v1:0"}, "house": {"houseInfo": {"id": "893794030", "displayId": "1094030", "bedrooms": 1, "city": "S\u00e3o Paulo", "cityId": 39, "bathrooms": 1, "iptu": 0, "amenities": [{"key": "BANHEIRA_DE_HIDROMASSAGEM", "text": "Banheira", "value": "NAO", "optional": false}, {"key": "BOX", "text": "Box", "value": "NAO", "optional": false}, {"key": "VARANDA", "text": "Varanda", "value": "NAO", "optional": false}, {"key": "PISCINA_PRIVATIVA", "text": "Piscina privativa", "value": "NAO", "optional": false}, {"key": "ARMARIOS_EMBUTIDOS_NO_QUARTO", "text": "Arm\u00e1rios no quarto", "value": "NAO", "optional": false}, {"key": "ARMARIOS_NOS_BANHEIROS", "text": "Arm\u00e1rios no banheiro", "value": "NAO", "optional": false}, {"key": "ARMARIOS_NA_COZINHA", "text": "Arm\u00e1rios na cozinha", "value": "SIM", "optional": false}, {"key": "AR_CONDICIONADO", "text": "Ar condicionado", "value": "NAO", "optional": false}, {"key": "CHUVEIRO_A_GAS", "text": "Chuveiro a g\u00e1s", "value": "NAO", "optional": false}, {"key": "QUARTO_DE_SERVICO", "text": "Quarto de servi\u00e7o", "value": "NAO", "optional": false}, {"key": "BANHEIRO_DE_SERVICO", "text": "Banheiro de servi\u00e7o", "value": "NAO", "optional": false}, {"key": "VARANDA_GOURMET", "text": "Varanda gourmet", "value": "NAO", "optional": false}, {"key": "APARTAMENTO_COBERTURA", "text": "Apartamento cobertura", "value": "NAO", "optional": false}, {"key": "QUARTO_EXTRA_REVERSIVEL", "text": "Quarto extra revers\u00edvel", "value": "NAO", "optional": false}, {"key": "FOGAO_INCLUSO", "text": "Fog\u00e3o", "value": "NAO", "optional": false}, {"key": "GELADEIRA_INCLUSO", "text": "Geladeira", "value": "NAO", "optional": false}, {"key": "BANHEIRO_ADAPTADO", "text": "Banheiro adaptado", "value": "NAO", "optional": false}, {"key": "CLOSET", "text": "Closet", "value": "NAO", "optional": false}, {"key": "COZINHA_AMERICANA", "text": "Cozinha americana", "value": "NAO", "optional": false}, {"key": "MESAS_E_CADEIRAS_DE_ESCRITORIO", "text": "Mesas e cadeiras de escrit\u00f3rio", "value": "NAO", "optional": false}, {"key": "JARDIM", "text": "Jardim", "value": "NAO", "optional": false}, {"key": "QUARTOS_E_CORREDORES_COM_PORTAS_AMPLAS", "text": "Quartos e corredores com portas amplas", "value": "NAO", "optional": false}, {"key": "QUINTAL", "text": "Quintal", "value": "NAO", "optional": false}, {"key": "SOMENTE_UMA_CASA_NO_TERRENO", "text": "Somente uma casa no terreno", "value": "NAO", "optional": false}, {"key": "AREA_DE_SERVICO", "text": "\u00c1rea de servi\u00e7o", "value": "NAO", "optional": false}], "comfortCommodities": [{"key": "BANHEIRA_DE_HIDROMASSAGEM", "text": "Banheira", "value": "NAO", "optional": false}, {"key": "PISCINA_PRIVATIVA", "text": "Piscina privativa", "value": "NAO", "optional": false}, {"key": "AR_CONDICIONADO", "text": "Ar condicionado", "value": "NAO", "optional": false}, {"key": "SOL_DA_MANHA", "text": "Sol da manh\u00e3", "value": "NAO", "optional": false}, {"key": "SOL_DA_TARDE", "text": "Sol da tarde", "value": "SIM", "optional": false}, {"key": "CORTINAS_BLACK_OUT", "text": "Cortinas corta luz", "value": "SIM", "optional": false}, {"key": "CORTINAS_DECORATIVAS", "text": "Cortina transl\u00facida", "value": "SIM", "optional": false}, {"key": "JANELA_ANTI_RUIDO", "text": "Janela anti-ru\u00eddo", "value": "SIM", "optional": false}, {"key": "VENTILADOR_DE_TETO", "text": "Ventilador de teto", "value": "NAO", "optional": false}, {"key": "LUMINOSIDADE_NATURAL", "text": "Janelas grandes", "value": "SIM", "optional": false}, {"key": "VISTA_LIVRE", "text": "Vista livre", "value": "NAO", "optional": false}, {"key": "RUA_SILENCIOSA", "text": "Rua silenciosa", "value": "NAO", "optional": false}], "practicalityCommodities": [{"key": "BOX", "text": "Box", "value": "NAO", "optional": false}, {"key": "ARMARIOS_EMBUTIDOS_NO_QUARTO", "text": "Arm\u00e1rios no quarto", "value": "NAO", "optional": false}, {"key": "ARMARIOS_NOS_BANHEIROS", "text": "Arm\u00e1rios no banheiro", "value": "NAO", "optional": false}, {"key": "ARMARIOS_NA_COZINHA", "text": "Arm\u00e1rios na cozinha", "value": "SIM", "optional": false}, {"key": "CHUVEIRO_A_GAS", "text": "Chuveiro a g\u00e1s", "value": "NAO", "optional": false}, {"key": "FOGAO_INCLUSO", "text": "Fog\u00e3o", "value": "NAO", "optional": false}, {"key": "GELADEIRA_INCLUSO", "text": "Geladeira", "value": "NAO", "optional": false}, {"key": "CHUVEIRO_ELETRICO", "text": "Chuveiro el\u00e9trico", "value": "SIM", "optional": false}, {"key": "MICROONDAS", "text": "Microondas", "value": "NAO", "optional": false}, {"key": "SOFA", "text": "Sof\u00e1", "value": "NAO", "optional": false}, {"key": "MAQUINA_DE_LAVAR", "text": "M\u00e1quina de lavar", "value": "NAO", "optional": false}, {"key": "TANQUE", "text": "Tanque", "value": "SIM", "optional": false}, {"key": "REDE_DE_PROTECAO", "text": "Tela nas janelas", "value": "SIM", "optional": false}, {"key": "VARAL_DE_ROUPAS", "text": "Varal de roupas", "value": "SIM", "optional": false}, {"key": "TOMADAS_NOVAS", "text": "Tomadas 3 pinos", "value": "SIM", "optional": false}, {"key": "TELEVISAO", "text": "Televis\u00e3o", "value": "NAO", "optional": false}, {"key": "MESAS_E_CADEIRAS_DE_JANTAR", "text": "Mesas e cadeiras de jantar", "value": "NAO", "optional": false}, {"key": "CHURRASQUEIRA", "text": "Churrasqueira", "value": "SIM", "optional": false}, {"key": "ACESSO_SEM_DEGRAUS", "text": "Acesso sem degraus", "value": "SIM", "optional": false}, {"key": "COOKTOP", "text": "Fog\u00e3o cooktop", "value": "NAO", "optional": false}, {"key": "UTENSILIOS_DE_COZINHA", "text": "Utens\u00edlios de cozinha", "value": "NAO", "optional": false}, {"key": "CAMA_DE_CASAL", "text": "Cama de casal", "value": "NAO", "optional": false}, {"key": "CAMA_DE_SOLTEIRO", "text": "Cama de solteiro", "value": "NAO", "optional": false}, {"key": "ESPELHO_NO_BANHEIRO", "text": "Espelho no banheiro", "value": "SIM", "optional": false}, {"key": "FECHADURA_ELETRONICA", "text": "Fechadura eletr\u00f4nica", "value": "SIM", "optional": false}, {"key": "ENERGIA", "text": "Energia no im\u00f3vel", "value": "SIM", "optional": false}], "area": 38, "installations": [{"key": "PLAYGROUND", "text": "Playground", "value": "NAO"}, {"key": "PISCINA", "text": "Piscina", "value": "NAO"}, {"key": "CHURRASQUEIRA", "text": "Churrasqueira", "value": "NAO"}, {"key": "QUADRA_ESPORTIVA", "text": "Quadra esportiva", "value": "NAO"}, {"key": "ACADEMIA", "text": "Academia", "value": "NAO"}, {"key": "SALAO_DE_FESTAS", "text": "Sal\u00e3o de festas", "value": "NAO"}, {"key": "SAUNA", "text": "Sauna", "value": "NAO"}, {"key": "LAVANDERIA_NO_PREDIO", "text": "Lavanderia no pr\u00e9dio", "value": "NAO"}, {"key": "GAS_ENCANADO", "text": "G\u00e1s encanado", "value": "SIM"}, {"key": "ESPACO_GOURMET_NA_AREA_COMUM", "text": "Espa\u00e7o gourmet na \u00e1rea comum", "value": "SIM"}, {"key": "BRINQUEDOTECA", "text": "Brinquedoteca", "value": "NAO"}, {"key": "CORRIMAO", "text": "Corrim\u00e3o", "value": "SIM"}, {"key": "PISO_TATIL", "text": "Piso t\u00e1til", "value": "NAO"}, {"key": "RAMPAS_DE_ACESSO", "text": "Rampas de acesso", "value": "NAO"}, {"key": "SALAO_DE_JOGOS", "text": "Sal\u00e3o de jogos", "value": "NAO"}, {"key": "VAGA_DE_GARAGEM_ACESSIVEL", "text": "Vaga de garagem acess\u00edvel", "value": "NAO"}, {"key": "AREA_VERDE", "text": "\u00c1rea verde", "value": "NAO"}, {"key": "Elevador", "value": "SIM"}, {"key": "Porteiro24H", "value": "NAO"}], "rentPrice": 900, "condoPrice": 290, "condoType": "Normal", "region": {"name": "Liberdade", "hub": {"loading": "UNSET", "enabled": false, "abSecretariat": false, "isPrimaryMarket": false}, "id": 54}, "type": "Apartamento", "iptuType": "NaoExiste", "totalCost": 1225, "parkingSpaces": 0, "address": {"street": "Rua Helena Zerrener", "neighborhood": "Liberdade", "city": "S\u00e3o Paulo", "zipCode": "01512-020", "stateName": "S\u00e3o Paulo", "stateAcronym": "SP", "lat": -23.553827, "lng": -46.6290618, "countryName": "Brasil", "countryCode": "BR", "country": "Brasil"}, "floor": 5, "homeProtection": 12, "remarks": "Apartamento reformado com cozinha americana e excelente localiza\u00e7\u00e3o. Pr\u00e9dio bem estruturado com 2 elevadores e portaria que funciona no per\u00edodo noturno. Pr\u00e9dio fam\u00edliar, s\u00f3 entrar e morar n\u00e3o precisa gastar nada pode fazer financiamento....documentos certinho.", "acceptsPets": true, "hasFurniture": false, "isNearSubway": true, "placesNearby": [{"name": "EMEF Duque de Caxias", "type": "SCHOOL", "slug": "emef-duque-de-caxias-liberdade-sao-paulo-sp"}, {"name": "CEI Quintal da Crian\u00e7a", "type": "SCHOOL", "slug": "cei-quintal-da-crianca-liberdade-sao-paulo-sp"}, {"name": "Sesc Carmo", "type": "MUSEUM_THEATRE_OR_CONCERT_HALL", "slug": "sesc-carmo-se-sao-paulo-sp"}, {"name": "FAZESP - Escola Fazend\u00e1ria do Estado de S\u00e3o Paulo", "type": "UNIVERSITY_OR_COLLEGE", "slug": "fazesp-escola-fazendaria-do-estado-de-sao-paulo-liberdade-sao-paulo-sp"}, {"name": "Museu do Tribunal de Justi\u00e7a SP", "type": "MUSEUM_THEATRE_OR_CONCERT_HALL", "slug": "museu-do-tribunal-de-justica-sp-liberdade-sao-paulo-sp"}, {"name": "Hospital Sancta Maggiore", "type": "HOSPITAL", "slug": "hospital-sancta-maggiore-mooca-sao-paulo-sp"}, {"name": "Instituto/Faculdade Dam\u00e1sio", "type": "UNIVERSITY_OR_COLLEGE", "slug": "instituto-faculdade-damasio-liberdade-sao-paulo-sp"}, {"name": "Escola Comte G. Moutinho", "type": "SCHOOL", "slug": "escola-comte-g-moutinho-sao-paulo-sp-brasil"}, {"name": "Pedro II", "type": "ESTACAO_METRO_OU_TREM", "slug": "estacao-pedro-ii-sao-paulo-sp"}, {"name": "S\u00e9", "type": "ESTACAO_METRO_OU_TREM", "slug": "estacao-se-sao-paulo-sp"}, {"name": "Escola de Modelo", "type": "UNIVERSITY_OR_COLLEGE", "slug": "escola-de-modelo-mooca-sao-paulo-sp"}, {"name": "Santa Margiore", "type": "HOSPITAL", "slug": "santa-margiore-liberdade-sao-paulo-sp"}, {"name": "Parque Dom Pedro II", "type": "PARK_OR_GREEN_AREA", "slug": "parque-dom-pedro-ii-bras-sao-paulo-sp-brasil"}, {"name": "Parque D. Pedro II", "type": "PARK_OR_GREEN_AREA", "slug": "parque-d-pedro-ii-sao-paulo-sp"}, {"name": "Terminal Mercado", "type": "BUS_TERMINAL_STATION", "slug": "terminal-mercado-bras-sao-paulo-sp"}, {"name": "Jap\u00e3o - Liberdade", "type": "ESTACAO_METRO_OU_TREM", "slug": "japao-liberdade-liberdade-sao-paulo-sp"}, {"name": "Hospital Leforte Liberdade", "type": "HOSPITAL", "slug": "hospital-leforte-liberdade-liberdade-sao-paulo-sp"}, {"name": "Farol Santander S\u00e3o Paulo", "type": "MUSEUM_THEATRE_OR_CONCERT_HALL", "slug": "farol-santander-sao-paulo-centro-sao-paulo-sp"}, {"name": "Teatro dos Arcos", "type": "MUSEUM_THEATRE_OR_CONCERT_HALL", "slug": "teatro-dos-arcos-bela-vista-sao-paulo-sp"}, {"name": "Museu Catavento", "type": "MUSEUM_THEATRE_OR_CONCERT_HALL", "slug": "museu-catavento-bras-sao-paulo-sp-brasil"}, {"name": "Museu Hist\u00f3rico da Imigra\u00e7\u00e3o Japonesa no Brasil", "type": "MUSEUM_THEATRE_OR_CONCERT_HALL", "slug": "museu-historico-da-imigracao-japonesa-no-brasil-liberdade-sao-paulo-sp"}, {"name": "Col\u00e9gio Adventista da Liberdade", "type": "SCHOOL", "slug": "colegio-adventista-da-liberdade-liberdade-sao-paulo-sp"}, {"name": "Espa\u00e7o Cultural BM&F Bovespa", "type": "MUSEUM_THEATRE_OR_CONCERT_HALL", "slug": "espaco-cultural-bm&f-bovespa-centro-sao-paulo-sp"}, {"name": "Alfacon", "type": "SCHOOL", "slug": "alfacon-liberdade-sao-paulo-sp"}, {"name": "Red Bull Station", "type": "MUSEUM_THEATRE_OR_CONCERT_HALL", "slug": "red-bull-station-bela-vista-sao-paulo-sp"}, {"name": "Est\u00fadio L\u00e2mina", "type": "MUSEUM_THEATRE_OR_CONCERT_HALL", "slug": "estudio-lamina-centro-sao-paulo-sp"}, {"name": "Teatro Imprensa", "type": "MUSEUM_THEATRE_OR_CONCERT_HALL", "slug": "teatro-imprensa-bela-vista-sao-paulo-sp"}, {"name": "Hospital Adventista de S\u00e3o Paulo", "type": "HOSPITAL", "slug": "hospital-adventista-de-sao-paulo-liberdade-sao-paulo-sp"}, {"name": "P\u00e1tio Metr\u00f4 S\u00e3o Bento", "type": "SHOPPING_MALL", "slug": "patio-metro-sao-bento-centro-sao-paulo-sp"}, {"name": "Escola SENAI", "type": "UNIVERSITY_OR_COLLEGE", "slug": "escola-senai-cambuci-sao-paulo-sp"}], "availabilityType": "IMMEDIATE", "photos": [{"id": 32368222, "subtitle": "Sala e Cozinha", "url": "893794030-603.8758627315057IMG3758.jpg", "cover": true}, {"id": 32368228, "subtitle": "Sala e Cozinha", "url": "893794030-685.3212728042662IMG3759.jpg", "cover": false}, {"id": 32368201, "subtitle": "Sala e Cozinha", "url": "893794030-427.892420326183IMG3756.jpg", "cover": false}, {"id": 32368214, "subtitle": "Sala e Cozinha", "url": "893794030-463.70105088947645IMG3757.jpg", "cover": false}, {"id": 32368239, "subtitle": "Sala e Cozinha", "url": "893794030-936.0867270021417IMG3760.jpg", "cover": false}, {"id": 32368246, "subtitle": "Sala e Cozinha", "url": "893794030-997.4112250490556IMG3761.jpg", "cover": false}, {"id": 32368253, "subtitle": "Quarto", "url": "893794030-433.99321287371254IMG3762.jpg", "cover": false}, {"id": 32368259, "subtitle": "Quarto", "url": "893794030-268.30437242344294IMG3763.jpg", "cover": false}, {"id": 32368267, "subtitle": "Quarto", "url": "893794030-320.12739359294227IMG3764.jpg", "cover": false}, {"id": 32368276, "subtitle": "Quarto", "url": "893794030-529.7018938692943IMG3765.jpg", "cover": false}, {"id": 32368285, "subtitle": "Vista do Quarto", "url": "893794030-160.8711794683819IMG3766.jpg", "cover": false}, {"id": 32368297, "subtitle": "Banheiro", "url": "893794030-295.2024972710876IMG3768.jpg", "cover": false}, {"id": 32368304, "subtitle": "Banheiro", "url": "893794030-818.6184332241137IMG3769.jpg", "cover": false}, {"id": 32368312, "subtitle": "Banheiro", "url": "893794030-51.291594556619025IMG3770.jpg", "cover": false}, {"id": 32368321, "subtitle": "Banheiro", "url": "893794030-177.7707423942645IMG3771.jpg", "cover": false}, {"id": 32369054, "subtitle": "Fachada", "url": "893794030-864.6497682954341WhatsAppImage20221117at19.44.09.jpeg", "cover": false}], "photosCategorizedByRooms": [], "relevantRegions": [], "photospheres": [], "specialConditions": [], "offers": {"closingRate": 0, "shouldHighlightIcon": true, "shouldShowOfferDialog": false, "shouldShowOffers": false, "summary": []}, "status": "publicado", "showUrlHasBeenCopiedSnackbar": false, "isGalleryModalOpen": false, "error": false, "loaded": true, "loading": false, "loadingCategorizedRooms": false, "selectedMedia": "tenant/HouseMedia/PHOTOS", "video": "", "promotions": [], "condominium": {}, "forRent": true, "forSale": true, "salePrice": 150000, "mortgageFirstInstallment": 0, "listings": [{"imovelId": 893794030, "businessContext": "SALE", "status": "publicado", "firstPublicationDate": "2022-10-14T16:27:43.000+0000", "lastPublicationDate": "2022-10-14T16:27:43.000+0000", "ownership": "STANDARD"}, {"imovelId": 893794030, "businessContext": "RENT", "status": "publicado", "firstPublicationDate": "2022-10-14T16:27:43.000+0000", "lastPublicationDate": "2022-10-14T16:27:43.000+0000", "listingRentModel": {"listingBusinessContextId": 1267781, "rentalAdministrator": "QUINTOANDAR"}, "ownership": "STANDARD"}], "listingTags": [], "businessContext": "", "regionParameters": {"loaded": false, "loading": false, "RENT": {"visitsEnabled": true, "talkToAgentEnabled": false}, "SALE": {"visitsEnabled": true, "talkToAgentEnabled": false}}, "houseAgent": {"isDialogOpen": false, "alreadyOpenedByQueryParam": false}, "tenantServiceFee": 23, "closingStatus": {"loading": false}, "rentalGuarantee": {"minValue": 225, "maxValue": 675}, "reservationAvailability": null, "isPrimaryMarket": false, "macroRegion": {"id": 2728, "name": "SPO 03"}, "suites": 0, "houseVisitStatus": "ACCEPT_NEW", "visitStatusReason": null, "visitsUnavailable": false, "isReserved": false, "allowDirectOffer": true, "lastPublishedDate": "2022-10-14T16:27:43.000Z", "listingPublication": "stranded", "rentOnTermination": false, "constructionYear": null, "categories": []}, "markers": {"lat": -23.553827, "lng": -46.6290618}, "talkToAgent": {"dialog": {"open": false, "questionType": null, "question": ""}, "agentSupport": {}, "error": null, "autoSubmit": false, "loading": false, "submitting": false, "success": false, "hasLoadedAgentInfo": false, "agent": null, "hasLoadedAgentsInRegion": false, "agentsInRegion": null}}}}, "__N_SSP": true}, "page": "/imovel/[houseId]/[[...slug]]", "query": {"houseId": "893794030", "slug": ["alugar", "apartamento-1-quarto-liberdade-sao-paulo"]}, "buildId": "gCr3Bg2lYzV9hxZqGibIQ", "runtimeConfig": {"NEXT_PUBLIC_HOME_ADVERTISING_BANNER": "coupon"}, "isFallback": false, "dynamicIds": [61847, 31265, 66435, 77453, 87356, 60899, 41103, 3232, 33207, 72227, 40072, 39327, 19904, 96827], "gssp": true, "customServer": true, "appGip": true, "locale": "pt-BR", "locales": ["pt-BR", "es-MX"], "defaultLocale": "pt-BR", "domainLocales": [{"domain": "www.quintoandar.com.br", "defaultLocale": "pt-BR"}, {"domain": "www.benvi.mx", "defaultLocale": "es-MX"}], "scriptLoader": []}