{"props": {"pageProps": {"initialState": {"route": {"locationBeforeTransitions": {"pathname": "/imovel/893758606/alugar/casa-1-quarto-vila-aurora-zona-norte-sao-paulo", "search": "", "hash": "", "action": "POP", "query": {}}, "topLevelRouteName": "house details", "businessContext": "RENT", "favoriteListsBusinessContext": "RENT"}, "router": {"location": {"href": "/", "pathname": "/", "search": "", "hash": ""}}, "progress": {"pendingRequests": -1}, "login": {"response": {}, "user": {"isLoggedIn": false, "id": 0, "agentId": 0, "hashId": "", "sessionId": null, "name": "", "email": "", "maskedEmail": "", "jwt": {"app": "", "firebase": ""}, "phone": {"countryCode": "+55", "areaCode": "", "phoneNumber": ""}, "country": "BR", "channel": "", "isPhoneRegistered": false, "acceptWhatsapp": true, "hasDocument": false, "isPartner": false}, "accountForm": {}, "redirectUrl": "", "isRequestOngoing": false}, "captcha": {"token": "", "hasLoadedRemoteConfig": false, "provider": "", "friction": "low", "unavailableCountriesCode": []}, "supportedCities": [], "inAppMessages": {"biomaSurvey": {"isOpen": false, "formId": null, "data": {"opaque": true}}}, "metaData": {"similar_houses_clicked": []}, "appData": {"device": {"type": "desktop", "isSearchEngineCrawler": false}, "experiments": "X-AB-Test=ab_exposed_filter_sale_desktop:1,ab_exposed_filter_sale_v1:1,ab_exposed_filters:1,ab_load_more_v0:-1,ab_new_house_card_v2:0,ab_new_rent_listing_phase2:0,ab_profiling_create_alert_filters:0,ab_scheduling_step_by_step_v1:1,ab_show_floor_sale:0,ab_street_search_retrieval_v1:0"}, "house": {"houseInfo": {"id": "893758606", "displayId": "1058606", "bedrooms": 1, "city": "S\u00e3o Paulo", "cityId": 39, "bathrooms": 1, "iptu": 0, "amenities": [{"key": "BANHEIRA_DE_HIDROMASSAGEM", "text": "Banheira", "value": "NAO", "optional": false}, {"key": "BOX", "text": "Box", "value": "NAO", "optional": false}, {"key": "VARANDA", "text": "Varanda", "value": "NAO", "optional": false}, {"key": "PISCINA_PRIVATIVA", "text": "Piscina privativa", "value": "SIM", "optional": false}, {"key": "ARMARIOS_EMBUTIDOS_NO_QUARTO", "text": "Arm\u00e1rios no quarto", "value": "NAO", "optional": false}, {"key": "ARMARIOS_NOS_BANHEIROS", "text": "Arm\u00e1rios no banheiro", "value": "NAO", "optional": false}, {"key": "ARMARIOS_NA_COZINHA", "text": "Arm\u00e1rios na cozinha", "value": "NAO", "optional": false}, {"key": "AR_CONDICIONADO", "text": "Ar condicionado", "value": "NAO", "optional": false}, {"key": "CHUVEIRO_A_GAS", "text": "Chuveiro a g\u00e1s", "value": "NAO", "optional": false}, {"key": "QUARTO_DE_SERVICO", "text": "Quarto de servi\u00e7o", "value": "SIM", "optional": false}, {"key": "BANHEIRO_DE_SERVICO", "text": "Banheiro de servi\u00e7o", "value": "SIM", "optional": false}, {"key": "VARANDA_GOURMET", "text": "Varanda gourmet", "value": "SIM", "optional": false}, {"key": "APARTAMENTO_COBERTURA", "text": "Apartamento cobertura", "value": "NAO", "optional": false}, {"key": "QUARTO_EXTRA_REVERSIVEL", "text": "Quarto extra revers\u00edvel", "value": "SIM", "optional": false}, {"key": "FOGAO_INCLUSO", "text": "Fog\u00e3o", "value": "NAO", "optional": false}, {"key": "GELADEIRA_INCLUSO", "text": "Geladeira", "value": "NAO", "optional": false}, {"key": "BANHEIRO_ADAPTADO", "text": "Banheiro adaptado", "value": "NAO", "optional": false}, {"key": "CLOSET", "text": "Closet", "value": "NAO", "optional": false}, {"key": "COZINHA_AMERICANA", "text": "Cozinha americana", "value": "NAO", "optional": false}, {"key": "MESAS_E_CADEIRAS_DE_ESCRITORIO", "text": "Mesas e cadeiras de escrit\u00f3rio", "value": "NAO", "optional": false}, {"key": "JARDIM", "text": "Jardim", "value": "NAO", "optional": false}, {"key": "QUARTOS_E_CORREDORES_COM_PORTAS_AMPLAS", "text": "Quartos e corredores com portas amplas", "value": "NAO", "optional": false}, {"key": "QUINTAL", "text": "Quintal", "value": "SIM", "optional": false}, {"key": "SOMENTE_UMA_CASA_NO_TERRENO", "text": "Somente uma casa no terreno", "value": "NAO", "optional": false}, {"key": "AREA_DE_SERVICO", "text": "\u00c1rea de servi\u00e7o", "value": "SIM", "optional": false}], "comfortCommodities": [{"key": "BANHEIRA_DE_HIDROMASSAGEM", "text": "Banheira", "value": "NAO", "optional": false}, {"key": "PISCINA_PRIVATIVA", "text": "Piscina privativa", "value": "SIM", "optional": false}, {"key": "AR_CONDICIONADO", "text": "Ar condicionado", "value": "NAO", "optional": false}, {"key": "SOL_DA_MANHA", "text": "Sol da manh\u00e3", "value": "SIM", "optional": false}, {"key": "SOL_DA_TARDE", "text": "Sol da tarde", "value": "NAO", "optional": false}, {"key": "CORTINAS_BLACK_OUT", "text": "Cortinas corta luz", "value": "SIM", "optional": false}, {"key": "CORTINAS_DECORATIVAS", "text": "Cortina transl\u00facida", "value": "SIM", "optional": false}, {"key": "JANELA_ANTI_RUIDO", "text": "Janela anti-ru\u00eddo", "value": "SIM", "optional": false}, {"key": "VENTILADOR_DE_TETO", "text": "Ventilador de teto", "value": "NAO", "optional": false}, {"key": "LUMINOSIDADE_NATURAL", "text": "Janelas grandes", "value": "NAO", "optional": false}, {"key": "VISTA_LIVRE", "text": "Vista livre", "value": "NAO", "optional": false}, {"key": "RUA_SILENCIOSA", "text": "Rua silenciosa", "value": "SIM", "optional": false}], "practicalityCommodities": [{"key": "BOX", "text": "Box", "value": "NAO", "optional": false}, {"key": "ARMARIOS_EMBUTIDOS_NO_QUARTO", "text": "Arm\u00e1rios no quarto", "value": "NAO", "optional": false}, {"key": "ARMARIOS_NOS_BANHEIROS", "text": "Arm\u00e1rios no banheiro", "value": "NAO", "optional": false}, {"key": "ARMARIOS_NA_COZINHA", "text": "Arm\u00e1rios na cozinha", "value": "NAO", "optional": false}, {"key": "CHUVEIRO_A_GAS", "text": "Chuveiro a g\u00e1s", "value": "NAO", "optional": false}, {"key": "FOGAO_INCLUSO", "text": "Fog\u00e3o", "value": "NAO", "optional": false}, {"key": "GELADEIRA_INCLUSO", "text": "Geladeira", "value": "NAO", "optional": false}, {"key": "CHUVEIRO_ELETRICO", "text": "Chuveiro el\u00e9trico", "value": "SIM", "optional": false}, {"key": "MICROONDAS", "text": "Microondas", "value": "NAO", "optional": false}, {"key": "SOFA", "text": "Sof\u00e1", "value": "NAO", "optional": false}, {"key": "MAQUINA_DE_LAVAR", "text": "M\u00e1quina de lavar", "value": "NAO", "optional": false}, {"key": "TANQUE", "text": "Tanque", "value": "SIM", "optional": false}, {"key": "REDE_DE_PROTECAO", "text": "Tela nas janelas", "value": "SIM", "optional": false}, {"key": "VARAL_DE_ROUPAS", "text": "Varal de roupas", "value": "SIM", "optional": false}, {"key": "TOMADAS_NOVAS", "text": "Tomadas 3 pinos", "value": "SIM", "optional": false}, {"key": "TELEVISAO", "text": "Televis\u00e3o", "value": "NAO", "optional": false}, {"key": "MESAS_E_CADEIRAS_DE_JANTAR", "text": "Mesas e cadeiras de jantar", "value": "NAO", "optional": false}, {"key": "CHURRASQUEIRA", "text": "Churrasqueira", "value": "SIM", "optional": false}, {"key": "ACESSO_SEM_DEGRAUS", "text": "Acesso sem degraus", "value": "SIM", "optional": false}, {"key": "COOKTOP", "text": "Fog\u00e3o cooktop", "value": "NAO", "optional": false}, {"key": "UTENSILIOS_DE_COZINHA", "text": "Utens\u00edlios de cozinha", "value": "NAO", "optional": false}, {"key": "CAMA_DE_CASAL", "text": "Cama de casal", "value": "NAO", "optional": false}, {"key": "CAMA_DE_SOLTEIRO", "text": "Cama de solteiro", "value": "NAO", "optional": false}, {"key": "ESPELHO_NO_BANHEIRO", "text": "Espelho no banheiro", "value": "SIM", "optional": false}, {"key": "FECHADURA_ELETRONICA", "text": "Fechadura eletr\u00f4nica", "value": "SIM", "optional": false}, {"key": "ENERGIA", "text": "Energia no im\u00f3vel", "value": "SIM", "optional": false}], "area": 40, "installations": [{"key": "PLAYGROUND", "text": "Playground", "value": "NAO"}, {"key": "PISCINA", "text": "Piscina", "value": "NAO"}, {"key": "CHURRASQUEIRA", "text": "Churrasqueira", "value": "NAO"}, {"key": "QUADRA_ESPORTIVA", "text": "Quadra esportiva", "value": "NAO"}, {"key": "ACADEMIA", "text": "Academia", "value": "NAO"}, {"key": "SALAO_DE_FESTAS", "text": "Sal\u00e3o de festas", "value": "NAO"}, {"key": "SAUNA", "text": "Sauna", "value": "NAO"}, {"key": "LAVANDERIA_NO_PREDIO", "text": "Lavanderia no pr\u00e9dio", "value": "NAO"}, {"key": "GAS_ENCANADO", "text": "G\u00e1s encanado", "value": "SIM"}, {"key": "ESPACO_GOURMET_NA_AREA_COMUM", "text": "Espa\u00e7o gourmet na \u00e1rea comum", "value": "SIM"}, {"key": "BRINQUEDOTECA", "text": "Brinquedoteca", "value": "NAO"}, {"key": "CORRIMAO", "text": "Corrim\u00e3o", "value": "NAO"}, {"key": "PISO_TATIL", "text": "Piso t\u00e1til", "value": "NAO"}, {"key": "RAMPAS_DE_ACESSO", "text": "Rampas de acesso", "value": "NAO"}, {"key": "SALAO_DE_JOGOS", "text": "Sal\u00e3o de jogos", "value": "NAO"}, {"key": "VAGA_DE_GARAGEM_ACESSIVEL", "text": "Vaga de garagem acess\u00edvel", "value": "NAO"}, {"key": "AREA_VERDE", "text": "\u00c1rea verde", "value": "NAO"}, {"key": "Elevador", "value": "NAO"}, {"key": "Porteiro24H", "value": "NAO"}], "rentPrice": 900, "condoPrice": 0, "condoType": "IncluidoNoAluguel", "region": {"name": "Mandaqui", "hub": {"loading": "UNSET", "enabled": false, "abSecretariat": false, "isPrimaryMarket": false}, "id": 1579}, "type": "CasaCondominio", "iptuType": "NaoExiste", "totalCost": 938, "parkingSpaces": 0, "address": {"street": "Rua Jo\u00e3o de Laet", "neighborhood": "Vila Aurora (zona Norte)", "city": "S\u00e3o Paulo", "zipCode": "02410-010", "stateName": "S\u00e3o Paulo", "stateAcronym": "SP", "lat": -23.4781981, "lng": -46.6255703, "countryName": "Brasil", "countryCode": "BR", "country": "Brasil"}, "floor": 2, "homeProtection": 15, "remarks": "", "acceptsPets": false, "hasFurniture": false, "isNearSubway": false, "placesNearby": [{"name": "Escola Almirante Visc de Inhauma", "type": "SCHOOL", "slug": "escola-almirante-visc-de-inhauma-sao-paulo-sp-brasil"}, {"name": "Complexo Hospitalar Mandaqui", "type": "HOSPITAL", "slug": "complexo-hospitalar-mandaqui-mandaqui-sao-paulo-sp-brasil"}, {"name": "Colegio Palavra Viva", "type": "SCHOOL", "slug": "colegio-palavra-viva-santana-sao-paulo-sp"}, {"name": "DeRose Method Santana", "type": "UNIVERSITY_OR_COLLEGE", "slug": "derose-method-santana-\u00e1gua-fria-sao-paulo-sp"}, {"name": "Parque S\u00e3o Paulo Mandaqui", "type": "PARK_OR_GREEN_AREA", "slug": "parque-sao-paulo-mandaqui-parque-mandaqui-sao-paulo-sp"}, {"name": "Hospital Policia Militar", "type": "HOSPITAL", "slug": "hospital-policia-militar-tucuruvi-sao-paulo-sp"}, {"name": "Col\u00e9gio Salesiano Santa Teresinha", "type": "SCHOOL", "slug": "colegio-salesiano-santa-teresinha-santa-teresinha-sao-paulo-sp"}, {"name": "Pra\u00e7a Iauti", "type": "PARK_OR_GREEN_AREA", "slug": "praca-iauti-santana-sao-paulo-sp"}, {"name": "Escola de Educa\u00e7\u00e3o Infantil \u00e9 Bom Somhar", "type": "SCHOOL", "slug": "escola-de-educacao-infantil-e-bom-somhar-\u00e1gua-fria-sao-paulo-sp"}, {"name": "Instituto Madre Mazarello", "type": "SCHOOL", "slug": "instituto-madre-mazarello-sao-paulo-sp-brasil"}, {"name": "SESI \u2013 Lauzane Paulista", "type": "SCHOOL", "slug": "sesi-lauzane-paulista-sao-paulo-sp"}, {"name": "Escola Castro Alves", "type": "SCHOOL", "slug": "escola-castro-alves-sao-paulo-sp-brasil"}, {"name": "Escola Professor Ant\u00f4nio Lisboa", "type": "SCHOOL", "slug": "escola-professor-antonio-lisboa-sao-paulo-sp-brasil"}], "availabilityType": "IMMEDIATE", "photos": [{"id": 29655722, "subtitle": "Cozinha", "url": "893758606-309.65910503155294QuintoAndarRuaJoodeLaet102Casa4003.jpg", "cover": true}, {"id": 29655715, "subtitle": "Cozinha", "url": "893758606-156.7456563557852QuintoAndarRuaJoodeLaet102Casa4001.jpg", "cover": false}, {"id": 29655718, "subtitle": "Cozinha", "url": "893758606-930.2319390424165QuintoAndarRuaJoodeLaet102Casa4002.jpg", "cover": false}, {"id": 29655726, "subtitle": "Cozinha", "url": "893758606-664.4775909952943QuintoAndarRuaJoodeLaet102Casa4004.jpg", "cover": false}, {"id": 29655731, "subtitle": "Cozinha", "url": "893758606-944.3918161154331QuintoAndarRuaJoodeLaet102Casa4005.jpg", "cover": false}, {"id": 29655736, "subtitle": "Quarto", "url": "893758606-439.62253477823856QuintoAndarRuaJoodeLaet102Casa4006.jpg", "cover": false}, {"id": 29655741, "subtitle": "Quarto", "url": "893758606-328.95556935170634QuintoAndarRuaJoodeLaet102Casa4007.jpg", "cover": false}, {"id": 29655747, "subtitle": "Quarto", "url": "893758606-471.52933957191044QuintoAndarRuaJoodeLaet102Casa4008.jpg", "cover": false}, {"id": 29655753, "subtitle": "Quarto", "url": "893758606-510.87511327995185QuintoAndarRuaJoodeLaet102Casa4009.jpg", "cover": false}, {"id": 29655759, "subtitle": "Vista", "url": "893758606-337.0873350558482QuintoAndarRuaJoodeLaet102Casa4010.jpg", "cover": false}, {"id": 29655763, "subtitle": "Banheiro ", "url": "893758606-810.6167842312386QuintoAndarRuaJoodeLaet102Casa4011.jpg", "cover": false}, {"id": 29655769, "subtitle": "Banheiro ", "url": "893758606-910.8190297997861QuintoAndarRuaJoodeLaet102Casa4012.jpg", "cover": false}, {"id": 29655773, "subtitle": "Banheiro ", "url": "893758606-533.2884094807879QuintoAndarRuaJoodeLaet102Casa4013.jpg", "cover": false}, {"id": 29655777, "subtitle": "Banheiro ", "url": "893758606-319.3121716337292QuintoAndarRuaJoodeLaet102Casa4014.jpg", "cover": false}, {"id": 29655782, "subtitle": "Lavanderia", "url": "893758606-509.432037315095QuintoAndarRuaJoodeLaet102Casa4015.jpg", "cover": false}, {"id": 29655787, "subtitle": "Lavanderia", "url": "893758606-739.2942653967834QuintoAndarRuaJoodeLaet102Casa4016.jpg", "cover": false}, {"id": 29655792, "subtitle": "Lavanderia", "url": "893758606-126.6260355401112QuintoAndarRuaJoodeLaet102Casa4017.jpg", "cover": false}, {"id": 29655798, "subtitle": "Fachada", "url": "893758606-413.3165515210019QuintoAndarRuaJoodeLaet102Casa4018.jpg", "cover": false}, {"id": 29655802, "subtitle": "Fachada", "url": "893758606-553.1051242021482QuintoAndarRuaJoodeLaet102Casa4019.jpg", "cover": false}, {"id": 29655808, "subtitle": "Fachada", "url": "893758606-881.1982831185987QuintoAndarRuaJoodeLaet102Casa4020.jpg", "cover": false}], "photosCategorizedByRooms": [], "relevantRegions": [], "photospheres": [], "specialConditions": [], "offers": {"closingRate": 0, "shouldHighlightIcon": true, "shouldShowOfferDialog": false, "shouldShowOffers": false, "summary": []}, "status": "publicado", "showUrlHasBeenCopiedSnackbar": false, "isGalleryModalOpen": false, "error": false, "loaded": true, "loading": false, "loadingCategorizedRooms": false, "selectedMedia": "tenant/HouseMedia/PHOTOS", "video": "", "promotions": [], "condominium": {}, "forRent": true, "forSale": false, "salePrice": 0, "mortgageFirstInstallment": 0, "listings": [{"imovelId": 893758606, "businessContext": "RENT", "status": "publicado", "firstPublicationDate": "2022-09-02T22:42:12.000+0000", "lastPublicationDate": "2022-09-02T22:42:12.000+0000", "listingRentModel": {"listingBusinessContextId": 1223652, "rentalAdministrator": "QUINTOANDAR"}, "ownership": "STANDARD"}], "listingTags": [], "businessContext": "", "regionParameters": {"loaded": false, "loading": false, "RENT": {"visitsEnabled": true, "talkToAgentEnabled": false}, "SALE": {"visitsEnabled": true, "talkToAgentEnabled": false}}, "houseAgent": {"isDialogOpen": false, "alreadyOpenedByQueryParam": false}, "tenantServiceFee": 23, "closingStatus": {"loading": false}, "rentalGuarantee": {"minValue": 225, "maxValue": 675}, "reservationAvailability": null, "isPrimaryMarket": false, "macroRegion": {"id": 2760, "name": "SPO09"}, "suites": 0, "houseVisitStatus": "ACCEPT_NEW", "visitStatusReason": null, "visitsUnavailable": false, "isReserved": false, "allowDirectOffer": true, "lastPublishedDate": "2022-09-02T22:42:12.000Z", "listingPublication": "stranded", "rentOnTermination": false, "constructionYear": null, "categories": []}, "markers": {"lat": -23.4781981, "lng": -46.6255703}, "talkToAgent": {"dialog": {"open": false, "questionType": null, "question": ""}, "agentSupport": {}, "error": null, "autoSubmit": false, "loading": false, "submitting": false, "success": false, "hasLoadedAgentInfo": false, "agent": null, "hasLoadedAgentsInRegion": false, "agentsInRegion": null}}}}, "__N_SSP": true}, "page": "/imovel/[houseId]/[[...slug]]", "query": {"houseId": "893758606", "slug": ["alugar", "casa-1-quarto-vila-aurora-zona-norte-sao-paulo"]}, "buildId": "gCr3Bg2lYzV9hxZqGibIQ", "runtimeConfig": {"NEXT_PUBLIC_HOME_ADVERTISING_BANNER": "coupon"}, "isFallback": false, "dynamicIds": [61847, 31265, 66435, 77453, 87356, 60899, 41103, 3232, 72227, 40072, 39327, 19904, 96827], "gssp": true, "customServer": true, "appGip": true, "locale": "pt-BR", "locales": ["pt-BR", "es-MX"], "defaultLocale": "pt-BR", "domainLocales": [{"domain": "www.quintoandar.com.br", "defaultLocale": "pt-BR"}, {"domain": "www.benvi.mx", "defaultLocale": "es-MX"}], "scriptLoader": []}