{"props": {"pageProps": {"initialState": {"route": {"locationBeforeTransitions": {"pathname": "/imovel/893729107/alugar/apartamento-2-quartos-aclimacao-sao-paulo", "search": "", "hash": "", "action": "POP", "query": {}}, "topLevelRouteName": "house details", "businessContext": "RENT", "favoriteListsBusinessContext": "RENT"}, "router": {"location": {"href": "/", "pathname": "/", "search": "", "hash": ""}}, "progress": {"pendingRequests": -1}, "login": {"response": {}, "user": {"isLoggedIn": false, "id": 0, "agentId": 0, "hashId": "", "sessionId": null, "name": "", "email": "", "maskedEmail": "", "jwt": {"app": "", "firebase": ""}, "phone": {"countryCode": "+55", "areaCode": "", "phoneNumber": ""}, "country": "BR", "channel": "", "isPhoneRegistered": false, "acceptWhatsapp": true, "hasDocument": false, "isPartner": false}, "accountForm": {}, "redirectUrl": "", "isRequestOngoing": false}, "captcha": {"token": "", "hasLoadedRemoteConfig": false, "provider": "", "friction": "low", "unavailableCountriesCode": []}, "supportedCities": [], "inAppMessages": {"biomaSurvey": {"isOpen": false, "formId": null, "data": {"opaque": true}}}, "metaData": {"similar_houses_clicked": []}, "appData": {"device": {"type": "desktop", "isSearchEngineCrawler": false}, "experiments": "X-AB-Test=ab_exposed_filter_sale_desktop:1,ab_exposed_filter_sale_v1:1,ab_exposed_filters:1,ab_load_more_v0:-1,ab_new_house_card_v2:0,ab_new_rent_listing_phase2:0,ab_profiling_create_alert_filters:0,ab_scheduling_step_by_step_v1:1,ab_show_floor_sale:0,ab_street_search_retrieval_v1:0"}, "house": {"houseInfo": {"id": "893729107", "displayId": "1029107", "bedrooms": 2, "city": "S\u00e3o Paulo", "cityId": 39, "bathrooms": 1, "iptu": 349, "amenities": [{"key": "BANHEIRA_DE_HIDROMASSAGEM", "text": "Banheira", "value": "NAO", "optional": false}, {"key": "BOX", "text": "Box", "value": "NAO", "optional": false}, {"key": "VARANDA", "text": "Varanda", "value": "NAO", "optional": false}, {"key": "PISCINA_PRIVATIVA", "text": "Piscina privativa", "value": "NAO", "optional": false}, {"key": "ARMARIOS_EMBUTIDOS_NO_QUARTO", "text": "Arm\u00e1rios no quarto", "value": "NAO", "optional": false}, {"key": "ARMARIOS_NOS_BANHEIROS", "text": "Arm\u00e1rios no banheiro", "value": "NAO", "optional": false}, {"key": "ARMARIOS_NA_COZINHA", "text": "Arm\u00e1rios na cozinha", "value": "NAO", "optional": false}, {"key": "AR_CONDICIONADO", "text": "Ar condicionado", "value": "NAO", "optional": false}, {"key": "CHUVEIRO_A_GAS", "text": "Chuveiro a g\u00e1s", "value": "NAO", "optional": false}, {"key": "QUARTO_DE_SERVICO", "text": "Quarto de servi\u00e7o", "value": "NAO", "optional": false}, {"key": "BANHEIRO_DE_SERVICO", "text": "Banheiro de servi\u00e7o", "value": "NAO", "optional": false}, {"key": "VARANDA_GOURMET", "text": "Varanda gourmet", "value": "NAO", "optional": false}, {"key": "APARTAMENTO_COBERTURA", "text": "Apartamento cobertura", "value": "NAO", "optional": false}, {"key": "QUARTO_EXTRA_REVERSIVEL", "text": "Quarto extra revers\u00edvel", "value": "NAO", "optional": false}, {"key": "FOGAO_INCLUSO", "text": "Fog\u00e3o", "value": "NAO", "optional": false}, {"key": "GELADEIRA_INCLUSO", "text": "Geladeira", "value": "NAO", "optional": false}, {"key": "BANHEIRO_ADAPTADO", "text": "Banheiro adaptado", "value": "NAO", "optional": false}, {"key": "CLOSET", "text": "Closet", "value": "NAO", "optional": false}, {"key": "COZINHA_AMERICANA", "text": "Cozinha americana", "value": "NAO", "optional": false}, {"key": "MESAS_E_CADEIRAS_DE_ESCRITORIO", "text": "Mesas e cadeiras de escrit\u00f3rio", "value": "NAO", "optional": false}, {"key": "JARDIM", "text": "Jardim", "value": "NAO", "optional": false}, {"key": "QUARTOS_E_CORREDORES_COM_PORTAS_AMPLAS", "text": "Quartos e corredores com portas amplas", "value": "NAO", "optional": false}, {"key": "QUINTAL", "text": "Quintal", "value": "NAO", "optional": false}, {"key": "SOMENTE_UMA_CASA_NO_TERRENO", "text": "Somente uma casa no terreno", "value": "NAO", "optional": false}, {"key": "AREA_DE_SERVICO", "text": "\u00c1rea de servi\u00e7o", "value": "NAO", "optional": false}], "comfortCommodities": [{"key": "BANHEIRA_DE_HIDROMASSAGEM", "text": "Banheira", "value": "NAO", "optional": false}, {"key": "PISCINA_PRIVATIVA", "text": "Piscina privativa", "value": "NAO", "optional": false}, {"key": "AR_CONDICIONADO", "text": "Ar condicionado", "value": "NAO", "optional": false}, {"key": "SOL_DA_MANHA", "text": "Sol da manh\u00e3", "value": "NAO", "optional": false}, {"key": "SOL_DA_TARDE", "text": "Sol da tarde", "value": "NAO", "optional": false}, {"key": "CORTINAS_BLACK_OUT", "text": "Cortinas corta luz", "value": "NAO", "optional": false}, {"key": "CORTINAS_DECORATIVAS", "text": "Cortina transl\u00facida", "value": "NAO", "optional": false}, {"key": "JANELA_ANTI_RUIDO", "text": "Janela anti-ru\u00eddo", "value": "NAO", "optional": false}, {"key": "VENTILADOR_DE_TETO", "text": "Ventilador de teto", "value": "NAO", "optional": false}, {"key": "LUMINOSIDADE_NATURAL", "text": "Janelas grandes", "value": "NAO", "optional": false}, {"key": "VISTA_LIVRE", "text": "Vista livre", "value": "NAO", "optional": false}, {"key": "RUA_SILENCIOSA", "text": "Rua silenciosa", "value": "NAO", "optional": false}], "practicalityCommodities": [{"key": "BOX", "text": "Box", "value": "NAO", "optional": false}, {"key": "ARMARIOS_EMBUTIDOS_NO_QUARTO", "text": "Arm\u00e1rios no quarto", "value": "NAO", "optional": false}, {"key": "ARMARIOS_NOS_BANHEIROS", "text": "Arm\u00e1rios no banheiro", "value": "NAO", "optional": false}, {"key": "ARMARIOS_NA_COZINHA", "text": "Arm\u00e1rios na cozinha", "value": "NAO", "optional": false}, {"key": "CHUVEIRO_A_GAS", "text": "Chuveiro a g\u00e1s", "value": "NAO", "optional": false}, {"key": "FOGAO_INCLUSO", "text": "Fog\u00e3o", "value": "NAO", "optional": false}, {"key": "GELADEIRA_INCLUSO", "text": "Geladeira", "value": "NAO", "optional": false}, {"key": "CHUVEIRO_ELETRICO", "text": "Chuveiro el\u00e9trico", "value": "NAO", "optional": false}, {"key": "MICROONDAS", "text": "Microondas", "value": "NAO", "optional": false}, {"key": "SOFA", "text": "Sof\u00e1", "value": "NAO", "optional": false}, {"key": "MAQUINA_DE_LAVAR", "text": "M\u00e1quina de lavar", "value": "NAO", "optional": false}, {"key": "TANQUE", "text": "Tanque", "value": "NAO", "optional": false}, {"key": "REDE_DE_PROTECAO", "text": "Tela nas janelas", "value": "NAO", "optional": false}, {"key": "VARAL_DE_ROUPAS", "text": "Varal de roupas", "value": "NAO", "optional": false}, {"key": "TOMADAS_NOVAS", "text": "Tomadas 3 pinos", "value": "NAO", "optional": false}, {"key": "TELEVISAO", "text": "Televis\u00e3o", "value": "NAO", "optional": false}, {"key": "MESAS_E_CADEIRAS_DE_JANTAR", "text": "Mesas e cadeiras de jantar", "value": "NAO", "optional": false}, {"key": "CHURRASQUEIRA", "text": "Churrasqueira", "value": "NAO", "optional": false}, {"key": "ACESSO_SEM_DEGRAUS", "text": "Acesso sem degraus", "value": "NAO", "optional": false}, {"key": "COOKTOP", "text": "Fog\u00e3o cooktop", "value": "NAO", "optional": false}, {"key": "UTENSILIOS_DE_COZINHA", "text": "Utens\u00edlios de cozinha", "value": "NAO", "optional": false}, {"key": "CAMA_DE_CASAL", "text": "Cama de casal", "value": "NAO", "optional": false}, {"key": "CAMA_DE_SOLTEIRO", "text": "Cama de solteiro", "value": "NAO", "optional": false}, {"key": "ESPELHO_NO_BANHEIRO", "text": "Espelho no banheiro", "value": "NAO", "optional": false}, {"key": "FECHADURA_ELETRONICA", "text": "Fechadura eletr\u00f4nica", "value": "NAO", "optional": false}, {"key": "ENERGIA", "text": "Energia no im\u00f3vel", "value": "NAO", "optional": false}], "area": 120, "installations": [{"key": "PLAYGROUND", "text": "Playground", "value": "NAO_INFORMADO"}, {"key": "PISCINA", "text": "Piscina", "value": "NAO_INFORMADO"}, {"key": "CHURRASQUEIRA", "text": "Churrasqueira", "value": "NAO_INFORMADO"}, {"key": "QUADRA_ESPORTIVA", "text": "Quadra esportiva", "value": "NAO_INFORMADO"}, {"key": "ACADEMIA", "text": "Academia", "value": "NAO_INFORMADO"}, {"key": "SALAO_DE_FESTAS", "text": "Sal\u00e3o de festas", "value": "NAO_INFORMADO"}, {"key": "SAUNA", "text": "Sauna", "value": "NAO_INFORMADO"}, {"key": "LAVANDERIA_NO_PREDIO", "text": "Lavanderia no pr\u00e9dio", "value": "NAO_INFORMADO"}, {"key": "GAS_ENCANADO", "text": "G\u00e1s encanado", "value": "NAO_INFORMADO"}, {"key": "ESPACO_GOURMET_NA_AREA_COMUM", "text": "Espa\u00e7o gourmet na \u00e1rea comum", "value": "NAO_INFORMADO"}, {"key": "BRINQUEDOTECA", "text": "Brinquedoteca", "value": "NAO_INFORMADO"}, {"key": "CORRIMAO", "text": "Corrim\u00e3o", "value": "NAO_INFORMADO"}, {"key": "PISO_TATIL", "text": "Piso t\u00e1til", "value": "NAO_INFORMADO"}, {"key": "RAMPAS_DE_ACESSO", "text": "Rampas de acesso", "value": "NAO_INFORMADO"}, {"key": "SALAO_DE_JOGOS", "text": "Sal\u00e3o de jogos", "value": "NAO_INFORMADO"}, {"key": "VAGA_DE_GARAGEM_ACESSIVEL", "text": "Vaga de garagem acess\u00edvel", "value": "NAO_INFORMADO"}, {"key": "AREA_VERDE", "text": "\u00c1rea verde", "value": "NAO_INFORMADO"}, {"key": "Elevador", "value": "NAO"}, {"key": "Porteiro24H", "value": "SIM"}], "rentPrice": 3000, "condoPrice": 351, "condoType": "Normal", "region": {"name": "Vila Mariana", "hub": {"loading": "UNSET", "enabled": false, "abSecretariat": false, "isPrimaryMarket": false}, "id": 51}, "type": "Apartamento", "iptuType": "Normal", "totalCost": 3816, "parkingSpaces": 0, "address": {"street": "Rua Jos\u00e9 do Patroc\u00ednio", "neighborhood": "Aclima\u00e7\u00e3o", "city": "S\u00e3o Paulo", "zipCode": "04108-000", "stateName": "S\u00e3o Paulo", "stateAcronym": "SP", "lat": -23.5780447, "lng": -46.6331446, "countryName": "Brasil", "countryCode": "BR", "country": "Brasil"}, "floor": 1, "homeProtection": 39, "remarks": "Apartamento garden, 02 dormit\u00f3rios, c\u00f4modos amplos.\nSala bem ampla, 02 ambientes. cozinha ampla e um quintal exclusivo.\nExcelente localiza\u00e7\u00e3o. Pr\u00f3ximo 600 metros do Parque da Aclima\u00e7\u00e3o e a 1.000 metros do Metr\u00f4 Ana Rosa. Sem vaga de garagem.", "acceptsPets": true, "hasFurniture": false, "isNearSubway": true, "placesNearby": [{"name": "Prandiano", "type": "MUSEUM_THEATRE_OR_CONCERT_HALL", "slug": "prandiano-vila-mariana-sao-paulo-sp"}, {"name": "EMEI D. Ana Rosa de Ara\u00fajo", "type": "SCHOOL", "slug": "emei-d-ana-rosa-de-araujo-vila-mariana-sao-paulo-sp"}, {"name": "Parque da Aclima\u00e7\u00e3o", "type": "PARK_OR_GREEN_AREA", "slug": "parque-da-aclimacao-sao-paulo-sp-brasil"}, {"name": "Ana Rosa", "type": "ESTACAO_METRO_OU_TREM", "slug": "ana-rosa-vila-mariana-sao-paulo-sp"}, {"name": "Col\u00e9gio Etapa S\u00e3o Paulo", "type": "SCHOOL", "slug": "colegio-etapa-sao-paulo-vila-mariana-sao-paulo-sp"}, {"name": "Terminal Ana Rosa", "type": "BUS_TERMINAL_STATION", "slug": "terminal-ana-rosa-vila-mariana-sao-paulo-sp"}, {"name": "Para\u00edso", "type": "ESTACAO_METRO_OU_TREM", "slug": "estacao-paraiso-sao-paulo-sp"}, {"name": "Hospedaria de Cuidados Palhat", "type": "HOSPITAL", "slug": "hospedaria-de-cuidados-palhat-aclimacao-sao-paulo-sp"}, {"name": "Col\u00e9gio Benjamin Constant", "type": "SCHOOL", "slug": "colegio-benjamin-constant-vila-mariana-sao-paulo-sp"}, {"name": "Centro Cultural S\u00e3o Paulo", "type": "MUSEUM_THEATRE_OR_CONCERT_HALL", "slug": "centro-cultural-sao-paulo-aclimacao-sao-paulo-sp"}, {"name": "Hcor", "type": "HOSPITAL", "slug": "hcor-paraiso-sao-paulo-sp"}, {"name": "Col\u00e9gio Bandeirantes", "type": "SCHOOL", "slug": "colegio-bandeirantes-vila-mariana-sao-paulo-sp"}, {"name": "Col\u00e9gio Esta\u00e7\u00e3o Fundamental", "type": "SCHOOL", "slug": "colegio-estacao-fundamental-vila-mariana-sao-paulo-sp"}, {"name": "CNA", "type": "SCHOOL", "slug": "cna-vila-mariana-sao-paulo-sp"}, {"name": "Hospital Sancta Maggiore Para\u00edso", "type": "HOSPITAL", "slug": "hospital-sancta-maggiore-paraiso-bela-vista-sao-paulo-sp"}, {"name": "Sesc Vila Mariana", "type": "MUSEUM_THEATRE_OR_CONCERT_HALL", "slug": "sesc-vila-mariana-vila-mariana-sao-paulo-sp"}, {"name": "Col\u00e9gio Nova Gera\u00e7\u00e3o", "type": "SCHOOL", "slug": "colegio-nova-geracao-aclimacao-sao-paulo-sp"}, {"name": "Escola Mundial de L\u00ednguas", "type": "SCHOOL", "slug": "escola-mundial-de-linguas-vila-mariana-sao-paulo-sp"}, {"name": "Gastrocl\u00ednica", "type": "HOSPITAL", "slug": "gastroclinica-sao-paulo-sp-brasil"}, {"name": "Universidade Paulistana", "type": "UNIVERSITY_OR_COLLEGE", "slug": "universidade-paulistana-vila-mariana-sao-paulo-sp"}, {"name": "Hospital AC Camargo", "type": "HOSPITAL", "slug": "hospital-ac-camargo-liberdade-sao-paulo-sp"}, {"name": "Shopping P\u00e1tio Paulista", "type": "SHOPPING_MALL", "slug": "shopping-patio-paulista-bela-vista-sao-paulo-sp"}, {"name": "Hospital do Servidor P\u00fablico Municipal", "type": "HOSPITAL", "slug": "hospital-do-servidor-publico-municipal-aclimacao-sao-paulo-sp"}, {"name": "Col\u00e9gio Cristo Rei", "type": "SCHOOL", "slug": "colegio-cristo-rei-vila-mariana-sao-paulo-sp"}, {"name": "Escola Estadual Caetano de Campos", "type": "SCHOOL", "slug": "escola-estadual-caetano-de-campos-aclimacao-sao-paulo-sp"}, {"name": "Escola Santi", "type": "SCHOOL", "slug": "escola-santi-paraiso-sao-paulo-sp"}, {"name": "Hospital Oswaldo Cruz", "type": "HOSPITAL", "slug": "hospital-oswaldo-cruz-bela-vista-sao-paulo-sp"}, {"name": "Belas Artes - Campus 1, 2", "type": "UNIVERSITY_OR_COLLEGE", "slug": "belas-artes-unidade-1-alvaro-alvim-sao-paulo-sp"}, {"name": "Centro de Eventos Vila Mariana", "type": "MUSEUM_THEATRE_OR_CONCERT_HALL", "slug": "centro-de-eventos-vila-mariana-vila-mariana-sao-paulo-sp"}, {"name": "Japan House", "type": "MUSEUM_THEATRE_OR_CONCERT_HALL", "slug": "japan-house-bela-vista-sao-paulo-sp"}], "availabilityType": "IMMEDIATE", "photos": [{"id": 28418422, "subtitle": null, "url": "893729107-962.4470827106607i8r3Y40V7N0Hp531490266294b9e520479o.jpg", "cover": true}, {"id": 28418400, "subtitle": null, "url": "893729107-638.3911643398793i8r3Y40V7N0Hp531490266294b9d78af55o.jpg", "cover": false}, {"id": 28418402, "subtitle": null, "url": "893729107-899.4488853675595i8r3Y40V7N0Hp531490266294b9daba498o.jpg", "cover": false}, {"id": 28418406, "subtitle": null, "url": "893729107-257.5725447346001i8r3Y40V7N0Hp531490266294b9de13d60o.jpg", "cover": false}, {"id": 28418410, "subtitle": null, "url": "893729107-653.6777551110781i8r3Y40V7N0Hp531490266294b9df33498o.jpg", "cover": false}, {"id": 28418413, "subtitle": null, "url": "893729107-291.8900491296i8r3Y40V7N0Hp531490266294b9e05d255o.jpg", "cover": false}, {"id": 28418412, "subtitle": null, "url": "893729107-322.9828524139775i8r3Y40V7N0Hp531490266294b9e3e7324o.jpg", "cover": false}, {"id": 28418393, "subtitle": null, "url": "893729107-933.56267671708i8r3Y40V7N0Hp531490266294b9d5c1c33o.jpg", "cover": false}, {"id": 28418417, "subtitle": null, "url": "893729107-754.149584678929i8r3Y40V7N0Hp531490266294b9e29d6a8o.jpg", "cover": false}, {"id": 28418421, "subtitle": null, "url": "893729107-450.47311931848134i8r3Y40V7N0Hp531490266294b9e1837fdo.jpg", "cover": false}, {"id": 28418397, "subtitle": null, "url": "893729107-45.37268515014692i8r3Y40V7N0Hp531490266294b9d8c7b6eo.jpg", "cover": false}], "photosCategorizedByRooms": [], "relevantRegions": [], "photospheres": [], "specialConditions": ["Exclusivity"], "offers": {"closingRate": 0, "shouldHighlightIcon": true, "shouldShowOfferDialog": false, "shouldShowOffers": false, "summary": []}, "status": "publicado", "showUrlHasBeenCopiedSnackbar": false, "isGalleryModalOpen": false, "error": false, "loaded": true, "loading": false, "loadingCategorizedRooms": false, "selectedMedia": "tenant/HouseMedia/PHOTOS", "video": "", "promotions": [], "condominium": {}, "forRent": true, "forSale": true, "salePrice": 750000, "mortgageFirstInstallment": 0, "listings": [{"imovelId": 893729107, "businessContext": "SALE", "status": "publicado", "firstPublicationDate": "2022-07-27T20:36:11.000+0000", "lastPublicationDate": "2022-07-27T20:36:11.000+0000", "ownership": "THIRD_PARTY"}, {"imovelId": 893729107, "businessContext": "RENT", "status": "publicado", "firstPublicationDate": "2023-01-10T20:01:56.000+0000", "lastPublicationDate": "2023-01-10T20:01:56.000+0000", "listingRentModel": {"listingBusinessContextId": 1412761, "rentalAdministrator": "QUINTOANDAR"}, "ownership": "STANDARD"}], "listingTags": [], "businessContext": "", "regionParameters": {"loaded": false, "loading": false, "RENT": {"visitsEnabled": true, "talkToAgentEnabled": false}, "SALE": {"visitsEnabled": true, "talkToAgentEnabled": false}}, "houseAgent": {"isDialogOpen": false, "alreadyOpenedByQueryParam": false}, "tenantServiceFee": 77, "closingStatus": {"loading": false}, "rentalGuarantee": {"minValue": 750, "maxValue": 2250}, "reservationAvailability": null, "isPrimaryMarket": false, "macroRegion": {"id": 2728, "name": "SPO 03"}, "suites": 0, "houseVisitStatus": "ACCEPT_NEW", "visitStatusReason": null, "visitsUnavailable": false, "isReserved": false, "allowDirectOffer": true, "lastPublishedDate": "2023-01-10T20:01:56.000Z", "listingPublication": "not_stranded", "rentOnTermination": false, "constructionYear": null, "categories": []}, "markers": {"lat": -23.5780447, "lng": -46.6331446}, "talkToAgent": {"dialog": {"open": false, "questionType": null, "question": ""}, "agentSupport": {}, "error": null, "autoSubmit": false, "loading": false, "submitting": false, "success": false, "hasLoadedAgentInfo": false, "agent": null, "hasLoadedAgentsInRegion": false, "agentsInRegion": null}}}}, "__N_SSP": true}, "page": "/imovel/[houseId]/[[...slug]]", "query": {"houseId": "893729107", "slug": ["alugar", "apartamento-2-quartos-aclimacao-sao-paulo"]}, "buildId": "gCr3Bg2lYzV9hxZqGibIQ", "runtimeConfig": {"NEXT_PUBLIC_HOME_ADVERTISING_BANNER": "coupon"}, "isFallback": false, "dynamicIds": [61847, 31265, 66435, 77453, 87356, 60899, 41103, 3232, 33207, 72227, 40072, 39327, 19904, 96827], "gssp": true, "customServer": true, "appGip": true, "locale": "pt-BR", "locales": ["pt-BR", "es-MX"], "defaultLocale": "pt-BR", "domainLocales": [{"domain": "www.quintoandar.com.br", "defaultLocale": "pt-BR"}, {"domain": "www.benvi.mx", "defaultLocale": "es-MX"}], "scriptLoader": []}