{"props": {"pageProps": {"initialState": {"route": {"locationBeforeTransitions": {"pathname": "/imovel/893769574/alugar/apartamento-2-quartos-cerqueira-cesar-sao-paulo", "search": "", "hash": "", "action": "POP", "query": {}}, "topLevelRouteName": "house details", "businessContext": "RENT", "favoriteListsBusinessContext": "RENT"}, "router": {"location": {"href": "/", "pathname": "/", "search": "", "hash": ""}}, "progress": {"pendingRequests": -1}, "login": {"response": {}, "user": {"isLoggedIn": false, "id": 0, "agentId": 0, "hashId": "", "sessionId": null, "name": "", "email": "", "maskedEmail": "", "jwt": {"app": "", "firebase": ""}, "phone": {"countryCode": "+55", "areaCode": "", "phoneNumber": ""}, "country": "BR", "channel": "", "isPhoneRegistered": false, "acceptWhatsapp": true, "hasDocument": false, "isPartner": false}, "accountForm": {}, "redirectUrl": "", "isRequestOngoing": false}, "captcha": {"token": "", "hasLoadedRemoteConfig": false, "provider": "", "friction": "low", "unavailableCountriesCode": []}, "supportedCities": [], "inAppMessages": {"biomaSurvey": {"isOpen": false, "formId": null, "data": {"opaque": true}}}, "metaData": {"similar_houses_clicked": []}, "appData": {"device": {"type": "desktop", "isSearchEngineCrawler": false}, "experiments": "X-AB-Test=ab_exposed_filter_sale_desktop:1,ab_exposed_filter_sale_v1:1,ab_exposed_filters:1,ab_load_more_v0:-1,ab_new_house_card_v2:0,ab_new_rent_listing_phase2:0,ab_profiling_create_alert_filters:0,ab_scheduling_step_by_step_v1:1,ab_show_floor_sale:0,ab_street_search_retrieval_v1:0"}, "house": {"houseInfo": {"id": "893769574", "displayId": "1069574", "bedrooms": 2, "city": "S\u00e3o Paulo", "cityId": 39, "bathrooms": 1, "iptu": 16, "amenities": [{"key": "BANHEIRA_DE_HIDROMASSAGEM", "text": "Banheira", "value": "NAO", "optional": false}, {"key": "BOX", "text": "Box", "value": "SIM", "optional": false}, {"key": "VARANDA", "text": "Varanda", "value": "NAO", "optional": false}, {"key": "PISCINA_PRIVATIVA", "text": "Piscina privativa", "value": "NAO", "optional": false}, {"key": "ARMARIOS_EMBUTIDOS_NO_QUARTO", "text": "Arm\u00e1rios no quarto", "value": "NAO", "optional": false}, {"key": "ARMARIOS_NOS_BANHEIROS", "text": "Arm\u00e1rios no banheiro", "value": "SIM", "optional": false}, {"key": "ARMARIOS_NA_COZINHA", "text": "Arm\u00e1rios na cozinha", "value": "SIM", "optional": false}, {"key": "AR_CONDICIONADO", "text": "Ar condicionado", "value": "NAO", "optional": false}, {"key": "CHUVEIRO_A_GAS", "text": "Chuveiro a g\u00e1s", "value": "NAO", "optional": false}, {"key": "QUARTO_DE_SERVICO", "text": "Quarto de servi\u00e7o", "value": "NAO", "optional": false}, {"key": "BANHEIRO_DE_SERVICO", "text": "Banheiro de servi\u00e7o", "value": "NAO", "optional": false}, {"key": "VARANDA_GOURMET", "text": "Varanda gourmet", "value": "NAO", "optional": false}, {"key": "APARTAMENTO_COBERTURA", "text": "Apartamento cobertura", "value": "NAO", "optional": false}, {"key": "QUARTO_EXTRA_REVERSIVEL", "text": "Quarto extra revers\u00edvel", "value": "NAO", "optional": false}, {"key": "FOGAO_INCLUSO", "text": "Fog\u00e3o", "value": "NAO", "optional": false}, {"key": "GELADEIRA_INCLUSO", "text": "Geladeira", "value": "NAO", "optional": false}, {"key": "BANHEIRO_ADAPTADO", "text": "Banheiro adaptado", "value": "NAO", "optional": false}, {"key": "CLOSET", "text": "Closet", "value": "NAO", "optional": false}, {"key": "COZINHA_AMERICANA", "text": "Cozinha americana", "value": "NAO", "optional": false}, {"key": "MESAS_E_CADEIRAS_DE_ESCRITORIO", "text": "Mesas e cadeiras de escrit\u00f3rio", "value": "NAO", "optional": false}, {"key": "JARDIM", "text": "Jardim", "value": "NAO", "optional": false}, {"key": "QUARTOS_E_CORREDORES_COM_PORTAS_AMPLAS", "text": "Quartos e corredores com portas amplas", "value": "NAO", "optional": false}, {"key": "QUINTAL", "text": "Quintal", "value": "NAO", "optional": false}, {"key": "SOMENTE_UMA_CASA_NO_TERRENO", "text": "Somente uma casa no terreno", "value": "NAO", "optional": false}, {"key": "AREA_DE_SERVICO", "text": "\u00c1rea de servi\u00e7o", "value": "SIM", "optional": false}], "comfortCommodities": [{"key": "BANHEIRA_DE_HIDROMASSAGEM", "text": "Banheira", "value": "NAO", "optional": false}, {"key": "PISCINA_PRIVATIVA", "text": "Piscina privativa", "value": "NAO", "optional": false}, {"key": "AR_CONDICIONADO", "text": "Ar condicionado", "value": "NAO", "optional": false}, {"key": "SOL_DA_MANHA", "text": "Sol da manh\u00e3", "value": "NAO", "optional": false}, {"key": "SOL_DA_TARDE", "text": "Sol da tarde", "value": "NAO", "optional": false}, {"key": "CORTINAS_BLACK_OUT", "text": "Cortinas corta luz", "value": "SIM", "optional": false}, {"key": "CORTINAS_DECORATIVAS", "text": "Cortina transl\u00facida", "value": "NAO", "optional": false}, {"key": "JANELA_ANTI_RUIDO", "text": "Janela anti-ru\u00eddo", "value": "NAO", "optional": false}, {"key": "VENTILADOR_DE_TETO", "text": "Ventilador de teto", "value": "SIM", "optional": false}, {"key": "LUMINOSIDADE_NATURAL", "text": "Janelas grandes", "value": "NAO", "optional": false}, {"key": "VISTA_LIVRE", "text": "Vista livre", "value": "NAO", "optional": false}, {"key": "RUA_SILENCIOSA", "text": "Rua silenciosa", "value": "NAO", "optional": false}], "practicalityCommodities": [{"key": "BOX", "text": "Box", "value": "SIM", "optional": false}, {"key": "ARMARIOS_EMBUTIDOS_NO_QUARTO", "text": "Arm\u00e1rios no quarto", "value": "NAO", "optional": false}, {"key": "ARMARIOS_NOS_BANHEIROS", "text": "Arm\u00e1rios no banheiro", "value": "SIM", "optional": false}, {"key": "ARMARIOS_NA_COZINHA", "text": "Arm\u00e1rios na cozinha", "value": "SIM", "optional": false}, {"key": "CHUVEIRO_A_GAS", "text": "Chuveiro a g\u00e1s", "value": "NAO", "optional": false}, {"key": "FOGAO_INCLUSO", "text": "Fog\u00e3o", "value": "NAO", "optional": false}, {"key": "GELADEIRA_INCLUSO", "text": "Geladeira", "value": "NAO", "optional": false}, {"key": "CHUVEIRO_ELETRICO", "text": "Chuveiro el\u00e9trico", "value": "SIM", "optional": false}, {"key": "MICROONDAS", "text": "Microondas", "value": "NAO", "optional": false}, {"key": "SOFA", "text": "Sof\u00e1", "value": "NAO", "optional": false}, {"key": "MAQUINA_DE_LAVAR", "text": "M\u00e1quina de lavar", "value": "NAO", "optional": false}, {"key": "TANQUE", "text": "Tanque", "value": "SIM", "optional": false}, {"key": "REDE_DE_PROTECAO", "text": "Tela nas janelas", "value": "NAO", "optional": false}, {"key": "VARAL_DE_ROUPAS", "text": "Varal de roupas", "value": "SIM", "optional": false}, {"key": "TOMADAS_NOVAS", "text": "Tomadas 3 pinos", "value": "NAO", "optional": false}, {"key": "TELEVISAO", "text": "Televis\u00e3o", "value": "NAO", "optional": false}, {"key": "MESAS_E_CADEIRAS_DE_JANTAR", "text": "Mesas e cadeiras de jantar", "value": "NAO", "optional": false}, {"key": "CHURRASQUEIRA", "text": "Churrasqueira", "value": "NAO", "optional": false}, {"key": "ACESSO_SEM_DEGRAUS", "text": "Acesso sem degraus", "value": "SIM", "optional": false}, {"key": "COOKTOP", "text": "Fog\u00e3o cooktop", "value": "NAO", "optional": false}, {"key": "UTENSILIOS_DE_COZINHA", "text": "Utens\u00edlios de cozinha", "value": "NAO", "optional": false}, {"key": "CAMA_DE_CASAL", "text": "Cama de casal", "value": "NAO", "optional": false}, {"key": "CAMA_DE_SOLTEIRO", "text": "Cama de solteiro", "value": "NAO", "optional": false}, {"key": "ESPELHO_NO_BANHEIRO", "text": "Espelho no banheiro", "value": "SIM", "optional": false}, {"key": "FECHADURA_ELETRONICA", "text": "Fechadura eletr\u00f4nica", "value": "NAO", "optional": false}, {"key": "ENERGIA", "text": "Energia no im\u00f3vel", "value": "SIM", "optional": false}], "area": 71, "installations": [{"key": "PLAYGROUND", "text": "Playground", "value": "NAO"}, {"key": "PISCINA", "text": "Piscina", "value": "NAO"}, {"key": "CHURRASQUEIRA", "text": "Churrasqueira", "value": "NAO"}, {"key": "QUADRA_ESPORTIVA", "text": "Quadra esportiva", "value": "NAO"}, {"key": "ACADEMIA", "text": "Academia", "value": "NAO"}, {"key": "SALAO_DE_FESTAS", "text": "Sal\u00e3o de festas", "value": "NAO"}, {"key": "SAUNA", "text": "Sauna", "value": "NAO"}, {"key": "LAVANDERIA_NO_PREDIO", "text": "Lavanderia no pr\u00e9dio", "value": "NAO"}, {"key": "GAS_ENCANADO", "text": "G\u00e1s encanado", "value": "SIM"}, {"key": "ESPACO_GOURMET_NA_AREA_COMUM", "text": "Espa\u00e7o gourmet na \u00e1rea comum", "value": "NAO"}, {"key": "BRINQUEDOTECA", "text": "Brinquedoteca", "value": "NAO"}, {"key": "CORRIMAO", "text": "Corrim\u00e3o", "value": "NAO"}, {"key": "PISO_TATIL", "text": "Piso t\u00e1til", "value": "NAO"}, {"key": "RAMPAS_DE_ACESSO", "text": "Rampas de acesso", "value": "NAO"}, {"key": "SALAO_DE_JOGOS", "text": "Sal\u00e3o de jogos", "value": "NAO"}, {"key": "VAGA_DE_GARAGEM_ACESSIVEL", "text": "Vaga de garagem acess\u00edvel", "value": "NAO"}, {"key": "AREA_VERDE", "text": "\u00c1rea verde", "value": "NAO"}, {"key": "Elevador", "value": "SIM"}, {"key": "Porteiro24H", "value": "NAO"}], "rentPrice": 2800, "condoPrice": 874, "condoType": "Normal", "region": {"name": "Jardim Paulista", "hub": {"loading": "UNSET", "enabled": false, "abSecretariat": false, "isPrimaryMarket": false}, "id": 56}, "type": "Apartamento", "iptuType": "Normal", "totalCost": 3798, "parkingSpaces": 0, "address": {"street": "Rua Augusta", "neighborhood": "Cerqueira C\u00e9sar", "city": "S\u00e3o Paulo", "zipCode": "01412-000", "stateName": "S\u00e3o Paulo", "stateAcronym": "SP", "lat": -23.5592, "lng": -46.6616915, "countryName": "Brasil", "countryCode": "BR", "country": "Brasil"}, "floor": 6, "homeProtection": 36, "acceptsPets": false, "hasFurniture": false, "isNearSubway": true, "placesNearby": [{"name": "CineSesc", "type": "MUSEUM_THEATRE_OR_CONCERT_HALL", "slug": "cinesesc-cerqueira-cesar-sao-paulo-sp"}, {"name": "Dam\u00e1sio", "type": "UNIVERSITY_OR_COLLEGE", "slug": "damasio-jardim-paulista-sao-paulo-sp"}, {"name": "Ibmec", "type": "UNIVERSITY_OR_COLLEGE", "slug": "ibmec-jardim-paulista-sao-paulo-sp"}, {"name": "Consola\u00e7\u00e3o", "type": "ESTACAO_METRO_OU_TREM", "slug": "estacao-consolacao-sao-paulo-sp"}, {"name": "Faculdade Mundial", "type": "UNIVERSITY_OR_COLLEGE", "slug": "faculdade-mundial-consolacao-sao-paulo-sp"}, {"name": "Conjunto Nacional", "type": "SHOPPING_MALL", "slug": "conjunto-nacional-jardim-paulista-sao-paulo-sp"}, {"name": "Paulista Mall", "type": "SHOPPING_MALL", "slug": "paulista-mall-consolacao-sao-paulo-sp"}, {"name": "Alumni - Cursos de ingl\u00eas", "type": "SCHOOL", "slug": "alumni-cursos-de-ingles-jardim-paulista-sao-paulo-sp"}, {"name": "Shopping Market Paulista", "type": "SHOPPING_MALL", "slug": "shopping-market-paulista-jardim-paulista-sao-paulo-sp"}, {"name": "Col\u00e9gio S\u00e3o Lu\u00eds", "type": "SCHOOL", "slug": "colegio-sao-luis-consolacao-sao-paulo-sp"}, {"name": "UAM - Anhembi Morumbi - Campus Paulista", "type": "UNIVERSITY_OR_COLLEGE", "slug": "anhembi-morumbi-paulista-1-sao-paulo-sp"}, {"name": "Galeria da Augusta", "type": "SHOPPING_MALL", "slug": "galeria-da-augusta-consolacao-sao-paulo-sp"}, {"name": "Galeria Le village", "type": "SHOPPING_MALL", "slug": "galeria-le-village-consolacao-sao-paulo-sp"}, {"name": "Paulista", "type": "ESTACAO_METRO_OU_TREM", "slug": "estacao-paulista-sao-paulo-sp"}, {"name": "Espa\u00e7o Ita\u00fa de Cinema - Augusta", "type": "MUSEUM_THEATRE_OR_CONCERT_HALL", "slug": "espaco-itau-de-cinema-augusta-consolacao-sao-paulo-sp"}, {"name": "DeROSE Method Jardins - Sede Central", "type": "UNIVERSITY_OR_COLLEGE", "slug": "derose-method-jardins-sede-central-jardim-paulista-sao-paulo-sp"}, {"name": "Espa\u00e7o Ita\u00fa de Cinema - Augusta (anexo)", "type": "MUSEUM_THEATRE_OR_CONCERT_HALL", "slug": "espaco-itau-de-cinema-augusta-anexo-consolacao-sao-paulo-sp"}, {"name": "Escola Infantil jardins", "type": "SCHOOL", "slug": "escola-infantil-jardins-jardim-paulista-sao-paulo-sp"}, {"name": "Col\u00e9gio Dante Alighieri", "type": "SCHOOL", "slug": "colegio-dante-alighieri-jardim-paulista-sao-paulo-sp"}, {"name": "Shopping Galeria Virine Augusta", "type": "SHOPPING_MALL", "slug": "shopping-galeria-virine-augusta-jardim-paulista-sao-paulo-sp"}, {"name": "Incor", "type": "HOSPITAL", "slug": "incor-pinheiros-sao-paulo-sp"}, {"name": "WA Dan\u00e7as", "type": "SCHOOL", "slug": "wa-dancas-consolacao-sao-paulo-sp"}, {"name": "Museu de Arte de S\u00e3o Paulo (MASP)", "type": "MUSEUM_THEATRE_OR_CONCERT_HALL", "slug": "museu-de-arte-de-sao-paulo-masp-bela-vista-sao-paulo-sp"}, {"name": "Incor \u2013 Instituto do Cora\u00e7\u00e3o", "type": "HOSPITAL", "slug": "incor-instituto-do-coracao-cerqueira-cesar-sao-paulo-sp"}, {"name": "Casa S\u00e9rgio Buarque de Holanda", "type": "MUSEUM_THEATRE_OR_CONCERT_HALL", "slug": "casa-sergio-buarque-de-holanda-pacaembu-sao-paulo-sp-brasil"}, {"name": "Wiseup", "type": "SCHOOL", "slug": "wiseup-consolacao-sao-paulo-sp"}, {"name": "Hospital 9 de Julho", "type": "HOSPITAL", "slug": "hospital-9-de-julho-consolacao-sao-paulo-sp"}, {"name": "Centro Mercantil Jardim Am\u00e9rica", "type": "SHOPPING_MALL", "slug": "centro-mercantil-jardim-america-jardim-paulista-sao-paulo-sp"}, {"name": "Comedians", "type": "MUSEUM_THEATRE_OR_CONCERT_HALL", "slug": "comedians-consolacao-sao-paulo-sp"}, {"name": "Hospital S\u00edrio Liban\u00eas", "type": "HOSPITAL", "slug": "hospital-sirio-libanes-bela-vista-sao-paulo-sp"}], "availabilityType": "IMMEDIATE", "photos": [{"id": 30031697, "subtitle": "Su\u00edte", "url": "893769574-655.6620565908337DSC1541.jpg", "cover": true}, {"id": 30031580, "subtitle": "Sala", "url": "893769574-471.8760086847903DSC1529.jpg", "cover": false}, {"id": 30031578, "subtitle": "Sala", "url": "893769574-291.1561615747452DSC1528.jpg", "cover": false}, {"id": 30031583, "subtitle": "Sala", "url": "893769574-259.49028515170767DSC1530.jpg", "cover": false}, {"id": 30031585, "subtitle": "Sala", "url": "893769574-190.27753701767068DSC1531.jpg", "cover": false}, {"id": 30031587, "subtitle": "Sala", "url": "893769574-672.7243817992304DSC1532.jpg", "cover": false}, {"id": 30031694, "subtitle": "Su\u00edte", "url": "893769574-86.53766754683667DSC1540.jpg", "cover": false}, {"id": 30031699, "subtitle": "Su\u00edte", "url": "893769574-167.64707162082416DSC1542.jpg", "cover": false}, {"id": 30031704, "subtitle": "Su\u00edte", "url": "893769574-132.35229456968477DSC1543.jpg", "cover": false}, {"id": 30031717, "subtitle": "Banheiro da su\u00edte", "url": "893769574-544.885591622174DSC1546.jpg", "cover": false}, {"id": 30031722, "subtitle": "Banheiro da su\u00edte", "url": "893769574-979.8007295147318DSC1547.jpg", "cover": false}, {"id": 30031727, "subtitle": "Banheiro da su\u00edte", "url": "893769574-796.3595844749859DSC1548.jpg", "cover": false}, {"id": 30031733, "subtitle": "Banheiro da su\u00edte", "url": "893769574-701.3478500300357DSC1549.jpg", "cover": false}, {"id": 30031739, "subtitle": "Banheiro da su\u00edte", "url": "893769574-142.52134193358424DSC1550.jpg", "cover": false}, {"id": 30031805, "subtitle": "Quarto 2", "url": "893769574-762.8982309915984DSC1535.jpg", "cover": false}, {"id": 30031809, "subtitle": "Quarto 2", "url": "893769574-389.4213598777974DSC1536.jpg", "cover": false}, {"id": 30031814, "subtitle": "Quarto 2", "url": "893769574-703.1525605891383DSC1537.jpg", "cover": false}, {"id": 30031817, "subtitle": "Quarto 2", "url": "893769574-93.03148792761185DSC1538.jpg", "cover": false}, {"id": 30031819, "subtitle": "Vista", "url": "893769574-957.7783769238721DSC1544.jpg", "cover": false}, {"id": 30031824, "subtitle": "Vista", "url": "893769574-252.020182456552DSC1545.jpg", "cover": false}, {"id": 30031901, "subtitle": "Banheiro", "url": "893769574-174.97731742311328DSC1552.jpg", "cover": false}, {"id": 30031907, "subtitle": "Banheiro", "url": "893769574-396.20341105423586DSC1553.jpg", "cover": false}, {"id": 30031911, "subtitle": "Banheiro", "url": "893769574-585.1129826612778DSC1554.jpg", "cover": false}, {"id": 30031917, "subtitle": "Banheiro", "url": "893769574-201.58792934160996DSC1555.jpg", "cover": false}, {"id": 30031920, "subtitle": "Banheiro", "url": "893769574-154.33087210725392DSC1556.jpg", "cover": false}, {"id": 30031922, "subtitle": "Corredor", "url": "893769574-950.2538934483307DSC1557.jpg", "cover": false}, {"id": 30031927, "subtitle": "Corredor", "url": "893769574-369.9548224362106DSC1558.jpg", "cover": false}, {"id": 30031930, "subtitle": "Cozinha", "url": "893769574-551.8742366593048DSC1560.jpg", "cover": false}, {"id": 30031934, "subtitle": "Cozinha", "url": "893769574-732.1680446066113DSC1561.jpg", "cover": false}, {"id": 30031940, "subtitle": "Cozinha", "url": "893769574-554.7924908187712DSC1562.jpg", "cover": false}, {"id": 30031946, "subtitle": "Cozinha", "url": "893769574-764.104019501541DSC1563.jpg", "cover": false}, {"id": 30031951, "subtitle": "Cozinha", "url": "893769574-48.49313360030416DSC1564.jpg", "cover": false}, {"id": 30031960, "subtitle": "\u00c1rea de servi\u00e7o", "url": "893769574-512.5467763200177DSC1565.jpg", "cover": false}, {"id": 30031964, "subtitle": "\u00c1rea de servi\u00e7o", "url": "893769574-259.24407175843953DSC1566.jpg", "cover": false}, {"id": 30031970, "subtitle": "\u00c1rea de servi\u00e7o", "url": "893769574-288.2853783575269DSC1567.jpg", "cover": false}, {"id": 30031974, "subtitle": "\u00c1rea de servi\u00e7o", "url": "893769574-834.009206860895DSC1568.jpg", "cover": false}, {"id": 30031978, "subtitle": "Banheiro de servi\u00e7o", "url": "893769574-11.174489591273318DSC1569.jpg", "cover": false}, {"id": 30031983, "subtitle": "Banheiro de servi\u00e7o", "url": "893769574-361.23956655931823DSC1570.jpg", "cover": false}, {"id": 30031988, "subtitle": "Hall de entrada", "url": "893769574-706.4314615163435DSC1573.jpg", "cover": false}, {"id": 30031994, "subtitle": "Fachada", "url": "893769574-54.02656713772325DSC1574.jpg", "cover": false}, {"id": 30032684, "subtitle": "Fachada", "url": "893769574-758.8369370581678DSC1575.jpg", "cover": false}], "photosCategorizedByRooms": [], "relevantRegions": [], "photospheres": [], "specialConditions": ["Exclusivity"], "offers": {"closingRate": 0, "shouldHighlightIcon": true, "shouldShowOfferDialog": false, "shouldShowOffers": false, "summary": []}, "status": "publicado", "showUrlHasBeenCopiedSnackbar": false, "isGalleryModalOpen": false, "error": false, "loaded": true, "loading": false, "loadingCategorizedRooms": false, "selectedMedia": "tenant/HouseMedia/PHOTOS", "video": "", "promotions": [], "condominium": {"hashId": "jdjrs6gork", "name": "Edif\u00edcio Belia", "slug": "edificio-belia-cerqueira-cesar-sao-paulo", "address": "R. Augusta", "constructionYear": 1958}, "forRent": true, "forSale": true, "salePrice": 700000, "mortgageFirstInstallment": 0, "listings": [{"imovelId": 893769574, "businessContext": "RENT", "status": "publicado", "firstPublicationDate": "2022-11-07T20:55:48.000+0000", "lastPublicationDate": "2022-11-07T20:55:48.000+0000", "listingRentModel": {"listingBusinessContextId": 1299811, "rentalAdministrator": "QUINTOANDAR"}, "ownership": "STANDARD"}, {"imovelId": 893769574, "businessContext": "SALE", "status": "publicado", "firstPublicationDate": "2022-09-15T23:16:58.000+0000", "lastPublicationDate": "2022-09-15T23:16:58.000+0000", "ownership": "STANDARD"}], "listingTags": [], "businessContext": "", "regionParameters": {"loaded": false, "loading": false, "RENT": {"visitsEnabled": true, "talkToAgentEnabled": false}, "SALE": {"visitsEnabled": true, "talkToAgentEnabled": false}}, "houseAgent": {"isDialogOpen": false, "alreadyOpenedByQueryParam": false}, "tenantServiceFee": 72, "closingStatus": {"loading": false}, "rentalGuarantee": {"minValue": 700, "maxValue": 2100}, "reservationAvailability": null, "isPrimaryMarket": false, "macroRegion": {"id": 2737, "name": "SPO 07"}, "suites": 1, "allowsCustomOffer": false, "displayCustomOfferPreference": false, "houseVisitStatus": "ACCEPT_NEW", "visitStatusReason": null, "visitsUnavailable": false, "isReserved": false, "allowDirectOffer": true, "lastPublishedDate": "2022-11-07T20:55:48.000Z", "listingPublication": "stranded", "rentOnTermination": false, "constructionYear": 1958, "categories": []}, "markers": {"lat": -23.5592, "lng": -46.6616915}, "talkToAgent": {"dialog": {"open": false, "questionType": null, "question": ""}, "agentSupport": {}, "error": null, "autoSubmit": false, "loading": false, "submitting": false, "success": false, "hasLoadedAgentInfo": false, "agent": null, "hasLoadedAgentsInRegion": false, "agentsInRegion": null}}}}, "__N_SSP": true}, "page": "/imovel/[houseId]/[[...slug]]", "query": {"houseId": "893769574", "slug": ["alugar", "apartamento-2-quartos-cerqueira-cesar-sao-paulo"]}, "buildId": "gCr3Bg2lYzV9hxZqGibIQ", "runtimeConfig": {"NEXT_PUBLIC_HOME_ADVERTISING_BANNER": "coupon"}, "isFallback": false, "dynamicIds": [61847, 31265, 66435, 77453, 87356, 60899, 41103, 3232, 33207, 72227, 40072, 39327, 19904, 96827], "gssp": true, "customServer": true, "appGip": true, "locale": "pt-BR", "locales": ["pt-BR", "es-MX"], "defaultLocale": "pt-BR", "domainLocales": [{"domain": "www.quintoandar.com.br", "defaultLocale": "pt-BR"}, {"domain": "www.benvi.mx", "defaultLocale": "es-MX"}], "scriptLoader": []}