{"props": {"pageProps": {"initialState": {"route": {"locationBeforeTransitions": {"pathname": "/imovel/893762209/alugar/apartamento-2-quartos-imirim-sao-paulo", "search": "", "hash": "", "action": "POP", "query": {}}, "topLevelRouteName": "house details", "businessContext": "RENT", "favoriteListsBusinessContext": "RENT"}, "router": {"location": {"href": "/", "pathname": "/", "search": "", "hash": ""}}, "progress": {"pendingRequests": -1}, "login": {"response": {}, "user": {"isLoggedIn": false, "id": 0, "agentId": 0, "hashId": "", "sessionId": null, "name": "", "email": "", "maskedEmail": "", "jwt": {"app": "", "firebase": ""}, "phone": {"countryCode": "+55", "areaCode": "", "phoneNumber": ""}, "country": "BR", "channel": "", "isPhoneRegistered": false, "acceptWhatsapp": true, "hasDocument": false, "isPartner": false}, "accountForm": {}, "redirectUrl": "", "isRequestOngoing": false}, "captcha": {"token": "", "hasLoadedRemoteConfig": false, "provider": "", "friction": "low", "unavailableCountriesCode": []}, "supportedCities": [], "inAppMessages": {"biomaSurvey": {"isOpen": false, "formId": null, "data": {"opaque": true}}}, "metaData": {"similar_houses_clicked": []}, "appData": {"device": {"type": "desktop", "isSearchEngineCrawler": false}, "experiments": "X-AB-Test=ab_exposed_filter_sale_desktop:1,ab_exposed_filter_sale_v1:1,ab_exposed_filters:1,ab_load_more_v0:-1,ab_new_house_card_v2:0,ab_new_rent_listing_phase2:0,ab_profiling_create_alert_filters:0,ab_scheduling_step_by_step_v1:1,ab_show_floor_sale:0,ab_street_search_retrieval_v1:0"}, "house": {"houseInfo": {"id": "893762209", "displayId": "1062209", "bedrooms": 2, "city": "S\u00e3o Paulo", "cityId": 39, "bathrooms": 1, "iptu": 0, "amenities": [{"key": "BANHEIRA_DE_HIDROMASSAGEM", "text": "Banheira", "value": "NAO", "optional": false}, {"key": "BOX", "text": "Box", "value": "SIM", "optional": false}, {"key": "VARANDA", "text": "Varanda", "value": "NAO", "optional": false}, {"key": "PISCINA_PRIVATIVA", "text": "Piscina privativa", "value": "NAO", "optional": false}, {"key": "ARMARIOS_EMBUTIDOS_NO_QUARTO", "text": "Arm\u00e1rios no quarto", "value": "SIM", "optional": false}, {"key": "ARMARIOS_NOS_BANHEIROS", "text": "Arm\u00e1rios no banheiro", "value": "SIM", "optional": false}, {"key": "ARMARIOS_NA_COZINHA", "text": "Arm\u00e1rios na cozinha", "value": "SIM", "optional": false}, {"key": "AR_CONDICIONADO", "text": "Ar condicionado", "value": "NAO", "optional": false}, {"key": "CHUVEIRO_A_GAS", "text": "Chuveiro a g\u00e1s", "value": "NAO", "optional": false}, {"key": "QUARTO_DE_SERVICO", "text": "Quarto de servi\u00e7o", "value": "NAO", "optional": false}, {"key": "BANHEIRO_DE_SERVICO", "text": "Banheiro de servi\u00e7o", "value": "NAO", "optional": false}, {"key": "VARANDA_GOURMET", "text": "Varanda gourmet", "value": "NAO", "optional": false}, {"key": "APARTAMENTO_COBERTURA", "text": "Apartamento cobertura", "value": "NAO", "optional": false}, {"key": "QUARTO_EXTRA_REVERSIVEL", "text": "Quarto extra revers\u00edvel", "value": "NAO", "optional": false}, {"key": "FOGAO_INCLUSO", "text": "Fog\u00e3o", "value": "NAO", "optional": false}, {"key": "GELADEIRA_INCLUSO", "text": "Geladeira", "value": "NAO", "optional": false}, {"key": "BANHEIRO_ADAPTADO", "text": "Banheiro adaptado", "value": "NAO", "optional": false}, {"key": "CLOSET", "text": "Closet", "value": "NAO", "optional": false}, {"key": "COZINHA_AMERICANA", "text": "Cozinha americana", "value": "NAO", "optional": false}, {"key": "MESAS_E_CADEIRAS_DE_ESCRITORIO", "text": "Mesas e cadeiras de escrit\u00f3rio", "value": "NAO", "optional": false}, {"key": "JARDIM", "text": "Jardim", "value": "NAO", "optional": false}, {"key": "QUARTOS_E_CORREDORES_COM_PORTAS_AMPLAS", "text": "Quartos e corredores com portas amplas", "value": "NAO", "optional": false}, {"key": "QUINTAL", "text": "Quintal", "value": "NAO", "optional": false}, {"key": "SOMENTE_UMA_CASA_NO_TERRENO", "text": "Somente uma casa no terreno", "value": "NAO", "optional": false}, {"key": "AREA_DE_SERVICO", "text": "\u00c1rea de servi\u00e7o", "value": "NAO", "optional": false}], "comfortCommodities": [{"key": "BANHEIRA_DE_HIDROMASSAGEM", "text": "Banheira", "value": "NAO", "optional": false}, {"key": "PISCINA_PRIVATIVA", "text": "Piscina privativa", "value": "NAO", "optional": false}, {"key": "AR_CONDICIONADO", "text": "Ar condicionado", "value": "NAO", "optional": false}, {"key": "SOL_DA_MANHA", "text": "Sol da manh\u00e3", "value": "SIM", "optional": false}, {"key": "SOL_DA_TARDE", "text": "Sol da tarde", "value": "NAO", "optional": false}, {"key": "CORTINAS_BLACK_OUT", "text": "Cortinas corta luz", "value": "NAO", "optional": false}, {"key": "CORTINAS_DECORATIVAS", "text": "Cortina transl\u00facida", "value": "NAO", "optional": false}, {"key": "JANELA_ANTI_RUIDO", "text": "Janela anti-ru\u00eddo", "value": "NAO", "optional": false}, {"key": "VENTILADOR_DE_TETO", "text": "Ventilador de teto", "value": "NAO", "optional": false}, {"key": "LUMINOSIDADE_NATURAL", "text": "Janelas grandes", "value": "NAO", "optional": false}, {"key": "VISTA_LIVRE", "text": "Vista livre", "value": "SIM", "optional": false}, {"key": "RUA_SILENCIOSA", "text": "Rua silenciosa", "value": "NAO", "optional": false}], "practicalityCommodities": [{"key": "BOX", "text": "Box", "value": "SIM", "optional": false}, {"key": "ARMARIOS_EMBUTIDOS_NO_QUARTO", "text": "Arm\u00e1rios no quarto", "value": "SIM", "optional": false}, {"key": "ARMARIOS_NOS_BANHEIROS", "text": "Arm\u00e1rios no banheiro", "value": "SIM", "optional": false}, {"key": "ARMARIOS_NA_COZINHA", "text": "Arm\u00e1rios na cozinha", "value": "SIM", "optional": false}, {"key": "CHUVEIRO_A_GAS", "text": "Chuveiro a g\u00e1s", "value": "NAO", "optional": false}, {"key": "FOGAO_INCLUSO", "text": "Fog\u00e3o", "value": "NAO", "optional": false}, {"key": "GELADEIRA_INCLUSO", "text": "Geladeira", "value": "NAO", "optional": false}, {"key": "CHUVEIRO_ELETRICO", "text": "Chuveiro el\u00e9trico", "value": "NAO", "optional": false}, {"key": "MICROONDAS", "text": "Microondas", "value": "NAO", "optional": false}, {"key": "SOFA", "text": "Sof\u00e1", "value": "NAO", "optional": false}, {"key": "MAQUINA_DE_LAVAR", "text": "M\u00e1quina de lavar", "value": "NAO", "optional": false}, {"key": "TANQUE", "text": "Tanque", "value": "SIM", "optional": false}, {"key": "REDE_DE_PROTECAO", "text": "Tela nas janelas", "value": "NAO", "optional": false}, {"key": "VARAL_DE_ROUPAS", "text": "Varal de roupas", "value": "NAO", "optional": false}, {"key": "TOMADAS_NOVAS", "text": "Tomadas 3 pinos", "value": "NAO", "optional": false}, {"key": "TELEVISAO", "text": "Televis\u00e3o", "value": "NAO", "optional": false}, {"key": "MESAS_E_CADEIRAS_DE_JANTAR", "text": "Mesas e cadeiras de jantar", "value": "NAO", "optional": false}, {"key": "CHURRASQUEIRA", "text": "Churrasqueira", "value": "NAO", "optional": false}, {"key": "ACESSO_SEM_DEGRAUS", "text": "Acesso sem degraus", "value": "NAO", "optional": false}, {"key": "COOKTOP", "text": "Fog\u00e3o cooktop", "value": "NAO", "optional": false}, {"key": "UTENSILIOS_DE_COZINHA", "text": "Utens\u00edlios de cozinha", "value": "NAO", "optional": false}, {"key": "CAMA_DE_CASAL", "text": "Cama de casal", "value": "NAO", "optional": false}, {"key": "CAMA_DE_SOLTEIRO", "text": "Cama de solteiro", "value": "NAO", "optional": false}, {"key": "ESPELHO_NO_BANHEIRO", "text": "Espelho no banheiro", "value": "NAO", "optional": false}, {"key": "FECHADURA_ELETRONICA", "text": "Fechadura eletr\u00f4nica", "value": "NAO", "optional": false}, {"key": "ENERGIA", "text": "Energia no im\u00f3vel", "value": "NAO", "optional": false}], "area": 88, "installations": [{"key": "PLAYGROUND", "text": "Playground", "value": "SIM"}, {"key": "PISCINA", "text": "Piscina", "value": "NAO"}, {"key": "CHURRASQUEIRA", "text": "Churrasqueira", "value": "SIM"}, {"key": "QUADRA_ESPORTIVA", "text": "Quadra esportiva", "value": "SIM"}, {"key": "ACADEMIA", "text": "Academia", "value": "SIM"}, {"key": "SALAO_DE_FESTAS", "text": "Sal\u00e3o de festas", "value": "SIM"}, {"key": "SAUNA", "text": "Sauna", "value": "NAO"}, {"key": "LAVANDERIA_NO_PREDIO", "text": "Lavanderia no pr\u00e9dio", "value": "NAO"}, {"key": "GAS_ENCANADO", "text": "G\u00e1s encanado", "value": "SIM"}, {"key": "ESPACO_GOURMET_NA_AREA_COMUM", "text": "Espa\u00e7o gourmet na \u00e1rea comum", "value": "NAO"}, {"key": "BRINQUEDOTECA", "text": "Brinquedoteca", "value": "NAO"}, {"key": "CORRIMAO", "text": "Corrim\u00e3o", "value": "SIM"}, {"key": "PISO_TATIL", "text": "Piso t\u00e1til", "value": "NAO"}, {"key": "RAMPAS_DE_ACESSO", "text": "Rampas de acesso", "value": "SIM"}, {"key": "SALAO_DE_JOGOS", "text": "Sal\u00e3o de jogos", "value": "SIM"}, {"key": "VAGA_DE_GARAGEM_ACESSIVEL", "text": "Vaga de garagem acess\u00edvel", "value": "NAO"}, {"key": "AREA_VERDE", "text": "\u00c1rea verde", "value": "SIM"}, {"key": "Elevador", "value": "SIM"}, {"key": "Porteiro24H", "value": "SIM"}], "rentPrice": 2000, "condoPrice": 720, "condoType": "Normal", "region": {"name": "Santana", "hub": {"loading": "UNSET", "enabled": false, "abSecretariat": false, "isPrimaryMarket": false}, "id": 1310}, "type": "Apartamento", "iptuType": "NaoExiste", "totalCost": 2797, "parkingSpaces": 1, "address": {"street": "Avenida Imirim", "neighborhood": "Imirim", "city": "S\u00e3o Paulo", "zipCode": "02464-000", "stateName": "S\u00e3o Paulo", "stateAcronym": "SP", "lat": -23.4976455, "lng": -46.642041, "countryName": "Brasil", "countryCode": "BR", "country": "Brasil"}, "floor": 4, "homeProtection": 26, "remarks": "Ampla \u00e1rea de lazer", "acceptsPets": true, "hasFurniture": false, "isNearSubway": false, "placesNearby": [{"name": "Pra\u00e7a Dom Amaro", "type": "PARK_OR_GREEN_AREA", "slug": "praca-dom-amaro-santana-sao-paulo-sp"}, {"name": "Escola Professor Romulo Peru", "type": "SCHOOL", "slug": "escola-professor-romulo-peru-sao-paulo-sp-brasil"}, {"name": "SESI \u2013 Vila Bianca", "type": "SCHOOL", "slug": "sesi-vila-bianca-vila-bianca-sao-paulo-sp"}, {"name": "Instituto Madre Mazarello", "type": "SCHOOL", "slug": "instituto-madre-mazarello-sao-paulo-sp-brasil"}, {"name": "Col\u00e9gio Salesiano Santa Teresinha", "type": "SCHOOL", "slug": "colegio-salesiano-santa-teresinha-santa-teresinha-sao-paulo-sp"}, {"name": "Escola Castro Alves", "type": "SCHOOL", "slug": "escola-castro-alves-sao-paulo-sp-brasil"}, {"name": "Escola Ary Barroso", "type": "SCHOOL", "slug": "escola-ary-barroso-sao-paulo-sp-brasil"}, {"name": "Escola Professora Leme Prado", "type": "SCHOOL", "slug": "escola-professora-leme-prado-sao-paulo-sp-brasil"}, {"name": "Santana Parque Shopping", "type": "SHOPPING_MALL", "slug": "santana-parque-shopping-santana-sao-paulo-sp"}, {"name": "Parque S\u00e3o Paulo Mandaqui", "type": "PARK_OR_GREEN_AREA", "slug": "parque-sao-paulo-mandaqui-parque-mandaqui-sao-paulo-sp"}, {"name": "Galeria Center Santana", "type": "SHOPPING_MALL", "slug": "galeria-center-santana-santana-sao-paulo-sp"}, {"name": "Pra\u00e7a Iauti", "type": "PARK_OR_GREEN_AREA", "slug": "praca-iauti-santana-sao-paulo-sp"}, {"name": "Escola Professora Arlete T. Pizao", "type": "SCHOOL", "slug": "escola-professora-arlete-t-pizao-sao-paulo-sp-brasil"}, {"name": "Conservatorio Musical S\u00e3o Paulo", "type": "SCHOOL", "slug": "conservatorio-musical-sao-paulo-santana-sao-paulo-sp"}, {"name": "Complexo Hospitalar Mandaqui", "type": "HOSPITAL", "slug": "complexo-hospitalar-mandaqui-mandaqui-sao-paulo-sp-brasil"}], "availabilityType": "IMMEDIATE", "photos": [{"id": 29747101, "subtitle": "Sala", "url": "893762209-995.2017130623667IMG5676.jpg", "cover": true}, {"id": 29747102, "subtitle": "Sala", "url": "893762209-271.91678000572716IMG5679.jpg", "cover": false}, {"id": 29747103, "subtitle": "Sala", "url": "893762209-130.4825543158955IMG5681.jpg", "cover": false}, {"id": 29747104, "subtitle": "Sala", "url": "893762209-671.317394958609IMG5682.jpg", "cover": false}, {"id": 29747105, "subtitle": "Vista da sala", "url": "893762209-705.8141711656151IMG5683.jpg", "cover": false}, {"id": 29747106, "subtitle": "Quarto 1", "url": "893762209-919.266054755976IMG5685.jpg", "cover": false}, {"id": 29747107, "subtitle": "Quarto 1", "url": "893762209-307.0291023769547IMG5686.jpg", "cover": false}, {"id": 29747108, "subtitle": "Quarto 1", "url": "893762209-179.9057264871925IMG5687.jpg", "cover": false}, {"id": 29747109, "subtitle": "Quarto 1", "url": "893762209-656.2965683329213IMG5688.jpg", "cover": false}, {"id": 29747110, "subtitle": "Vista do Quarto 1", "url": "893762209-759.536605353417IMG5689.jpg", "cover": false}, {"id": 29747111, "subtitle": "Quarto 2", "url": "893762209-538.4244996432519IMG5691.jpg", "cover": false}, {"id": 29747112, "subtitle": "Quarto 2", "url": "893762209-266.00548203648424IMG5692.jpg", "cover": false}, {"id": 29747113, "subtitle": "Quarto 2", "url": "893762209-946.1902459981858IMG5694.jpg", "cover": false}, {"id": 29747114, "subtitle": "Quarto 2", "url": "893762209-84.77206972197193IMG5695.jpg", "cover": false}, {"id": 29747115, "subtitle": "Vista do Quarto 2", "url": "893762209-989.9618288843847IMG5696.jpg", "cover": false}, {"id": 29747116, "subtitle": "Banheiro", "url": "893762209-395.5852381316046IMG5697.jpg", "cover": false}, {"id": 29747118, "subtitle": "Banheiro", "url": "893762209-584.6080523287422IMG5698.jpg", "cover": false}, {"id": 29747120, "subtitle": "Banheiro", "url": "893762209-785.4641601767653IMG5699.jpg", "cover": false}, {"id": 29747121, "subtitle": "Banheiro", "url": "893762209-207.66614258129212IMG5700.jpg", "cover": false}, {"id": 29747123, "subtitle": "Cozinha", "url": "893762209-76.68238110924841IMG5702.jpg", "cover": false}, {"id": 29747124, "subtitle": "Cozinha", "url": "893762209-370.98219399281095IMG5704.jpg", "cover": false}, {"id": 29747126, "subtitle": "Cozinha", "url": "893762209-95.60803687234198IMG5705.jpg", "cover": false}, {"id": 29747127, "subtitle": "Cozinha", "url": "893762209-66.18531155943907IMG5706.jpg", "cover": false}, {"id": 29747129, "subtitle": "\u00c1rea de servi\u00e7o", "url": "893762209-843.0641788015433IMG5707.jpg", "cover": false}, {"id": 29747130, "subtitle": "\u00c1rea de servi\u00e7o", "url": "893762209-102.55747259328851IMG5708.jpg", "cover": false}, {"id": 29747132, "subtitle": "\u00c1rea de servi\u00e7o", "url": "893762209-433.8980102101081IMG5709.jpg", "cover": false}, {"id": 29747134, "subtitle": "\u00c1rea de servi\u00e7o", "url": "893762209-995.8205736089566IMG5710.jpg", "cover": false}, {"id": 29747138, "subtitle": "\u00c1rea comum - Academia", "url": "893762209-348.1526262206742IMG5662.jpg", "cover": false}, {"id": 29747140, "subtitle": "\u00c1rea comum - Academia", "url": "893762209-806.0436086042052IMG5663.jpg", "cover": false}, {"id": 29747141, "subtitle": "\u00c1rea comum - Sal\u00e3o de festas", "url": "893762209-560.5085379617512IMG5664.jpg", "cover": false}, {"id": 29747143, "subtitle": "\u00c1rea comum - Sal\u00e3o de festas", "url": "893762209-766.5010593014673IMG5665.jpg", "cover": false}, {"id": 29747144, "subtitle": "\u00c1rea comum - Sal\u00e3o de jogos", "url": "893762209-704.4493007597449IMG5666.jpg", "cover": false}, {"id": 29747146, "subtitle": "\u00c1rea comum - Sal\u00e3o de jogos", "url": "893762209-305.33122773358934IMG5667.jpg", "cover": false}, {"id": 29747149, "subtitle": "\u00c1rea comum - Biciclet\u00e1rio", "url": "893762209-557.8471813150583IMG5668.jpg", "cover": false}, {"id": 29747150, "subtitle": "\u00c1rea comum - Biciclet\u00e1rio", "url": "893762209-431.9633990754088IMG5669.jpg", "cover": false}, {"id": 29747152, "subtitle": "\u00c1rea comum - Playground", "url": "893762209-983.6312779026479IMG5670.jpg", "cover": false}, {"id": 29747153, "subtitle": "\u00c1rea comum - Playground", "url": "893762209-374.42470224301275IMG5671.jpg", "cover": false}, {"id": 29747155, "subtitle": "\u00c1rea comum - Quadra esportiva", "url": "893762209-843.735518286918IMG5672.jpg", "cover": false}, {"id": 29747157, "subtitle": "\u00c1rea comum - Quadra esportiva", "url": "893762209-763.546951362678IMG5673.jpg", "cover": false}, {"id": 29747158, "subtitle": "\u00c1rea comum - Churrasqueira", "url": "893762209-682.4527665991633IMG5674.jpg", "cover": false}, {"id": 29747160, "subtitle": "\u00c1rea comum - Churrasqueira", "url": "893762209-79.71377504801535IMG5675.jpg", "cover": false}, {"id": 29747162, "subtitle": "Fachada do pr\u00e9dio", "url": "893762209-223.9406950930377IMG5712.jpg", "cover": false}, {"id": 29747164, "subtitle": "Fachada do condom\u00ednio", "url": "893762209-420.09066375731976IMG5714.jpg", "cover": false}], "photosCategorizedByRooms": [], "relevantRegions": [], "photospheres": [], "specialConditions": ["Exclusivity"], "offers": {"closingRate": 0, "shouldHighlightIcon": true, "shouldShowOfferDialog": false, "shouldShowOffers": false, "summary": []}, "status": "publicado", "showUrlHasBeenCopiedSnackbar": false, "isGalleryModalOpen": false, "error": false, "loaded": true, "loading": false, "loadingCategorizedRooms": false, "selectedMedia": "tenant/HouseMedia/PHOTOS", "video": "", "promotions": [], "condominium": {"hashId": "4pxnsoe08d", "name": "Jardim Imirim", "slug": "jardim-imirim-imirim-sao-paulo", "address": "Av. Imirim", "constructionYear": 1975}, "forRent": true, "forSale": true, "salePrice": 500000, "mortgageFirstInstallment": 0, "listings": [{"imovelId": 893762209, "businessContext": "RENT", "status": "publicado", "firstPublicationDate": "2022-12-17T13:43:19.000+0000", "lastPublicationDate": "2022-12-17T13:43:19.000+0000", "listingRentModel": {"listingBusinessContextId": 1389085, "rentalAdministrator": "QUINTOANDAR"}, "ownership": "STANDARD"}, {"imovelId": 893762209, "businessContext": "SALE", "status": "publicado", "firstPublicationDate": "2022-09-06T18:08:39.000+0000", "lastPublicationDate": "2022-09-06T18:08:39.000+0000", "ownership": "STANDARD"}], "listingTags": [], "businessContext": "", "regionParameters": {"loaded": false, "loading": false, "RENT": {"visitsEnabled": true, "talkToAgentEnabled": false}, "SALE": {"visitsEnabled": true, "talkToAgentEnabled": false}}, "houseAgent": {"isDialogOpen": false, "alreadyOpenedByQueryParam": false}, "tenantServiceFee": 51, "closingStatus": {"loading": false}, "rentalGuarantee": {"minValue": 500, "maxValue": 1500}, "reservationAvailability": null, "isPrimaryMarket": false, "macroRegion": {"id": 2760, "name": "SPO09"}, "suites": 0, "houseVisitStatus": "ACCEPT_NEW", "visitStatusReason": null, "visitsUnavailable": false, "isReserved": false, "allowDirectOffer": true, "lastPublishedDate": "2022-12-17T13:43:19.000Z", "listingPublication": "stranded", "rentOnTermination": false, "constructionYear": 1975, "categories": []}, "markers": {"lat": -23.4976455, "lng": -46.642041}, "talkToAgent": {"dialog": {"open": false, "questionType": null, "question": ""}, "agentSupport": {}, "error": null, "autoSubmit": false, "loading": false, "submitting": false, "success": false, "hasLoadedAgentInfo": false, "agent": null, "hasLoadedAgentsInRegion": false, "agentsInRegion": null}}}}, "__N_SSP": true}, "page": "/imovel/[houseId]/[[...slug]]", "query": {"houseId": "893762209", "slug": ["alugar", "apartamento-2-quartos-imirim-sao-paulo"]}, "buildId": "gCr3Bg2lYzV9hxZqGibIQ", "runtimeConfig": {"NEXT_PUBLIC_HOME_ADVERTISING_BANNER": "coupon"}, "isFallback": false, "dynamicIds": [61847, 31265, 66435, 77453, 87356, 60899, 41103, 3232, 33207, 72227, 40072, 39327, 19904, 96827], "gssp": true, "customServer": true, "appGip": true, "locale": "pt-BR", "locales": ["pt-BR", "es-MX"], "defaultLocale": "pt-BR", "domainLocales": [{"domain": "www.quintoandar.com.br", "defaultLocale": "pt-BR"}, {"domain": "www.benvi.mx", "defaultLocale": "es-MX"}], "scriptLoader": []}