{"props": {"pageProps": {"initialState": {"route": {"locationBeforeTransitions": {"pathname": "/imovel/893733634/alugar/apartamento-3-quartos-jardim-vila-mariana-sao-paulo", "search": "", "hash": "", "action": "POP", "query": {}}, "topLevelRouteName": "house details", "businessContext": "RENT", "favoriteListsBusinessContext": "RENT"}, "router": {"location": {"href": "/", "pathname": "/", "search": "", "hash": ""}}, "progress": {"pendingRequests": -1}, "login": {"response": {}, "user": {"isLoggedIn": false, "id": 0, "agentId": 0, "hashId": "", "sessionId": null, "name": "", "email": "", "maskedEmail": "", "jwt": {"app": "", "firebase": ""}, "phone": {"countryCode": "+55", "areaCode": "", "phoneNumber": ""}, "country": "BR", "channel": "", "isPhoneRegistered": false, "acceptWhatsapp": true, "hasDocument": false, "isPartner": false}, "accountForm": {}, "redirectUrl": "", "isRequestOngoing": false}, "captcha": {"token": "", "hasLoadedRemoteConfig": false, "provider": "", "friction": "low", "unavailableCountriesCode": []}, "supportedCities": [], "inAppMessages": {"biomaSurvey": {"isOpen": false, "formId": null, "data": {"opaque": true}}}, "metaData": {"similar_houses_clicked": []}, "appData": {"device": {"type": "desktop", "isSearchEngineCrawler": false}, "experiments": "X-AB-Test=ab_exposed_filter_sale_desktop:1,ab_exposed_filter_sale_v1:1,ab_exposed_filters:1,ab_load_more_v0:-1,ab_new_house_card_v2:0,ab_new_rent_listing_phase2:0,ab_profiling_create_alert_filters:0,ab_scheduling_step_by_step_v1:1,ab_show_floor_sale:0,ab_street_search_retrieval_v1:0"}, "house": {"houseInfo": {"id": "893733634", "displayId": "1033634", "bedrooms": 3, "city": "S\u00e3o Paulo", "cityId": 39, "bathrooms": 3, "iptu": 1334, "amenities": [{"key": "BANHEIRA_DE_HIDROMASSAGEM", "text": "Banheira", "value": "NAO", "optional": false}, {"key": "BOX", "text": "Box", "value": "NAO", "optional": false}, {"key": "VARANDA", "text": "Varanda", "value": "SIM", "optional": false}, {"key": "PISCINA_PRIVATIVA", "text": "Piscina privativa", "value": "NAO", "optional": false}, {"key": "ARMARIOS_EMBUTIDOS_NO_QUARTO", "text": "Arm\u00e1rios no quarto", "value": "SIM", "optional": false}, {"key": "ARMARIOS_NOS_BANHEIROS", "text": "Arm\u00e1rios no banheiro", "value": "SIM", "optional": false}, {"key": "ARMARIOS_NA_COZINHA", "text": "Arm\u00e1rios na cozinha", "value": "SIM", "optional": false}, {"key": "AR_CONDICIONADO", "text": "Ar condicionado", "value": "NAO", "optional": false}, {"key": "CHUVEIRO_A_GAS", "text": "Chuveiro a g\u00e1s", "value": "NAO", "optional": false}, {"key": "QUARTO_DE_SERVICO", "text": "Quarto de servi\u00e7o", "value": "NAO", "optional": false}, {"key": "BANHEIRO_DE_SERVICO", "text": "Banheiro de servi\u00e7o", "value": "NAO", "optional": false}, {"key": "VARANDA_GOURMET", "text": "Varanda gourmet", "value": "NAO", "optional": false}, {"key": "APARTAMENTO_COBERTURA", "text": "Apartamento cobertura", "value": "NAO", "optional": false}, {"key": "QUARTO_EXTRA_REVERSIVEL", "text": "Quarto extra revers\u00edvel", "value": "NAO", "optional": false}, {"key": "FOGAO_INCLUSO", "text": "Fog\u00e3o", "value": "NAO", "optional": false}, {"key": "GELADEIRA_INCLUSO", "text": "Geladeira", "value": "NAO", "optional": false}, {"key": "BANHEIRO_ADAPTADO", "text": "Banheiro adaptado", "value": "NAO", "optional": false}, {"key": "CLOSET", "text": "Closet", "value": "NAO", "optional": false}, {"key": "COZINHA_AMERICANA", "text": "Cozinha americana", "value": "NAO", "optional": false}, {"key": "MESAS_E_CADEIRAS_DE_ESCRITORIO", "text": "Mesas e cadeiras de escrit\u00f3rio", "value": "NAO", "optional": false}, {"key": "JARDIM", "text": "Jardim", "value": "NAO", "optional": false}, {"key": "QUARTOS_E_CORREDORES_COM_PORTAS_AMPLAS", "text": "Quartos e corredores com portas amplas", "value": "NAO", "optional": false}, {"key": "QUINTAL", "text": "Quintal", "value": "NAO", "optional": false}, {"key": "SOMENTE_UMA_CASA_NO_TERRENO", "text": "Somente uma casa no terreno", "value": "NAO", "optional": false}, {"key": "AREA_DE_SERVICO", "text": "\u00c1rea de servi\u00e7o", "value": "SIM", "optional": false}], "comfortCommodities": [{"key": "BANHEIRA_DE_HIDROMASSAGEM", "text": "Banheira", "value": "NAO", "optional": false}, {"key": "PISCINA_PRIVATIVA", "text": "Piscina privativa", "value": "NAO", "optional": false}, {"key": "AR_CONDICIONADO", "text": "Ar condicionado", "value": "NAO", "optional": false}, {"key": "SOL_DA_MANHA", "text": "Sol da manh\u00e3", "value": "SIM", "optional": false}, {"key": "SOL_DA_TARDE", "text": "Sol da tarde", "value": "SIM", "optional": false}, {"key": "CORTINAS_BLACK_OUT", "text": "Cortinas corta luz", "value": "SIM", "optional": false}, {"key": "CORTINAS_DECORATIVAS", "text": "Cortina transl\u00facida", "value": "SIM", "optional": false}, {"key": "JANELA_ANTI_RUIDO", "text": "Janela anti-ru\u00eddo", "value": "NAO", "optional": false}, {"key": "VENTILADOR_DE_TETO", "text": "Ventilador de teto", "value": "NAO", "optional": false}, {"key": "LUMINOSIDADE_NATURAL", "text": "Janelas grandes", "value": "NAO", "optional": false}, {"key": "VISTA_LIVRE", "text": "Vista livre", "value": "SIM", "optional": false}, {"key": "RUA_SILENCIOSA", "text": "Rua silenciosa", "value": "SIM", "optional": false}], "practicalityCommodities": [{"key": "BOX", "text": "Box", "value": "NAO", "optional": false}, {"key": "ARMARIOS_EMBUTIDOS_NO_QUARTO", "text": "Arm\u00e1rios no quarto", "value": "SIM", "optional": false}, {"key": "ARMARIOS_NOS_BANHEIROS", "text": "Arm\u00e1rios no banheiro", "value": "SIM", "optional": false}, {"key": "ARMARIOS_NA_COZINHA", "text": "Arm\u00e1rios na cozinha", "value": "SIM", "optional": false}, {"key": "CHUVEIRO_A_GAS", "text": "Chuveiro a g\u00e1s", "value": "NAO", "optional": false}, {"key": "FOGAO_INCLUSO", "text": "Fog\u00e3o", "value": "NAO", "optional": false}, {"key": "GELADEIRA_INCLUSO", "text": "Geladeira", "value": "NAO", "optional": false}, {"key": "CHUVEIRO_ELETRICO", "text": "Chuveiro el\u00e9trico", "value": "NAO", "optional": false}, {"key": "MICROONDAS", "text": "Microondas", "value": "NAO", "optional": false}, {"key": "SOFA", "text": "Sof\u00e1", "value": "NAO", "optional": false}, {"key": "MAQUINA_DE_LAVAR", "text": "M\u00e1quina de lavar", "value": "NAO", "optional": false}, {"key": "TANQUE", "text": "Tanque", "value": "SIM", "optional": false}, {"key": "REDE_DE_PROTECAO", "text": "Tela nas janelas", "value": "NAO", "optional": false}, {"key": "VARAL_DE_ROUPAS", "text": "Varal de roupas", "value": "NAO", "optional": false}, {"key": "TOMADAS_NOVAS", "text": "Tomadas 3 pinos", "value": "SIM", "optional": false}, {"key": "TELEVISAO", "text": "Televis\u00e3o", "value": "NAO", "optional": false}, {"key": "MESAS_E_CADEIRAS_DE_JANTAR", "text": "Mesas e cadeiras de jantar", "value": "NAO", "optional": false}, {"key": "CHURRASQUEIRA", "text": "Churrasqueira", "value": "NAO", "optional": false}, {"key": "ACESSO_SEM_DEGRAUS", "text": "Acesso sem degraus", "value": "NAO", "optional": false}, {"key": "COOKTOP", "text": "Fog\u00e3o cooktop", "value": "NAO", "optional": false}, {"key": "UTENSILIOS_DE_COZINHA", "text": "Utens\u00edlios de cozinha", "value": "NAO", "optional": false}, {"key": "CAMA_DE_CASAL", "text": "Cama de casal", "value": "NAO", "optional": false}, {"key": "CAMA_DE_SOLTEIRO", "text": "Cama de solteiro", "value": "NAO", "optional": false}, {"key": "ESPELHO_NO_BANHEIRO", "text": "Espelho no banheiro", "value": "NAO", "optional": false}, {"key": "FECHADURA_ELETRONICA", "text": "Fechadura eletr\u00f4nica", "value": "NAO", "optional": false}, {"key": "ENERGIA", "text": "Energia no im\u00f3vel", "value": "SIM", "optional": false}], "area": 147, "installations": [{"key": "PLAYGROUND", "text": "Playground", "value": "SIM"}, {"key": "PISCINA", "text": "Piscina", "value": "SIM"}, {"key": "CHURRASQUEIRA", "text": "Churrasqueira", "value": "SIM"}, {"key": "QUADRA_ESPORTIVA", "text": "Quadra esportiva", "value": "NAO"}, {"key": "ACADEMIA", "text": "Academia", "value": "SIM"}, {"key": "SALAO_DE_FESTAS", "text": "Sal\u00e3o de festas", "value": "SIM"}, {"key": "SAUNA", "text": "Sauna", "value": "NAO"}, {"key": "LAVANDERIA_NO_PREDIO", "text": "Lavanderia no pr\u00e9dio", "value": "NAO"}, {"key": "GAS_ENCANADO", "text": "G\u00e1s encanado", "value": "NAO"}, {"key": "ESPACO_GOURMET_NA_AREA_COMUM", "text": "Espa\u00e7o gourmet na \u00e1rea comum", "value": "NAO"}, {"key": "BRINQUEDOTECA", "text": "Brinquedoteca", "value": "SIM"}, {"key": "CORRIMAO", "text": "Corrim\u00e3o", "value": "NAO"}, {"key": "PISO_TATIL", "text": "Piso t\u00e1til", "value": "NAO"}, {"key": "RAMPAS_DE_ACESSO", "text": "Rampas de acesso", "value": "NAO"}, {"key": "SALAO_DE_JOGOS", "text": "Sal\u00e3o de jogos", "value": "NAO"}, {"key": "VAGA_DE_GARAGEM_ACESSIVEL", "text": "Vaga de garagem acess\u00edvel", "value": "NAO"}, {"key": "AREA_VERDE", "text": "\u00c1rea verde", "value": "SIM"}, {"key": "Elevador", "value": "SIM"}, {"key": "Porteiro24H", "value": "SIM"}], "rentPrice": 11780, "condoPrice": 1600, "condoType": "Normal", "region": {"name": "Vila Mariana", "hub": {"loading": "UNSET", "enabled": false, "abSecretariat": false, "isPrimaryMarket": false}, "id": 51}, "type": "Apartamento", "iptuType": "Normal", "totalCost": 15169, "parkingSpaces": 2, "address": {"street": "Rua Davi Hume", "neighborhood": "Jardim Vila Mariana", "city": "S\u00e3o Paulo", "zipCode": "04116-130", "stateName": "S\u00e3o Paulo", "stateAcronym": "SP", "lat": -23.5945385, "lng": -46.6237981, "countryName": "Brasil", "countryCode": "BR", "country": "Brasil"}, "floor": 20, "homeProtection": 150, "remarks": "\nAPARTAMENTO NUNCA HABITADO =NOVO\nEXCELENTE LOCALIZA\u00c7\u00c3O: CHACARA KLABIN .!!\nA 400m do Metr\u00f4, em uma rua tranquila, arborizada e\nresidencial, ao lado de uma pra\u00e7a.!!\nJ\u00c1 EST\u00c1 COM PISO\n\n*Alto Padr\u00e3o, localiza\u00e7\u00e3o privilegiada e a qualidade Cyrella.\n*Unidade de 147m\u00b2, sendo a planta tipo com 3 SUITES.\n*Sala para 2 ambientes com lavabo,\n*Varanda ampla com op\u00e7\u00e3o para churrasqueira,\n*Cozinha ampla com banheiro de empregada\ne op\u00e7\u00e3o para despensa.\n*2 vagas de garagem, todas vinculadas,\n*Elevador privativo, gerador,\n*Portaria blindada.\n\nLAZER COMPELTO:\n- Apoio Sal\u00e3o de Festas\n- Brinquedoteca.\n- Deck Molhado.\n- Fitness.\n- Lobby.\n- Lounge.\n- Piscina.\n- Piscina Adulto\n- Piscina infantil.\n- Playground.\n- Sal\u00e3o de festas.\n- Sal\u00e3o de jogos.\n- Solarium.\n- Terra\u00e7o gourmet.\nApartamento j\u00e1 foi entregue.!!\n", "acceptsPets": true, "hasFurniture": false, "isNearSubway": true, "placesNearby": [{"name": "Santos - Imigrantes", "type": "ESTACAO_METRO_OU_TREM", "slug": "santos-imigrantes-ipiranga-sao-paulo-sp"}, {"name": "Instituto de Medicina F\u00edsica e de Reabilita\u00e7\u00e3o", "type": "HOSPITAL", "slug": "instituto-de-medicina-fisica-e-de-reabilitacao-vila-mariana-sao-paulo-sp"}, {"name": "Lycee Pasteur", "type": "SCHOOL", "slug": "lycee-pasteur-vila-mariana-sao-paulo-sp"}, {"name": "Ch\u00e1cara Klabin", "type": "ESTACAO_METRO_OU_TREM", "slug": "estacao-chacara-klabin-sao-paulo-sp"}, {"name": "Hospital Santa Cruz", "type": "HOSPITAL", "slug": "hospital-santa-cruz-sao-paulo-sp-brasil"}, {"name": "Aqu\u00e1rio de S\u00e3o Paulo", "type": "PARK_OR_GREEN_AREA", "slug": "aquario-de-sao-paulo-sao-paulo-sp-brasil"}, {"name": "EEPG Lazar Segall", "type": "SCHOOL", "slug": "eepg-lazar-segall-vila-mariana-sao-paulo-sp"}, {"name": "Centro de Eventos Vila Mariana", "type": "MUSEUM_THEATRE_OR_CONCERT_HALL", "slug": "centro-de-eventos-vila-mariana-vila-mariana-sao-paulo-sp"}, {"name": "CNA", "type": "SCHOOL", "slug": "cna-vila-mariana-sao-paulo-sp"}, {"name": "Centro de Refer\u00eancia e Treinamento DST/Aids-SP", "type": "HOSPITAL", "slug": "centro-de-referencia-e-treinamento-dst-aids-sp-vila-mariana-sao-paulo-sp"}, {"name": "SENAI \u2013 FATEC Conde Jos\u00e9 Vicente de Azevedo", "type": "SCHOOL", "slug": "senai-fatec-conde-jose-vicente-de-azevedo-ipiranga-sao-paulo-sp"}, {"name": "Col\u00e9gio Marista", "type": "SCHOOL", "slug": "colegio-marista-vila-mariana-sao-paulo-sp"}, {"name": "RASC Aprendiz SP", "type": "UNIVERSITY_OR_COLLEGE", "slug": "rasc-aprendiz-sp-vila-mariana-sao-paulo-sp"}, {"name": "Shopping Santa Cruz", "type": "SHOPPING_MALL", "slug": "shopping-santa-cruz-vila-mariana-sao-paulo-sp"}, {"name": "Pontif\u00edcia Universidade Cat\u00f3lica de S\u00e3o Paulo- Campus Ipiranga", "type": "UNIVERSITY_OR_COLLEGE", "slug": "pontificia-universidade-catolica-de-sao-paulo-campus-ipiranga-ipiranga-sao-paulo-sp"}, {"name": "Universidade Paulistana", "type": "UNIVERSITY_OR_COLLEGE", "slug": "universidade-paulistana-vila-mariana-sao-paulo-sp"}, {"name": "Museu de Zoologia da USP", "type": "MUSEUM_THEATRE_OR_CONCERT_HALL", "slug": "museu-de-zoologia-da-usp-ipiranga-sao-paulo-sp"}, {"name": "Col\u00e9gio Nova Gera\u00e7\u00e3o", "type": "SCHOOL", "slug": "colegio-nova-geracao-bosque-da-saude-sao-paulo-sp"}, {"name": "Educand\u00e1rio Cardeal Motta", "type": "SCHOOL", "slug": "educandario-cardeal-motta-ipiranga-sao-paulo-sp"}, {"name": "Instituto de Cegos Padre Chico", "type": "SCHOOL", "slug": "instituto-de-cegos-padre-chico-ipiranga-sao-paulo-sp"}, {"name": "Hospital S\u00e3o Camilo Ipiranga", "type": "HOSPITAL", "slug": "hospital-sao-camilo-ipiranga-ipiranga-sao-paulo-sp"}, {"name": "Belas Artes - Campus 1, 2", "type": "UNIVERSITY_OR_COLLEGE", "slug": "belas-artes-unidade-1-alvaro-alvim-sao-paulo-sp"}], "availabilityType": "IMMEDIATE", "photos": [{"id": 34725090, "subtitle": "Sala", "url": "893733634-239.4171419350861QuintoAndar2of55.jpg", "cover": true}, {"id": 34725091, "subtitle": "Sala", "url": "893733634-371.232462165052QuintoAndar3of55.jpg", "cover": false}, {"id": 34725088, "subtitle": "Sala", "url": "893733634-23.788913118751864QuintoAndar1of55.jpg", "cover": false}, {"id": 34725093, "subtitle": "Sala", "url": "893733634-90.30095427914509QuintoAndar4of55.jpg", "cover": false}, {"id": 34725095, "subtitle": "Sala", "url": "893733634-886.364715494542QuintoAndar5of55.jpg", "cover": false}, {"id": 34725097, "subtitle": "Varanda ", "url": "893733634-487.2171661235299QuintoAndar6of55.jpg", "cover": false}, {"id": 34725099, "subtitle": "Varanda ", "url": "893733634-110.67124634865367QuintoAndar7of55.jpg", "cover": false}, {"id": 34725100, "subtitle": "Varanda ", "url": "893733634-269.3496931841406QuintoAndar8of55.jpg", "cover": false}, {"id": 34725102, "subtitle": "Varanda ", "url": "893733634-329.0631549513332QuintoAndar9of55.jpg", "cover": false}, {"id": 34725105, "subtitle": "VIsta ", "url": "893733634-521.6812017998425QuintoAndar10of55.jpg", "cover": false}, {"id": 34725107, "subtitle": "Lavabo ", "url": "893733634-119.75896547379139QuintoAndar11of55.jpg", "cover": false}, {"id": 34725109, "subtitle": "Lavabo ", "url": "893733634-827.5955441461336QuintoAndar12of55.jpg", "cover": false}, {"id": 34725112, "subtitle": "Su\u00edte 1", "url": "893733634-303.00646845103654QuintoAndar13of55.jpg", "cover": false}, {"id": 34725114, "subtitle": "Su\u00edte 1", "url": "893733634-347.4080746151437QuintoAndar14of55.jpg", "cover": false}, {"id": 34725117, "subtitle": "Su\u00edte 1", "url": "893733634-749.8383396454991QuintoAndar15of55.jpg", "cover": false}, {"id": 34725119, "subtitle": "Su\u00edte 1", "url": "893733634-985.3575532553717QuintoAndar16of55.jpg", "cover": false}, {"id": 34725121, "subtitle": "Su\u00edte 1", "url": "893733634-725.9187301218652QuintoAndar17of55.jpg", "cover": false}, {"id": 34725123, "subtitle": "Varanda ", "url": "893733634-652.5887800502544QuintoAndar18of55.jpg", "cover": false}, {"id": 34725126, "subtitle": "Banheiro da Su\u00edte 1", "url": "893733634-681.4622305375453QuintoAndar19of55.jpg", "cover": false}, {"id": 34725127, "subtitle": "Banheiro da Su\u00edte 1", "url": "893733634-822.9892207140978QuintoAndar20of55.jpg", "cover": false}, {"id": 34725130, "subtitle": "Banheiro da Su\u00edte 1", "url": "893733634-534.1316848956991QuintoAndar21of55.jpg", "cover": false}, {"id": 34725132, "subtitle": "Banheiro da Su\u00edte 1", "url": "893733634-307.99373271122556QuintoAndar22of55.jpg", "cover": false}, {"id": 34725133, "subtitle": "Banheiro da Su\u00edte 1", "url": "893733634-551.1951981119992QuintoAndar23of55.jpg", "cover": false}, {"id": 34725136, "subtitle": "Su\u00edte 2", "url": "893733634-606.7990993553744QuintoAndar24of55.jpg", "cover": false}, {"id": 34725139, "subtitle": "Su\u00edte 2", "url": "893733634-399.69158280091733QuintoAndar25of55.jpg", "cover": false}, {"id": 34725141, "subtitle": "Su\u00edte 2", "url": "893733634-927.8473017649259QuintoAndar26of55.jpg", "cover": false}, {"id": 34725144, "subtitle": "Su\u00edte 2", "url": "893733634-157.67939980953426QuintoAndar27of55.jpg", "cover": false}, {"id": 34725147, "subtitle": "Banheiro da Su\u00edte 2", "url": "893733634-704.8991182786293QuintoAndar28of55.jpg", "cover": false}, {"id": 34725149, "subtitle": "Banheiro da Su\u00edte 2", "url": "893733634-469.3456967109252QuintoAndar29of55.jpg", "cover": false}, {"id": 34725153, "subtitle": "Banheiro da Su\u00edte 2", "url": "893733634-329.14101846488455QuintoAndar30of55.jpg", "cover": false}, {"id": 34725156, "subtitle": "Banheiro da Su\u00edte 2", "url": "893733634-890.2279513830397QuintoAndar31of55.jpg", "cover": false}, {"id": 34725158, "subtitle": "Su\u00edte 3", "url": "893733634-807.496790994115QuintoAndar32of55.jpg", "cover": false}, {"id": 34725161, "subtitle": "Su\u00edte 3", "url": "893733634-64.6373542149008QuintoAndar33of55.jpg", "cover": false}, {"id": 34725164, "subtitle": "Su\u00edte 3", "url": "893733634-363.30087132307233QuintoAndar34of55.jpg", "cover": false}, {"id": 34725165, "subtitle": "Su\u00edte 3", "url": "893733634-750.8782684354165QuintoAndar35of55.jpg", "cover": false}, {"id": 34725168, "subtitle": "Banheiro da Su\u00edte 3", "url": "893733634-980.8476875141981QuintoAndar36of55.jpg", "cover": false}, {"id": 34725171, "subtitle": "Banheiro da Su\u00edte 3", "url": "893733634-865.8742191609089QuintoAndar37of55.jpg", "cover": false}, {"id": 34725175, "subtitle": "Banheiro da Su\u00edte 3", "url": "893733634-70.04923831519993QuintoAndar38of55.jpg", "cover": false}, {"id": 34725177, "subtitle": "Banheiro da Su\u00edte 3", "url": "893733634-548.3053345613273QuintoAndar39of55.jpg", "cover": false}, {"id": 34725180, "subtitle": "Banheiro da Su\u00edte 3", "url": "893733634-152.89706164497795QuintoAndar40of55.jpg", "cover": false}, {"id": 34725182, "subtitle": "Banheiro da Su\u00edte 3", "url": "893733634-611.9642870982257QuintoAndar41of55.jpg", "cover": false}, {"id": 34725187, "subtitle": "Cozinha ", "url": "893733634-951.3309519509176QuintoAndar42of55.jpg", "cover": false}, {"id": 34725190, "subtitle": "Cozinha ", "url": "893733634-708.983098974175QuintoAndar43of55.jpg", "cover": false}, {"id": 34725194, "subtitle": "Cozinha ", "url": "893733634-448.44930385272517QuintoAndar44of55.jpg", "cover": false}, {"id": 34725198, "subtitle": "Cozinha ", "url": "893733634-186.62229638393012QuintoAndar45of55.jpg", "cover": false}, {"id": 34725203, "subtitle": "Cozinha ", "url": "893733634-946.7960794421576QuintoAndar46of55.jpg", "cover": false}, {"id": 34725209, "subtitle": "Cozinha ", "url": "893733634-865.1039115953532QuintoAndar47of55.jpg", "cover": false}, {"id": 34725211, "subtitle": "Lavanderia ", "url": "893733634-629.4194883930213QuintoAndar48of55.jpg", "cover": false}, {"id": 34725213, "subtitle": "Lavanderia ", "url": "893733634-560.8894328735113QuintoAndar49of55.jpg", "cover": false}, {"id": 34725217, "subtitle": "Lavanderia ", "url": "893733634-293.94838586584115QuintoAndar50of55.jpg", "cover": false}, {"id": 34725219, "subtitle": "Lavanderia ", "url": "893733634-709.7021553119616QuintoAndar51of55.jpg", "cover": false}, {"id": 34725221, "subtitle": "Lavanderia ", "url": "893733634-938.7937463022374QuintoAndar52of55.jpg", "cover": false}, {"id": 34725224, "subtitle": "Banheiro de Servi\u00e7o", "url": "893733634-974.7826291472692QuintoAndar53of55.jpg", "cover": false}, {"id": 34725227, "subtitle": "Banheiro de Servi\u00e7o", "url": "893733634-861.8044865367128QuintoAndar54of55.jpg", "cover": false}, {"id": 34725232, "subtitle": "Banheiro de Servi\u00e7o", "url": "893733634-172.89129302177608QuintoAndar55of55.jpg", "cover": false}, {"id": 34725635, "subtitle": "\u00c1rea comum ", "url": "893733634-158.95167800012644WhatsAppImage20230127at17.43.42.jpeg", "cover": false}, {"id": 34725639, "subtitle": "\u00c1rea Comum - Playground", "url": "893733634-780.4516811554242WhatsAppImage20230127at17.43.41.jpeg", "cover": false}, {"id": 34725644, "subtitle": "\u00c1rea Comum - Playground", "url": "893733634-863.2813245689515WhatsAppImage20230127at17.43.39.jpeg", "cover": false}, {"id": 34725640, "subtitle": "\u00c1rea Comum ", "url": "893733634-751.0843004353549WhatsAppImage20230127at17.43.40.jpeg", "cover": false}, {"id": 34725645, "subtitle": "\u00c1rea comum - Piscina", "url": "893733634-582.3488863530937WhatsAppImage20230127at17.43.38.jpeg", "cover": false}, {"id": 34725631, "subtitle": "Hall de Entrada", "url": "893733634-54.69577930328584WhatsAppImage20230127at17.44.10.jpeg", "cover": false}, {"id": 34725633, "subtitle": "Hall de Entrada", "url": "893733634-869.7831500832482WhatsAppImage20230127at17.44.08.jpeg", "cover": false}, {"id": 34725629, "subtitle": "Entrada", "url": "893733634-849.5504808898698WhatsAppImage20230127at17.44.101.jpeg", "cover": false}, {"id": 34725647, "subtitle": "Fachada", "url": "893733634-892.0624719878549WhatsAppImage20230127at17.43.37.jpeg", "cover": false}], "photosCategorizedByRooms": [], "relevantRegions": [], "photospheres": [], "specialConditions": [], "offers": {"closingRate": 0, "shouldHighlightIcon": true, "shouldShowOfferDialog": false, "shouldShowOffers": false, "summary": []}, "status": "publicado", "showUrlHasBeenCopiedSnackbar": false, "isGalleryModalOpen": false, "error": false, "loaded": true, "loading": false, "loadingCategorizedRooms": false, "selectedMedia": "tenant/HouseMedia/PHOTOS", "video": "", "promotions": [], "condominium": {}, "forRent": true, "forSale": false, "salePrice": 0, "mortgageFirstInstallment": 0, "listings": [{"imovelId": 893733634, "businessContext": "RENT", "status": "publicado", "firstPublicationDate": "2023-01-27T20:53:52.000+0000", "lastPublicationDate": "2023-01-27T20:53:52.000+0000", "listingRentModel": {"listingBusinessContextId": 1192415, "rentalAdministrator": "QUINTOANDAR"}, "ownership": "STANDARD"}], "listingTags": [], "businessContext": "", "regionParameters": {"loaded": false, "loading": false, "RENT": {"visitsEnabled": true, "talkToAgentEnabled": false}, "SALE": {"visitsEnabled": true, "talkToAgentEnabled": false}}, "houseAgent": {"isDialogOpen": false, "alreadyOpenedByQueryParam": false}, "tenantServiceFee": 305, "closingStatus": {"loading": false}, "rentalGuarantee": {"minValue": 2945, "maxValue": 8835}, "reservationAvailability": null, "isPrimaryMarket": false, "macroRegion": {"id": 2728, "name": "SPO 03"}, "suites": 3, "houseVisitStatus": "ACCEPT_NEW", "visitStatusReason": null, "visitsUnavailable": false, "isReserved": false, "allowDirectOffer": true, "lastPublishedDate": "2023-01-27T20:53:52.000Z", "listingPublication": "not_stranded", "rentOnTermination": false, "constructionYear": null, "categories": []}, "markers": {"lat": -23.5945385, "lng": -46.6237981}, "talkToAgent": {"dialog": {"open": false, "questionType": null, "question": ""}, "agentSupport": {}, "error": null, "autoSubmit": false, "loading": false, "submitting": false, "success": false, "hasLoadedAgentInfo": false, "agent": null, "hasLoadedAgentsInRegion": false, "agentsInRegion": null}}}}, "__N_SSP": true}, "page": "/imovel/[houseId]/[[...slug]]", "query": {"houseId": "893733634", "slug": ["alugar", "apartamento-3-quartos-jardim-vila-mariana-sao-paulo"]}, "buildId": "gCr3Bg2lYzV9hxZqGibIQ", "runtimeConfig": {"NEXT_PUBLIC_HOME_ADVERTISING_BANNER": "coupon"}, "isFallback": false, "dynamicIds": [61847, 31265, 66435, 77453, 87356, 60899, 41103, 3232, 72227, 40072, 39327, 19904, 96827], "gssp": true, "customServer": true, "appGip": true, "locale": "pt-BR", "locales": ["pt-BR", "es-MX"], "defaultLocale": "pt-BR", "domainLocales": [{"domain": "www.quintoandar.com.br", "defaultLocale": "pt-BR"}, {"domain": "www.benvi.mx", "defaultLocale": "es-MX"}], "scriptLoader": []}