{"props": {"pageProps": {"initialState": {"route": {"locationBeforeTransitions": {"pathname": "/imovel/893718771/alugar/kitnet-1-quarto-campos-eliseos-sao-paulo", "search": "", "hash": "", "action": "POP", "query": {}}, "topLevelRouteName": "house details", "businessContext": "RENT", "favoriteListsBusinessContext": "RENT"}, "router": {"location": {"href": "/", "pathname": "/", "search": "", "hash": ""}}, "progress": {"pendingRequests": -1}, "login": {"response": {}, "user": {"isLoggedIn": false, "id": 0, "agentId": 0, "hashId": "", "sessionId": null, "name": "", "email": "", "maskedEmail": "", "jwt": {"app": "", "firebase": ""}, "phone": {"countryCode": "+55", "areaCode": "", "phoneNumber": ""}, "country": "BR", "channel": "", "isPhoneRegistered": false, "acceptWhatsapp": true, "hasDocument": false, "isPartner": false}, "accountForm": {}, "redirectUrl": "", "isRequestOngoing": false}, "captcha": {"token": "", "hasLoadedRemoteConfig": false, "provider": "", "friction": "low", "unavailableCountriesCode": []}, "supportedCities": [], "inAppMessages": {"biomaSurvey": {"isOpen": false, "formId": null, "data": {"opaque": true}}}, "metaData": {"similar_houses_clicked": []}, "appData": {"device": {"type": "desktop", "isSearchEngineCrawler": false}, "experiments": "X-AB-Test=ab_exposed_filter_sale_desktop:1,ab_exposed_filter_sale_v1:1,ab_exposed_filters:1,ab_load_more_v0:-1,ab_new_house_card_v2:0,ab_new_rent_listing_phase2:0,ab_profiling_create_alert_filters:0,ab_scheduling_step_by_step_v1:1,ab_show_floor_sale:0,ab_street_search_retrieval_v1:0"}, "house": {"houseInfo": {"id": "893718771", "displayId": "1018771", "bedrooms": 1, "city": "S\u00e3o Paulo", "cityId": 39, "bathrooms": 1, "iptu": 0, "amenities": [{"key": "BANHEIRA_DE_HIDROMASSAGEM", "text": "Banheira", "value": "NAO", "optional": false}, {"key": "BOX", "text": "Box", "value": "SIM", "optional": false}, {"key": "VARANDA", "text": "Varanda", "value": "SIM", "optional": false}, {"key": "PISCINA_PRIVATIVA", "text": "Piscina privativa", "value": "SIM", "optional": false}, {"key": "ARMARIOS_EMBUTIDOS_NO_QUARTO", "text": "Arm\u00e1rios no quarto", "value": "SIM", "optional": false}, {"key": "ARMARIOS_NOS_BANHEIROS", "text": "Arm\u00e1rios no banheiro", "value": "SIM", "optional": false}, {"key": "ARMARIOS_NA_COZINHA", "text": "Arm\u00e1rios na cozinha", "value": "SIM", "optional": false}, {"key": "AR_CONDICIONADO", "text": "Ar condicionado", "value": "NAO", "optional": false}, {"key": "CHUVEIRO_A_GAS", "text": "Chuveiro a g\u00e1s", "value": "NAO", "optional": false}, {"key": "QUARTO_DE_SERVICO", "text": "Quarto de servi\u00e7o", "value": "SIM", "optional": false}, {"key": "BANHEIRO_DE_SERVICO", "text": "Banheiro de servi\u00e7o", "value": "SIM", "optional": false}, {"key": "VARANDA_GOURMET", "text": "Varanda gourmet", "value": "SIM", "optional": false}, {"key": "APARTAMENTO_COBERTURA", "text": "Apartamento cobertura", "value": "NAO", "optional": false}, {"key": "QUARTO_EXTRA_REVERSIVEL", "text": "Quarto extra revers\u00edvel", "value": "SIM", "optional": false}, {"key": "FOGAO_INCLUSO", "text": "Fog\u00e3o", "value": "NAO", "optional": false}, {"key": "GELADEIRA_INCLUSO", "text": "Geladeira", "value": "SIM", "optional": false}, {"key": "BANHEIRO_ADAPTADO", "text": "Banheiro adaptado", "value": "NAO", "optional": false}, {"key": "CLOSET", "text": "Closet", "value": "NAO", "optional": false}, {"key": "COZINHA_AMERICANA", "text": "Cozinha americana", "value": "SIM", "optional": false}, {"key": "MESAS_E_CADEIRAS_DE_ESCRITORIO", "text": "Mesas e cadeiras de escrit\u00f3rio", "value": "SIM", "optional": false}, {"key": "JARDIM", "text": "Jardim", "value": "NAO", "optional": false}, {"key": "QUARTOS_E_CORREDORES_COM_PORTAS_AMPLAS", "text": "Quartos e corredores com portas amplas", "value": "NAO", "optional": false}, {"key": "QUINTAL", "text": "Quintal", "value": "NAO", "optional": false}, {"key": "SOMENTE_UMA_CASA_NO_TERRENO", "text": "Somente uma casa no terreno", "value": "NAO", "optional": false}, {"key": "AREA_DE_SERVICO", "text": "\u00c1rea de servi\u00e7o", "value": "NAO", "optional": false}], "comfortCommodities": [{"key": "BANHEIRA_DE_HIDROMASSAGEM", "text": "Banheira", "value": "NAO", "optional": false}, {"key": "PISCINA_PRIVATIVA", "text": "Piscina privativa", "value": "SIM", "optional": false}, {"key": "AR_CONDICIONADO", "text": "Ar condicionado", "value": "NAO", "optional": false}, {"key": "SOL_DA_MANHA", "text": "Sol da manh\u00e3", "value": "SIM", "optional": false}, {"key": "SOL_DA_TARDE", "text": "Sol da tarde", "value": "NAO", "optional": false}, {"key": "CORTINAS_BLACK_OUT", "text": "Cortinas corta luz", "value": "SIM", "optional": false}, {"key": "CORTINAS_DECORATIVAS", "text": "Cortina transl\u00facida", "value": "SIM", "optional": false}, {"key": "JANELA_ANTI_RUIDO", "text": "Janela anti-ru\u00eddo", "value": "SIM", "optional": false}, {"key": "VENTILADOR_DE_TETO", "text": "Ventilador de teto", "value": "NAO", "optional": false}, {"key": "LUMINOSIDADE_NATURAL", "text": "Janelas grandes", "value": "SIM", "optional": false}, {"key": "VISTA_LIVRE", "text": "Vista livre", "value": "SIM", "optional": false}, {"key": "RUA_SILENCIOSA", "text": "Rua silenciosa", "value": "SIM", "optional": false}], "practicalityCommodities": [{"key": "BOX", "text": "Box", "value": "SIM", "optional": false}, {"key": "ARMARIOS_EMBUTIDOS_NO_QUARTO", "text": "Arm\u00e1rios no quarto", "value": "SIM", "optional": false}, {"key": "ARMARIOS_NOS_BANHEIROS", "text": "Arm\u00e1rios no banheiro", "value": "SIM", "optional": false}, {"key": "ARMARIOS_NA_COZINHA", "text": "Arm\u00e1rios na cozinha", "value": "SIM", "optional": false}, {"key": "CHUVEIRO_A_GAS", "text": "Chuveiro a g\u00e1s", "value": "NAO", "optional": false}, {"key": "FOGAO_INCLUSO", "text": "Fog\u00e3o", "value": "NAO", "optional": false}, {"key": "GELADEIRA_INCLUSO", "text": "Geladeira", "value": "SIM", "optional": false}, {"key": "CHUVEIRO_ELETRICO", "text": "Chuveiro el\u00e9trico", "value": "SIM", "optional": false}, {"key": "MICROONDAS", "text": "Microondas", "value": "SIM", "optional": false}, {"key": "SOFA", "text": "Sof\u00e1", "value": "NAO", "optional": false}, {"key": "MAQUINA_DE_LAVAR", "text": "M\u00e1quina de lavar", "value": "NAO", "optional": false}, {"key": "TANQUE", "text": "Tanque", "value": "NAO", "optional": false}, {"key": "REDE_DE_PROTECAO", "text": "Tela nas janelas", "value": "SIM", "optional": false}, {"key": "VARAL_DE_ROUPAS", "text": "Varal de roupas", "value": "SIM", "optional": false}, {"key": "TOMADAS_NOVAS", "text": "Tomadas 3 pinos", "value": "SIM", "optional": false}, {"key": "TELEVISAO", "text": "Televis\u00e3o", "value": "SIM", "optional": false}, {"key": "MESAS_E_CADEIRAS_DE_JANTAR", "text": "Mesas e cadeiras de jantar", "value": "SIM", "optional": false}, {"key": "CHURRASQUEIRA", "text": "Churrasqueira", "value": "SIM", "optional": false}, {"key": "ACESSO_SEM_DEGRAUS", "text": "Acesso sem degraus", "value": "SIM", "optional": false}, {"key": "COOKTOP", "text": "Fog\u00e3o cooktop", "value": "NAO", "optional": false}, {"key": "UTENSILIOS_DE_COZINHA", "text": "Utens\u00edlios de cozinha", "value": "NAO", "optional": false}, {"key": "CAMA_DE_CASAL", "text": "Cama de casal", "value": "SIM", "optional": false}, {"key": "CAMA_DE_SOLTEIRO", "text": "Cama de solteiro", "value": "NAO", "optional": false}, {"key": "ESPELHO_NO_BANHEIRO", "text": "Espelho no banheiro", "value": "SIM", "optional": false}, {"key": "FECHADURA_ELETRONICA", "text": "Fechadura eletr\u00f4nica", "value": "SIM", "optional": false}, {"key": "ENERGIA", "text": "Energia no im\u00f3vel", "value": "SIM", "optional": false}], "area": 22, "installations": [{"key": "PLAYGROUND", "text": "Playground", "value": "NAO"}, {"key": "PISCINA", "text": "Piscina", "value": "NAO"}, {"key": "CHURRASQUEIRA", "text": "Churrasqueira", "value": "NAO"}, {"key": "QUADRA_ESPORTIVA", "text": "Quadra esportiva", "value": "NAO"}, {"key": "ACADEMIA", "text": "Academia", "value": "NAO"}, {"key": "SALAO_DE_FESTAS", "text": "Sal\u00e3o de festas", "value": "NAO"}, {"key": "SAUNA", "text": "Sauna", "value": "NAO"}, {"key": "LAVANDERIA_NO_PREDIO", "text": "Lavanderia no pr\u00e9dio", "value": "NAO"}, {"key": "GAS_ENCANADO", "text": "G\u00e1s encanado", "value": "SIM"}, {"key": "ESPACO_GOURMET_NA_AREA_COMUM", "text": "Espa\u00e7o gourmet na \u00e1rea comum", "value": "SIM"}, {"key": "BRINQUEDOTECA", "text": "Brinquedoteca", "value": "NAO"}, {"key": "CORRIMAO", "text": "Corrim\u00e3o", "value": "SIM"}, {"key": "PISO_TATIL", "text": "Piso t\u00e1til", "value": "NAO"}, {"key": "RAMPAS_DE_ACESSO", "text": "Rampas de acesso", "value": "NAO"}, {"key": "SALAO_DE_JOGOS", "text": "Sal\u00e3o de jogos", "value": "NAO"}, {"key": "VAGA_DE_GARAGEM_ACESSIVEL", "text": "Vaga de garagem acess\u00edvel", "value": "NAO"}, {"key": "AREA_VERDE", "text": "\u00c1rea verde", "value": "NAO"}, {"key": "Elevador", "value": "SIM"}, {"key": "Porteiro24H", "value": "NAO"}], "rentPrice": 2600, "condoPrice": 0, "condoType": "NaoExiste", "region": {"name": "Campos El\u00edseos", "hub": {"loading": "UNSET", "enabled": false, "abSecretariat": false, "isPrimaryMarket": false}, "id": 6626}, "type": "StudioOuKitchenette", "iptuType": "NaoExiste", "totalCost": 2700, "parkingSpaces": 0, "address": {"street": "Rua General J\u00falio Marcondes Salgado", "neighborhood": "Campos El\u00edseos", "city": "S\u00e3o Paulo", "zipCode": "01201-020", "stateName": "S\u00e3o Paulo", "stateAcronym": "SP", "lat": -23.5343586, "lng": -46.6519859, "countryName": "Brasil", "countryCode": "BR", "country": "Brasil"}, "floor": 2, "homeProtection": 33, "remarks": "Apartamento rec\u00e9m reformado TOTALMENTE em pr\u00e9dio rec\u00e9m reformado TOTALMENTE tamb\u00e9m. Super bem localizado, a 6 minutos a p\u00e9 do metr\u00f4 Marechal Deodoro. Pr\u00e9dio com zelador.\n- el\u00e9trica nova\n- hidr\u00e1ulica nova\n- revestimentos novos (piso, cozinha, banheiro e sacada)\n- pintura nova\n- portas novas\n- gabinetes da cozinha sobre medida\n- gabinetes banheiros \n- box de vidro\n- chuveiro eletr\u00f4nico \n- Wi-Fi VIVO 240 mega (um modem no pr\u00e9dio, um roteador por andar)\n- lavanderia de uso compartilhado (m\u00e1quina LAVA E SECA)", "acceptsPets": true, "hasFurniture": true, "isNearSubway": true, "placesNearby": [{"name": "Teatro Escola Macuna\u00edma - Unidade Matriz", "type": "UNIVERSITY_OR_COLLEGE", "slug": "teatro-escola-macunaima-unidade-matriz-bom-retiro-sao-paulo-sp"}, {"name": "NotreDame Interm\u00e9dica Hospital e Pronto Socorro Santa Cecilia", "type": "HOSPITAL", "slug": "notredame-intermedica-hospital-e-pronto-socorro-santa-cecilia-santa-cecilia-sao-paulo-sp"}, {"name": "Theatro S\u00e3o Pedro", "type": "MUSEUM_THEATRE_OR_CONCERT_HALL", "slug": "theatro-sao-pedro-barra-funda-sao-paulo-sp"}, {"name": "Instituto Nacional de Educa\u00e7\u00e3o a Dist\u00e2ncia", "type": "SCHOOL", "slug": "instituto-nacional-de-educacao-a-distancia-barra-funda-sao-paulo-sp"}, {"name": "Marechal Deodoro", "type": "ESTACAO_METRO_OU_TREM", "slug": "marechal-deodoro-santa-cecilia-sao-paulo-sp"}, {"name": "Santa Cec\u00edlia", "type": "ESTACAO_METRO_OU_TREM", "slug": "estacao-santa-cecilia-sao-paulo-sp"}, {"name": "Parque Minhoc\u00e3o (Via Elevado Pres. Jo\u00e3o Goulart)", "type": "PARK_OR_GREEN_AREA", "slug": "parque-minhocao-via-elevado-pres-joao-goulart-barra-funda-sao-paulo-sp-brasil"}, {"name": "Terminal Princesa Isabel", "type": "BUS_TERMINAL_STATION", "slug": "terminal-princesa-isabel-campos-eliseos-sao-paulo-sp"}, {"name": "Terminal Amaral Gurgel", "type": "BUS_TERMINAL_STATION", "slug": "terminal-amaral-gurgel-santa-cecilia-sao-paulo-sp"}, {"name": "Teatro Porto Seguro", "type": "MUSEUM_THEATRE_OR_CONCERT_HALL", "slug": "teatro-porto-seguro-bom-retiro-sao-paulo-sp"}, {"name": "Largo do Arouche", "type": "PARK_OR_GREEN_AREA", "slug": "largo-do-arouche-santa-cecilia-sao-paulo-sp"}, {"name": "La Salsa Discotek", "type": "MUSEUM_THEATRE_OR_CONCERT_HALL", "slug": "la-salsa-discotek-santa-cecilia-sao-paulo-sp"}, {"name": "Hospital Santa Isabel", "type": "HOSPITAL", "slug": "hospital-santa-isabel-santa-cecilia-sao-paulo-sp"}, {"name": "FCMSCSP - Faculdade Medicina Santa Casa", "type": "UNIVERSITY_OR_COLLEGE", "slug": "faculdade-ciencias-medicas-santa-casa-sao-paulo-sp"}, {"name": "Col\u00e9gio Salesiano Liceu Cora\u00e7\u00e3o de Jesus", "type": "SCHOOL", "slug": "colegio-salesiano-liceu-coracao-de-jesus-campos-eliseos-sao-paulo-sp"}, {"name": "Oficina Cultural Casa M\u00e1rio de Andrade", "type": "MUSEUM_THEATRE_OR_CONCERT_HALL", "slug": "oficina-cultural-casa-mario-de-andrade-barra-funda-sao-paulo-sp"}, {"name": "Sesc Bom Retiro", "type": "MUSEUM_THEATRE_OR_CONCERT_HALL", "slug": "sesc-bom-retiro-campos-eliseos-sao-paulo-sp"}, {"name": "Galeria Arouche", "type": "SHOPPING_MALL", "slug": "galeria-arouche-santa-cecilia-sao-paulo-sp"}, {"name": "Jardim Vertical", "type": "PARK_OR_GREEN_AREA", "slug": "jardim-vertical-barra-funda-sao-paulo-sp"}, {"name": "Senac Sede", "type": "SCHOOL", "slug": "senac-sede-santa-cecilia-sao-paulo-sp"}, {"name": "SESC Consola\u00e7\u00e3o", "type": "MUSEUM_THEATRE_OR_CONCERT_HALL", "slug": "sesc-consolacao-santa-cecilia-sao-paulo-sp"}, {"name": "Galeria Jaqueline Martins", "type": "MUSEUM_THEATRE_OR_CONCERT_HALL", "slug": "galeria-jaqueline-martins-santa-cecilia-sao-paulo-sp"}, {"name": "Faculdade de Arquitetura e Urbanismo", "type": "UNIVERSITY_OR_COLLEGE", "slug": "faculdade-de-arquitetura-e-urbanismo-higienopolis-sao-paulo-sp"}, {"name": "Sala S\u00e3o Paulo", "type": "MUSEUM_THEATRE_OR_CONCERT_HALL", "slug": "sala-sao-paulo-campos-eliseos-sao-paulo-sp"}, {"name": "Instituto de Educa\u00e7\u00e3o Jos\u00e9 de Paiva Netto", "type": "SCHOOL", "slug": "instituto-de-educacao-jose-de-paiva-netto-bom-retiro-sao-paulo-sp"}, {"name": "Escola", "type": "SCHOOL", "slug": "escola-santa-cecilia-sao-paulo-sp"}, {"name": "Col\u00e9gio Mackenzie", "type": "SCHOOL", "slug": "colegio-mackenzie-higienopolis-sao-paulo-sp"}, {"name": "Shopping Etecompe", "type": "SHOPPING_MALL", "slug": "shopping-etecompe-centro-sao-paulo-sp"}, {"name": "Galeria 490", "type": "SHOPPING_MALL", "slug": "galeria-490-centro-sao-paulo-sp"}, {"name": "Shopping Maravilha", "type": "SHOPPING_MALL", "slug": "shopping-maravilha-centro-sao-paulo-sp"}], "availabilityType": "IMMEDIATE", "photos": [{"id": 28118453, "subtitle": "Studio", "url": "893718771-186.297807952635741821.jpg", "cover": true}, {"id": 28118452, "subtitle": "Studio", "url": "893718771-293.693801945132751820.jpg", "cover": false}, {"id": 28118454, "subtitle": "Studio", "url": "893718771-440.3772647707561822.jpg", "cover": false}, {"id": 28118459, "subtitle": "Studio", "url": "893718771-792.87119687460211826.jpg", "cover": false}, {"id": 28118460, "subtitle": "Studio", "url": "893718771-556.01426944074191827.jpg", "cover": false}, {"id": 28118461, "subtitle": "Studio", "url": "893718771-400.88251172249651828.jpg", "cover": false}, {"id": 28118457, "subtitle": "Studio", "url": "893718771-509.357737070448931825.jpg", "cover": false}, {"id": 28118456, "subtitle": "Studio", "url": "893718771-661.32765324488671824.jpg", "cover": false}, {"id": 28118462, "subtitle": "Varanda", "url": "893718771-193.268042913886321829.jpg", "cover": false}, {"id": 28118463, "subtitle": "Varanda", "url": "893718771-64.355772764135071830.jpg", "cover": false}, {"id": 28118464, "subtitle": "Vista da Varanda", "url": "893718771-669.82150436345241831.jpg", "cover": false}, {"id": 28118468, "subtitle": "Banheiro", "url": "893718771-773.99635850401911833.jpg", "cover": false}, {"id": 28118469, "subtitle": "Banheiro", "url": "893718771-811.4849935873391834.jpg", "cover": false}, {"id": 28118470, "subtitle": "Banheiro", "url": "893718771-901.44324466309851835.jpg", "cover": false}, {"id": 28118472, "subtitle": "Banheiro", "url": "893718771-887.34376923717151836.jpg", "cover": false}, {"id": 28118475, "subtitle": "Banheiro", "url": "893718771-191.530610357983481838.jpg", "cover": false}, {"id": 28118476, "subtitle": "Cozinha", "url": "893718771-685.67922730024691839.jpg", "cover": false}, {"id": 28118478, "subtitle": "Cozinha", "url": "893718771-461.937317257466761840.jpg", "cover": false}, {"id": 28118481, "subtitle": "Cozinha", "url": "893718771-982.68922084121771842.jpg", "cover": false}, {"id": 28118479, "subtitle": "Cozinha", "url": "893718771-567.49647861184611841.jpg", "cover": false}], "photosCategorizedByRooms": [], "relevantRegions": [], "photospheres": [], "specialConditions": ["Exclusivity"], "offers": {"closingRate": 0, "shouldHighlightIcon": true, "shouldShowOfferDialog": false, "shouldShowOffers": false, "summary": []}, "status": "publicado", "showUrlHasBeenCopiedSnackbar": false, "isGalleryModalOpen": false, "error": false, "loaded": true, "loading": false, "loadingCategorizedRooms": false, "selectedMedia": "tenant/HouseMedia/PHOTOS", "video": "", "promotions": [], "condominium": {}, "forRent": true, "forSale": false, "salePrice": 0, "mortgageFirstInstallment": 0, "listings": [{"imovelId": 893718771, "businessContext": "RENT", "status": "publicado", "firstPublicationDate": "2022-07-19T02:54:11.000+0000", "lastPublicationDate": "2022-07-19T02:54:11.000+0000", "listingRentModel": {"listingBusinessContextId": 1174138, "rentalAdministrator": "QUINTOANDAR"}, "houseAgents": [{"name": "Johnathan Oliveira Couto", "id": 356982, "relationType": "KEY_HOLDER"}], "keyHolderAgent": {"id": 356982, "agentId": 940, "name": "Johnathan Oliveira Couto"}, "ownership": "STANDARD"}], "listingTags": [], "businessContext": "", "regionParameters": {"loaded": false, "loading": false, "RENT": {"visitsEnabled": true, "talkToAgentEnabled": false}, "SALE": {"visitsEnabled": true, "talkToAgentEnabled": false}}, "houseAgent": {"isDialogOpen": false, "alreadyOpenedByQueryParam": false}, "tenantServiceFee": 67, "closingStatus": {"loading": false}, "rentalGuarantee": {"minValue": 650, "maxValue": 1950}, "reservationAvailability": null, "isPrimaryMarket": false, "macroRegion": {"id": 6786, "name": "S\u00e3o Paulo"}, "suites": 1, "houseVisitStatus": "ACCEPT_NEW", "visitStatusReason": null, "visitsUnavailable": false, "isReserved": false, "allowDirectOffer": true, "lastPublishedDate": "2022-07-19T02:54:11.000Z", "listingPublication": "stranded", "rentOnTermination": false, "constructionYear": null, "categories": []}, "markers": {"lat": -23.5343586, "lng": -46.6519859}, "talkToAgent": {"dialog": {"open": false, "questionType": null, "question": ""}, "agentSupport": {}, "error": null, "autoSubmit": false, "loading": false, "submitting": false, "success": false, "hasLoadedAgentInfo": false, "agent": null, "hasLoadedAgentsInRegion": false, "agentsInRegion": null}}}}, "__N_SSP": true}, "page": "/imovel/[houseId]/[[...slug]]", "query": {"houseId": "893718771", "slug": ["alugar", "kitnet-1-quarto-campos-eliseos-sao-paulo"]}, "buildId": "gCr3Bg2lYzV9hxZqGibIQ", "runtimeConfig": {"NEXT_PUBLIC_HOME_ADVERTISING_BANNER": "coupon"}, "isFallback": false, "dynamicIds": [61847, 31265, 66435, 77453, 87356, 60899, 41103, 3232, 72227, 40072, 39327, 19904, 96827], "gssp": true, "customServer": true, "appGip": true, "locale": "pt-BR", "locales": ["pt-BR", "es-MX"], "defaultLocale": "pt-BR", "domainLocales": [{"domain": "www.quintoandar.com.br", "defaultLocale": "pt-BR"}, {"domain": "www.benvi.mx", "defaultLocale": "es-MX"}], "scriptLoader": []}