{"props": {"pageProps": {"initialState": {"route": {"locationBeforeTransitions": {"pathname": "/imovel/893761290/alugar/casa-3-quartos-bras-sao-paulo", "search": "", "hash": "", "action": "POP", "query": {}}, "topLevelRouteName": "house details", "businessContext": "RENT", "favoriteListsBusinessContext": "RENT"}, "router": {"location": {"href": "/", "pathname": "/", "search": "", "hash": ""}}, "progress": {"pendingRequests": -1}, "login": {"response": {}, "user": {"isLoggedIn": false, "id": 0, "agentId": 0, "hashId": "", "sessionId": null, "name": "", "email": "", "maskedEmail": "", "jwt": {"app": "", "firebase": ""}, "phone": {"countryCode": "+55", "areaCode": "", "phoneNumber": ""}, "country": "BR", "channel": "", "isPhoneRegistered": false, "acceptWhatsapp": true, "hasDocument": false, "isPartner": false}, "accountForm": {}, "redirectUrl": "", "isRequestOngoing": false}, "captcha": {"token": "", "hasLoadedRemoteConfig": false, "provider": "", "friction": "low", "unavailableCountriesCode": []}, "supportedCities": [], "inAppMessages": {"biomaSurvey": {"isOpen": false, "formId": null, "data": {"opaque": true}}}, "metaData": {"similar_houses_clicked": []}, "appData": {"device": {"type": "desktop", "isSearchEngineCrawler": false}, "experiments": "X-AB-Test=ab_exposed_filter_sale_desktop:1,ab_exposed_filter_sale_v1:1,ab_exposed_filters:1,ab_load_more_v0:-1,ab_new_house_card_v2:0,ab_new_rent_listing_phase2:0,ab_profiling_create_alert_filters:0,ab_scheduling_step_by_step_v1:1,ab_show_floor_sale:0,ab_street_search_retrieval_v1:0"}, "house": {"houseInfo": {"id": "893761290", "displayId": "1061290", "bedrooms": 3, "city": "S\u00e3o Paulo", "cityId": 39, "bathrooms": 3, "iptu": 50, "amenities": [{"key": "BANHEIRA_DE_HIDROMASSAGEM", "text": "Banheira", "value": "NAO", "optional": false}, {"key": "BOX", "text": "Box", "value": "SIM", "optional": false}, {"key": "VARANDA", "text": "Varanda", "value": "NAO", "optional": false}, {"key": "PISCINA_PRIVATIVA", "text": "Piscina privativa", "value": "NAO", "optional": false}, {"key": "ARMARIOS_EMBUTIDOS_NO_QUARTO", "text": "Arm\u00e1rios no quarto", "value": "NAO", "optional": false}, {"key": "ARMARIOS_NOS_BANHEIROS", "text": "Arm\u00e1rios no banheiro", "value": "SIM", "optional": false}, {"key": "ARMARIOS_NA_COZINHA", "text": "Arm\u00e1rios na cozinha", "value": "SIM", "optional": false}, {"key": "AR_CONDICIONADO", "text": "Ar condicionado", "value": "NAO", "optional": false}, {"key": "CHUVEIRO_A_GAS", "text": "Chuveiro a g\u00e1s", "value": "NAO", "optional": false}, {"key": "QUARTO_DE_SERVICO", "text": "Quarto de servi\u00e7o", "value": "NAO", "optional": false}, {"key": "BANHEIRO_DE_SERVICO", "text": "Banheiro de servi\u00e7o", "value": "NAO", "optional": false}, {"key": "VARANDA_GOURMET", "text": "Varanda gourmet", "value": "NAO", "optional": false}, {"key": "APARTAMENTO_COBERTURA", "text": "Apartamento cobertura", "value": "NAO", "optional": false}, {"key": "QUARTO_EXTRA_REVERSIVEL", "text": "Quarto extra revers\u00edvel", "value": "NAO", "optional": false}, {"key": "FOGAO_INCLUSO", "text": "Fog\u00e3o", "value": "NAO", "optional": false}, {"key": "GELADEIRA_INCLUSO", "text": "Geladeira", "value": "NAO", "optional": false}, {"key": "BANHEIRO_ADAPTADO", "text": "Banheiro adaptado", "value": "NAO", "optional": false}, {"key": "CLOSET", "text": "Closet", "value": "NAO", "optional": false}, {"key": "COZINHA_AMERICANA", "text": "Cozinha americana", "value": "NAO", "optional": false}, {"key": "MESAS_E_CADEIRAS_DE_ESCRITORIO", "text": "Mesas e cadeiras de escrit\u00f3rio", "value": "NAO", "optional": false}, {"key": "JARDIM", "text": "Jardim", "value": "NAO", "optional": false}, {"key": "QUARTOS_E_CORREDORES_COM_PORTAS_AMPLAS", "text": "Quartos e corredores com portas amplas", "value": "NAO", "optional": false}, {"key": "QUINTAL", "text": "Quintal", "value": "NAO", "optional": false}, {"key": "SOMENTE_UMA_CASA_NO_TERRENO", "text": "Somente uma casa no terreno", "value": "SIM", "optional": false}, {"key": "AREA_DE_SERVICO", "text": "\u00c1rea de servi\u00e7o", "value": "SIM", "optional": false}], "comfortCommodities": [{"key": "BANHEIRA_DE_HIDROMASSAGEM", "text": "Banheira", "value": "NAO", "optional": false}, {"key": "PISCINA_PRIVATIVA", "text": "Piscina privativa", "value": "NAO", "optional": false}, {"key": "AR_CONDICIONADO", "text": "Ar condicionado", "value": "NAO", "optional": false}, {"key": "SOL_DA_MANHA", "text": "Sol da manh\u00e3", "value": "SIM", "optional": false}, {"key": "SOL_DA_TARDE", "text": "Sol da tarde", "value": "SIM", "optional": false}, {"key": "CORTINAS_BLACK_OUT", "text": "Cortinas corta luz", "value": "NAO", "optional": false}, {"key": "CORTINAS_DECORATIVAS", "text": "Cortina transl\u00facida", "value": "NAO", "optional": false}, {"key": "JANELA_ANTI_RUIDO", "text": "Janela anti-ru\u00eddo", "value": "NAO", "optional": false}, {"key": "VENTILADOR_DE_TETO", "text": "Ventilador de teto", "value": "NAO", "optional": false}, {"key": "LUMINOSIDADE_NATURAL", "text": "Janelas grandes", "value": "SIM", "optional": false}, {"key": "VISTA_LIVRE", "text": "Vista livre", "value": "NAO", "optional": false}, {"key": "RUA_SILENCIOSA", "text": "Rua silenciosa", "value": "SIM", "optional": false}], "practicalityCommodities": [{"key": "BOX", "text": "Box", "value": "SIM", "optional": false}, {"key": "ARMARIOS_EMBUTIDOS_NO_QUARTO", "text": "Arm\u00e1rios no quarto", "value": "NAO", "optional": false}, {"key": "ARMARIOS_NOS_BANHEIROS", "text": "Arm\u00e1rios no banheiro", "value": "SIM", "optional": false}, {"key": "ARMARIOS_NA_COZINHA", "text": "Arm\u00e1rios na cozinha", "value": "SIM", "optional": false}, {"key": "CHUVEIRO_A_GAS", "text": "Chuveiro a g\u00e1s", "value": "NAO", "optional": false}, {"key": "FOGAO_INCLUSO", "text": "Fog\u00e3o", "value": "NAO", "optional": false}, {"key": "GELADEIRA_INCLUSO", "text": "Geladeira", "value": "NAO", "optional": false}, {"key": "CHUVEIRO_ELETRICO", "text": "Chuveiro el\u00e9trico", "value": "NAO", "optional": false}, {"key": "MICROONDAS", "text": "Microondas", "value": "NAO", "optional": false}, {"key": "SOFA", "text": "Sof\u00e1", "value": "NAO", "optional": false}, {"key": "MAQUINA_DE_LAVAR", "text": "M\u00e1quina de lavar", "value": "NAO", "optional": false}, {"key": "TANQUE", "text": "Tanque", "value": "SIM", "optional": false}, {"key": "REDE_DE_PROTECAO", "text": "Tela nas janelas", "value": "NAO", "optional": false}, {"key": "VARAL_DE_ROUPAS", "text": "Varal de roupas", "value": "NAO", "optional": false}, {"key": "TOMADAS_NOVAS", "text": "Tomadas 3 pinos", "value": "NAO", "optional": false}, {"key": "TELEVISAO", "text": "Televis\u00e3o", "value": "NAO", "optional": false}, {"key": "MESAS_E_CADEIRAS_DE_JANTAR", "text": "Mesas e cadeiras de jantar", "value": "NAO", "optional": false}, {"key": "CHURRASQUEIRA", "text": "Churrasqueira", "value": "NAO", "optional": false}, {"key": "ACESSO_SEM_DEGRAUS", "text": "Acesso sem degraus", "value": "NAO", "optional": false}, {"key": "COOKTOP", "text": "Fog\u00e3o cooktop", "value": "NAO", "optional": false}, {"key": "UTENSILIOS_DE_COZINHA", "text": "Utens\u00edlios de cozinha", "value": "NAO", "optional": false}, {"key": "CAMA_DE_CASAL", "text": "Cama de casal", "value": "NAO", "optional": false}, {"key": "CAMA_DE_SOLTEIRO", "text": "Cama de solteiro", "value": "NAO", "optional": false}, {"key": "ESPELHO_NO_BANHEIRO", "text": "Espelho no banheiro", "value": "NAO", "optional": false}, {"key": "FECHADURA_ELETRONICA", "text": "Fechadura eletr\u00f4nica", "value": "NAO", "optional": false}, {"key": "ENERGIA", "text": "Energia no im\u00f3vel", "value": "NAO", "optional": false}], "area": 100, "installations": [{"key": "PLAYGROUND", "text": "Playground", "value": "NAO"}, {"key": "PISCINA", "text": "Piscina", "value": "NAO"}, {"key": "CHURRASQUEIRA", "text": "Churrasqueira", "value": "NAO"}, {"key": "QUADRA_ESPORTIVA", "text": "Quadra esportiva", "value": "NAO"}, {"key": "ACADEMIA", "text": "Academia", "value": "NAO"}, {"key": "SALAO_DE_FESTAS", "text": "Sal\u00e3o de festas", "value": "NAO"}, {"key": "SAUNA", "text": "Sauna", "value": "NAO"}, {"key": "LAVANDERIA_NO_PREDIO", "text": "Lavanderia no pr\u00e9dio", "value": "NAO"}, {"key": "GAS_ENCANADO", "text": "G\u00e1s encanado", "value": "NAO"}, {"key": "ESPACO_GOURMET_NA_AREA_COMUM", "text": "Espa\u00e7o gourmet na \u00e1rea comum", "value": "NAO"}, {"key": "BRINQUEDOTECA", "text": "Brinquedoteca", "value": "NAO"}, {"key": "CORRIMAO", "text": "Corrim\u00e3o", "value": "NAO"}, {"key": "PISO_TATIL", "text": "Piso t\u00e1til", "value": "NAO"}, {"key": "RAMPAS_DE_ACESSO", "text": "Rampas de acesso", "value": "NAO"}, {"key": "SALAO_DE_JOGOS", "text": "Sal\u00e3o de jogos", "value": "NAO"}, {"key": "VAGA_DE_GARAGEM_ACESSIVEL", "text": "Vaga de garagem acess\u00edvel", "value": "NAO"}, {"key": "AREA_VERDE", "text": "\u00c1rea verde", "value": "NAO"}, {"key": "Elevador", "value": "NAO"}, {"key": "Porteiro24H", "value": "NAO"}], "rentPrice": 2780, "condoPrice": 60, "condoType": "Normal", "region": {"name": "Br\u00e1s", "hub": {"loading": "UNSET", "enabled": false, "abSecretariat": false, "isPrimaryMarket": false}, "id": 2165}, "type": "Casa", "iptuType": "Normal", "totalCost": 3008, "parkingSpaces": 1, "address": {"street": "Rua Flora", "neighborhood": "Br\u00e1s", "city": "S\u00e3o Paulo", "zipCode": "03041-070", "stateName": "S\u00e3o Paulo", "stateAcronym": "SP", "lat": -23.5501321, "lng": -46.6193876, "countryName": "Brasil", "countryCode": "BR", "country": "Brasil"}, "homeProtection": 46, "remarks": "1 vaga na frente da casa , mas sempre tem outra vaga no fundo da vila\nTem port\u00e3o eletr\u00f4nico", "acceptsPets": true, "hasFurniture": false, "isNearSubway": true, "placesNearby": [{"name": "Parque Benem\u00e9rito Jos\u00e9 Br\u00e1s", "type": "PARK_OR_GREEN_AREA", "slug": "parque-benemerito-jose-bras-bras-sao-paulo-sp-brasil"}, {"name": "Br\u00e1s", "type": "ESTACAO_METRO_OU_TREM", "slug": "estacao-bras-sao-paulo-sp-brasil"}, {"name": "Escola de Modelo", "type": "UNIVERSITY_OR_COLLEGE", "slug": "escola-de-modelo-mooca-sao-paulo-sp"}, {"name": "Hospital Sancta Maggiore", "type": "HOSPITAL", "slug": "hospital-sancta-maggiore-mooca-sao-paulo-sp"}, {"name": "Pedro II", "type": "ESTACAO_METRO_OU_TREM", "slug": "estacao-pedro-ii-sao-paulo-sp"}, {"name": "Feirinha da Conc\u00f3rdia", "type": "SHOPPING_MALL", "slug": "feirinha-da-concordia-bras-sao-paulo-sp"}, {"name": "Escola Senai Roberto Simonsen", "type": "SCHOOL", "slug": "escola-senai-roberto-simonsen-bras-sao-paulo-sp-brasil"}, {"name": "UAM - Anhembi Morumbi - Campus Mooca", "type": "UNIVERSITY_OR_COLLEGE", "slug": "anhembi-morumbi-mooca-sao-paulo-sp"}, {"name": "Largo da Conc\u00f3rdia", "type": "PARK_OR_GREEN_AREA", "slug": "largo-da-concordia-bras-sao-paulo-sp-brasil"}, {"name": "Teatro Anhembi Morumbi", "type": "MUSEUM_THEATRE_OR_CONCERT_HALL", "slug": "teatro-anhembi-morumbi-mooca-sao-paulo-sp"}, {"name": "CEI Quintal da Crian\u00e7a", "type": "SCHOOL", "slug": "cei-quintal-da-crianca-liberdade-sao-paulo-sp"}, {"name": "Museu Catavento", "type": "MUSEUM_THEATRE_OR_CONCERT_HALL", "slug": "museu-catavento-bras-sao-paulo-sp-brasil"}, {"name": "Shopping Meia Noite", "type": "SHOPPING_MALL", "slug": "shopping-meia-noite-bras-sao-paulo-sp"}, {"name": "Perfumaria Novo Estilo", "type": "SHOPPING_MALL", "slug": "perfumaria-novo-estilo-bras-sao-paulo-sp"}, {"name": "EMEF Duque de Caxias", "type": "SCHOOL", "slug": "emef-duque-de-caxias-liberdade-sao-paulo-sp"}, {"name": "Sesc Carmo", "type": "MUSEUM_THEATRE_OR_CONCERT_HALL", "slug": "sesc-carmo-se-sao-paulo-sp"}, {"name": "Parque Dom Pedro II", "type": "PARK_OR_GREEN_AREA", "slug": "parque-dom-pedro-ii-bras-sao-paulo-sp-brasil"}, {"name": "FAZESP - Escola Fazend\u00e1ria do Estado de S\u00e3o Paulo", "type": "UNIVERSITY_OR_COLLEGE", "slug": "fazesp-escola-fazendaria-do-estado-de-sao-paulo-liberdade-sao-paulo-sp"}, {"name": "Parque D. Pedro II", "type": "PARK_OR_GREEN_AREA", "slug": "parque-d-pedro-ii-sao-paulo-sp"}, {"name": "Shopping 25 Bras", "type": "SHOPPING_MALL", "slug": "shopping-25-bras-bras-sao-paulo-sp"}, {"name": "Sesc Dom Pedro II", "type": "SCHOOL", "slug": "sesc-dom-pedro-ii-bras-sao-paulo-sp-brasil"}, {"name": "SP Escola de Teatro (Unidade Br\u00e1s)", "type": "SCHOOL", "slug": "sp-escola-de-teatro-unidade-bras-bras-sao-paulo-sp-brasil"}, {"name": "Escola Estadual Padre Anchieta", "type": "SCHOOL", "slug": "escola-estadual-padre-anchieta-bras-sao-paulo-sp-brasil"}, {"name": "Escola T\u00e9cnica Walter Belian", "type": "SCHOOL", "slug": "escola-tecnica-walter-belian-cambuci-sao-paulo-sp"}, {"name": "FreeShop Box", "type": "SHOPPING_MALL", "slug": "freeshop-box-bras-sao-paulo-sp"}, {"name": "Shopping Oriente", "type": "SHOPPING_MALL", "slug": "shopping-oriente-bras-sao-paulo-sp"}, {"name": "Miller Boulevard", "type": "SHOPPING_MALL", "slug": "miller-boulevard-bras-sao-paulo-sp"}, {"name": "Museu do Tribunal de Justi\u00e7a SP", "type": "MUSEUM_THEATRE_OR_CONCERT_HALL", "slug": "museu-do-tribunal-de-justica-sp-liberdade-sao-paulo-sp"}, {"name": "Shopping 950", "type": "SHOPPING_MALL", "slug": "shopping-950-bras-sao-paulo-sp"}, {"name": "Escola Comte G. Moutinho", "type": "SCHOOL", "slug": "escola-comte-g-moutinho-sao-paulo-sp-brasil"}], "photos": [{"id": 29718134, "subtitle": "Sala", "url": "893761290-624.4281307837881IMG0361.jpg", "cover": true}, {"id": 29718138, "subtitle": "Sala", "url": "893761290-741.0834428264258IMG0362.jpg", "cover": false}, {"id": 29718143, "subtitle": "Sala", "url": "893761290-652.5474783339955IMG0363.jpg", "cover": false}, {"id": 29718148, "subtitle": "Sala", "url": "893761290-728.9751959966839IMG0364.jpg", "cover": false}, {"id": 29718154, "subtitle": "Quarto Su\u00edte", "url": "893761290-478.2564244414781IMG0365.jpg", "cover": false}, {"id": 29718157, "subtitle": "Quarto Su\u00edte", "url": "893761290-40.60570801852626IMG0366.jpg", "cover": false}, {"id": 29718158, "subtitle": "Quarto Su\u00edte", "url": "893761290-143.21236092054346IMG0367.jpg", "cover": false}, {"id": 29718160, "subtitle": "Quarto Su\u00edte", "url": "893761290-715.4624743206242IMG0368.jpg", "cover": false}, {"id": 29718161, "subtitle": "Banheiro Su\u00edte", "url": "893761290-219.4079301968642IMG0369.jpg", "cover": false}, {"id": 29718163, "subtitle": "Banheiro Su\u00edte", "url": "893761290-609.3022106972396IMG0370.jpg", "cover": false}, {"id": 29718166, "subtitle": "Banheiro Su\u00edte", "url": "893761290-597.3961400302173IMG0371.jpg", "cover": false}, {"id": 29718169, "subtitle": "Banheiro Su\u00edte", "url": "893761290-733.3978335712899IMG0372.jpg", "cover": false}, {"id": 29718172, "subtitle": "Quarto 2", "url": "893761290-133.80143473662287IMG0373.jpg", "cover": false}, {"id": 29718177, "subtitle": "Quarto 2", "url": "893761290-393.6554594414948IMG0374.jpg", "cover": false}, {"id": 29718180, "subtitle": "Quarto 2", "url": "893761290-674.517898218212IMG0375.jpg", "cover": false}, {"id": 29718184, "subtitle": "Quarto 2", "url": "893761290-740.7939365517105IMG0376.jpg", "cover": false}, {"id": 29718189, "subtitle": "Quarto 3", "url": "893761290-690.9361526990276IMG0377.jpg", "cover": false}, {"id": 29718193, "subtitle": "Quarto 3", "url": "893761290-260.60405317958134IMG0378.jpg", "cover": false}, {"id": 29718201, "subtitle": "Quarto 3", "url": "893761290-874.2640078998079IMG0379.jpg", "cover": false}, {"id": 29718206, "subtitle": "Quarto 3", "url": "893761290-51.207030955211174IMG0380.jpg", "cover": false}, {"id": 29718230, "subtitle": "Quarto 4", "url": "893761290-1.0673030946770634IMG0390.jpg", "cover": false}, {"id": 29718233, "subtitle": "Quarto 4", "url": "893761290-113.01006677003977IMG0391.jpg", "cover": false}, {"id": 29718235, "subtitle": "Quarto 4", "url": "893761290-831.7831632034168IMG0392.jpg", "cover": false}, {"id": 29718238, "subtitle": "Quarto 4", "url": "893761290-163.29469889631275IMG0393.jpg", "cover": false}, {"id": 29718208, "subtitle": "Banheiro 2", "url": "893761290-128.4841012787098IMG0381.jpg", "cover": false}, {"id": 29718210, "subtitle": "Banheiro 2", "url": "893761290-471.7675680037003IMG0382.jpg", "cover": false}, {"id": 29718213, "subtitle": "Banheiro 2", "url": "893761290-389.9191563862123IMG0384.jpg", "cover": false}, {"id": 29718215, "subtitle": "Banheiro 2", "url": "893761290-859.4012573916185IMG0385.jpg", "cover": false}, {"id": 29718216, "subtitle": "Banheiro 3", "url": "893761290-11.42930770378503IMG0386.jpg", "cover": false}, {"id": 29718218, "subtitle": "Banheiro 3", "url": "893761290-988.762118093446IMG0387.jpg", "cover": false}, {"id": 29718221, "subtitle": "Banheiro 3", "url": "893761290-161.20969434844156IMG0388.jpg", "cover": false}, {"id": 29718225, "subtitle": "Banheiro 3", "url": "893761290-147.84403892859888IMG0389.jpg", "cover": false}, {"id": 29718250, "subtitle": "Cozinha", "url": "893761290-649.5892625762176IMG0398.jpg", "cover": false}, {"id": 29718253, "subtitle": "Cozinha", "url": "893761290-537.8079475961987IMG0399.jpg", "cover": false}, {"id": 29718257, "subtitle": "Cozinha", "url": "893761290-737.7557763520376IMG0400.jpg", "cover": false}, {"id": 29718262, "subtitle": "Cozinha", "url": "893761290-956.3805354080855IMG0401.jpg", "cover": false}, {"id": 29718241, "subtitle": "\u00c1rea de Servi\u00e7o", "url": "893761290-949.3398401727618IMG0394.jpg", "cover": false}, {"id": 29718244, "subtitle": "\u00c1rea de Servi\u00e7o", "url": "893761290-734.9509358949847IMG0395.jpg", "cover": false}, {"id": 29718247, "subtitle": "\u00c1rea de Servi\u00e7o", "url": "893761290-228.58005527519288IMG0396.jpg", "cover": false}, {"id": 29718249, "subtitle": "\u00c1rea de Servi\u00e7o", "url": "893761290-472.86475307996466IMG0397.jpg", "cover": false}, {"id": 29718266, "subtitle": "Fachada", "url": "893761290-958.745383784108IMG0403.jpg", "cover": false}], "photosCategorizedByRooms": [], "relevantRegions": [], "photospheres": [], "specialConditions": ["Exclusivity"], "offers": {"closingRate": 0, "shouldHighlightIcon": true, "shouldShowOfferDialog": false, "shouldShowOffers": false, "summary": []}, "status": "publicado", "showUrlHasBeenCopiedSnackbar": false, "isGalleryModalOpen": false, "error": false, "loaded": true, "loading": false, "loadingCategorizedRooms": false, "selectedMedia": "tenant/HouseMedia/PHOTOS", "video": "", "promotions": [], "condominium": {}, "forRent": true, "forSale": true, "salePrice": 550000, "mortgageFirstInstallment": 0, "listings": [{"imovelId": 893761290, "businessContext": "RENT", "status": "publicado", "firstPublicationDate": "2022-09-05T19:38:55.000+0000", "lastPublicationDate": "2022-09-05T19:38:55.000+0000", "listingRentModel": {"listingBusinessContextId": 1226984, "rentalAdministrator": "QUINTOANDAR"}, "ownership": "STANDARD"}, {"imovelId": 893761290, "businessContext": "SALE", "status": "despublicado", "statusReason": "OWNER_GAVE_UP_SALE", "firstPublicationDate": "2022-09-05T19:38:55.000+0000", "lastPublicationDate": "2022-09-05T19:38:55.000+0000", "ownership": "STANDARD"}], "listingTags": [], "businessContext": "", "regionParameters": {"loaded": false, "loading": false, "RENT": {"visitsEnabled": true, "talkToAgentEnabled": false}, "SALE": {"visitsEnabled": true, "talkToAgentEnabled": false}}, "houseAgent": {"isDialogOpen": false, "alreadyOpenedByQueryParam": false}, "tenantServiceFee": 72, "closingStatus": {"loading": false}, "rentalGuarantee": {"minValue": 695, "maxValue": 2085}, "reservationAvailability": null, "isPrimaryMarket": false, "macroRegion": {"id": 2741, "name": "SPO01"}, "suites": 1, "allowsCustomOffer": false, "displayCustomOfferPreference": false, "houseVisitStatus": "ACCEPT_NEW", "visitStatusReason": null, "visitsUnavailable": false, "isReserved": false, "allowDirectOffer": true, "lastPublishedDate": "2022-09-05T19:38:55.000Z", "listingPublication": "stranded", "rentOnTermination": false, "constructionYear": null, "categories": []}, "markers": {"lat": -23.5501321, "lng": -46.6193876}, "talkToAgent": {"dialog": {"open": false, "questionType": null, "question": ""}, "agentSupport": {}, "error": null, "autoSubmit": false, "loading": false, "submitting": false, "success": false, "hasLoadedAgentInfo": false, "agent": null, "hasLoadedAgentsInRegion": false, "agentsInRegion": null}}}}, "__N_SSP": true}, "page": "/imovel/[houseId]/[[...slug]]", "query": {"houseId": "893761290", "slug": ["alugar", "casa-3-quartos-bras-sao-paulo"]}, "buildId": "gCr3Bg2lYzV9hxZqGibIQ", "runtimeConfig": {"NEXT_PUBLIC_HOME_ADVERTISING_BANNER": "coupon"}, "isFallback": false, "dynamicIds": [61847, 31265, 66435, 77453, 87356, 60899, 41103, 3232, 72227, 40072, 39327, 19904, 96827], "gssp": true, "customServer": true, "appGip": true, "locale": "pt-BR", "locales": ["pt-BR", "es-MX"], "defaultLocale": "pt-BR", "domainLocales": [{"domain": "www.quintoandar.com.br", "defaultLocale": "pt-BR"}, {"domain": "www.benvi.mx", "defaultLocale": "es-MX"}], "scriptLoader": []}