{"props": {"pageProps": {"initialState": {"route": {"locationBeforeTransitions": {"pathname": "/imovel/893768787/alugar/apartamento-3-quartos-vila-bertioga-sao-paulo", "search": "", "hash": "", "action": "POP", "query": {}}, "topLevelRouteName": "house details", "businessContext": "RENT", "favoriteListsBusinessContext": "RENT"}, "router": {"location": {"href": "/", "pathname": "/", "search": "", "hash": ""}}, "progress": {"pendingRequests": -1}, "login": {"response": {}, "user": {"isLoggedIn": false, "id": 0, "agentId": 0, "hashId": "", "sessionId": null, "name": "", "email": "", "maskedEmail": "", "jwt": {"app": "", "firebase": ""}, "phone": {"countryCode": "+55", "areaCode": "", "phoneNumber": ""}, "country": "BR", "channel": "", "isPhoneRegistered": false, "acceptWhatsapp": true, "hasDocument": false, "isPartner": false}, "accountForm": {}, "redirectUrl": "", "isRequestOngoing": false}, "captcha": {"token": "", "hasLoadedRemoteConfig": false, "provider": "", "friction": "low", "unavailableCountriesCode": []}, "supportedCities": [], "inAppMessages": {"biomaSurvey": {"isOpen": false, "formId": null, "data": {"opaque": true}}}, "metaData": {"similar_houses_clicked": []}, "appData": {"device": {"type": "desktop", "isSearchEngineCrawler": false}, "experiments": "X-AB-Test=ab_exposed_filter_sale_desktop:1,ab_exposed_filter_sale_v1:1,ab_exposed_filters:1,ab_load_more_v0:-1,ab_new_house_card_v2:0,ab_new_rent_listing_phase2:0,ab_profiling_create_alert_filters:0,ab_scheduling_step_by_step_v1:1,ab_show_floor_sale:0,ab_street_search_retrieval_v1:0"}, "house": {"houseInfo": {"id": "893768787", "displayId": "1068787", "bedrooms": 3, "city": "S\u00e3o Paulo", "cityId": 39, "bathrooms": 2, "iptu": 140, "amenities": [{"key": "BANHEIRA_DE_HIDROMASSAGEM", "text": "Banheira", "value": "NAO", "optional": false}, {"key": "BOX", "text": "Box", "value": "SIM", "optional": false}, {"key": "VARANDA", "text": "Varanda", "value": "NAO", "optional": false}, {"key": "PISCINA_PRIVATIVA", "text": "Piscina privativa", "value": "NAO", "optional": false}, {"key": "ARMARIOS_EMBUTIDOS_NO_QUARTO", "text": "Arm\u00e1rios no quarto", "value": "SIM", "optional": false}, {"key": "ARMARIOS_NOS_BANHEIROS", "text": "Arm\u00e1rios no banheiro", "value": "SIM", "optional": false}, {"key": "ARMARIOS_NA_COZINHA", "text": "Arm\u00e1rios na cozinha", "value": "SIM", "optional": false}, {"key": "AR_CONDICIONADO", "text": "Ar condicionado", "value": "NAO", "optional": false}, {"key": "CHUVEIRO_A_GAS", "text": "Chuveiro a g\u00e1s", "value": "SIM", "optional": false}, {"key": "QUARTO_DE_SERVICO", "text": "Quarto de servi\u00e7o", "value": "SIM", "optional": false}, {"key": "BANHEIRO_DE_SERVICO", "text": "Banheiro de servi\u00e7o", "value": "SIM", "optional": false}, {"key": "VARANDA_GOURMET", "text": "Varanda gourmet", "value": "SIM", "optional": false}, {"key": "APARTAMENTO_COBERTURA", "text": "Apartamento cobertura", "value": "NAO", "optional": false}, {"key": "QUARTO_EXTRA_REVERSIVEL", "text": "Quarto extra revers\u00edvel", "value": "SIM", "optional": false}, {"key": "FOGAO_INCLUSO", "text": "Fog\u00e3o", "value": "NAO", "optional": false}, {"key": "GELADEIRA_INCLUSO", "text": "Geladeira", "value": "NAO", "optional": false}, {"key": "BANHEIRO_ADAPTADO", "text": "Banheiro adaptado", "value": "NAO", "optional": false}, {"key": "CLOSET", "text": "Closet", "value": "NAO", "optional": false}, {"key": "COZINHA_AMERICANA", "text": "Cozinha americana", "value": "NAO", "optional": false}, {"key": "MESAS_E_CADEIRAS_DE_ESCRITORIO", "text": "Mesas e cadeiras de escrit\u00f3rio", "value": "NAO", "optional": false}, {"key": "JARDIM", "text": "Jardim", "value": "NAO", "optional": false}, {"key": "QUARTOS_E_CORREDORES_COM_PORTAS_AMPLAS", "text": "Quartos e corredores com portas amplas", "value": "SIM", "optional": false}, {"key": "QUINTAL", "text": "Quintal", "value": "NAO", "optional": false}, {"key": "SOMENTE_UMA_CASA_NO_TERRENO", "text": "Somente uma casa no terreno", "value": "NAO", "optional": false}, {"key": "AREA_DE_SERVICO", "text": "\u00c1rea de servi\u00e7o", "value": "SIM", "optional": false}], "comfortCommodities": [{"key": "BANHEIRA_DE_HIDROMASSAGEM", "text": "Banheira", "value": "NAO", "optional": false}, {"key": "PISCINA_PRIVATIVA", "text": "Piscina privativa", "value": "NAO", "optional": false}, {"key": "AR_CONDICIONADO", "text": "Ar condicionado", "value": "NAO", "optional": false}, {"key": "SOL_DA_MANHA", "text": "Sol da manh\u00e3", "value": "SIM", "optional": false}, {"key": "SOL_DA_TARDE", "text": "Sol da tarde", "value": "SIM", "optional": false}, {"key": "CORTINAS_BLACK_OUT", "text": "Cortinas corta luz", "value": "SIM", "optional": false}, {"key": "CORTINAS_DECORATIVAS", "text": "Cortina transl\u00facida", "value": "SIM", "optional": false}, {"key": "JANELA_ANTI_RUIDO", "text": "Janela anti-ru\u00eddo", "value": "SIM", "optional": false}, {"key": "VENTILADOR_DE_TETO", "text": "Ventilador de teto", "value": "NAO", "optional": false}, {"key": "LUMINOSIDADE_NATURAL", "text": "Janelas grandes", "value": "SIM", "optional": false}, {"key": "VISTA_LIVRE", "text": "Vista livre", "value": "SIM", "optional": false}, {"key": "RUA_SILENCIOSA", "text": "Rua silenciosa", "value": "SIM", "optional": false}], "practicalityCommodities": [{"key": "BOX", "text": "Box", "value": "SIM", "optional": false}, {"key": "ARMARIOS_EMBUTIDOS_NO_QUARTO", "text": "Arm\u00e1rios no quarto", "value": "SIM", "optional": false}, {"key": "ARMARIOS_NOS_BANHEIROS", "text": "Arm\u00e1rios no banheiro", "value": "SIM", "optional": false}, {"key": "ARMARIOS_NA_COZINHA", "text": "Arm\u00e1rios na cozinha", "value": "SIM", "optional": false}, {"key": "CHUVEIRO_A_GAS", "text": "Chuveiro a g\u00e1s", "value": "SIM", "optional": false}, {"key": "FOGAO_INCLUSO", "text": "Fog\u00e3o", "value": "NAO", "optional": false}, {"key": "GELADEIRA_INCLUSO", "text": "Geladeira", "value": "NAO", "optional": false}, {"key": "CHUVEIRO_ELETRICO", "text": "Chuveiro el\u00e9trico", "value": "SIM", "optional": false}, {"key": "MICROONDAS", "text": "Microondas", "value": "NAO", "optional": false}, {"key": "SOFA", "text": "Sof\u00e1", "value": "NAO", "optional": false}, {"key": "MAQUINA_DE_LAVAR", "text": "M\u00e1quina de lavar", "value": "NAO", "optional": false}, {"key": "TANQUE", "text": "Tanque", "value": "SIM", "optional": false}, {"key": "REDE_DE_PROTECAO", "text": "Tela nas janelas", "value": "SIM", "optional": false}, {"key": "VARAL_DE_ROUPAS", "text": "Varal de roupas", "value": "SIM", "optional": false}, {"key": "TOMADAS_NOVAS", "text": "Tomadas 3 pinos", "value": "SIM", "optional": false}, {"key": "TELEVISAO", "text": "Televis\u00e3o", "value": "NAO", "optional": false}, {"key": "MESAS_E_CADEIRAS_DE_JANTAR", "text": "Mesas e cadeiras de jantar", "value": "NAO", "optional": false}, {"key": "CHURRASQUEIRA", "text": "Churrasqueira", "value": "SIM", "optional": false}, {"key": "ACESSO_SEM_DEGRAUS", "text": "Acesso sem degraus", "value": "SIM", "optional": false}, {"key": "COOKTOP", "text": "Fog\u00e3o cooktop", "value": "NAO", "optional": false}, {"key": "UTENSILIOS_DE_COZINHA", "text": "Utens\u00edlios de cozinha", "value": "NAO", "optional": false}, {"key": "CAMA_DE_CASAL", "text": "Cama de casal", "value": "NAO", "optional": false}, {"key": "CAMA_DE_SOLTEIRO", "text": "Cama de solteiro", "value": "NAO", "optional": false}, {"key": "ESPELHO_NO_BANHEIRO", "text": "Espelho no banheiro", "value": "SIM", "optional": false}, {"key": "FECHADURA_ELETRONICA", "text": "Fechadura eletr\u00f4nica", "value": "SIM", "optional": false}, {"key": "ENERGIA", "text": "Energia no im\u00f3vel", "value": "SIM", "optional": false}], "area": 64, "installations": [{"key": "PLAYGROUND", "text": "Playground", "value": "SIM"}, {"key": "PISCINA", "text": "Piscina", "value": "SIM"}, {"key": "CHURRASQUEIRA", "text": "Churrasqueira", "value": "NAO"}, {"key": "QUADRA_ESPORTIVA", "text": "Quadra esportiva", "value": "NAO"}, {"key": "ACADEMIA", "text": "Academia", "value": "SIM"}, {"key": "SALAO_DE_FESTAS", "text": "Sal\u00e3o de festas", "value": "SIM"}, {"key": "SAUNA", "text": "Sauna", "value": "NAO"}, {"key": "LAVANDERIA_NO_PREDIO", "text": "Lavanderia no pr\u00e9dio", "value": "NAO"}, {"key": "GAS_ENCANADO", "text": "G\u00e1s encanado", "value": "SIM"}, {"key": "ESPACO_GOURMET_NA_AREA_COMUM", "text": "Espa\u00e7o gourmet na \u00e1rea comum", "value": "SIM"}, {"key": "BRINQUEDOTECA", "text": "Brinquedoteca", "value": "NAO"}, {"key": "CORRIMAO", "text": "Corrim\u00e3o", "value": "SIM"}, {"key": "PISO_TATIL", "text": "Piso t\u00e1til", "value": "SIM"}, {"key": "RAMPAS_DE_ACESSO", "text": "Rampas de acesso", "value": "SIM"}, {"key": "SALAO_DE_JOGOS", "text": "Sal\u00e3o de jogos", "value": "NAO"}, {"key": "VAGA_DE_GARAGEM_ACESSIVEL", "text": "Vaga de garagem acess\u00edvel", "value": "SIM"}, {"key": "AREA_VERDE", "text": "\u00c1rea verde", "value": "SIM"}, {"key": "Elevador", "value": "SIM"}, {"key": "Porteiro24H", "value": "SIM"}], "rentPrice": 2600, "condoPrice": 725, "condoType": "Normal", "region": {"name": "Mooca", "hub": {"loading": "UNSET", "enabled": false, "abSecretariat": false, "isPrimaryMarket": false}, "id": 1302}, "type": "Apartamento", "iptuType": "Normal", "totalCost": 3565, "parkingSpaces": 2, "address": {"street": "Rua Pira\u00e7ununga", "neighborhood": "Vila Bertioga", "city": "S\u00e3o Paulo", "zipCode": "03187-010", "stateName": "S\u00e3o Paulo", "stateAcronym": "SP", "lat": -23.5633958, "lng": -46.5786778, "countryName": "Brasil", "countryCode": "BR", "country": "Brasil"}, "floor": 1, "homeProtection": 33, "remarks": "Fa\u00e7a sua proposta. Aconchegante apartamento \u00e0 venda com 3 quartos, sendo 1 su\u00edte e 2 banheiros. \u00danica torre. Este apartamento \u00e9 bem equipado com arm\u00e1rios na cozinha, nos quartos, nos banheiros, bom para quem procura conforto e comodidade e fica situado no primeiro andar com a vis\u00e3o de quarto andar, visto a posi\u00e7\u00e3o em rela\u00e7\u00e3o a rua. O condom\u00ednio \u00e9 bem equipado com diversas instala\u00e7\u00f5es, dep\u00f3sito de 3 m\u00b2, 2 vagas de garagens, sal\u00e3o de festas para 70 pessoas com churrasqueira, antena coletiva, academia, brinquedoteca, apropriado para quem busca lazer sem sair de casa e fica localizado em Rua Pira\u00e7ununga no bairro Mooca em S\u00e3o Paulo. Quadra de areia, churrasqueira e forno de pizza em constru\u00e7\u00e3o. \u00c9 bem localizado, pr\u00f3ximo a pontos de interesse no Alto da Mooca, tais como Escolas (MMDC, Andre Xavier Gallicho, S\u00e3o Judas Tadeu, Santa Catarina), Universidades (S\u00e3o Judas Tadeu, Anhembi Morumbi, Uninove, Unicsul, Unicid), Restaurantes (Habibs, Ragazzo, Burger King).\nPr\u00f3ximos aos shoppings Tatuap\u00e9, An\u00e1lia Franco e Mooca. \nCondom\u00ednio com manuten\u00e7\u00e3o e investimentos frequentes e sem processos judiciais trabalhistas ou c\u00edveis. Mais comodidade e seguran\u00e7a.", "acceptsPets": false, "hasFurniture": false, "isNearSubway": false, "placesNearby": [{"name": "Escola de Idiomas", "type": "SCHOOL", "slug": "escola-de-idiomas-mooca-sao-paulo-sp"}, {"name": "Pra\u00e7a da Enta", "type": "PARK_OR_GREEN_AREA", "slug": "praca-da-enta-mooca-sao-paulo-sp"}, {"name": "Campo do Misto", "type": "STADIUM", "slug": "campo-do-misto-mooca-sao-paulo-sp"}, {"name": "Yazigi", "type": "SCHOOL", "slug": "yazigi-mooca-sao-paulo-sp"}, {"name": "Escola Municipal Iliano Di Cavalcanti", "type": "SCHOOL", "slug": "escola-municipal-iliano-di-cavalcanti-vila-invernada-sao-paulo-sp"}, {"name": "Escola Municipal de Educa\u00e7\u00e3o Infantil Corn\u00e9lio Pires", "type": "SCHOOL", "slug": "escola-municipal-de-educacao-infantil-cornelio-pires-vila-invernada-sao-paulo-sp"}, {"name": "DeRose Method An\u00e1lia Franco", "type": "UNIVERSITY_OR_COLLEGE", "slug": "derose-method-analia-franco-jardim-analia-franco-sao-paulo-sp"}, {"name": "Escola Estadual Isa\u00ed Lairner", "type": "SCHOOL", "slug": "escola-estadual-isai-lairner-vila-invernada-sao-paulo-sp-brasil"}, {"name": "Dem\u00f4nios Garoa Produ\u00e7\u00f5es Art\u00edsticas Representa\u00e7\u00f5es", "type": "MUSEUM_THEATRE_OR_CONCERT_HALL", "slug": "demonios-garoa-producoes-artisticas-representacoes-mooca-sao-paulo-sp"}, {"name": "Wise Up An\u00e1lia Franco", "type": "UNIVERSITY_OR_COLLEGE", "slug": "wise-up-analia-franco-jardim-analia-franco-sao-paulo-sp"}, {"name": "Rede Decis\u00e3o", "type": "SCHOOL", "slug": "rede-decisao-vila-invernada-sao-paulo-sp-brasil"}, {"name": "Col\u00e9gio Luterano de S\u00e3o Paulo", "type": "SCHOOL", "slug": "colegio-luterano-de-sao-paulo-vila-invernada-sao-paulo-sp-brasil"}, {"name": "DeRose Method Alto da Mooca", "type": "UNIVERSITY_OR_COLLEGE", "slug": "derose-method-alto-da-mooca-mooca-sao-paulo-sp"}, {"name": "Silvio Romero Plaza", "type": "SHOPPING_MALL", "slug": "silvio-romero-plaza-tatuape-sao-paulo-sp"}], "availabilityType": "IMMEDIATE", "photos": [{"id": 29983016, "subtitle": "Sala ", "url": "893768787-895.5895329406942IMG8509.JPG", "cover": true}, {"id": 29983020, "subtitle": "Sala ", "url": "893768787-922.8343850599063IMG8510.JPG", "cover": false}, {"id": 29983024, "subtitle": "Sala ", "url": "893768787-275.32681281234693IMG8515.JPG", "cover": false}, {"id": 29983027, "subtitle": "Sala ", "url": "893768787-305.41484413646737IMG8517.JPG", "cover": false}, {"id": 29983031, "subtitle": "Sacada ", "url": "893768787-568.6119372769908IMG8518.JPG", "cover": false}, {"id": 29983034, "subtitle": "Vista da Sacada ", "url": "893768787-926.9133875812231IMG8519.JPG", "cover": false}, {"id": 29983039, "subtitle": "Sacada ", "url": "893768787-733.9552644831751IMG8520.JPG", "cover": false}, {"id": 29983045, "subtitle": "Sacada ", "url": "893768787-695.1647591349764IMG8521.JPG", "cover": false}, {"id": 29983049, "subtitle": "Quarto 1", "url": "893768787-806.2460484424321IMG8522.JPG", "cover": false}, {"id": 29983057, "subtitle": "Quarto 1", "url": "893768787-967.8347803079414IMG8523.JPG", "cover": false}, {"id": 29983063, "subtitle": "Quarto 1", "url": "893768787-10.736101288220334IMG8526.JPG", "cover": false}, {"id": 29983068, "subtitle": "Quarto 1", "url": "893768787-61.395189450729085IMG8527.JPG", "cover": false}, {"id": 29983074, "subtitle": "Quarto 2", "url": "893768787-201.60892315411684IMG8528.JPG", "cover": false}, {"id": 29983082, "subtitle": "Quarto 2", "url": "893768787-45.87794660834288IMG8530.JPG", "cover": false}, {"id": 29983088, "subtitle": "Quarto 2", "url": "893768787-731.8031532768482IMG8531.JPG", "cover": false}, {"id": 29983095, "subtitle": "Quarto 2", "url": "893768787-541.1176553143316IMG8532.JPG", "cover": false}, {"id": 29983104, "subtitle": "Suite ", "url": "893768787-392.8880535329451IMG8533.JPG", "cover": false}, {"id": 29983114, "subtitle": "Suite ", "url": "893768787-114.75249447167567IMG8534.JPG", "cover": false}, {"id": 29983121, "subtitle": "Suite ", "url": "893768787-542.7127723605125IMG8535.JPG", "cover": false}, {"id": 29983128, "subtitle": "Suite ", "url": "893768787-686.0622953760397IMG8536.JPG", "cover": false}, {"id": 29983133, "subtitle": "Banheiro da Su\u00edte", "url": "893768787-794.145980589521IMG8538.JPG", "cover": false}, {"id": 29983140, "subtitle": "Banheiro da Su\u00edte", "url": "893768787-090-832.6704587162293IMG8539.JPG", "cover": false}, {"id": 29983149, "subtitle": "Banheiro da Su\u00edte - pia", "url": "893768787-37.726538253065264IMG8540.JPG", "cover": false}, {"id": 29983157, "subtitle": "Banheiro da Su\u00edte", "url": "893768787-090-576.6904970941854IMG8541.JPG", "cover": false}, {"id": 29983165, "subtitle": "Banheiro Social", "url": "893768787-915.2420050499379IMG8542.JPG", "cover": false}, {"id": 29983171, "subtitle": "Banheiro Social", "url": "893768787-090-739.5426361516949IMG8543.JPG", "cover": false}, {"id": 29983179, "subtitle": "Banheiro Social - pia", "url": "893768787-969.0884742751316IMG8544.JPG", "cover": false}, {"id": 29983188, "subtitle": "Banheiro Social", "url": "893768787-090-543.4059568800686IMG8545.JPG", "cover": false}, {"id": 29983193, "subtitle": "Cozinha ", "url": "893768787-910.4236518492836IMG8546.JPG", "cover": false}, {"id": 29983196, "subtitle": "Cozinha ", "url": "893768787-50.793714193171134IMG8547.JPG", "cover": false}, {"id": 29983199, "subtitle": "Cozinha ", "url": "893768787-912.0872378116956IMG8548.JPG", "cover": false}, {"id": 29983203, "subtitle": "Cozinha ", "url": "893768787-900.418128719836IMG8549.JPG", "cover": false}, {"id": 29983206, "subtitle": "\u00c1rea de Servi\u00e7o", "url": "893768787-191.46471607868776IMG8550.JPG", "cover": false}, {"id": 29983208, "subtitle": "\u00c1rea de Servi\u00e7o", "url": "893768787-272.92417169345185IMG8551.JPG", "cover": false}, {"id": 29983212, "subtitle": "\u00c1rea de Servi\u00e7o", "url": "893768787-090-531.5771518349363IMG8552.JPG", "cover": false}, {"id": 29983216, "subtitle": "\u00c1rea de Servi\u00e7o - tanque", "url": "893768787-603.387807732342IMG8553.JPG", "cover": false}, {"id": 29983222, "subtitle": "Hall social", "url": "893768787-761.0343435816902IMG8555.JPG", "cover": false}, {"id": 29983225, "subtitle": "\u00c1rea comum", "url": "893768787-351.97563204253737IMG8556.JPG", "cover": false}, {"id": 29983227, "subtitle": "\u00c1rea comum - Academia", "url": "893768787-339.8557188945015IMG8557.JPG", "cover": false}, {"id": 29983230, "subtitle": "\u00c1rea Comum - Playground", "url": "893768787-995.0271287079177IMG8558.JPG", "cover": false}, {"id": 29983935, "subtitle": "\u00c1rea comum - Piscina", "url": "893768787-124.1614866370484piscina.jpg", "cover": false}, {"id": 29983233, "subtitle": "Fachada", "url": "893768787-231.34202555052408IMG8559.JPG", "cover": false}], "photosCategorizedByRooms": [], "relevantRegions": [], "photospheres": [], "specialConditions": [], "offers": {"closingRate": 0, "shouldHighlightIcon": true, "shouldShowOfferDialog": false, "shouldShowOffers": false, "summary": []}, "status": "publicado", "showUrlHasBeenCopiedSnackbar": false, "isGalleryModalOpen": false, "error": false, "loaded": true, "loading": false, "loadingCategorizedRooms": false, "selectedMedia": "tenant/HouseMedia/PHOTOS", "video": "", "promotions": [], "condominium": {}, "forRent": true, "forSale": true, "salePrice": 470000, "mortgageFirstInstallment": 0, "listings": [{"imovelId": 893768787, "businessContext": "SALE", "status": "publicado", "firstPublicationDate": "2022-09-14T21:56:21.000+0000", "lastPublicationDate": "2022-09-14T21:56:21.000+0000", "ownership": "STANDARD"}, {"imovelId": 893768787, "businessContext": "RENT", "status": "publicado", "firstPublicationDate": "2022-10-31T22:35:09.000+0000", "lastPublicationDate": "2022-10-31T22:35:09.000+0000", "listingRentModel": {"listingBusinessContextId": 1293461, "rentalAdministrator": "QUINTOANDAR"}, "ownership": "STANDARD"}], "listingTags": [], "businessContext": "", "regionParameters": {"loaded": false, "loading": false, "RENT": {"visitsEnabled": true, "talkToAgentEnabled": false}, "SALE": {"visitsEnabled": true, "talkToAgentEnabled": false}}, "houseAgent": {"isDialogOpen": false, "alreadyOpenedByQueryParam": false}, "tenantServiceFee": 67, "closingStatus": {"loading": false}, "rentalGuarantee": {"minValue": 650, "maxValue": 1950}, "reservationAvailability": null, "isPrimaryMarket": false, "macroRegion": {"id": 2741, "name": "SPO01"}, "suites": 1, "houseVisitStatus": "ACCEPT_NEW", "visitStatusReason": null, "visitsUnavailable": false, "isReserved": false, "allowDirectOffer": true, "lastPublishedDate": "2022-10-31T22:35:09.000Z", "listingPublication": "stranded", "rentOnTermination": false, "constructionYear": null, "categories": []}, "markers": {"lat": -23.5633958, "lng": -46.5786778}, "talkToAgent": {"dialog": {"open": false, "questionType": null, "question": ""}, "agentSupport": {}, "error": null, "autoSubmit": false, "loading": false, "submitting": false, "success": false, "hasLoadedAgentInfo": false, "agent": null, "hasLoadedAgentsInRegion": false, "agentsInRegion": null}}}}, "__N_SSP": true}, "page": "/imovel/[houseId]/[[...slug]]", "query": {"houseId": "893768787", "slug": ["alugar", "apartamento-3-quartos-vila-bertioga-sao-paulo"]}, "buildId": "gCr3Bg2lYzV9hxZqGibIQ", "runtimeConfig": {"NEXT_PUBLIC_HOME_ADVERTISING_BANNER": "coupon"}, "isFallback": false, "dynamicIds": [61847, 31265, 66435, 77453, 87356, 60899, 41103, 3232, 33207, 72227, 40072, 39327, 19904, 96827], "gssp": true, "customServer": true, "appGip": true, "locale": "pt-BR", "locales": ["pt-BR", "es-MX"], "defaultLocale": "pt-BR", "domainLocales": [{"domain": "www.quintoandar.com.br", "defaultLocale": "pt-BR"}, {"domain": "www.benvi.mx", "defaultLocale": "es-MX"}], "scriptLoader": []}