{"props": {"pageProps": {"initialState": {"route": {"locationBeforeTransitions": {"pathname": "/imovel/893762944/alugar/apartamento-2-quartos-vila-formosa-sao-paulo", "search": "", "hash": "", "action": "POP", "query": {}}, "topLevelRouteName": "house details", "businessContext": "RENT", "favoriteListsBusinessContext": "RENT"}, "router": {"location": {"href": "/", "pathname": "/", "search": "", "hash": ""}}, "progress": {"pendingRequests": -1}, "login": {"response": {}, "user": {"isLoggedIn": false, "id": 0, "agentId": 0, "hashId": "", "sessionId": null, "name": "", "email": "", "maskedEmail": "", "jwt": {"app": "", "firebase": ""}, "phone": {"countryCode": "+55", "areaCode": "", "phoneNumber": ""}, "country": "BR", "channel": "", "isPhoneRegistered": false, "acceptWhatsapp": true, "hasDocument": false, "isPartner": false}, "accountForm": {}, "redirectUrl": "", "isRequestOngoing": false}, "captcha": {"token": "", "hasLoadedRemoteConfig": false, "provider": "", "friction": "low", "unavailableCountriesCode": []}, "supportedCities": [], "inAppMessages": {"biomaSurvey": {"isOpen": false, "formId": null, "data": {"opaque": true}}}, "metaData": {"similar_houses_clicked": []}, "appData": {"device": {"type": "desktop", "isSearchEngineCrawler": false}, "experiments": "X-AB-Test=ab_exposed_filter_sale_desktop:1,ab_exposed_filter_sale_v1:1,ab_exposed_filters:1,ab_load_more_v0:-1,ab_new_house_card_v2:0,ab_new_rent_listing_phase2:0,ab_profiling_create_alert_filters:0,ab_scheduling_step_by_step_v1:1,ab_show_floor_sale:0,ab_street_search_retrieval_v1:0"}, "house": {"houseInfo": {"id": "893762944", "displayId": "1062944", "bedrooms": 2, "city": "S\u00e3o Paulo", "cityId": 39, "bathrooms": 1, "iptu": 50, "amenities": [{"key": "BANHEIRA_DE_HIDROMASSAGEM", "text": "Banheira", "value": "NAO", "optional": false}, {"key": "BOX", "text": "Box", "value": "NAO", "optional": false}, {"key": "VARANDA", "text": "Varanda", "value": "NAO", "optional": false}, {"key": "PISCINA_PRIVATIVA", "text": "Piscina privativa", "value": "NAO", "optional": false}, {"key": "ARMARIOS_EMBUTIDOS_NO_QUARTO", "text": "Arm\u00e1rios no quarto", "value": "NAO", "optional": false}, {"key": "ARMARIOS_NOS_BANHEIROS", "text": "Arm\u00e1rios no banheiro", "value": "NAO", "optional": false}, {"key": "ARMARIOS_NA_COZINHA", "text": "Arm\u00e1rios na cozinha", "value": "NAO", "optional": false}, {"key": "AR_CONDICIONADO", "text": "Ar condicionado", "value": "NAO", "optional": false}, {"key": "CHUVEIRO_A_GAS", "text": "Chuveiro a g\u00e1s", "value": "NAO", "optional": false}, {"key": "QUARTO_DE_SERVICO", "text": "Quarto de servi\u00e7o", "value": "NAO", "optional": false}, {"key": "BANHEIRO_DE_SERVICO", "text": "Banheiro de servi\u00e7o", "value": "NAO", "optional": false}, {"key": "VARANDA_GOURMET", "text": "Varanda gourmet", "value": "NAO", "optional": false}, {"key": "APARTAMENTO_COBERTURA", "text": "Apartamento cobertura", "value": "NAO", "optional": false}, {"key": "QUARTO_EXTRA_REVERSIVEL", "text": "Quarto extra revers\u00edvel", "value": "NAO", "optional": false}, {"key": "FOGAO_INCLUSO", "text": "Fog\u00e3o", "value": "NAO", "optional": false}, {"key": "GELADEIRA_INCLUSO", "text": "Geladeira", "value": "NAO", "optional": false}, {"key": "BANHEIRO_ADAPTADO", "text": "Banheiro adaptado", "value": "NAO", "optional": false}, {"key": "CLOSET", "text": "Closet", "value": "NAO", "optional": false}, {"key": "COZINHA_AMERICANA", "text": "Cozinha americana", "value": "NAO", "optional": false}, {"key": "MESAS_E_CADEIRAS_DE_ESCRITORIO", "text": "Mesas e cadeiras de escrit\u00f3rio", "value": "NAO", "optional": false}, {"key": "JARDIM", "text": "Jardim", "value": "NAO", "optional": false}, {"key": "QUARTOS_E_CORREDORES_COM_PORTAS_AMPLAS", "text": "Quartos e corredores com portas amplas", "value": "NAO", "optional": false}, {"key": "QUINTAL", "text": "Quintal", "value": "NAO", "optional": false}, {"key": "SOMENTE_UMA_CASA_NO_TERRENO", "text": "Somente uma casa no terreno", "value": "NAO", "optional": false}, {"key": "AREA_DE_SERVICO", "text": "\u00c1rea de servi\u00e7o", "value": "SIM", "optional": false}], "comfortCommodities": [{"key": "BANHEIRA_DE_HIDROMASSAGEM", "text": "Banheira", "value": "NAO", "optional": false}, {"key": "PISCINA_PRIVATIVA", "text": "Piscina privativa", "value": "NAO", "optional": false}, {"key": "AR_CONDICIONADO", "text": "Ar condicionado", "value": "NAO", "optional": false}, {"key": "SOL_DA_MANHA", "text": "Sol da manh\u00e3", "value": "NAO", "optional": false}, {"key": "SOL_DA_TARDE", "text": "Sol da tarde", "value": "NAO", "optional": false}, {"key": "CORTINAS_BLACK_OUT", "text": "Cortinas corta luz", "value": "NAO", "optional": false}, {"key": "CORTINAS_DECORATIVAS", "text": "Cortina transl\u00facida", "value": "NAO", "optional": false}, {"key": "JANELA_ANTI_RUIDO", "text": "Janela anti-ru\u00eddo", "value": "NAO", "optional": false}, {"key": "VENTILADOR_DE_TETO", "text": "Ventilador de teto", "value": "NAO", "optional": false}, {"key": "LUMINOSIDADE_NATURAL", "text": "Janelas grandes", "value": "NAO", "optional": false}, {"key": "VISTA_LIVRE", "text": "Vista livre", "value": "SIM", "optional": false}, {"key": "RUA_SILENCIOSA", "text": "Rua silenciosa", "value": "SIM", "optional": false}], "practicalityCommodities": [{"key": "BOX", "text": "Box", "value": "NAO", "optional": false}, {"key": "ARMARIOS_EMBUTIDOS_NO_QUARTO", "text": "Arm\u00e1rios no quarto", "value": "NAO", "optional": false}, {"key": "ARMARIOS_NOS_BANHEIROS", "text": "Arm\u00e1rios no banheiro", "value": "NAO", "optional": false}, {"key": "ARMARIOS_NA_COZINHA", "text": "Arm\u00e1rios na cozinha", "value": "NAO", "optional": false}, {"key": "CHUVEIRO_A_GAS", "text": "Chuveiro a g\u00e1s", "value": "NAO", "optional": false}, {"key": "FOGAO_INCLUSO", "text": "Fog\u00e3o", "value": "NAO", "optional": false}, {"key": "GELADEIRA_INCLUSO", "text": "Geladeira", "value": "NAO", "optional": false}, {"key": "CHUVEIRO_ELETRICO", "text": "Chuveiro el\u00e9trico", "value": "NAO", "optional": false}, {"key": "MICROONDAS", "text": "Microondas", "value": "NAO", "optional": false}, {"key": "SOFA", "text": "Sof\u00e1", "value": "NAO", "optional": false}, {"key": "MAQUINA_DE_LAVAR", "text": "M\u00e1quina de lavar", "value": "NAO", "optional": false}, {"key": "TANQUE", "text": "Tanque", "value": "SIM", "optional": false}, {"key": "REDE_DE_PROTECAO", "text": "Tela nas janelas", "value": "NAO", "optional": false}, {"key": "VARAL_DE_ROUPAS", "text": "Varal de roupas", "value": "NAO", "optional": false}, {"key": "TOMADAS_NOVAS", "text": "Tomadas 3 pinos", "value": "NAO", "optional": false}, {"key": "TELEVISAO", "text": "Televis\u00e3o", "value": "NAO", "optional": false}, {"key": "MESAS_E_CADEIRAS_DE_JANTAR", "text": "Mesas e cadeiras de jantar", "value": "NAO", "optional": false}, {"key": "CHURRASQUEIRA", "text": "Churrasqueira", "value": "NAO", "optional": false}, {"key": "ACESSO_SEM_DEGRAUS", "text": "Acesso sem degraus", "value": "NAO", "optional": false}, {"key": "COOKTOP", "text": "Fog\u00e3o cooktop", "value": "NAO", "optional": false}, {"key": "UTENSILIOS_DE_COZINHA", "text": "Utens\u00edlios de cozinha", "value": "NAO", "optional": false}, {"key": "CAMA_DE_CASAL", "text": "Cama de casal", "value": "NAO", "optional": false}, {"key": "CAMA_DE_SOLTEIRO", "text": "Cama de solteiro", "value": "NAO", "optional": false}, {"key": "ESPELHO_NO_BANHEIRO", "text": "Espelho no banheiro", "value": "NAO", "optional": false}, {"key": "FECHADURA_ELETRONICA", "text": "Fechadura eletr\u00f4nica", "value": "NAO", "optional": false}, {"key": "ENERGIA", "text": "Energia no im\u00f3vel", "value": "NAO", "optional": false}], "area": 40, "installations": [{"key": "PLAYGROUND", "text": "Playground", "value": "NAO"}, {"key": "PISCINA", "text": "Piscina", "value": "NAO"}, {"key": "CHURRASQUEIRA", "text": "Churrasqueira", "value": "NAO"}, {"key": "QUADRA_ESPORTIVA", "text": "Quadra esportiva", "value": "NAO"}, {"key": "ACADEMIA", "text": "Academia", "value": "NAO"}, {"key": "SALAO_DE_FESTAS", "text": "Sal\u00e3o de festas", "value": "NAO"}, {"key": "SAUNA", "text": "Sauna", "value": "NAO"}, {"key": "LAVANDERIA_NO_PREDIO", "text": "Lavanderia no pr\u00e9dio", "value": "NAO"}, {"key": "GAS_ENCANADO", "text": "G\u00e1s encanado", "value": "NAO_INFORMADO"}, {"key": "ESPACO_GOURMET_NA_AREA_COMUM", "text": "Espa\u00e7o gourmet na \u00e1rea comum", "value": "NAO_INFORMADO"}, {"key": "BRINQUEDOTECA", "text": "Brinquedoteca", "value": "NAO"}, {"key": "CORRIMAO", "text": "Corrim\u00e3o", "value": "NAO"}, {"key": "PISO_TATIL", "text": "Piso t\u00e1til", "value": "NAO"}, {"key": "RAMPAS_DE_ACESSO", "text": "Rampas de acesso", "value": "NAO"}, {"key": "SALAO_DE_JOGOS", "text": "Sal\u00e3o de jogos", "value": "NAO"}, {"key": "VAGA_DE_GARAGEM_ACESSIVEL", "text": "Vaga de garagem acess\u00edvel", "value": "NAO"}, {"key": "AREA_VERDE", "text": "\u00c1rea verde", "value": "NAO"}, {"key": "Elevador", "value": "NAO"}, {"key": "Porteiro24H", "value": "NAO"}], "rentPrice": 1300, "condoPrice": 100, "condoType": "Normal", "region": {"name": "Vila Formosa", "hub": {"loading": "UNSET", "enabled": false, "abSecretariat": false, "isPrimaryMarket": false}, "id": 1589}, "type": "Apartamento", "iptuType": "Normal", "totalCost": 1500, "parkingSpaces": 0, "address": {"street": "Rua Anjo Cust\u00f3dio", "neighborhood": "Vila Formosa", "city": "S\u00e3o Paulo", "zipCode": "03358-040", "stateName": "S\u00e3o Paulo", "stateAcronym": "SP", "lat": -23.5660001, "lng": -46.551087, "countryName": "Brasil", "countryCode": "BR", "country": "Brasil"}, "floor": 2, "homeProtection": 17, "acceptsPets": true, "hasFurniture": false, "isNearSubway": false, "placesNearby": [{"name": "Col\u00e9gio Alvorada", "type": "SCHOOL", "slug": "colegio-alvorada-vila-formosa-sao-paulo-sp"}, {"name": "Col\u00e9gio Framtid", "type": "SCHOOL", "slug": "colegio-framtid-chacara-mafalda-sao-paulo-sp-brasil"}, {"name": "Shopping An\u00e1lia Franco", "type": "SHOPPING_MALL", "slug": "shopping-analia-franco-tatuape-sao-paulo-sp"}, {"name": "Escola P\u00fablica Estadual Anna Teixeira Prado Zacharias", "type": "SCHOOL", "slug": "escola-publica-estadual-anna-teixeira-prado-zacharias-chacara-mafalda-sao-paulo-sp-brasil"}, {"name": "Leste Cor Centro M\u00e9dico", "type": "HOSPITAL", "slug": "leste-cor-centro-medico-chacara-mafalda-sao-paulo-sp-brasil"}, {"name": "Rede Decis\u00e3o", "type": "SCHOOL", "slug": "rede-decisao-vila-invernada-sao-paulo-sp-brasil"}, {"name": "Col\u00e9gio Luterano de S\u00e3o Paulo", "type": "SCHOOL", "slug": "colegio-luterano-de-sao-paulo-vila-invernada-sao-paulo-sp-brasil"}, {"name": "Escola Estadual Isa\u00ed Lairner", "type": "SCHOOL", "slug": "escola-estadual-isai-lairner-vila-invernada-sao-paulo-sp-brasil"}, {"name": "Wise Up An\u00e1lia Franco", "type": "UNIVERSITY_OR_COLLEGE", "slug": "wise-up-analia-franco-jardim-analia-franco-sao-paulo-sp"}, {"name": "Senac Idiomas", "type": "UNIVERSITY_OR_COLLEGE", "slug": "senac-idiomas-jardim-analia-franco-sao-paulo-sp"}, {"name": "Parque da Vila Ema", "type": "PARK_OR_GREEN_AREA", "slug": "parque-da-vila-ema-vila-ema-sao-paulo-sp-brasil"}, {"name": "Escola Santa Marina", "type": "SCHOOL", "slug": "escola-santa-marina-vila-carrao-sao-paulo-sp"}, {"name": "Escola Municipal Iliano Di Cavalcanti", "type": "SCHOOL", "slug": "escola-municipal-iliano-di-cavalcanti-vila-invernada-sao-paulo-sp"}, {"name": "Escola Municipal de Educa\u00e7\u00e3o Infantil Corn\u00e9lio Pires", "type": "SCHOOL", "slug": "escola-municipal-de-educacao-infantil-cornelio-pires-vila-invernada-sao-paulo-sp"}], "availabilityType": "IMMEDIATE", "photos": [{"id": 29803976, "subtitle": "Sala e Cozinha", "url": "893762944-5.6121152452141Quintoandar0005.jpg", "cover": true}, {"id": 29803964, "subtitle": "Sala e Cozinha", "url": "893762944-20.622128589871558Quintoandar0001.jpg", "cover": false}, {"id": 29803967, "subtitle": "Sala e Cozinha", "url": "893762944-33.369790015572384Quintoandar0002.jpg", "cover": false}, {"id": 29803970, "subtitle": "Sala e Cozinha", "url": "893762944-579.4970177692524Quintoandar0003.jpg", "cover": false}, {"id": 29803973, "subtitle": "Sala e Cozinha", "url": "893762944-128.20641978143865Quintoandar0004.jpg", "cover": false}, {"id": 29803978, "subtitle": "Sala e Cozinha", "url": "893762944-378.458092875547Quintoandar0006.jpg", "cover": false}, {"id": 29803981, "subtitle": "Sala e Cozinha", "url": "893762944-291.02210853308577Quintoandar0007.jpg", "cover": false}, {"id": 29803985, "subtitle": "Sala e Cozinha", "url": "893762944-118.19715177694046Quintoandar0008.jpg", "cover": false}, {"id": 29803989, "subtitle": "Sala e Cozinha", "url": "893762944-499.1461156237813Quintoandar0009.jpg", "cover": false}, {"id": 29803991, "subtitle": "Sala e Cozinha", "url": "893762944-678.6726545631313Quintoandar0010.jpg", "cover": false}, {"id": 29803995, "subtitle": "\u00c1rea de Servi\u00e7o", "url": "893762944-12.267613173465698Quintoandar0011.jpg", "cover": false}, {"id": 29804000, "subtitle": "\u00c1rea de Servi\u00e7o", "url": "893762944-304.7886433141953Quintoandar0012.jpg", "cover": false}, {"id": 29804005, "subtitle": "\u00c1rea de Servi\u00e7o", "url": "893762944-976.9930538179859Quintoandar0013.jpg", "cover": false}, {"id": 29804011, "subtitle": "\u00c1rea de Servi\u00e7o", "url": "893762944-47.78792034151014Quintoandar0014.jpg", "cover": false}, {"id": 29804016, "subtitle": "Quarto 1", "url": "893762944-319.70653920885263Quintoandar0015.jpg", "cover": false}, {"id": 29804020, "subtitle": "Quarto 1", "url": "893762944-231.98585636253176Quintoandar0016.jpg", "cover": false}, {"id": 29804022, "subtitle": "Quarto 1", "url": "893762944-410.2205650042698Quintoandar0017.jpg", "cover": false}, {"id": 29804026, "subtitle": "Quarto 1", "url": "893762944-964.8294762604027Quintoandar0018.jpg", "cover": false}, {"id": 29804030, "subtitle": "Quarto 1", "url": "893762944-301.94447221367415Quintoandar0019.jpg", "cover": false}, {"id": 29804033, "subtitle": "Quarto 2", "url": "893762944-870.3881981433518Quintoandar0020.jpg", "cover": false}, {"id": 29804037, "subtitle": "Quarto 2", "url": "893762944-27.217674708601926Quintoandar0021.jpg", "cover": false}, {"id": 29804041, "subtitle": "Quarto 2", "url": "893762944-275.59690901899626Quintoandar0022.jpg", "cover": false}, {"id": 29804044, "subtitle": "Quarto 2", "url": "893762944-593.8634704540549Quintoandar0023.jpg", "cover": false}, {"id": 29804049, "subtitle": "Banheiro", "url": "893762944-628.7931252965922Quintoandar0024.jpg", "cover": false}, {"id": 29804055, "subtitle": "Banheiro", "url": "893762944-972.988874391923Quintoandar0025.jpg", "cover": false}, {"id": 29804061, "subtitle": "Banheiro", "url": "893762944-470.79892279146316Quintoandar0026.jpg", "cover": false}, {"id": 29804063, "subtitle": "Banheiro", "url": "893762944-877.0689939412371Quintoandar0027.jpg", "cover": false}, {"id": 29804451, "subtitle": "Fachada", "url": "893762944-335.70247397520524Quintoandar0029.jpg", "cover": false}], "photosCategorizedByRooms": [], "relevantRegions": [], "photospheres": [], "specialConditions": ["Exclusivity", "Negotiated"], "offers": {"closingRate": 0, "shouldHighlightIcon": true, "shouldShowOfferDialog": false, "shouldShowOffers": false, "summary": []}, "status": "publicado", "showUrlHasBeenCopiedSnackbar": false, "isGalleryModalOpen": false, "error": false, "loaded": true, "loading": false, "loadingCategorizedRooms": false, "selectedMedia": "tenant/HouseMedia/PHOTOS", "video": "", "promotions": [], "condominium": {}, "forRent": true, "forSale": false, "salePrice": 0, "mortgageFirstInstallment": 0, "listings": [{"imovelId": 893762944, "businessContext": "RENT", "status": "publicado", "firstPublicationDate": "2022-09-08T23:48:45.000+0000", "lastPublicationDate": "2022-09-08T23:48:45.000+0000", "listingRentModel": {"listingBusinessContextId": 1229092, "rentalAdministrator": "QUINTOANDAR"}, "houseAgents": [{"name": "Gustavo Ferreira da Silva ", "id": 2715290, "relationType": "KEY_HOLDER"}], "keyHolderAgent": {"id": 1821812, "agentId": 11409, "name": "Paulo Victor de Araujo"}, "ownership": "STANDARD"}], "listingTags": [], "businessContext": "", "regionParameters": {"loaded": false, "loading": false, "RENT": {"visitsEnabled": true, "talkToAgentEnabled": false}, "SALE": {"visitsEnabled": true, "talkToAgentEnabled": false}}, "houseAgent": {"isDialogOpen": false, "alreadyOpenedByQueryParam": false}, "tenantServiceFee": 33, "closingStatus": {"loading": false}, "rentalGuarantee": {"minValue": 325, "maxValue": 975}, "reservationAvailability": null, "isPrimaryMarket": false, "macroRegion": {"id": 2741, "name": "SPO01"}, "suites": 0, "allowsCustomOffer": true, "displayCustomOfferPreference": true, "houseVisitStatus": "ACCEPT_NEW", "visitStatusReason": null, "visitsUnavailable": false, "isReserved": false, "allowDirectOffer": true, "lastPublishedDate": "2022-09-08T23:48:45.000Z", "listingPublication": "stranded", "rentOnTermination": false, "constructionYear": null, "categories": []}, "markers": {"lat": -23.5660001, "lng": -46.551087}, "talkToAgent": {"dialog": {"open": false, "questionType": null, "question": ""}, "agentSupport": {}, "error": null, "autoSubmit": false, "loading": false, "submitting": false, "success": false, "hasLoadedAgentInfo": false, "agent": null, "hasLoadedAgentsInRegion": false, "agentsInRegion": null}}}}, "__N_SSP": true}, "page": "/imovel/[houseId]/[[...slug]]", "query": {"houseId": "893762944", "slug": ["alugar", "apartamento-2-quartos-vila-formosa-sao-paulo"]}, "buildId": "gCr3Bg2lYzV9hxZqGibIQ", "runtimeConfig": {"NEXT_PUBLIC_HOME_ADVERTISING_BANNER": "coupon"}, "isFallback": false, "dynamicIds": [61847, 31265, 66435, 77453, 87356, 60899, 41103, 3232, 72227, 40072, 39327, 19904, 96827], "gssp": true, "customServer": true, "appGip": true, "locale": "pt-BR", "locales": ["pt-BR", "es-MX"], "defaultLocale": "pt-BR", "domainLocales": [{"domain": "www.quintoandar.com.br", "defaultLocale": "pt-BR"}, {"domain": "www.benvi.mx", "defaultLocale": "es-MX"}], "scriptLoader": []}