{"props": {"pageProps": {"initialState": {"route": {"locationBeforeTransitions": {"pathname": "/imovel/893752786/alugar/apartamento-2-quartos-perdizes-sao-paulo", "search": "", "hash": "", "action": "POP", "query": {}}, "topLevelRouteName": "house details", "businessContext": "RENT", "favoriteListsBusinessContext": "RENT"}, "router": {"location": {"href": "/", "pathname": "/", "search": "", "hash": ""}}, "progress": {"pendingRequests": -1}, "login": {"response": {}, "user": {"isLoggedIn": false, "id": 0, "agentId": 0, "hashId": "", "sessionId": null, "name": "", "email": "", "maskedEmail": "", "jwt": {"app": "", "firebase": ""}, "phone": {"countryCode": "+55", "areaCode": "", "phoneNumber": ""}, "country": "BR", "channel": "", "isPhoneRegistered": false, "acceptWhatsapp": true, "hasDocument": false, "isPartner": false}, "accountForm": {}, "redirectUrl": "", "isRequestOngoing": false}, "captcha": {"token": "", "hasLoadedRemoteConfig": false, "provider": "", "friction": "low", "unavailableCountriesCode": []}, "supportedCities": [], "inAppMessages": {"biomaSurvey": {"isOpen": false, "formId": null, "data": {"opaque": true}}}, "metaData": {"similar_houses_clicked": []}, "appData": {"device": {"type": "desktop", "isSearchEngineCrawler": false}, "experiments": "X-AB-Test=ab_exposed_filter_sale_desktop:1,ab_exposed_filter_sale_v1:1,ab_exposed_filters:1,ab_load_more_v0:-1,ab_new_house_card_v2:0,ab_new_rent_listing_phase2:0,ab_profiling_create_alert_filters:0,ab_scheduling_step_by_step_v1:1,ab_show_floor_sale:0,ab_street_search_retrieval_v1:0"}, "house": {"houseInfo": {"id": "893752786", "displayId": "1052786", "bedrooms": 2, "city": "S\u00e3o Paulo", "cityId": 39, "bathrooms": 1, "iptu": 250, "amenities": [{"key": "BANHEIRA_DE_HIDROMASSAGEM", "text": "Banheira", "value": "NAO", "optional": false}, {"key": "BOX", "text": "Box", "value": "NAO", "optional": false}, {"key": "VARANDA", "text": "Varanda", "value": "NAO", "optional": false}, {"key": "PISCINA_PRIVATIVA", "text": "Piscina privativa", "value": "NAO", "optional": false}, {"key": "ARMARIOS_EMBUTIDOS_NO_QUARTO", "text": "Arm\u00e1rios no quarto", "value": "NAO", "optional": false}, {"key": "ARMARIOS_NOS_BANHEIROS", "text": "Arm\u00e1rios no banheiro", "value": "NAO", "optional": false}, {"key": "ARMARIOS_NA_COZINHA", "text": "Arm\u00e1rios na cozinha", "value": "SIM", "optional": false}, {"key": "AR_CONDICIONADO", "text": "Ar condicionado", "value": "NAO", "optional": false}, {"key": "CHUVEIRO_A_GAS", "text": "Chuveiro a g\u00e1s", "value": "NAO", "optional": false}, {"key": "QUARTO_DE_SERVICO", "text": "Quarto de servi\u00e7o", "value": "SIM", "optional": false}, {"key": "BANHEIRO_DE_SERVICO", "text": "Banheiro de servi\u00e7o", "value": "SIM", "optional": false}, {"key": "VARANDA_GOURMET", "text": "Varanda gourmet", "value": "SIM", "optional": false}, {"key": "APARTAMENTO_COBERTURA", "text": "Apartamento cobertura", "value": "NAO", "optional": false}, {"key": "QUARTO_EXTRA_REVERSIVEL", "text": "Quarto extra revers\u00edvel", "value": "SIM", "optional": false}, {"key": "FOGAO_INCLUSO", "text": "Fog\u00e3o", "value": "NAO", "optional": false}, {"key": "GELADEIRA_INCLUSO", "text": "Geladeira", "value": "NAO", "optional": false}, {"key": "BANHEIRO_ADAPTADO", "text": "Banheiro adaptado", "value": "NAO", "optional": false}, {"key": "CLOSET", "text": "Closet", "value": "NAO", "optional": false}, {"key": "COZINHA_AMERICANA", "text": "Cozinha americana", "value": "NAO", "optional": false}, {"key": "MESAS_E_CADEIRAS_DE_ESCRITORIO", "text": "Mesas e cadeiras de escrit\u00f3rio", "value": "NAO", "optional": false}, {"key": "JARDIM", "text": "Jardim", "value": "NAO", "optional": false}, {"key": "QUARTOS_E_CORREDORES_COM_PORTAS_AMPLAS", "text": "Quartos e corredores com portas amplas", "value": "NAO", "optional": false}, {"key": "QUINTAL", "text": "Quintal", "value": "NAO", "optional": false}, {"key": "SOMENTE_UMA_CASA_NO_TERRENO", "text": "Somente uma casa no terreno", "value": "SIM", "optional": false}, {"key": "AREA_DE_SERVICO", "text": "\u00c1rea de servi\u00e7o", "value": "SIM", "optional": false}], "comfortCommodities": [{"key": "BANHEIRA_DE_HIDROMASSAGEM", "text": "Banheira", "value": "NAO", "optional": false}, {"key": "PISCINA_PRIVATIVA", "text": "Piscina privativa", "value": "NAO", "optional": false}, {"key": "AR_CONDICIONADO", "text": "Ar condicionado", "value": "NAO", "optional": false}, {"key": "SOL_DA_MANHA", "text": "Sol da manh\u00e3", "value": "NAO", "optional": false}, {"key": "SOL_DA_TARDE", "text": "Sol da tarde", "value": "NAO", "optional": false}, {"key": "CORTINAS_BLACK_OUT", "text": "Cortinas corta luz", "value": "SIM", "optional": false}, {"key": "CORTINAS_DECORATIVAS", "text": "Cortina transl\u00facida", "value": "SIM", "optional": false}, {"key": "JANELA_ANTI_RUIDO", "text": "Janela anti-ru\u00eddo", "value": "SIM", "optional": false}, {"key": "VENTILADOR_DE_TETO", "text": "Ventilador de teto", "value": "NAO", "optional": false}, {"key": "LUMINOSIDADE_NATURAL", "text": "Janelas grandes", "value": "NAO", "optional": false}, {"key": "VISTA_LIVRE", "text": "Vista livre", "value": "NAO", "optional": false}, {"key": "RUA_SILENCIOSA", "text": "Rua silenciosa", "value": "NAO", "optional": false}], "practicalityCommodities": [{"key": "BOX", "text": "Box", "value": "NAO", "optional": false}, {"key": "ARMARIOS_EMBUTIDOS_NO_QUARTO", "text": "Arm\u00e1rios no quarto", "value": "NAO", "optional": false}, {"key": "ARMARIOS_NOS_BANHEIROS", "text": "Arm\u00e1rios no banheiro", "value": "NAO", "optional": false}, {"key": "ARMARIOS_NA_COZINHA", "text": "Arm\u00e1rios na cozinha", "value": "SIM", "optional": false}, {"key": "CHUVEIRO_A_GAS", "text": "Chuveiro a g\u00e1s", "value": "NAO", "optional": false}, {"key": "FOGAO_INCLUSO", "text": "Fog\u00e3o", "value": "NAO", "optional": false}, {"key": "GELADEIRA_INCLUSO", "text": "Geladeira", "value": "NAO", "optional": false}, {"key": "CHUVEIRO_ELETRICO", "text": "Chuveiro el\u00e9trico", "value": "SIM", "optional": false}, {"key": "MICROONDAS", "text": "Microondas", "value": "NAO", "optional": false}, {"key": "SOFA", "text": "Sof\u00e1", "value": "NAO", "optional": false}, {"key": "MAQUINA_DE_LAVAR", "text": "M\u00e1quina de lavar", "value": "NAO", "optional": false}, {"key": "TANQUE", "text": "Tanque", "value": "SIM", "optional": false}, {"key": "REDE_DE_PROTECAO", "text": "Tela nas janelas", "value": "SIM", "optional": false}, {"key": "VARAL_DE_ROUPAS", "text": "Varal de roupas", "value": "SIM", "optional": false}, {"key": "TOMADAS_NOVAS", "text": "Tomadas 3 pinos", "value": "SIM", "optional": false}, {"key": "TELEVISAO", "text": "Televis\u00e3o", "value": "NAO", "optional": false}, {"key": "MESAS_E_CADEIRAS_DE_JANTAR", "text": "Mesas e cadeiras de jantar", "value": "NAO", "optional": false}, {"key": "CHURRASQUEIRA", "text": "Churrasqueira", "value": "SIM", "optional": false}, {"key": "ACESSO_SEM_DEGRAUS", "text": "Acesso sem degraus", "value": "SIM", "optional": false}, {"key": "COOKTOP", "text": "Fog\u00e3o cooktop", "value": "NAO", "optional": false}, {"key": "UTENSILIOS_DE_COZINHA", "text": "Utens\u00edlios de cozinha", "value": "NAO", "optional": false}, {"key": "CAMA_DE_CASAL", "text": "Cama de casal", "value": "NAO", "optional": false}, {"key": "CAMA_DE_SOLTEIRO", "text": "Cama de solteiro", "value": "NAO", "optional": false}, {"key": "ESPELHO_NO_BANHEIRO", "text": "Espelho no banheiro", "value": "SIM", "optional": false}, {"key": "FECHADURA_ELETRONICA", "text": "Fechadura eletr\u00f4nica", "value": "SIM", "optional": false}, {"key": "ENERGIA", "text": "Energia no im\u00f3vel", "value": "SIM", "optional": false}], "area": 65, "installations": [{"key": "PLAYGROUND", "text": "Playground", "value": "NAO"}, {"key": "PISCINA", "text": "Piscina", "value": "NAO"}, {"key": "CHURRASQUEIRA", "text": "Churrasqueira", "value": "NAO"}, {"key": "QUADRA_ESPORTIVA", "text": "Quadra esportiva", "value": "NAO"}, {"key": "ACADEMIA", "text": "Academia", "value": "NAO"}, {"key": "SALAO_DE_FESTAS", "text": "Sal\u00e3o de festas", "value": "NAO"}, {"key": "SAUNA", "text": "Sauna", "value": "NAO"}, {"key": "LAVANDERIA_NO_PREDIO", "text": "Lavanderia no pr\u00e9dio", "value": "NAO"}, {"key": "GAS_ENCANADO", "text": "G\u00e1s encanado", "value": "SIM"}, {"key": "ESPACO_GOURMET_NA_AREA_COMUM", "text": "Espa\u00e7o gourmet na \u00e1rea comum", "value": "SIM"}, {"key": "BRINQUEDOTECA", "text": "Brinquedoteca", "value": "NAO"}, {"key": "CORRIMAO", "text": "Corrim\u00e3o", "value": "NAO"}, {"key": "PISO_TATIL", "text": "Piso t\u00e1til", "value": "NAO"}, {"key": "RAMPAS_DE_ACESSO", "text": "Rampas de acesso", "value": "NAO"}, {"key": "SALAO_DE_JOGOS", "text": "Sal\u00e3o de jogos", "value": "NAO"}, {"key": "VAGA_DE_GARAGEM_ACESSIVEL", "text": "Vaga de garagem acess\u00edvel", "value": "NAO"}, {"key": "AREA_VERDE", "text": "\u00c1rea verde", "value": "NAO"}, {"key": "Elevador", "value": "NAO"}, {"key": "Porteiro24H", "value": "NAO"}], "rentPrice": 2500, "condoPrice": 200, "condoType": "Normal", "region": {"name": "Perdizes", "hub": {"loading": "UNSET", "enabled": false, "abSecretariat": false, "isPrimaryMarket": false}, "id": 1284}, "type": "Apartamento", "iptuType": "Normal", "totalCost": 3046, "parkingSpaces": 0, "address": {"street": "Rua Turiassu", "neighborhood": "Perdizes", "city": "S\u00e3o Paulo", "zipCode": "05005-001", "stateName": "S\u00e3o Paulo", "stateAcronym": "SP", "lat": -23.5337863, "lng": -46.6662216, "countryName": "Brasil", "countryCode": "BR", "country": "Brasil"}, "floor": 1, "homeProtection": 32, "remarks": "", "acceptsPets": true, "hasFurniture": false, "isNearSubway": true, "placesNearby": [{"name": "Jardim Vertical", "type": "PARK_OR_GREEN_AREA", "slug": "jardim-vertical-barra-funda-sao-paulo-sp"}, {"name": "Uninove - Campus Barra Funda", "type": "UNIVERSITY_OR_COLLEGE", "slug": "uninove-memorial-barra-funda-sao-paulo-sp"}, {"name": "Parque da \u00c1gua Branca", "type": "PARK_OR_GREEN_AREA", "slug": "parque-da-agua-branca-agua-branca-sao-paulo-sp"}, {"name": "Mugeo Valdemar Lef\u00e8vre", "type": "MUSEUM_THEATRE_OR_CONCERT_HALL", "slug": "mugeo-valdemar-lef\u00e8vre-perdizes-sao-paulo-sp"}, {"name": "PUC-Cardoso de Almeida", "type": "ESTACAO_METRO_OU_TREM", "slug": "estacao-puc-cardoso-de-almeida-perdizes-sao-paulo-sp"}, {"name": "PUC-SP - campus Perdizes", "type": "UNIVERSITY_OR_COLLEGE", "slug": "pontificia-universidade-catolica-de-sao-paulo-pucsp-perdizes-sao-paulo-sp"}, {"name": "Oficina Cultural Casa M\u00e1rio de Andrade", "type": "MUSEUM_THEATRE_OR_CONCERT_HALL", "slug": "oficina-cultural-casa-mario-de-andrade-barra-funda-sao-paulo-sp"}, {"name": "Teatro da Universidade Cat\u00f3lica", "type": "MUSEUM_THEATRE_OR_CONCERT_HALL", "slug": "teatro-da-universidade-catolica-perdizes-sao-paulo-sp"}, {"name": "Memorial da Am\u00e9rica Latina", "type": "MUSEUM_THEATRE_OR_CONCERT_HALL", "slug": "memorial-da-america-latina-barra-funda-sao-paulo-sp"}, {"name": "Memorial da pessoa com defici\u00eancia", "type": "MUSEUM_THEATRE_OR_CONCERT_HALL", "slug": "memorial-da-pessoa-com-deficiencia-barra-funda-sao-paulo-sp"}, {"name": "Col\u00e9gio Pent\u00e1gono \u2013 Unidade Bartira", "type": "SCHOOL", "slug": "colegio-pentagono-unidade-bartira-perdizes-sao-paulo-sp"}, {"name": "Terminal Barra Funda", "type": "BUS_TERMINAL_STATION", "slug": "terminal-barra-funda-barra-funda-sao-paulo-sp"}, {"name": "Palmeiras - Barra Funda", "type": "ESTACAO_METRO_OU_TREM", "slug": "palmeiras-barra-funda-barra-funda-sao-paulo-sp"}, {"name": "Col\u00e9gio Pent\u00e1gono \u2013 Unidade Caiubi", "type": "SCHOOL", "slug": "colegio-pentagono-unidade-caiubi-perdizes-sao-paulo-sp"}, {"name": "Red House International School", "type": "SCHOOL", "slug": "red-house-international-school-pacaembu-sao-paulo-sp-brasil"}, {"name": "Shopping West Plaza", "type": "SHOPPING_MALL", "slug": "shopping-west-plaza-agua-branca-sao-paulo-sp"}, {"name": "Instituto Nacional de Educa\u00e7\u00e3o a Dist\u00e2ncia", "type": "SCHOOL", "slug": "instituto-nacional-de-educacao-a-distancia-barra-funda-sao-paulo-sp"}, {"name": "Pra\u00e7a Charles Miller", "type": "PARK_OR_GREEN_AREA", "slug": "praca-charles-miller-pacaembu-sao-paulo-sp-brasil"}, {"name": "NotreDame Interm\u00e9dica Hospital e Pronto Socorro Santa Cecilia", "type": "HOSPITAL", "slug": "notredame-intermedica-hospital-e-pronto-socorro-santa-cecilia-santa-cecilia-sao-paulo-sp"}, {"name": "Museus de Arte Brasileira da FAAP", "type": "MUSEUM_THEATRE_OR_CONCERT_HALL", "slug": "museus-de-arte-brasileira-da-faap-higienopolis-sao-paulo-sp"}, {"name": "FAAP", "type": "UNIVERSITY_OR_COLLEGE", "slug": "faap-higienopolis-sao-paulo-sp"}, {"name": "Theatro S\u00e3o Pedro", "type": "MUSEUM_THEATRE_OR_CONCERT_HALL", "slug": "theatro-sao-pedro-barra-funda-sao-paulo-sp"}, {"name": "Escola Carlitos", "type": "SCHOOL", "slug": "escola-carlitos-pacaembu-sao-paulo-sp-brasil"}, {"name": "EMEI Monteiro Lobato", "type": "SCHOOL", "slug": "emei-monteiro-lobato-higienopolis-sao-paulo-sp"}, {"name": "Est\u00e1dio do Pacaembu", "type": "STADIUM", "slug": "estadio-do-pacaembu-pacaembu-sao-paulo-sp-brasil"}, {"name": "Museu do Futebol", "type": "MUSEUM_THEATRE_OR_CONCERT_HALL", "slug": "museu-do-futebol-pacaembu-sao-paulo-sp"}, {"name": "Alta Performance Perdizes", "type": "UNIVERSITY_OR_COLLEGE", "slug": "alta-performance-perdizes-perdizes-sao-paulo-sp"}, {"name": "Escola de Yoga", "type": "SCHOOL", "slug": "escola-de-yoga-perdizes-sao-paulo-sp"}, {"name": "Casa da Cultura", "type": "MUSEUM_THEATRE_OR_CONCERT_HALL", "slug": "casa-da-cultura-pacaembu-sao-paulo-sp-brasil"}, {"name": "Centro da Terra", "type": "MUSEUM_THEATRE_OR_CONCERT_HALL", "slug": "centro-da-terra-sumare-sao-paulo-sp"}], "availabilityType": "IMMEDIATE", "photos": [{"id": 29347969, "subtitle": "Sala", "url": "893752786-713.1124197486577IMG7867.jpg", "cover": true}, {"id": 29347976, "subtitle": "SalaSala", "url": "893752786-509.05905682144106IMG7868.jpg", "cover": false}, {"id": 29347981, "subtitle": "Sala", "url": "893752786-684.6452346025303IMG7869.jpg", "cover": false}, {"id": 29347983, "subtitle": "Sala", "url": "893752786-873.9776710072332IMG7870.jpg", "cover": false}, {"id": 29347984, "subtitle": "Corredor", "url": "893752786-244.66073110814125IMG7871.jpg", "cover": false}, {"id": 29347985, "subtitle": "Quarto 1", "url": "893752786-279.36912921208534IMG7872.jpg", "cover": false}, {"id": 29347986, "subtitle": "Quarto 1", "url": "893752786-847.9251423032046IMG7873.jpg", "cover": false}, {"id": 29347987, "subtitle": "Quarto 1", "url": "893752786-517.4979599694518IMG7874.jpg", "cover": false}, {"id": 29347988, "subtitle": "Quarto 1", "url": "893752786-482.5918964219998IMG7875.jpg", "cover": false}, {"id": 29347989, "subtitle": "Quarto 2", "url": "893752786-821.6713243869827IMG7876.jpg", "cover": false}, {"id": 29347990, "subtitle": "Quarto 2", "url": "893752786-934.4095265584481IMG7877.jpg", "cover": false}, {"id": 29347991, "subtitle": "Quarto 2", "url": "893752786-951.9449821629497IMG7878.jpg", "cover": false}, {"id": 29347992, "subtitle": "Quarto 2", "url": "893752786-330.23875431286956IMG7879.jpg", "cover": false}, {"id": 29347993, "subtitle": "Banheiro", "url": "893752786-131.04497369557478IMG7880.jpg", "cover": false}, {"id": 29347994, "subtitle": "Banheiro", "url": "893752786-137.4523182570767IMG7881.jpg", "cover": false}, {"id": 29347995, "subtitle": "Banheiro Pia", "url": "893752786-797.7346712326406IMG7882.jpg", "cover": false}, {"id": 29347996, "subtitle": "Banheiro Chuveiro", "url": "893752786-927.8342728388772IMG7883.jpg", "cover": false}, {"id": 29347997, "subtitle": "Cozinha", "url": "893752786-983.0112171899206IMG7884.jpg", "cover": false}, {"id": 29347998, "subtitle": "Cozinha", "url": "893752786-916.0001700790807IMG7885.jpg", "cover": false}, {"id": 29347999, "subtitle": "Cozinha", "url": "893752786-855.1024596357389IMG7886.jpg", "cover": false}, {"id": 29348000, "subtitle": "Cozinha Pia", "url": "893752786-318.8427791704055IMG7887.jpg", "cover": false}, {"id": 29348001, "subtitle": "Fachada", "url": "893752786-632.6986156055852WhatsAppImage20220825at13.55.52.jpg", "cover": false}], "photosCategorizedByRooms": [], "relevantRegions": [], "photospheres": [], "specialConditions": ["Exclusivity"], "offers": {"closingRate": 0, "shouldHighlightIcon": true, "shouldShowOfferDialog": false, "shouldShowOffers": false, "summary": []}, "status": "publicado", "showUrlHasBeenCopiedSnackbar": false, "isGalleryModalOpen": false, "error": false, "loaded": true, "loading": false, "loadingCategorizedRooms": false, "selectedMedia": "tenant/HouseMedia/PHOTOS", "video": "", "promotions": [], "condominium": {"hashId": "vk87sggm3p", "slug": "rua-turiassu-317-perdizes-sao-paulo", "address": "Rua Turiass\u00fa"}, "forRent": true, "forSale": false, "salePrice": 0, "mortgageFirstInstallment": 0, "listings": [{"imovelId": 893752786, "businessContext": "RENT", "status": "publicado", "firstPublicationDate": "2022-08-25T17:11:57.000+0000", "lastPublicationDate": "2022-08-25T17:11:57.000+0000", "listingRentModel": {"listingBusinessContextId": 1216529, "rentalAdministrator": "QUINTOANDAR"}, "ownership": "STANDARD"}], "listingTags": [], "businessContext": "", "regionParameters": {"loaded": false, "loading": false, "RENT": {"visitsEnabled": true, "talkToAgentEnabled": false}, "SALE": {"visitsEnabled": true, "talkToAgentEnabled": false}}, "houseAgent": {"isDialogOpen": false, "alreadyOpenedByQueryParam": false}, "tenantServiceFee": 64, "closingStatus": {"loading": false}, "rentalGuarantee": {"minValue": 625, "maxValue": 1875}, "reservationAvailability": null, "isPrimaryMarket": false, "macroRegion": {"id": 2698, "name": "SPO 08"}, "suites": 0, "houseVisitStatus": "ACCEPT_NEW", "visitStatusReason": null, "visitsUnavailable": false, "isReserved": false, "allowDirectOffer": true, "lastPublishedDate": "2022-08-25T17:11:57.000Z", "listingPublication": "stranded", "rentOnTermination": false, "constructionYear": null, "categories": []}, "markers": {"lat": -23.5337863, "lng": -46.6662216}, "talkToAgent": {"dialog": {"open": false, "questionType": null, "question": ""}, "agentSupport": {}, "error": null, "autoSubmit": false, "loading": false, "submitting": false, "success": false, "hasLoadedAgentInfo": false, "agent": null, "hasLoadedAgentsInRegion": false, "agentsInRegion": null}}}}, "__N_SSP": true}, "page": "/imovel/[houseId]/[[...slug]]", "query": {"houseId": "893752786", "slug": ["alugar", "apartamento-2-quartos-perdizes-sao-paulo"]}, "buildId": "gCr3Bg2lYzV9hxZqGibIQ", "runtimeConfig": {"NEXT_PUBLIC_HOME_ADVERTISING_BANNER": "coupon"}, "isFallback": false, "dynamicIds": [61847, 31265, 66435, 77453, 87356, 60899, 41103, 3232, 72227, 40072, 39327, 19904, 96827], "gssp": true, "customServer": true, "appGip": true, "locale": "pt-BR", "locales": ["pt-BR", "es-MX"], "defaultLocale": "pt-BR", "domainLocales": [{"domain": "www.quintoandar.com.br", "defaultLocale": "pt-BR"}, {"domain": "www.benvi.mx", "defaultLocale": "es-MX"}], "scriptLoader": []}