{"props": {"pageProps": {"initialState": {"route": {"locationBeforeTransitions": {"pathname": "/imovel/893758936/alugar/apartamento-3-quartos-pinheiros-sao-paulo", "search": "", "hash": "", "action": "POP", "query": {}}, "topLevelRouteName": "house details", "businessContext": "RENT", "favoriteListsBusinessContext": "RENT"}, "router": {"location": {"href": "/", "pathname": "/", "search": "", "hash": ""}}, "progress": {"pendingRequests": -1}, "login": {"response": {}, "user": {"isLoggedIn": false, "id": 0, "agentId": 0, "hashId": "", "sessionId": null, "name": "", "email": "", "maskedEmail": "", "jwt": {"app": "", "firebase": ""}, "phone": {"countryCode": "+55", "areaCode": "", "phoneNumber": ""}, "country": "BR", "channel": "", "isPhoneRegistered": false, "acceptWhatsapp": true, "hasDocument": false, "isPartner": false}, "accountForm": {}, "redirectUrl": "", "isRequestOngoing": false}, "captcha": {"token": "", "hasLoadedRemoteConfig": false, "provider": "", "friction": "low", "unavailableCountriesCode": []}, "supportedCities": [], "inAppMessages": {"biomaSurvey": {"isOpen": false, "formId": null, "data": {"opaque": true}}}, "metaData": {"similar_houses_clicked": []}, "appData": {"device": {"type": "desktop", "isSearchEngineCrawler": false}, "experiments": "X-AB-Test=ab_exposed_filter_sale_desktop:1,ab_exposed_filter_sale_v1:1,ab_exposed_filters:1,ab_load_more_v0:-1,ab_new_house_card_v2:0,ab_new_rent_listing_phase2:0,ab_profiling_create_alert_filters:0,ab_scheduling_step_by_step_v1:1,ab_show_floor_sale:0,ab_street_search_retrieval_v1:0"}, "house": {"houseInfo": {"id": "893758936", "displayId": "1058936", "bedrooms": 3, "city": "S\u00e3o Paulo", "cityId": 39, "bathrooms": 3, "iptu": 30, "amenities": [{"key": "BANHEIRA_DE_HIDROMASSAGEM", "text": "Banheira", "value": "NAO", "optional": false}, {"key": "BOX", "text": "Box", "value": "NAO", "optional": false}, {"key": "VARANDA", "text": "Varanda", "value": "NAO", "optional": false}, {"key": "PISCINA_PRIVATIVA", "text": "Piscina privativa", "value": "NAO", "optional": false}, {"key": "ARMARIOS_EMBUTIDOS_NO_QUARTO", "text": "Arm\u00e1rios no quarto", "value": "NAO", "optional": false}, {"key": "ARMARIOS_NOS_BANHEIROS", "text": "Arm\u00e1rios no banheiro", "value": "NAO", "optional": false}, {"key": "ARMARIOS_NA_COZINHA", "text": "Arm\u00e1rios na cozinha", "value": "NAO", "optional": false}, {"key": "AR_CONDICIONADO", "text": "Ar condicionado", "value": "NAO", "optional": false}, {"key": "CHUVEIRO_A_GAS", "text": "Chuveiro a g\u00e1s", "value": "NAO", "optional": false}, {"key": "QUARTO_DE_SERVICO", "text": "Quarto de servi\u00e7o", "value": "NAO", "optional": false}, {"key": "BANHEIRO_DE_SERVICO", "text": "Banheiro de servi\u00e7o", "value": "NAO", "optional": false}, {"key": "VARANDA_GOURMET", "text": "Varanda gourmet", "value": "NAO", "optional": false}, {"key": "APARTAMENTO_COBERTURA", "text": "Apartamento cobertura", "value": "NAO", "optional": false}, {"key": "QUARTO_EXTRA_REVERSIVEL", "text": "Quarto extra revers\u00edvel", "value": "NAO", "optional": false}, {"key": "FOGAO_INCLUSO", "text": "Fog\u00e3o", "value": "NAO", "optional": false}, {"key": "GELADEIRA_INCLUSO", "text": "Geladeira", "value": "NAO", "optional": false}, {"key": "BANHEIRO_ADAPTADO", "text": "Banheiro adaptado", "value": "NAO", "optional": false}, {"key": "CLOSET", "text": "Closet", "value": "NAO", "optional": false}, {"key": "COZINHA_AMERICANA", "text": "Cozinha americana", "value": "NAO", "optional": false}, {"key": "MESAS_E_CADEIRAS_DE_ESCRITORIO", "text": "Mesas e cadeiras de escrit\u00f3rio", "value": "NAO", "optional": false}, {"key": "JARDIM", "text": "Jardim", "value": "NAO", "optional": false}, {"key": "QUARTOS_E_CORREDORES_COM_PORTAS_AMPLAS", "text": "Quartos e corredores com portas amplas", "value": "NAO", "optional": false}, {"key": "QUINTAL", "text": "Quintal", "value": "NAO", "optional": false}, {"key": "SOMENTE_UMA_CASA_NO_TERRENO", "text": "Somente uma casa no terreno", "value": "NAO", "optional": false}, {"key": "AREA_DE_SERVICO", "text": "\u00c1rea de servi\u00e7o", "value": "NAO", "optional": false}], "comfortCommodities": [{"key": "BANHEIRA_DE_HIDROMASSAGEM", "text": "Banheira", "value": "NAO", "optional": false}, {"key": "PISCINA_PRIVATIVA", "text": "Piscina privativa", "value": "NAO", "optional": false}, {"key": "AR_CONDICIONADO", "text": "Ar condicionado", "value": "NAO", "optional": false}, {"key": "SOL_DA_MANHA", "text": "Sol da manh\u00e3", "value": "NAO", "optional": false}, {"key": "SOL_DA_TARDE", "text": "Sol da tarde", "value": "NAO", "optional": false}, {"key": "CORTINAS_BLACK_OUT", "text": "Cortinas corta luz", "value": "NAO", "optional": false}, {"key": "CORTINAS_DECORATIVAS", "text": "Cortina transl\u00facida", "value": "NAO", "optional": false}, {"key": "JANELA_ANTI_RUIDO", "text": "Janela anti-ru\u00eddo", "value": "NAO", "optional": false}, {"key": "VENTILADOR_DE_TETO", "text": "Ventilador de teto", "value": "NAO", "optional": false}, {"key": "LUMINOSIDADE_NATURAL", "text": "Janelas grandes", "value": "NAO", "optional": false}, {"key": "VISTA_LIVRE", "text": "Vista livre", "value": "NAO", "optional": false}, {"key": "RUA_SILENCIOSA", "text": "Rua silenciosa", "value": "NAO", "optional": false}], "practicalityCommodities": [{"key": "BOX", "text": "Box", "value": "NAO", "optional": false}, {"key": "ARMARIOS_EMBUTIDOS_NO_QUARTO", "text": "Arm\u00e1rios no quarto", "value": "NAO", "optional": false}, {"key": "ARMARIOS_NOS_BANHEIROS", "text": "Arm\u00e1rios no banheiro", "value": "NAO", "optional": false}, {"key": "ARMARIOS_NA_COZINHA", "text": "Arm\u00e1rios na cozinha", "value": "NAO", "optional": false}, {"key": "CHUVEIRO_A_GAS", "text": "Chuveiro a g\u00e1s", "value": "NAO", "optional": false}, {"key": "FOGAO_INCLUSO", "text": "Fog\u00e3o", "value": "NAO", "optional": false}, {"key": "GELADEIRA_INCLUSO", "text": "Geladeira", "value": "NAO", "optional": false}, {"key": "CHUVEIRO_ELETRICO", "text": "Chuveiro el\u00e9trico", "value": "NAO", "optional": false}, {"key": "MICROONDAS", "text": "Microondas", "value": "NAO", "optional": false}, {"key": "SOFA", "text": "Sof\u00e1", "value": "NAO", "optional": false}, {"key": "MAQUINA_DE_LAVAR", "text": "M\u00e1quina de lavar", "value": "NAO", "optional": false}, {"key": "TANQUE", "text": "Tanque", "value": "NAO", "optional": false}, {"key": "REDE_DE_PROTECAO", "text": "Tela nas janelas", "value": "NAO", "optional": false}, {"key": "VARAL_DE_ROUPAS", "text": "Varal de roupas", "value": "NAO", "optional": false}, {"key": "TOMADAS_NOVAS", "text": "Tomadas 3 pinos", "value": "NAO", "optional": false}, {"key": "TELEVISAO", "text": "Televis\u00e3o", "value": "NAO", "optional": false}, {"key": "MESAS_E_CADEIRAS_DE_JANTAR", "text": "Mesas e cadeiras de jantar", "value": "NAO", "optional": false}, {"key": "CHURRASQUEIRA", "text": "Churrasqueira", "value": "NAO", "optional": false}, {"key": "ACESSO_SEM_DEGRAUS", "text": "Acesso sem degraus", "value": "NAO", "optional": false}, {"key": "COOKTOP", "text": "Fog\u00e3o cooktop", "value": "NAO", "optional": false}, {"key": "UTENSILIOS_DE_COZINHA", "text": "Utens\u00edlios de cozinha", "value": "NAO", "optional": false}, {"key": "CAMA_DE_CASAL", "text": "Cama de casal", "value": "NAO", "optional": false}, {"key": "CAMA_DE_SOLTEIRO", "text": "Cama de solteiro", "value": "NAO", "optional": false}, {"key": "ESPELHO_NO_BANHEIRO", "text": "Espelho no banheiro", "value": "NAO", "optional": false}, {"key": "FECHADURA_ELETRONICA", "text": "Fechadura eletr\u00f4nica", "value": "NAO", "optional": false}, {"key": "ENERGIA", "text": "Energia no im\u00f3vel", "value": "NAO", "optional": false}], "area": 129, "installations": [{"key": "PLAYGROUND", "text": "Playground", "value": "NAO_INFORMADO"}, {"key": "PISCINA", "text": "Piscina", "value": "NAO_INFORMADO"}, {"key": "CHURRASQUEIRA", "text": "Churrasqueira", "value": "NAO_INFORMADO"}, {"key": "QUADRA_ESPORTIVA", "text": "Quadra esportiva", "value": "NAO_INFORMADO"}, {"key": "ACADEMIA", "text": "Academia", "value": "NAO_INFORMADO"}, {"key": "SALAO_DE_FESTAS", "text": "Sal\u00e3o de festas", "value": "NAO_INFORMADO"}, {"key": "SAUNA", "text": "Sauna", "value": "NAO_INFORMADO"}, {"key": "LAVANDERIA_NO_PREDIO", "text": "Lavanderia no pr\u00e9dio", "value": "NAO_INFORMADO"}, {"key": "GAS_ENCANADO", "text": "G\u00e1s encanado", "value": "NAO_INFORMADO"}, {"key": "ESPACO_GOURMET_NA_AREA_COMUM", "text": "Espa\u00e7o gourmet na \u00e1rea comum", "value": "NAO_INFORMADO"}, {"key": "BRINQUEDOTECA", "text": "Brinquedoteca", "value": "NAO_INFORMADO"}, {"key": "CORRIMAO", "text": "Corrim\u00e3o", "value": "NAO_INFORMADO"}, {"key": "PISO_TATIL", "text": "Piso t\u00e1til", "value": "NAO_INFORMADO"}, {"key": "RAMPAS_DE_ACESSO", "text": "Rampas de acesso", "value": "NAO_INFORMADO"}, {"key": "SALAO_DE_JOGOS", "text": "Sal\u00e3o de jogos", "value": "NAO_INFORMADO"}, {"key": "VAGA_DE_GARAGEM_ACESSIVEL", "text": "Vaga de garagem acess\u00edvel", "value": "NAO_INFORMADO"}, {"key": "AREA_VERDE", "text": "\u00c1rea verde", "value": "NAO_INFORMADO"}, {"key": "Elevador", "value": "NAO"}, {"key": "Porteiro24H", "value": "SIM"}], "rentPrice": 5690, "condoPrice": 790, "condoType": "Normal", "region": {"name": "Pinheiros", "hub": {"loading": "UNSET", "enabled": false, "abSecretariat": false, "isPrimaryMarket": false}, "id": 61}, "type": "Apartamento", "iptuType": "Normal", "totalCost": 6730, "parkingSpaces": 2, "address": {"street": "Alves Guimar\u00e3es", "neighborhood": "Pinheiros", "city": "S\u00e3o Paulo", "zipCode": "05410-001", "stateName": "S\u00e3o Paulo", "stateAcronym": "SP", "lat": -23.5546642, "lng": -46.679145, "countryName": "Brasil", "countryCode": "BR", "country": "Brasil"}, "floor": 2, "homeProtection": 73, "remarks": "APARTAMENTOS - PINHEIROS - 3 DORMS - 1 SUITE - 2 VAGAS", "acceptsPets": false, "hasFurniture": false, "isNearSubway": true, "placesNearby": [{"name": "Faculdade Sumar\u00e9 Matriz", "type": "UNIVERSITY_OR_COLLEGE", "slug": "faculdade-sumare-matriz-sumare-sao-paulo-sp-brasil"}, {"name": "Nilton Travesso Oficina de Atores", "type": "UNIVERSITY_OR_COLLEGE", "slug": "nilton-travesso-oficina-de-atores-pinheiros-sao-paulo-sp"}, {"name": "Unibes Centro Cultural", "type": "MUSEUM_THEATRE_OR_CONCERT_HALL", "slug": "unibes-centro-cultural-pinheiros-sao-paulo-sp"}, {"name": "Santu\u00e1rio Nossa Senhora de F\u00e1tima - Sumar\u00e9", "type": "ESTACAO_METRO_OU_TREM", "slug": "santuario-nossa-senhora-de-fatima-sumare-pinheiros-sao-paulo-sp"}, {"name": "E.E Godofredo Furtado", "type": "SCHOOL", "slug": "ee-godofredo-furtado-pinheiros-sao-paulo-sp"}, {"name": "Instituto Mindset", "type": "UNIVERSITY_OR_COLLEGE", "slug": "instituto-mindset-pinheiros-sao-paulo-sp"}, {"name": "Centro Universit\u00e1rio Sumar\u00e9", "type": "UNIVERSITY_OR_COLLEGE", "slug": "centro-universitario-sumare-sumare-sao-paulo-sp-brasil"}, {"name": "Col\u00e9gio Notre Dame", "type": "SCHOOL", "slug": "colegio-notre-dame-sumare-sao-paulo-sp-brasil"}, {"name": "Espa\u00e7o Contraponto", "type": "MUSEUM_THEATRE_OR_CONCERT_HALL", "slug": "espaco-contraponto-pinheiros-sao-paulo-sp"}, {"name": "Eduardo Fernandes", "type": "MUSEUM_THEATRE_OR_CONCERT_HALL", "slug": "eduardo-fernandes-pinheiros-sao-paulo-sp"}, {"name": "Cl\u00ednicas", "type": "ESTACAO_METRO_OU_TREM", "slug": "estacao-clinicas-sao-paulo-sp"}, {"name": "Wizard", "type": "SCHOOL", "slug": "wizard-jardim-paulista-sao-paulo-sp"}, {"name": "ArtShot", "type": "MUSEUM_THEATRE_OR_CONCERT_HALL", "slug": "artshot-vila-madalena-sao-paulo-sp"}, {"name": "Galeria de Arte Andr\u00e9", "type": "MUSEUM_THEATRE_OR_CONCERT_HALL", "slug": "galeria-de-arte-andre-jardim-paulista-sao-paulo-sp"}, {"name": "FMUSP - Faculdade Medicina USP", "type": "UNIVERSITY_OR_COLLEGE", "slug": "fmusp-usp-pinheiros-sao-paulo-sp"}, {"name": "Teatro Central da Medicina", "type": "MUSEUM_THEATRE_OR_CONCERT_HALL", "slug": "teatro-central-da-medicina-pinheiros-sao-paulo-sp"}, {"name": "Centro Cultural Rio Verde", "type": "MUSEUM_THEATRE_OR_CONCERT_HALL", "slug": "centro-cultural-rio-verde-pinheiros-sao-paulo-sp"}, {"name": "Hospital das Cl\u00ednicas S\u00e3o Paulo", "type": "HOSPITAL", "slug": "hospital-das-clinicas-sao-paulo-cerqueira-cesar-sao-paulo-sp"}, {"name": "Casa da Cultura", "type": "MUSEUM_THEATRE_OR_CONCERT_HALL", "slug": "casa-da-cultura-pacaembu-sao-paulo-sp-brasil"}, {"name": "Arte brasileira", "type": "MUSEUM_THEATRE_OR_CONCERT_HALL", "slug": "arte-brasileira-jardim-paulista-sao-paulo-sp"}, {"name": "Cl\u00ednica M\u00e9dica Dr. David Uip", "type": "HOSPITAL", "slug": "clinica-medica-dr-david-uip-jardim-america-sao-paulo-sp-brasil"}, {"name": "Parque Sabesp Sumar\u00e9", "type": "PARK_OR_GREEN_AREA", "slug": "parque-sabesp-sumare-sumare-sao-paulo-sp-brasil"}, {"name": "Pra\u00e7a Miriam Barros", "type": "PARK_OR_GREEN_AREA", "slug": "praca-miriam-barros-sumare-sao-paulo-sp-brasil"}, {"name": "Cine Sala", "type": "MUSEUM_THEATRE_OR_CONCERT_HALL", "slug": "cine-sala-pinheiros-sao-paulo-sp"}, {"name": "Incor \u2013 Instituto do Cora\u00e7\u00e3o", "type": "HOSPITAL", "slug": "incor-instituto-do-coracao-cerqueira-cesar-sao-paulo-sp"}, {"name": "DeRose Method Vila Madalena", "type": "UNIVERSITY_OR_COLLEGE", "slug": "derose-method-vila-madalena-vila-madalena-sao-paulo-sp"}, {"name": "Centro Brit\u00e2nico", "type": "SCHOOL", "slug": "centro-britanico-pinheiros-sao-paulo-sp"}, {"name": "Incor", "type": "HOSPITAL", "slug": "incor-pinheiros-sao-paulo-sp"}, {"name": "Baro Galeria", "type": "MUSEUM_THEATRE_OR_CONCERT_HALL", "slug": "baro-galeria-jardim-paulista-sao-paulo-sp"}, {"name": "Indac - Instituto de Arte e Ci\u00eancia", "type": "UNIVERSITY_OR_COLLEGE", "slug": "indac-instituto-de-arte-e-ciencia-sumare-sao-paulo-sp"}], "availabilityType": "IMMEDIATE", "photos": [{"id": 33856213, "subtitle": "", "url": "893758936-608.615365331476582e243e8-daf3-4e47-8610-c59d5ad9b296-LEAD3P-4c096041-1fd6-4340-9f84-950d6239046b.jpg", "cover": true}, {"id": 33856212, "subtitle": "", "url": "893758936-299.645484300922182e243e8-daf3-4e47-8610-c59d5ad9b296-LEAD3P-c9c09243-1b5d-447b-8b87-e50b213e5902.jpg", "cover": false}, {"id": 33856211, "subtitle": "", "url": "893758936-465.596741697341282e243e8-daf3-4e47-8610-c59d5ad9b296-LEAD3P-bb7d6590-cf97-400f-b8ca-acf39162558e.jpg", "cover": false}, {"id": 33856210, "subtitle": "", "url": "893758936-187.3882791660742682e243e8-daf3-4e47-8610-c59d5ad9b296-LEAD3P-a7f58900-3354-454a-8e9f-bf0667e6632a.jpg", "cover": false}, {"id": 33856209, "subtitle": "", "url": "893758936-622.489418467833882e243e8-daf3-4e47-8610-c59d5ad9b296-LEAD3P-58b7c64a-c9a2-45d6-9a5b-3e6a7d8ebacc.jpg", "cover": false}, {"id": 33856207, "subtitle": "", "url": "893758936-75.7547081901429682e243e8-daf3-4e47-8610-c59d5ad9b296-LEAD3P-7c77c2c9-8947-4e24-8616-f879156965e3.jpg", "cover": false}, {"id": 33856202, "subtitle": "", "url": "893758936-937.232123218785482e243e8-daf3-4e47-8610-c59d5ad9b296-LEAD3P-b4e94fe3-181b-440a-8ccc-4199098f6d1b.jpg", "cover": false}, {"id": 33856199, "subtitle": "", "url": "893758936-587.260419825271682e243e8-daf3-4e47-8610-c59d5ad9b296-LEAD3P-9d1d8073-dd07-4d7c-81b6-09eb152b786a.jpg", "cover": false}, {"id": 33856189, "subtitle": "", "url": "893758936-429.5516796184728682e243e8-daf3-4e47-8610-c59d5ad9b296-LEAD3P-bf011f95-d22c-498c-a357-8c2c70142369.jpg", "cover": false}, {"id": 33856188, "subtitle": "", "url": "893758936-214.2329436504650782e243e8-daf3-4e47-8610-c59d5ad9b296-LEAD3P-9c731b9b-c93d-4217-9d19-2e6ba69db8f0.jpg", "cover": false}, {"id": 33856187, "subtitle": "", "url": "893758936-506.617623510306582e243e8-daf3-4e47-8610-c59d5ad9b296-LEAD3P-4903104e-214b-4ec4-9ae9-014152cf0256.jpg", "cover": false}, {"id": 33856186, "subtitle": "", "url": "893758936-566.74910259240682e243e8-daf3-4e47-8610-c59d5ad9b296-LEAD3P-5853a04b-1553-42d7-8303-db54edf3c32f.jpg", "cover": false}, {"id": 33856204, "subtitle": "", "url": "893758936-109.4749294820087682e243e8-daf3-4e47-8610-c59d5ad9b296-LEAD3P-78be7202-1371-4487-a4c9-3f57f1e7dfbc.jpg", "cover": false}, {"id": 33856203, "subtitle": "", "url": "893758936-587.320978928715982e243e8-daf3-4e47-8610-c59d5ad9b296-LEAD3P-a2f48a15-dd3d-4946-9633-09b4f5607ddb.jpg", "cover": false}, {"id": 33856201, "subtitle": "", "url": "893758936-115.570983248823282e243e8-daf3-4e47-8610-c59d5ad9b296-LEAD3P-1f06509e-1a7d-4452-83b4-9426dfe944f5.jpg", "cover": false}, {"id": 33856200, "subtitle": "", "url": "893758936-706.799753937813682e243e8-daf3-4e47-8610-c59d5ad9b296-LEAD3P-e43f9e24-a7ba-4dda-9cea-903adebdb36a.jpg", "cover": false}, {"id": 33856193, "subtitle": "", "url": "893758936-404.391276113648582e243e8-daf3-4e47-8610-c59d5ad9b296-LEAD3P-c5b4ebb5-87f7-4b3d-a437-bc4de61f5d8b.jpg", "cover": false}, {"id": 33856192, "subtitle": "", "url": "893758936-717.283300134388182e243e8-daf3-4e47-8610-c59d5ad9b296-LEAD3P-685bb8d9-e24e-4cd8-9d37-7cf2bef94b91.jpg", "cover": false}, {"id": 33856208, "subtitle": "", "url": "893758936-213.1120515411862882e243e8-daf3-4e47-8610-c59d5ad9b296-LEAD3P-1973f9f2-0374-4c04-b1b0-196901268de2.jpg", "cover": false}, {"id": 33856191, "subtitle": "", "url": "893758936-107.4990330013314582e243e8-daf3-4e47-8610-c59d5ad9b296-LEAD3P-e9d4cf56-fdcf-4481-b811-e394007baae4.jpg", "cover": false}, {"id": 33856190, "subtitle": "", "url": "893758936-361.078883118970682e243e8-daf3-4e47-8610-c59d5ad9b296-LEAD3P-83c0e3e4-f793-4d2d-8478-1099a195cf8f.jpg", "cover": false}, {"id": 33856206, "subtitle": "", "url": "893758936-503.836780984333782e243e8-daf3-4e47-8610-c59d5ad9b296-LEAD3P-106edfb9-f934-4820-9102-6a98415d66d5.jpg", "cover": false}, {"id": 33856198, "subtitle": "", "url": "893758936-55.1355204855379482e243e8-daf3-4e47-8610-c59d5ad9b296-LEAD3P-6eb54187-7b47-47c1-af86-38f03a72cc12.jpg", "cover": false}, {"id": 33856197, "subtitle": "", "url": "893758936-528.605339166082282e243e8-daf3-4e47-8610-c59d5ad9b296-LEAD3P-505c525d-530c-4f40-879c-400bbd920c05.jpg", "cover": false}, {"id": 33856196, "subtitle": "", "url": "893758936-838.745408538689482e243e8-daf3-4e47-8610-c59d5ad9b296-LEAD3P-8a38a46d-f33e-44d0-8717-4a7b2db60fcf.jpg", "cover": false}, {"id": 33856214, "subtitle": "", "url": "893758936-853.144030734478182e243e8-daf3-4e47-8610-c59d5ad9b296-LEAD3P-2db8fe5e-6612-4b98-9f4f-3172a44cfa49.jpg", "cover": false}, {"id": 33856205, "subtitle": "", "url": "893758936-959.984566917789782e243e8-daf3-4e47-8610-c59d5ad9b296-LEAD3P-a873c8d9-7cad-4555-a4ef-3198d8323b53.jpg", "cover": false}, {"id": 33856195, "subtitle": "", "url": "893758936-121.7401390490829882e243e8-daf3-4e47-8610-c59d5ad9b296-LEAD3P-fbcd6bad-fc06-49f2-b778-2cfbaf025b65.jpg", "cover": false}], "photosCategorizedByRooms": [], "relevantRegions": [], "photospheres": [], "specialConditions": [], "offers": {"closingRate": 0, "shouldHighlightIcon": true, "shouldShowOfferDialog": false, "shouldShowOffers": false, "summary": []}, "status": "publicado", "showUrlHasBeenCopiedSnackbar": false, "isGalleryModalOpen": false, "error": false, "loaded": true, "loading": false, "loadingCategorizedRooms": false, "selectedMedia": "tenant/HouseMedia/PHOTOS", "video": "", "promotions": [], "condominium": {}, "forRent": true, "forSale": true, "salePrice": 1240000, "mortgageFirstInstallment": 0, "listings": [{"imovelId": 893758936, "businessContext": "RENT", "status": "publicado", "firstPublicationDate": "2023-02-03T16:14:08.000+0000", "lastPublicationDate": "2023-02-03T16:14:08.000+0000", "listingRentModel": {"listingBusinessContextId": 1452098, "rentalAdministrator": "QUINTOANDAR"}, "ownership": "THIRD_PARTY"}, {"imovelId": 893758936, "businessContext": "SALE", "status": "publicado", "firstPublicationDate": "2023-01-05T19:26:23.000+0000", "lastPublicationDate": "2023-01-05T19:26:23.000+0000", "ownership": "THIRD_PARTY"}], "listingTags": [], "businessContext": "", "regionParameters": {"loaded": false, "loading": false, "RENT": {"visitsEnabled": true, "talkToAgentEnabled": false}, "SALE": {"visitsEnabled": true, "talkToAgentEnabled": false}}, "houseAgent": {"isDialogOpen": false, "alreadyOpenedByQueryParam": false}, "tenantServiceFee": 147, "closingStatus": {"loading": false}, "rentalGuarantee": {"minValue": 1422.5, "maxValue": 4267.5}, "reservationAvailability": null, "isPrimaryMarket": false, "macroRegion": {"id": 2737, "name": "SPO 07"}, "suites": 1, "houseVisitStatus": "ACCEPT_NEW", "visitStatusReason": null, "visitsUnavailable": false, "isReserved": false, "allowDirectOffer": true, "lastPublishedDate": "2023-02-03T16:14:08.000Z", "listingPublication": "not_stranded", "rentOnTermination": false, "constructionYear": null, "categories": []}, "markers": {"lat": -23.5546642, "lng": -46.679145}, "talkToAgent": {"dialog": {"open": false, "questionType": null, "question": ""}, "agentSupport": {}, "error": null, "autoSubmit": false, "loading": false, "submitting": false, "success": false, "hasLoadedAgentInfo": false, "agent": null, "hasLoadedAgentsInRegion": false, "agentsInRegion": null}}}}, "__N_SSP": true}, "page": "/imovel/[houseId]/[[...slug]]", "query": {"houseId": "893758936", "slug": ["alugar", "apartamento-3-quartos-pinheiros-sao-paulo"]}, "buildId": "gCr3Bg2lYzV9hxZqGibIQ", "runtimeConfig": {"NEXT_PUBLIC_HOME_ADVERTISING_BANNER": "coupon"}, "isFallback": false, "dynamicIds": [61847, 31265, 66435, 77453, 87356, 60899, 41103, 3232, 33207, 72227, 40072, 39327, 19904, 96827], "gssp": true, "customServer": true, "appGip": true, "locale": "pt-BR", "locales": ["pt-BR", "es-MX"], "defaultLocale": "pt-BR", "domainLocales": [{"domain": "www.quintoandar.com.br", "defaultLocale": "pt-BR"}, {"domain": "www.benvi.mx", "defaultLocale": "es-MX"}], "scriptLoader": []}