{"props": {"pageProps": {"initialState": {"route": {"locationBeforeTransitions": {"pathname": "/imovel/893823226/alugar/apartamento-2-quartos-sumare-sao-paulo", "search": "", "hash": "", "action": "POP", "query": {}}, "topLevelRouteName": "house details", "businessContext": "RENT", "favoriteListsBusinessContext": "RENT"}, "router": {"location": {"href": "/", "pathname": "/", "search": "", "hash": ""}}, "progress": {"pendingRequests": -1}, "login": {"response": {}, "user": {"isLoggedIn": false, "id": 0, "agentId": 0, "hashId": "", "sessionId": null, "name": "", "email": "", "maskedEmail": "", "jwt": {"app": "", "firebase": ""}, "phone": {"countryCode": "+55", "areaCode": "", "phoneNumber": ""}, "country": "BR", "channel": "", "isPhoneRegistered": false, "acceptWhatsapp": true, "hasDocument": false, "isPartner": false}, "accountForm": {}, "redirectUrl": "", "isRequestOngoing": false}, "captcha": {"token": "", "hasLoadedRemoteConfig": false, "provider": "", "friction": "low", "unavailableCountriesCode": []}, "supportedCities": [], "inAppMessages": {"biomaSurvey": {"isOpen": false, "formId": null, "data": {"opaque": true}}}, "metaData": {"similar_houses_clicked": []}, "appData": {"device": {"type": "desktop", "isSearchEngineCrawler": false}, "experiments": "X-AB-Test=ab_exposed_filter_sale_desktop:1,ab_exposed_filter_sale_v1:1,ab_exposed_filters:1,ab_load_more_v0:-1,ab_new_house_card_v2:0,ab_new_rent_listing_phase2:0,ab_profiling_create_alert_filters:0,ab_scheduling_step_by_step_v1:1,ab_show_floor_sale:0,ab_street_search_retrieval_v1:0"}, "house": {"houseInfo": {"id": "893823226", "displayId": "1123226", "bedrooms": 2, "city": "S\u00e3o Paulo", "cityId": 39, "bathrooms": 3, "iptu": 200, "amenities": [{"key": "BANHEIRA_DE_HIDROMASSAGEM", "text": "Banheira", "value": "NAO", "optional": false}, {"key": "BOX", "text": "Box", "value": "SIM", "optional": false}, {"key": "VARANDA", "text": "Varanda", "value": "NAO", "optional": false}, {"key": "PISCINA_PRIVATIVA", "text": "Piscina privativa", "value": "SIM", "optional": false}, {"key": "ARMARIOS_EMBUTIDOS_NO_QUARTO", "text": "Arm\u00e1rios no quarto", "value": "SIM", "optional": false}, {"key": "ARMARIOS_NOS_BANHEIROS", "text": "Arm\u00e1rios no banheiro", "value": "SIM", "optional": false}, {"key": "ARMARIOS_NA_COZINHA", "text": "Arm\u00e1rios na cozinha", "value": "NAO", "optional": false}, {"key": "AR_CONDICIONADO", "text": "Ar condicionado", "value": "NAO", "optional": false}, {"key": "CHUVEIRO_A_GAS", "text": "Chuveiro a g\u00e1s", "value": "NAO", "optional": false}, {"key": "QUARTO_DE_SERVICO", "text": "Quarto de servi\u00e7o", "value": "SIM", "optional": false}, {"key": "BANHEIRO_DE_SERVICO", "text": "Banheiro de servi\u00e7o", "value": "SIM", "optional": false}, {"key": "VARANDA_GOURMET", "text": "Varanda gourmet", "value": "SIM", "optional": false}, {"key": "APARTAMENTO_COBERTURA", "text": "Apartamento cobertura", "value": "NAO", "optional": false}, {"key": "QUARTO_EXTRA_REVERSIVEL", "text": "Quarto extra revers\u00edvel", "value": "SIM", "optional": false}, {"key": "FOGAO_INCLUSO", "text": "Fog\u00e3o", "value": "NAO", "optional": false}, {"key": "GELADEIRA_INCLUSO", "text": "Geladeira", "value": "NAO", "optional": false}, {"key": "BANHEIRO_ADAPTADO", "text": "Banheiro adaptado", "value": "NAO", "optional": false}, {"key": "CLOSET", "text": "Closet", "value": "NAO", "optional": false}, {"key": "COZINHA_AMERICANA", "text": "Cozinha americana", "value": "NAO", "optional": false}, {"key": "MESAS_E_CADEIRAS_DE_ESCRITORIO", "text": "Mesas e cadeiras de escrit\u00f3rio", "value": "NAO", "optional": false}, {"key": "JARDIM", "text": "Jardim", "value": "NAO", "optional": false}, {"key": "QUARTOS_E_CORREDORES_COM_PORTAS_AMPLAS", "text": "Quartos e corredores com portas amplas", "value": "NAO", "optional": false}, {"key": "QUINTAL", "text": "Quintal", "value": "NAO", "optional": false}, {"key": "SOMENTE_UMA_CASA_NO_TERRENO", "text": "Somente uma casa no terreno", "value": "NAO", "optional": false}, {"key": "AREA_DE_SERVICO", "text": "\u00c1rea de servi\u00e7o", "value": "SIM", "optional": false}], "comfortCommodities": [{"key": "BANHEIRA_DE_HIDROMASSAGEM", "text": "Banheira", "value": "NAO", "optional": false}, {"key": "PISCINA_PRIVATIVA", "text": "Piscina privativa", "value": "SIM", "optional": false}, {"key": "AR_CONDICIONADO", "text": "Ar condicionado", "value": "NAO", "optional": false}, {"key": "SOL_DA_MANHA", "text": "Sol da manh\u00e3", "value": "SIM", "optional": false}, {"key": "SOL_DA_TARDE", "text": "Sol da tarde", "value": "SIM", "optional": false}, {"key": "CORTINAS_BLACK_OUT", "text": "Cortinas corta luz", "value": "SIM", "optional": false}, {"key": "CORTINAS_DECORATIVAS", "text": "Cortina transl\u00facida", "value": "SIM", "optional": false}, {"key": "JANELA_ANTI_RUIDO", "text": "Janela anti-ru\u00eddo", "value": "SIM", "optional": false}, {"key": "VENTILADOR_DE_TETO", "text": "Ventilador de teto", "value": "NAO", "optional": false}, {"key": "LUMINOSIDADE_NATURAL", "text": "Janelas grandes", "value": "SIM", "optional": false}, {"key": "VISTA_LIVRE", "text": "Vista livre", "value": "SIM", "optional": false}, {"key": "RUA_SILENCIOSA", "text": "Rua silenciosa", "value": "SIM", "optional": false}], "practicalityCommodities": [{"key": "BOX", "text": "Box", "value": "SIM", "optional": false}, {"key": "ARMARIOS_EMBUTIDOS_NO_QUARTO", "text": "Arm\u00e1rios no quarto", "value": "SIM", "optional": false}, {"key": "ARMARIOS_NOS_BANHEIROS", "text": "Arm\u00e1rios no banheiro", "value": "SIM", "optional": false}, {"key": "ARMARIOS_NA_COZINHA", "text": "Arm\u00e1rios na cozinha", "value": "NAO", "optional": false}, {"key": "CHUVEIRO_A_GAS", "text": "Chuveiro a g\u00e1s", "value": "NAO", "optional": false}, {"key": "FOGAO_INCLUSO", "text": "Fog\u00e3o", "value": "NAO", "optional": false}, {"key": "GELADEIRA_INCLUSO", "text": "Geladeira", "value": "NAO", "optional": false}, {"key": "CHUVEIRO_ELETRICO", "text": "Chuveiro el\u00e9trico", "value": "SIM", "optional": false}, {"key": "MICROONDAS", "text": "Microondas", "value": "NAO", "optional": false}, {"key": "SOFA", "text": "Sof\u00e1", "value": "NAO", "optional": false}, {"key": "MAQUINA_DE_LAVAR", "text": "M\u00e1quina de lavar", "value": "NAO", "optional": false}, {"key": "TANQUE", "text": "Tanque", "value": "SIM", "optional": false}, {"key": "REDE_DE_PROTECAO", "text": "Tela nas janelas", "value": "SIM", "optional": false}, {"key": "VARAL_DE_ROUPAS", "text": "Varal de roupas", "value": "SIM", "optional": false}, {"key": "TOMADAS_NOVAS", "text": "Tomadas 3 pinos", "value": "SIM", "optional": false}, {"key": "TELEVISAO", "text": "Televis\u00e3o", "value": "NAO", "optional": false}, {"key": "MESAS_E_CADEIRAS_DE_JANTAR", "text": "Mesas e cadeiras de jantar", "value": "NAO", "optional": false}, {"key": "CHURRASQUEIRA", "text": "Churrasqueira", "value": "SIM", "optional": false}, {"key": "ACESSO_SEM_DEGRAUS", "text": "Acesso sem degraus", "value": "SIM", "optional": false}, {"key": "COOKTOP", "text": "Fog\u00e3o cooktop", "value": "NAO", "optional": false}, {"key": "UTENSILIOS_DE_COZINHA", "text": "Utens\u00edlios de cozinha", "value": "NAO", "optional": false}, {"key": "CAMA_DE_CASAL", "text": "Cama de casal", "value": "NAO", "optional": false}, {"key": "CAMA_DE_SOLTEIRO", "text": "Cama de solteiro", "value": "NAO", "optional": false}, {"key": "ESPELHO_NO_BANHEIRO", "text": "Espelho no banheiro", "value": "SIM", "optional": false}, {"key": "FECHADURA_ELETRONICA", "text": "Fechadura eletr\u00f4nica", "value": "SIM", "optional": false}, {"key": "ENERGIA", "text": "Energia no im\u00f3vel", "value": "SIM", "optional": false}], "area": 109, "installations": [{"key": "PLAYGROUND", "text": "Playground", "value": "SIM"}, {"key": "PISCINA", "text": "Piscina", "value": "SIM"}, {"key": "CHURRASQUEIRA", "text": "Churrasqueira", "value": "NAO"}, {"key": "QUADRA_ESPORTIVA", "text": "Quadra esportiva", "value": "SIM"}, {"key": "ACADEMIA", "text": "Academia", "value": "SIM"}, {"key": "SALAO_DE_FESTAS", "text": "Sal\u00e3o de festas", "value": "SIM"}, {"key": "SAUNA", "text": "Sauna", "value": "NAO"}, {"key": "LAVANDERIA_NO_PREDIO", "text": "Lavanderia no pr\u00e9dio", "value": "NAO"}, {"key": "GAS_ENCANADO", "text": "G\u00e1s encanado", "value": "SIM"}, {"key": "ESPACO_GOURMET_NA_AREA_COMUM", "text": "Espa\u00e7o gourmet na \u00e1rea comum", "value": "SIM"}, {"key": "BRINQUEDOTECA", "text": "Brinquedoteca", "value": "SIM"}, {"key": "CORRIMAO", "text": "Corrim\u00e3o", "value": "SIM"}, {"key": "PISO_TATIL", "text": "Piso t\u00e1til", "value": "SIM"}, {"key": "RAMPAS_DE_ACESSO", "text": "Rampas de acesso", "value": "SIM"}, {"key": "SALAO_DE_JOGOS", "text": "Sal\u00e3o de jogos", "value": "SIM"}, {"key": "VAGA_DE_GARAGEM_ACESSIVEL", "text": "Vaga de garagem acess\u00edvel", "value": "SIM"}, {"key": "AREA_VERDE", "text": "\u00c1rea verde", "value": "SIM"}, {"key": "Elevador", "value": "SIM"}, {"key": "Porteiro24H", "value": "SIM"}], "rentPrice": 3900, "condoPrice": 945, "condoType": "Normal", "region": {"name": "Sumar\u00e9", "hub": {"loading": "UNSET", "enabled": false, "abSecretariat": false, "isPrimaryMarket": false}, "id": 68}, "type": "Apartamento", "iptuType": "Normal", "totalCost": 5196, "parkingSpaces": 1, "address": {"street": "Rua Andr\u00e9 Dreyfus", "neighborhood": "Sumar\u00e9", "city": "S\u00e3o Paulo", "zipCode": "01252-901", "stateName": "S\u00e3o Paulo", "stateAcronym": "SP", "lat": -23.5427248, "lng": -46.6775886, "countryName": "Brasil", "countryCode": "BR", "country": "Brasil"}, "floor": 4, "homeProtection": 50, "remarks": "sem\nMoveis !", "acceptsPets": true, "hasFurniture": false, "isNearSubway": true, "placesNearby": [{"name": "Pra\u00e7a Miriam Barros", "type": "PARK_OR_GREEN_AREA", "slug": "praca-miriam-barros-sumare-sao-paulo-sp-brasil"}, {"name": "Centro da Terra", "type": "MUSEUM_THEATRE_OR_CONCERT_HALL", "slug": "centro-da-terra-sumare-sao-paulo-sp"}, {"name": "Parque Sabesp Sumar\u00e9", "type": "PARK_OR_GREEN_AREA", "slug": "parque-sabesp-sumare-sumare-sao-paulo-sp-brasil"}, {"name": "Col\u00e9gio Global", "type": "SCHOOL", "slug": "colegio-global-sumare-sao-paulo-sp-brasil"}, {"name": "Col\u00e9gio Notre Dame", "type": "SCHOOL", "slug": "colegio-notre-dame-sumare-sao-paulo-sp-brasil"}, {"name": "Teadro Viradalata", "type": "MUSEUM_THEATRE_OR_CONCERT_HALL", "slug": "teadro-viradalata-sumare-sao-paulo-sp"}, {"name": "Indac - Instituto de Arte e Ci\u00eancia", "type": "UNIVERSITY_OR_COLLEGE", "slug": "indac-instituto-de-arte-e-ciencia-sumare-sao-paulo-sp"}, {"name": "Col\u00e9gio Pent\u00e1gono \u2013 Unidade Bartira", "type": "SCHOOL", "slug": "colegio-pentagono-unidade-bartira-perdizes-sao-paulo-sp"}, {"name": "Centro Universit\u00e1rio Sumar\u00e9", "type": "UNIVERSITY_OR_COLLEGE", "slug": "centro-universitario-sumare-sumare-sao-paulo-sp-brasil"}, {"name": "Casa da Cultura", "type": "MUSEUM_THEATRE_OR_CONCERT_HALL", "slug": "casa-da-cultura-pacaembu-sao-paulo-sp-brasil"}, {"name": "Teatro da Universidade Cat\u00f3lica", "type": "MUSEUM_THEATRE_OR_CONCERT_HALL", "slug": "teatro-da-universidade-catolica-perdizes-sao-paulo-sp"}, {"name": "Col\u00e9gio Pent\u00e1gono \u2013 Unidade Caiubi", "type": "SCHOOL", "slug": "colegio-pentagono-unidade-caiubi-perdizes-sao-paulo-sp"}, {"name": "PUC-SP - campus Perdizes", "type": "UNIVERSITY_OR_COLLEGE", "slug": "pontificia-universidade-catolica-de-sao-paulo-pucsp-perdizes-sao-paulo-sp"}, {"name": "Unibes Centro Cultural", "type": "MUSEUM_THEATRE_OR_CONCERT_HALL", "slug": "unibes-centro-cultural-pinheiros-sao-paulo-sp"}, {"name": "Santu\u00e1rio Nossa Senhora de F\u00e1tima - Sumar\u00e9", "type": "ESTACAO_METRO_OU_TREM", "slug": "santuario-nossa-senhora-de-fatima-sumare-pinheiros-sao-paulo-sp"}, {"name": "Escola Estadual Brigadeiro Faria Lima", "type": "SCHOOL", "slug": "escola-estadual-brigadeiro-faria-lima-sumare-sao-paulo-sp-brasil"}, {"name": "Faculdade Sumar\u00e9 Matriz", "type": "UNIVERSITY_OR_COLLEGE", "slug": "faculdade-sumare-matriz-sumare-sao-paulo-sp-brasil"}, {"name": "Alta Performance Perdizes", "type": "UNIVERSITY_OR_COLLEGE", "slug": "alta-performance-perdizes-perdizes-sao-paulo-sp"}, {"name": "Escola de Yoga", "type": "SCHOOL", "slug": "escola-de-yoga-perdizes-sao-paulo-sp"}, {"name": "Mugeo Valdemar Lef\u00e8vre", "type": "MUSEUM_THEATRE_OR_CONCERT_HALL", "slug": "mugeo-valdemar-lef\u00e8vre-perdizes-sao-paulo-sp"}, {"name": "Pra\u00e7a Charles Miller", "type": "PARK_OR_GREEN_AREA", "slug": "praca-charles-miller-pacaembu-sao-paulo-sp-brasil"}, {"name": "Museu do Futebol", "type": "MUSEUM_THEATRE_OR_CONCERT_HALL", "slug": "museu-do-futebol-pacaembu-sao-paulo-sp"}, {"name": "Red House International School", "type": "SCHOOL", "slug": "red-house-international-school-pacaembu-sao-paulo-sp-brasil"}, {"name": "Est\u00e1dio do Pacaembu", "type": "STADIUM", "slug": "estadio-do-pacaembu-pacaembu-sao-paulo-sp-brasil"}, {"name": "Nilton Travesso Oficina de Atores", "type": "UNIVERSITY_OR_COLLEGE", "slug": "nilton-travesso-oficina-de-atores-pinheiros-sao-paulo-sp"}, {"name": "Escola Carlitos", "type": "SCHOOL", "slug": "escola-carlitos-pacaembu-sao-paulo-sp-brasil"}, {"name": "Parque da \u00c1gua Branca", "type": "PARK_OR_GREEN_AREA", "slug": "parque-da-agua-branca-agua-branca-sao-paulo-sp"}, {"name": "FMUSP - Faculdade Medicina USP", "type": "UNIVERSITY_OR_COLLEGE", "slug": "fmusp-usp-pinheiros-sao-paulo-sp"}, {"name": "Teatro Central da Medicina", "type": "MUSEUM_THEATRE_OR_CONCERT_HALL", "slug": "teatro-central-da-medicina-pinheiros-sao-paulo-sp"}, {"name": "Vesper", "type": "SCHOOL", "slug": "vesper-vila-madalena-sao-paulo-sp"}], "availabilityType": "IMMEDIATE", "photos": [{"id": 31895145, "subtitle": "Sala", "url": "893823226-679.0120882679838DSCF4201copy.jpg", "cover": true}, {"id": 31895140, "subtitle": "Sala", "url": "893823226-2.2624248624552035DSCF4199copy.jpg", "cover": false}, {"id": 31895142, "subtitle": "Sala", "url": "893823226-528.005974479406DSCF4200copy.jpg", "cover": false}, {"id": 31895147, "subtitle": "Sala", "url": "893823226-134.71233248481195DSCF4202copy.jpg", "cover": false}, {"id": 31895149, "subtitle": "Sala", "url": "893823226-590.6943717625422DSCF4204copy.jpg", "cover": false}, {"id": 31895152, "subtitle": "Sala - Vista", "url": "893823226-709.9758765081122DSCF4205copy.jpg", "cover": false}, {"id": 31895155, "subtitle": "Su\u00edte", "url": "893823226-112.19503641540207DSCF4206copy.jpg", "cover": false}, {"id": 31895157, "subtitle": "Su\u00edte", "url": "893823226-124.87787718382415DSCF4207copy.jpg", "cover": false}, {"id": 31895159, "subtitle": "Su\u00edte", "url": "893823226-357.40826870687306DSCF4208copy.jpg", "cover": false}, {"id": 31895162, "subtitle": "Su\u00edte", "url": "893823226-710.0859751162012DSCF4209copy.jpg", "cover": false}, {"id": 31895164, "subtitle": "Su\u00edte - Banheiro", "url": "893823226-464.7306785511295DSCF4210copy.jpg", "cover": false}, {"id": 31895167, "subtitle": "Su\u00edte - Banheiro", "url": "893823226-749.6647508123164DSCF4211copy.jpg", "cover": false}, {"id": 31895169, "subtitle": "Su\u00edte - Banheiro", "url": "893823226-683.1016058674483DSCF4212copy.jpg", "cover": false}, {"id": 31895171, "subtitle": "Su\u00edte - Banheiro", "url": "893823226-270.9432334734425DSCF4213copy.jpg", "cover": false}, {"id": 31895174, "subtitle": "Quarto 2", "url": "893823226-923.847187099473DSCF4215copy.jpg", "cover": false}, {"id": 31895176, "subtitle": "Quarto 2", "url": "893823226-642.7510657015545DSCF4216copy.jpg", "cover": false}, {"id": 31895178, "subtitle": "Quarto 2", "url": "893823226-778.0589484850345DSCF4217copy.jpg", "cover": false}, {"id": 31895181, "subtitle": "Quarto 2", "url": "893823226-921.5027180761851DSCF4218copy.jpg", "cover": false}, {"id": 31895183, "subtitle": "Banheiro", "url": "893823226-500.30612863532906DSCF4219copy.jpg", "cover": false}, {"id": 31895185, "subtitle": "Banheiro", "url": "893823226-765.0319733681183DSCF4220copy.jpg", "cover": false}, {"id": 31895187, "subtitle": "Banheiro", "url": "893823226-775.5255979126924DSCF4221copy.jpg", "cover": false}, {"id": 31895188, "subtitle": "Banheiro", "url": "893823226-671.7237289816733DSCF4222copy.jpg", "cover": false}, {"id": 31895191, "subtitle": "Cozinha", "url": "893823226-590.778286494954DSCF4223copy.jpg", "cover": false}, {"id": 31895192, "subtitle": "Cozinha", "url": "893823226-643.011058716519DSCF4224copy.jpg", "cover": false}, {"id": 31895194, "subtitle": "Cozinha", "url": "893823226-223.31008118773633DSCF4225copy.jpg", "cover": false}, {"id": 31895195, "subtitle": "Cozinha", "url": "893823226-131.26311044394723DSCF4226copy.jpg", "cover": false}, {"id": 31895196, "subtitle": "Cozinha", "url": "893823226-695.2269136771852DSCF4227copy.jpg", "cover": false}, {"id": 31895197, "subtitle": "Cozinha - Lavanderia", "url": "893823226-902.0115591015671DSCF4228copy.jpg", "cover": false}, {"id": 31907838, "subtitle": "Sal\u00e3o de Festas", "url": "893823226-4.127261582184127892875325615.7220606010624IMG2248.jpg", "cover": false}, {"id": 31907846, "subtitle": "Academia", "url": "893823226-832.4739096917871893345694886.9735440385332DSC3527.jpg", "cover": false}, {"id": 31907843, "subtitle": "Academia", "url": "893823226-336.77415745604924893345694720.193889106592DSC3528.jpg", "cover": false}, {"id": 31907847, "subtitle": "Brinquedoteca", "url": "893823226-952.2960420302285DSCF7349copy.jpg", "cover": false}, {"id": 31907850, "subtitle": "Sal\u00e3o de jogos", "url": "893823226-150.09885736652186DSCF7350copy.jpg", "cover": false}, {"id": 31907851, "subtitle": "Quadra", "url": "893823226-224.70361692158792DSCF7351copy.jpg", "cover": false}, {"id": 31907857, "subtitle": "Piscina", "url": "893823226-323.1718968250444DSCF7354copy.jpg", "cover": false}, {"id": 31907855, "subtitle": "Piscina", "url": "893823226-105.2227070650732DSCF7353copy.jpg", "cover": false}, {"id": 31907860, "subtitle": "Playground", "url": "893823226-927.9057665970716DSCF7355copy.jpg", "cover": false}, {"id": 31907863, "subtitle": "Fachada", "url": "893823226-417.04681405706935DSCF7356copy.jpg", "cover": false}], "photosCategorizedByRooms": [], "relevantRegions": [], "photospheres": [], "specialConditions": [], "offers": {"closingRate": 0, "shouldHighlightIcon": true, "shouldShowOfferDialog": false, "shouldShowOffers": false, "summary": []}, "status": "publicado", "showUrlHasBeenCopiedSnackbar": false, "isGalleryModalOpen": false, "error": false, "loaded": true, "loading": false, "loadingCategorizedRooms": false, "selectedMedia": "tenant/HouseMedia/PHOTOS", "video": "", "promotions": [], "condominium": {"hashId": "8kojsvgqnd", "name": "Mirante do Sumar\u00e9 ", "slug": "mirante-do-sumare-sumare-sao-paulo", "address": "R. Andr\u00e9 Dreifus", "constructionYear": 1975}, "forRent": true, "forSale": true, "salePrice": 890000, "mortgageFirstInstallment": 0, "listings": [{"imovelId": 893823226, "businessContext": "RENT", "status": "publicado", "firstPublicationDate": "2022-11-11T21:55:26.000+0000", "lastPublicationDate": "2022-11-11T21:55:26.000+0000", "listingRentModel": {"listingBusinessContextId": 1303167, "rentalAdministrator": "QUINTOANDAR"}, "ownership": "STANDARD"}, {"imovelId": 893823226, "businessContext": "SALE", "status": "publicado", "firstPublicationDate": "2022-11-11T21:55:26.000+0000", "lastPublicationDate": "2022-11-11T21:55:26.000+0000", "ownership": "STANDARD"}], "listingTags": [], "businessContext": "", "regionParameters": {"loaded": false, "loading": false, "RENT": {"visitsEnabled": true, "talkToAgentEnabled": false}, "SALE": {"visitsEnabled": true, "talkToAgentEnabled": false}}, "houseAgent": {"isDialogOpen": false, "alreadyOpenedByQueryParam": false}, "tenantServiceFee": 101, "closingStatus": {"loading": false}, "rentalGuarantee": {"minValue": 975, "maxValue": 2925}, "reservationAvailability": null, "isPrimaryMarket": false, "macroRegion": {"id": 2737, "name": "SPO 07"}, "suites": 1, "allowsCustomOffer": true, "displayCustomOfferPreference": true, "houseVisitStatus": "ACCEPT_ALWAYS", "visitStatusReason": null, "visitsUnavailable": false, "isReserved": false, "allowDirectOffer": true, "lastPublishedDate": "2022-11-11T21:55:26.000Z", "listingPublication": "stranded", "rentOnTermination": false, "constructionYear": 1975, "categories": []}, "markers": {"lat": -23.5427248, "lng": -46.6775886}, "talkToAgent": {"dialog": {"open": false, "questionType": null, "question": ""}, "agentSupport": {}, "error": null, "autoSubmit": false, "loading": false, "submitting": false, "success": false, "hasLoadedAgentInfo": false, "agent": null, "hasLoadedAgentsInRegion": false, "agentsInRegion": null}}}}, "__N_SSP": true}, "page": "/imovel/[houseId]/[[...slug]]", "query": {"houseId": "893823226", "slug": ["alugar", "apartamento-2-quartos-sumare-sao-paulo"]}, "buildId": "gCr3Bg2lYzV9hxZqGibIQ", "runtimeConfig": {"NEXT_PUBLIC_HOME_ADVERTISING_BANNER": "coupon"}, "isFallback": false, "dynamicIds": [61847, 31265, 66435, 77453, 87356, 60899, 41103, 3232, 33207, 72227, 40072, 39327, 19904, 96827], "gssp": true, "customServer": true, "appGip": true, "locale": "pt-BR", "locales": ["pt-BR", "es-MX"], "defaultLocale": "pt-BR", "domainLocales": [{"domain": "www.quintoandar.com.br", "defaultLocale": "pt-BR"}, {"domain": "www.benvi.mx", "defaultLocale": "es-MX"}], "scriptLoader": []}