{"props": {"pageProps": {"initialState": {"route": {"locationBeforeTransitions": {"pathname": "/imovel/893818684/alugar/apartamento-2-quartos-vila-maria-sao-paulo", "search": "", "hash": "", "action": "POP", "query": {}}, "topLevelRouteName": "house details", "businessContext": "RENT", "favoriteListsBusinessContext": "RENT"}, "router": {"location": {"href": "/", "pathname": "/", "search": "", "hash": ""}}, "progress": {"pendingRequests": -1}, "login": {"response": {}, "user": {"isLoggedIn": false, "id": 0, "agentId": 0, "hashId": "", "sessionId": null, "name": "", "email": "", "maskedEmail": "", "jwt": {"app": "", "firebase": ""}, "phone": {"countryCode": "+55", "areaCode": "", "phoneNumber": ""}, "country": "BR", "channel": "", "isPhoneRegistered": false, "acceptWhatsapp": true, "hasDocument": false, "isPartner": false}, "accountForm": {}, "redirectUrl": "", "isRequestOngoing": false}, "captcha": {"token": "", "hasLoadedRemoteConfig": false, "provider": "", "friction": "low", "unavailableCountriesCode": []}, "supportedCities": [], "inAppMessages": {"biomaSurvey": {"isOpen": false, "formId": null, "data": {"opaque": true}}}, "metaData": {"similar_houses_clicked": []}, "appData": {"device": {"type": "desktop", "isSearchEngineCrawler": false}, "experiments": "X-AB-Test=ab_exposed_filter_sale_desktop:1,ab_exposed_filter_sale_v1:1,ab_exposed_filters:1,ab_load_more_v0:-1,ab_new_house_card_v2:0,ab_new_rent_listing_phase2:0,ab_profiling_create_alert_filters:0,ab_scheduling_step_by_step_v1:1,ab_show_floor_sale:0,ab_street_search_retrieval_v1:0"}, "house": {"houseInfo": {"id": "893818684", "displayId": "1118684", "bedrooms": 2, "city": "S\u00e3o Paulo", "cityId": 39, "bathrooms": 2, "iptu": 350, "amenities": [{"key": "BANHEIRA_DE_HIDROMASSAGEM", "text": "Banheira", "value": "NAO", "optional": false}, {"key": "BOX", "text": "Box", "value": "NAO", "optional": false}, {"key": "VARANDA", "text": "Varanda", "value": "NAO", "optional": false}, {"key": "PISCINA_PRIVATIVA", "text": "Piscina privativa", "value": "SIM", "optional": false}, {"key": "ARMARIOS_EMBUTIDOS_NO_QUARTO", "text": "Arm\u00e1rios no quarto", "value": "NAO", "optional": false}, {"key": "ARMARIOS_NOS_BANHEIROS", "text": "Arm\u00e1rios no banheiro", "value": "NAO", "optional": false}, {"key": "ARMARIOS_NA_COZINHA", "text": "Arm\u00e1rios na cozinha", "value": "NAO", "optional": false}, {"key": "AR_CONDICIONADO", "text": "Ar condicionado", "value": "NAO", "optional": false}, {"key": "CHUVEIRO_A_GAS", "text": "Chuveiro a g\u00e1s", "value": "NAO", "optional": false}, {"key": "QUARTO_DE_SERVICO", "text": "Quarto de servi\u00e7o", "value": "SIM", "optional": false}, {"key": "BANHEIRO_DE_SERVICO", "text": "Banheiro de servi\u00e7o", "value": "SIM", "optional": false}, {"key": "VARANDA_GOURMET", "text": "Varanda gourmet", "value": "SIM", "optional": false}, {"key": "APARTAMENTO_COBERTURA", "text": "Apartamento cobertura", "value": "NAO", "optional": false}, {"key": "QUARTO_EXTRA_REVERSIVEL", "text": "Quarto extra revers\u00edvel", "value": "SIM", "optional": false}, {"key": "FOGAO_INCLUSO", "text": "Fog\u00e3o", "value": "NAO", "optional": false}, {"key": "GELADEIRA_INCLUSO", "text": "Geladeira", "value": "NAO", "optional": false}, {"key": "BANHEIRO_ADAPTADO", "text": "Banheiro adaptado", "value": "NAO", "optional": false}, {"key": "CLOSET", "text": "Closet", "value": "NAO", "optional": false}, {"key": "COZINHA_AMERICANA", "text": "Cozinha americana", "value": "NAO", "optional": false}, {"key": "MESAS_E_CADEIRAS_DE_ESCRITORIO", "text": "Mesas e cadeiras de escrit\u00f3rio", "value": "NAO", "optional": false}, {"key": "JARDIM", "text": "Jardim", "value": "NAO", "optional": false}, {"key": "QUARTOS_E_CORREDORES_COM_PORTAS_AMPLAS", "text": "Quartos e corredores com portas amplas", "value": "SIM", "optional": false}, {"key": "QUINTAL", "text": "Quintal", "value": "NAO", "optional": false}, {"key": "SOMENTE_UMA_CASA_NO_TERRENO", "text": "Somente uma casa no terreno", "value": "NAO", "optional": false}, {"key": "AREA_DE_SERVICO", "text": "\u00c1rea de servi\u00e7o", "value": "SIM", "optional": false}], "comfortCommodities": [{"key": "BANHEIRA_DE_HIDROMASSAGEM", "text": "Banheira", "value": "NAO", "optional": false}, {"key": "PISCINA_PRIVATIVA", "text": "Piscina privativa", "value": "SIM", "optional": false}, {"key": "AR_CONDICIONADO", "text": "Ar condicionado", "value": "NAO", "optional": false}, {"key": "SOL_DA_MANHA", "text": "Sol da manh\u00e3", "value": "SIM", "optional": false}, {"key": "SOL_DA_TARDE", "text": "Sol da tarde", "value": "SIM", "optional": false}, {"key": "CORTINAS_BLACK_OUT", "text": "Cortinas corta luz", "value": "SIM", "optional": false}, {"key": "CORTINAS_DECORATIVAS", "text": "Cortina transl\u00facida", "value": "SIM", "optional": false}, {"key": "JANELA_ANTI_RUIDO", "text": "Janela anti-ru\u00eddo", "value": "SIM", "optional": false}, {"key": "VENTILADOR_DE_TETO", "text": "Ventilador de teto", "value": "NAO", "optional": false}, {"key": "LUMINOSIDADE_NATURAL", "text": "Janelas grandes", "value": "SIM", "optional": false}, {"key": "VISTA_LIVRE", "text": "Vista livre", "value": "SIM", "optional": false}, {"key": "RUA_SILENCIOSA", "text": "Rua silenciosa", "value": "SIM", "optional": false}], "practicalityCommodities": [{"key": "BOX", "text": "Box", "value": "NAO", "optional": false}, {"key": "ARMARIOS_EMBUTIDOS_NO_QUARTO", "text": "Arm\u00e1rios no quarto", "value": "NAO", "optional": false}, {"key": "ARMARIOS_NOS_BANHEIROS", "text": "Arm\u00e1rios no banheiro", "value": "NAO", "optional": false}, {"key": "ARMARIOS_NA_COZINHA", "text": "Arm\u00e1rios na cozinha", "value": "NAO", "optional": false}, {"key": "CHUVEIRO_A_GAS", "text": "Chuveiro a g\u00e1s", "value": "NAO", "optional": false}, {"key": "FOGAO_INCLUSO", "text": "Fog\u00e3o", "value": "NAO", "optional": false}, {"key": "GELADEIRA_INCLUSO", "text": "Geladeira", "value": "NAO", "optional": false}, {"key": "CHUVEIRO_ELETRICO", "text": "Chuveiro el\u00e9trico", "value": "SIM", "optional": false}, {"key": "MICROONDAS", "text": "Microondas", "value": "NAO", "optional": false}, {"key": "SOFA", "text": "Sof\u00e1", "value": "NAO", "optional": false}, {"key": "MAQUINA_DE_LAVAR", "text": "M\u00e1quina de lavar", "value": "NAO", "optional": false}, {"key": "TANQUE", "text": "Tanque", "value": "SIM", "optional": false}, {"key": "REDE_DE_PROTECAO", "text": "Tela nas janelas", "value": "SIM", "optional": false}, {"key": "VARAL_DE_ROUPAS", "text": "Varal de roupas", "value": "SIM", "optional": false}, {"key": "TOMADAS_NOVAS", "text": "Tomadas 3 pinos", "value": "SIM", "optional": false}, {"key": "TELEVISAO", "text": "Televis\u00e3o", "value": "NAO", "optional": false}, {"key": "MESAS_E_CADEIRAS_DE_JANTAR", "text": "Mesas e cadeiras de jantar", "value": "NAO", "optional": false}, {"key": "CHURRASQUEIRA", "text": "Churrasqueira", "value": "SIM", "optional": false}, {"key": "ACESSO_SEM_DEGRAUS", "text": "Acesso sem degraus", "value": "SIM", "optional": false}, {"key": "COOKTOP", "text": "Fog\u00e3o cooktop", "value": "NAO", "optional": false}, {"key": "UTENSILIOS_DE_COZINHA", "text": "Utens\u00edlios de cozinha", "value": "NAO", "optional": false}, {"key": "CAMA_DE_CASAL", "text": "Cama de casal", "value": "NAO", "optional": false}, {"key": "CAMA_DE_SOLTEIRO", "text": "Cama de solteiro", "value": "NAO", "optional": false}, {"key": "ESPELHO_NO_BANHEIRO", "text": "Espelho no banheiro", "value": "SIM", "optional": false}, {"key": "FECHADURA_ELETRONICA", "text": "Fechadura eletr\u00f4nica", "value": "SIM", "optional": false}, {"key": "ENERGIA", "text": "Energia no im\u00f3vel", "value": "SIM", "optional": false}], "area": 91, "installations": [{"key": "PLAYGROUND", "text": "Playground", "value": "NAO"}, {"key": "PISCINA", "text": "Piscina", "value": "NAO"}, {"key": "CHURRASQUEIRA", "text": "Churrasqueira", "value": "NAO"}, {"key": "QUADRA_ESPORTIVA", "text": "Quadra esportiva", "value": "NAO"}, {"key": "ACADEMIA", "text": "Academia", "value": "NAO"}, {"key": "SALAO_DE_FESTAS", "text": "Sal\u00e3o de festas", "value": "NAO"}, {"key": "SAUNA", "text": "Sauna", "value": "NAO"}, {"key": "LAVANDERIA_NO_PREDIO", "text": "Lavanderia no pr\u00e9dio", "value": "NAO"}, {"key": "GAS_ENCANADO", "text": "G\u00e1s encanado", "value": "SIM"}, {"key": "ESPACO_GOURMET_NA_AREA_COMUM", "text": "Espa\u00e7o gourmet na \u00e1rea comum", "value": "SIM"}, {"key": "BRINQUEDOTECA", "text": "Brinquedoteca", "value": "NAO"}, {"key": "CORRIMAO", "text": "Corrim\u00e3o", "value": "SIM"}, {"key": "PISO_TATIL", "text": "Piso t\u00e1til", "value": "SIM"}, {"key": "RAMPAS_DE_ACESSO", "text": "Rampas de acesso", "value": "NAO"}, {"key": "SALAO_DE_JOGOS", "text": "Sal\u00e3o de jogos", "value": "NAO"}, {"key": "VAGA_DE_GARAGEM_ACESSIVEL", "text": "Vaga de garagem acess\u00edvel", "value": "NAO"}, {"key": "AREA_VERDE", "text": "\u00c1rea verde", "value": "NAO"}, {"key": "Elevador", "value": "NAO"}, {"key": "Porteiro24H", "value": "NAO"}], "rentPrice": 1500, "condoPrice": 80, "condoType": "Normal", "region": {"name": "Vila Maria\u00a0", "hub": {"loading": "UNSET", "enabled": false, "abSecretariat": false, "isPrimaryMarket": false}, "id": 1915}, "type": "Apartamento", "iptuType": "Normal", "totalCost": 1988, "parkingSpaces": 0, "address": {"street": "Avenida Guilherme Cotching", "neighborhood": "Vila Maria", "city": "S\u00e3o Paulo", "zipCode": "02113-014", "stateName": "S\u00e3o Paulo", "stateAcronym": "SP", "lat": -23.5199556, "lng": -46.5908963, "countryName": "Brasil", "countryCode": "BR", "country": "Brasil"}, "floor": 2, "homeProtection": 20, "remarks": "", "acceptsPets": true, "hasFurniture": false, "isNearSubway": false, "placesNearby": [{"name": "Uninove", "type": "UNIVERSITY_OR_COLLEGE", "slug": "uninove-vila-maria-sao-paulo-sp"}, {"name": "Col\u00e9gio Newton Braga", "type": "SCHOOL", "slug": "colegio-newton-braga-vila-maria-sao-paulo-sp-brasil"}, {"name": "Parque Vila Guilherme", "type": "PARK_OR_GREEN_AREA", "slug": "parque-vila-guilherme-vila-guilherme-sao-paulo-sp-brasil"}, {"name": "Escola Municipal Ary Gomes", "type": "SCHOOL", "slug": "escola-municipal-ary-gomes-parque-novo-mundo-sao-paulo-sp"}, {"name": "Hospital e Maternidade Nossa Senhora do Ros\u00e1rio", "type": "HOSPITAL", "slug": "hospital-e-maternidade-nossa-senhora-do-rosario-vila-maria-sao-paulo-sp-brasil"}, {"name": "Escola Sion", "type": "SCHOOL", "slug": "escola-sion-vila-maria-sao-paulo-sp"}, {"name": "Universidade Anhanguera de S\u00e3o Paulo Unidade Maria C\u00e2ndida", "type": "UNIVERSITY_OR_COLLEGE", "slug": "universidade-anhanguera-de-sao-paulo-unidade-maria-candida-vila-guilherme-sao-paulo-sp-brasil"}, {"name": "Wizard Ingles", "type": "SCHOOL", "slug": "wizard-ingles-vila-guilherme-sao-paulo-sp"}, {"name": "Clube Escola Vila Guilherme", "type": "STADIUM", "slug": "clube-escola-vila-guilherme-vila-guilherme-sao-paulo-sp-brasil"}, {"name": "Col\u00e9gio Saab", "type": "SCHOOL", "slug": "colegio-saab-tatuape-sao-paulo-sp"}, {"name": "Faculdade Cantareira", "type": "UNIVERSITY_OR_COLLEGE", "slug": "faculdade-cantareira-belem-sao-paulo-sp"}, {"name": "C A T Ant\u00f4nio Devisate", "type": "UNIVERSITY_OR_COLLEGE", "slug": "c-a-t-antonio-devisate-belem-sao-paulo-sp"}], "photos": [{"id": 31827174, "subtitle": "Sala", "url": "893818684-475.51873555854206DSC0413.jpg", "cover": true}, {"id": 31827163, "subtitle": "Sala", "url": "893818684-102.70009280827585DSC0410.jpg", "cover": false}, {"id": 31827166, "subtitle": "Sala", "url": "893818684-609.1242753504507DSC0411.jpg", "cover": false}, {"id": 31827171, "subtitle": "Sala", "url": "893818684-337.2319512169193DSC0412.jpg", "cover": false}, {"id": 31827179, "subtitle": "Quarto 1", "url": "893818684-903.2530394747339DSC0414.jpg", "cover": false}, {"id": 31827185, "subtitle": "Quarto 1", "url": "893818684-495.872455742039DSC0415.jpg", "cover": false}, {"id": 31827186, "subtitle": "Quarto 1", "url": "893818684-761.5354494720486DSC0416.jpg", "cover": false}, {"id": 31827187, "subtitle": "Quarto 1", "url": "893818684-803.3769984481157DSC0417.jpg", "cover": false}, {"id": 31827189, "subtitle": "Quarto 2", "url": "893818684-700.190921045165DSC0418.jpg", "cover": false}, {"id": 31827190, "subtitle": "Quarto 2", "url": "893818684-781.6997761208341DSC0419.jpg", "cover": false}, {"id": 31827192, "subtitle": "Quarto 2", "url": "893818684-170.71301319990206DSC0420.jpg", "cover": false}, {"id": 31827195, "subtitle": "Quarto 2", "url": "893818684-247.0156587001381DSC0421.jpg", "cover": false}, {"id": 31827196, "subtitle": "Banheiro 1", "url": "893818684-945.8402041330622DSC0422.jpg", "cover": false}, {"id": 31827198, "subtitle": "Banheiro 1", "url": "893818684-66.79438013634886DSC0423.jpg", "cover": false}, {"id": 31827201, "subtitle": "Banheiro 1", "url": "893818684-432.69756505987857DSC0424.jpg", "cover": false}, {"id": 31827202, "subtitle": "Banheiro 1", "url": "893818684-323.3034343992478DSC0425.jpg", "cover": false}, {"id": 31827204, "subtitle": "Banheiro 1", "url": "893818684-592.4883252522375DSC0426.jpg", "cover": false}, {"id": 31827206, "subtitle": "Banheiro 2", "url": "893818684-288.3727931493486DSC0428.jpg", "cover": false}, {"id": 31827208, "subtitle": "Banheiro 2", "url": "893818684-130.55442221281044DSC0429.jpg", "cover": false}, {"id": 31827209, "subtitle": "Banheiro 2", "url": "893818684-441.33729583330904DSC0430.jpg", "cover": false}, {"id": 31827212, "subtitle": "Banheiro 2", "url": "893818684-817.3201173888841DSC0431.jpg", "cover": false}, {"id": 31827215, "subtitle": "Cozinha", "url": "893818684-466.2941443135071DSC0433.jpg", "cover": false}, {"id": 31827222, "subtitle": "Cozinha", "url": "893818684-293.23638416824593DSC0434.jpg", "cover": false}, {"id": 31827229, "subtitle": "Cozinha", "url": "893818684-94.18162581907352DSC0435.jpg", "cover": false}, {"id": 31827235, "subtitle": "Cozinha", "url": "893818684-721.3749647796525DSC0436.jpg", "cover": false}, {"id": 31827240, "subtitle": "Cozinha", "url": "893818684-777.1745378463138DSC0437.jpg", "cover": false}, {"id": 31827244, "subtitle": "Lavanderia", "url": "893818684-185.85944809376187DSC0438.jpg", "cover": false}, {"id": 31827247, "subtitle": "Lavanderia", "url": "893818684-697.6347699368697DSC0439.jpg", "cover": false}, {"id": 31827249, "subtitle": "Lavanderia", "url": "893818684-713.970857160161DSC0440.jpg", "cover": false}, {"id": 31827251, "subtitle": "Lavanderia", "url": "893818684-341.9498176868391DSC0441.jpg", "cover": false}, {"id": 31827253, "subtitle": "Lavanderia", "url": "893818684-180.17106192882315DSC0442.jpg", "cover": false}, {"id": 31827283, "subtitle": "\u00c1rea comum", "url": "893818684-79.90588297205493DSC0595.jpg", "cover": false}, {"id": 31827285, "subtitle": "\u00c1rea comum", "url": "893818684-406.63711196302756DSC0596.jpg", "cover": false}, {"id": 31827286, "subtitle": "\u00c1rea comum", "url": "893818684-147.30028841177355DSC0597.jpg", "cover": false}, {"id": 31827287, "subtitle": "\u00c1rea comum", "url": "893818684-754.1642179011469DSC0598.jpg", "cover": false}, {"id": 31827288, "subtitle": "\u00c1rea comum", "url": "893818684-86.57693606557915DSC0599.jpg", "cover": false}, {"id": 31827289, "subtitle": "\u00c1rea comum", "url": "893818684-836.4072557660971DSC0600.jpg", "cover": false}, {"id": 31827290, "subtitle": "\u00c1rea comum", "url": "893818684-400.8798133925642DSC0604.jpg", "cover": false}, {"id": 31827291, "subtitle": "Fachada", "url": "893818684-969.1673688225227DSC0605.jpg", "cover": false}], "photosCategorizedByRooms": [], "relevantRegions": [], "photospheres": [], "specialConditions": [], "offers": {"closingRate": 0, "shouldHighlightIcon": true, "shouldShowOfferDialog": false, "shouldShowOffers": false, "summary": []}, "status": "publicado", "showUrlHasBeenCopiedSnackbar": false, "isGalleryModalOpen": false, "error": false, "loaded": true, "loading": false, "loadingCategorizedRooms": false, "selectedMedia": "tenant/HouseMedia/PHOTOS", "video": "", "promotions": [], "condominium": {}, "forRent": true, "forSale": false, "salePrice": 0, "mortgageFirstInstallment": 0, "listings": [{"imovelId": 893818684, "businessContext": "RENT", "status": "publicado", "firstPublicationDate": "2022-11-09T18:52:58.000+0000", "lastPublicationDate": "2022-11-09T18:52:58.000+0000", "listingRentModel": {"listingBusinessContextId": 1297737, "rentalAdministrator": "QUINTOANDAR"}, "houseAgents": [{"name": "Pedro Isaias", "id": 1417375, "relationType": "KEY_HOLDER"}], "keyHolderAgent": {"id": 612170, "agentId": 2805, "name": "Lilian de Carvalho"}, "ownership": "STANDARD"}], "listingTags": [], "businessContext": "", "regionParameters": {"loaded": false, "loading": false, "RENT": {"visitsEnabled": true, "talkToAgentEnabled": false}, "SALE": {"visitsEnabled": true, "talkToAgentEnabled": false}}, "houseAgent": {"isDialogOpen": false, "alreadyOpenedByQueryParam": false}, "tenantServiceFee": 38, "closingStatus": {"loading": false}, "rentalGuarantee": {"minValue": 375, "maxValue": 1125}, "reservationAvailability": null, "isPrimaryMarket": false, "macroRegion": {"id": 2710, "name": "SPO 12"}, "suites": 0, "allowsCustomOffer": true, "displayCustomOfferPreference": false, "houseVisitStatus": "ACCEPT_NEW", "visitStatusReason": null, "visitsUnavailable": false, "isReserved": false, "allowDirectOffer": true, "lastPublishedDate": "2022-11-09T18:52:58.000Z", "listingPublication": "stranded", "rentOnTermination": false, "constructionYear": null, "categories": []}, "markers": {"lat": -23.5199556, "lng": -46.5908963}, "talkToAgent": {"dialog": {"open": false, "questionType": null, "question": ""}, "agentSupport": {}, "error": null, "autoSubmit": false, "loading": false, "submitting": false, "success": false, "hasLoadedAgentInfo": false, "agent": null, "hasLoadedAgentsInRegion": false, "agentsInRegion": null}}}}, "__N_SSP": true}, "page": "/imovel/[houseId]/[[...slug]]", "query": {"houseId": "893818684", "slug": ["alugar", "apartamento-2-quartos-vila-maria-sao-paulo"]}, "buildId": "gCr3Bg2lYzV9hxZqGibIQ", "runtimeConfig": {"NEXT_PUBLIC_HOME_ADVERTISING_BANNER": "coupon"}, "isFallback": false, "dynamicIds": [61847, 31265, 66435, 77453, 87356, 60899, 41103, 3232, 72227, 40072, 39327, 19904, 96827], "gssp": true, "customServer": true, "appGip": true, "locale": "pt-BR", "locales": ["pt-BR", "es-MX"], "defaultLocale": "pt-BR", "domainLocales": [{"domain": "www.quintoandar.com.br", "defaultLocale": "pt-BR"}, {"domain": "www.benvi.mx", "defaultLocale": "es-MX"}], "scriptLoader": []}