{"props": {"pageProps": {"initialState": {"route": {"locationBeforeTransitions": {"pathname": "/imovel/893879331/alugar/casa-3-quartos-aclimacao-sao-paulo", "search": "", "hash": "", "action": "POP", "query": {}}, "topLevelRouteName": "house details", "businessContext": "RENT", "favoriteListsBusinessContext": "RENT"}, "router": {"location": {"href": "/", "pathname": "/", "search": "", "hash": ""}}, "progress": {"pendingRequests": -1}, "login": {"response": {}, "user": {"isLoggedIn": false, "id": 0, "agentId": 0, "hashId": "", "sessionId": null, "name": "", "email": "", "maskedEmail": "", "jwt": {"app": "", "firebase": ""}, "phone": {"countryCode": "+55", "areaCode": "", "phoneNumber": ""}, "country": "BR", "channel": "", "isPhoneRegistered": false, "acceptWhatsapp": true, "hasDocument": false, "isPartner": false}, "accountForm": {}, "redirectUrl": "", "isRequestOngoing": false}, "captcha": {"token": "", "hasLoadedRemoteConfig": false, "provider": "", "friction": "low", "unavailableCountriesCode": []}, "supportedCities": [], "inAppMessages": {"biomaSurvey": {"isOpen": false, "formId": null, "data": {"opaque": true}}}, "metaData": {"similar_houses_clicked": []}, "appData": {"device": {"type": "desktop", "isSearchEngineCrawler": false}, "experiments": "X-AB-Test=ab_exposed_filter_sale_desktop:1,ab_exposed_filter_sale_v1:1,ab_exposed_filters:1,ab_load_more_v0:-1,ab_new_house_card_v2:0,ab_new_rent_listing_phase2:0,ab_profiling_create_alert_filters:0,ab_scheduling_step_by_step_v1:1,ab_show_floor_sale:0,ab_street_search_retrieval_v1:0"}, "house": {"houseInfo": {"id": "893879331", "displayId": "1179331", "bedrooms": 3, "city": "S\u00e3o Paulo", "cityId": 39, "bathrooms": 3, "iptu": 303, "amenities": [{"key": "BANHEIRA_DE_HIDROMASSAGEM", "text": "Banheira", "value": "NAO", "optional": false}, {"key": "BOX", "text": "Box", "value": "NAO", "optional": false}, {"key": "VARANDA", "text": "Varanda", "value": "NAO", "optional": false}, {"key": "PISCINA_PRIVATIVA", "text": "Piscina privativa", "value": "NAO", "optional": false}, {"key": "ARMARIOS_EMBUTIDOS_NO_QUARTO", "text": "Arm\u00e1rios no quarto", "value": "NAO", "optional": false}, {"key": "ARMARIOS_NOS_BANHEIROS", "text": "Arm\u00e1rios no banheiro", "value": "NAO", "optional": false}, {"key": "ARMARIOS_NA_COZINHA", "text": "Arm\u00e1rios na cozinha", "value": "NAO", "optional": false}, {"key": "AR_CONDICIONADO", "text": "Ar condicionado", "value": "NAO", "optional": false}, {"key": "CHUVEIRO_A_GAS", "text": "Chuveiro a g\u00e1s", "value": "NAO", "optional": false}, {"key": "QUARTO_DE_SERVICO", "text": "Quarto de servi\u00e7o", "value": "NAO", "optional": false}, {"key": "BANHEIRO_DE_SERVICO", "text": "Banheiro de servi\u00e7o", "value": "NAO", "optional": false}, {"key": "VARANDA_GOURMET", "text": "Varanda gourmet", "value": "NAO", "optional": false}, {"key": "APARTAMENTO_COBERTURA", "text": "Apartamento cobertura", "value": "NAO", "optional": false}, {"key": "QUARTO_EXTRA_REVERSIVEL", "text": "Quarto extra revers\u00edvel", "value": "NAO", "optional": false}, {"key": "FOGAO_INCLUSO", "text": "Fog\u00e3o", "value": "NAO", "optional": false}, {"key": "GELADEIRA_INCLUSO", "text": "Geladeira", "value": "NAO", "optional": false}, {"key": "BANHEIRO_ADAPTADO", "text": "Banheiro adaptado", "value": "NAO", "optional": false}, {"key": "CLOSET", "text": "Closet", "value": "NAO", "optional": false}, {"key": "COZINHA_AMERICANA", "text": "Cozinha americana", "value": "NAO", "optional": false}, {"key": "MESAS_E_CADEIRAS_DE_ESCRITORIO", "text": "Mesas e cadeiras de escrit\u00f3rio", "value": "NAO", "optional": false}, {"key": "JARDIM", "text": "Jardim", "value": "NAO", "optional": false}, {"key": "QUARTOS_E_CORREDORES_COM_PORTAS_AMPLAS", "text": "Quartos e corredores com portas amplas", "value": "NAO", "optional": false}, {"key": "QUINTAL", "text": "Quintal", "value": "NAO", "optional": false}, {"key": "SOMENTE_UMA_CASA_NO_TERRENO", "text": "Somente uma casa no terreno", "value": "NAO", "optional": false}, {"key": "AREA_DE_SERVICO", "text": "\u00c1rea de servi\u00e7o", "value": "NAO", "optional": false}], "comfortCommodities": [{"key": "BANHEIRA_DE_HIDROMASSAGEM", "text": "Banheira", "value": "NAO", "optional": false}, {"key": "PISCINA_PRIVATIVA", "text": "Piscina privativa", "value": "NAO", "optional": false}, {"key": "AR_CONDICIONADO", "text": "Ar condicionado", "value": "NAO", "optional": false}, {"key": "SOL_DA_MANHA", "text": "Sol da manh\u00e3", "value": "NAO", "optional": false}, {"key": "SOL_DA_TARDE", "text": "Sol da tarde", "value": "NAO", "optional": false}, {"key": "CORTINAS_BLACK_OUT", "text": "Cortinas corta luz", "value": "NAO", "optional": false}, {"key": "CORTINAS_DECORATIVAS", "text": "Cortina transl\u00facida", "value": "NAO", "optional": false}, {"key": "JANELA_ANTI_RUIDO", "text": "Janela anti-ru\u00eddo", "value": "NAO", "optional": false}, {"key": "VENTILADOR_DE_TETO", "text": "Ventilador de teto", "value": "NAO", "optional": false}, {"key": "LUMINOSIDADE_NATURAL", "text": "Janelas grandes", "value": "NAO", "optional": false}, {"key": "VISTA_LIVRE", "text": "Vista livre", "value": "NAO", "optional": false}, {"key": "RUA_SILENCIOSA", "text": "Rua silenciosa", "value": "NAO", "optional": false}], "practicalityCommodities": [{"key": "BOX", "text": "Box", "value": "NAO", "optional": false}, {"key": "ARMARIOS_EMBUTIDOS_NO_QUARTO", "text": "Arm\u00e1rios no quarto", "value": "NAO", "optional": false}, {"key": "ARMARIOS_NOS_BANHEIROS", "text": "Arm\u00e1rios no banheiro", "value": "NAO", "optional": false}, {"key": "ARMARIOS_NA_COZINHA", "text": "Arm\u00e1rios na cozinha", "value": "NAO", "optional": false}, {"key": "CHUVEIRO_A_GAS", "text": "Chuveiro a g\u00e1s", "value": "NAO", "optional": false}, {"key": "FOGAO_INCLUSO", "text": "Fog\u00e3o", "value": "NAO", "optional": false}, {"key": "GELADEIRA_INCLUSO", "text": "Geladeira", "value": "NAO", "optional": false}, {"key": "CHUVEIRO_ELETRICO", "text": "Chuveiro el\u00e9trico", "value": "NAO", "optional": false}, {"key": "MICROONDAS", "text": "Microondas", "value": "NAO", "optional": false}, {"key": "SOFA", "text": "Sof\u00e1", "value": "NAO", "optional": false}, {"key": "MAQUINA_DE_LAVAR", "text": "M\u00e1quina de lavar", "value": "NAO", "optional": false}, {"key": "TANQUE", "text": "Tanque", "value": "NAO", "optional": false}, {"key": "REDE_DE_PROTECAO", "text": "Tela nas janelas", "value": "NAO", "optional": false}, {"key": "VARAL_DE_ROUPAS", "text": "Varal de roupas", "value": "NAO", "optional": false}, {"key": "TOMADAS_NOVAS", "text": "Tomadas 3 pinos", "value": "NAO", "optional": false}, {"key": "TELEVISAO", "text": "Televis\u00e3o", "value": "NAO", "optional": false}, {"key": "MESAS_E_CADEIRAS_DE_JANTAR", "text": "Mesas e cadeiras de jantar", "value": "NAO", "optional": false}, {"key": "CHURRASQUEIRA", "text": "Churrasqueira", "value": "NAO", "optional": false}, {"key": "ACESSO_SEM_DEGRAUS", "text": "Acesso sem degraus", "value": "NAO", "optional": false}, {"key": "COOKTOP", "text": "Fog\u00e3o cooktop", "value": "NAO", "optional": false}, {"key": "UTENSILIOS_DE_COZINHA", "text": "Utens\u00edlios de cozinha", "value": "NAO", "optional": false}, {"key": "CAMA_DE_CASAL", "text": "Cama de casal", "value": "NAO", "optional": false}, {"key": "CAMA_DE_SOLTEIRO", "text": "Cama de solteiro", "value": "NAO", "optional": false}, {"key": "ESPELHO_NO_BANHEIRO", "text": "Espelho no banheiro", "value": "NAO", "optional": false}, {"key": "FECHADURA_ELETRONICA", "text": "Fechadura eletr\u00f4nica", "value": "NAO", "optional": false}, {"key": "ENERGIA", "text": "Energia no im\u00f3vel", "value": "NAO", "optional": false}], "area": 140, "installations": [{"key": "PLAYGROUND", "text": "Playground", "value": "NAO_INFORMADO"}, {"key": "PISCINA", "text": "Piscina", "value": "NAO_INFORMADO"}, {"key": "CHURRASQUEIRA", "text": "Churrasqueira", "value": "NAO_INFORMADO"}, {"key": "QUADRA_ESPORTIVA", "text": "Quadra esportiva", "value": "NAO_INFORMADO"}, {"key": "ACADEMIA", "text": "Academia", "value": "NAO_INFORMADO"}, {"key": "SALAO_DE_FESTAS", "text": "Sal\u00e3o de festas", "value": "NAO_INFORMADO"}, {"key": "SAUNA", "text": "Sauna", "value": "NAO_INFORMADO"}, {"key": "LAVANDERIA_NO_PREDIO", "text": "Lavanderia no pr\u00e9dio", "value": "NAO_INFORMADO"}, {"key": "GAS_ENCANADO", "text": "G\u00e1s encanado", "value": "NAO_INFORMADO"}, {"key": "ESPACO_GOURMET_NA_AREA_COMUM", "text": "Espa\u00e7o gourmet na \u00e1rea comum", "value": "NAO_INFORMADO"}, {"key": "BRINQUEDOTECA", "text": "Brinquedoteca", "value": "NAO_INFORMADO"}, {"key": "CORRIMAO", "text": "Corrim\u00e3o", "value": "NAO_INFORMADO"}, {"key": "PISO_TATIL", "text": "Piso t\u00e1til", "value": "NAO_INFORMADO"}, {"key": "RAMPAS_DE_ACESSO", "text": "Rampas de acesso", "value": "NAO_INFORMADO"}, {"key": "SALAO_DE_JOGOS", "text": "Sal\u00e3o de jogos", "value": "NAO_INFORMADO"}, {"key": "VAGA_DE_GARAGEM_ACESSIVEL", "text": "Vaga de garagem acess\u00edvel", "value": "NAO_INFORMADO"}, {"key": "AREA_VERDE", "text": "\u00c1rea verde", "value": "NAO_INFORMADO"}, {"key": "Elevador", "value": "NAO"}, {"key": "Porteiro24H", "value": "SIM"}], "rentPrice": 9800, "condoPrice": 0, "condoType": "IncluidoNoAluguel", "region": {"name": "Vila Mariana", "hub": {"loading": "UNSET", "enabled": false, "abSecretariat": false, "isPrimaryMarket": false}, "id": 51}, "type": "Casa", "iptuType": "Normal", "totalCost": 10519, "parkingSpaces": 1, "address": {"street": "Pra\u00e7a Costa Barbosa", "neighborhood": "Aclima\u00e7\u00e3o", "city": "S\u00e3o Paulo", "zipCode": "04109-050", "stateName": "S\u00e3o Paulo", "stateAcronym": "SP", "lat": -23.5772686, "lng": -46.6313275, "countryName": "Brasil", "countryCode": "BR", "country": "Brasil"}, "floor": 1, "homeProtection": 163, "remarks": "Sobrado na Aclima\u00e7\u00e3o com 140m\u00b2, 3 dormit\u00f3rios sendo 1 su\u00edte, 2 salas, 2 banheiros e 1 vaga de garagem.\r\n\r\nAmplo, arejado e ensolarado, o sobrado conta com 2 jardins, um na frente e outro nos fundos, com um excelente quintal que leva para uma ed\u00edcula que possui um bom quarto e banheiro que tamb\u00e9m pode ser adaptado para escrit\u00f3rio. A lavanderia \u00e9 ampla. H\u00e1 espa\u00e7o para 1 ve\u00edculo dentro da casa e os demais estacionam no entorno da pra\u00e7a com total seguran\u00e7a.\r\n\r\nA vantagem dessa casa \u00e9 que est\u00e1 localizada em uma bela Pra\u00e7a, oferecendo proximidade, conforto e seguran\u00e7a. O local conta tamb\u00e9m com o excelente com\u00e9rcio local e a proximidade do Parque da Aclima\u00e7\u00e3o.\r\n\r\nAgende uma visita!\r\n...", "acceptsPets": false, "hasFurniture": false, "isNearSubway": true, "placesNearby": [{"name": "Parque da Aclima\u00e7\u00e3o", "type": "PARK_OR_GREEN_AREA", "slug": "parque-da-aclimacao-sao-paulo-sp-brasil"}, {"name": "Prandiano", "type": "MUSEUM_THEATRE_OR_CONCERT_HALL", "slug": "prandiano-vila-mariana-sao-paulo-sp"}, {"name": "EMEI D. Ana Rosa de Ara\u00fajo", "type": "SCHOOL", "slug": "emei-d-ana-rosa-de-araujo-vila-mariana-sao-paulo-sp"}, {"name": "Hospedaria de Cuidados Palhat", "type": "HOSPITAL", "slug": "hospedaria-de-cuidados-palhat-aclimacao-sao-paulo-sp"}, {"name": "Ana Rosa", "type": "ESTACAO_METRO_OU_TREM", "slug": "ana-rosa-vila-mariana-sao-paulo-sp"}, {"name": "Col\u00e9gio Etapa S\u00e3o Paulo", "type": "SCHOOL", "slug": "colegio-etapa-sao-paulo-vila-mariana-sao-paulo-sp"}, {"name": "Terminal Ana Rosa", "type": "BUS_TERMINAL_STATION", "slug": "terminal-ana-rosa-vila-mariana-sao-paulo-sp"}, {"name": "Col\u00e9gio Benjamin Constant", "type": "SCHOOL", "slug": "colegio-benjamin-constant-vila-mariana-sao-paulo-sp"}, {"name": "Centro Cultural S\u00e3o Paulo", "type": "MUSEUM_THEATRE_OR_CONCERT_HALL", "slug": "centro-cultural-sao-paulo-aclimacao-sao-paulo-sp"}, {"name": "Col\u00e9gio Nova Gera\u00e7\u00e3o", "type": "SCHOOL", "slug": "colegio-nova-geracao-aclimacao-sao-paulo-sp"}, {"name": "Hcor", "type": "HOSPITAL", "slug": "hcor-paraiso-sao-paulo-sp"}, {"name": "Escola Estadual Caetano de Campos", "type": "SCHOOL", "slug": "escola-estadual-caetano-de-campos-aclimacao-sao-paulo-sp"}, {"name": "CNA", "type": "SCHOOL", "slug": "cna-vila-mariana-sao-paulo-sp"}, {"name": "Hospital Sancta Maggiore Para\u00edso", "type": "HOSPITAL", "slug": "hospital-sancta-maggiore-paraiso-bela-vista-sao-paulo-sp"}, {"name": "Col\u00e9gio Bandeirantes", "type": "SCHOOL", "slug": "colegio-bandeirantes-vila-mariana-sao-paulo-sp"}, {"name": "Hospital AC Camargo", "type": "HOSPITAL", "slug": "hospital-ac-camargo-liberdade-sao-paulo-sp"}, {"name": "Col\u00e9gio Esta\u00e7\u00e3o Fundamental", "type": "SCHOOL", "slug": "colegio-estacao-fundamental-vila-mariana-sao-paulo-sp"}, {"name": "Gastrocl\u00ednica", "type": "HOSPITAL", "slug": "gastroclinica-sao-paulo-sp-brasil"}, {"name": "Hospital do Servidor P\u00fablico Municipal", "type": "HOSPITAL", "slug": "hospital-do-servidor-publico-municipal-aclimacao-sao-paulo-sp"}, {"name": "Sesc Vila Mariana", "type": "MUSEUM_THEATRE_OR_CONCERT_HALL", "slug": "sesc-vila-mariana-vila-mariana-sao-paulo-sp"}, {"name": "Shopping P\u00e1tio Paulista", "type": "SHOPPING_MALL", "slug": "shopping-patio-paulista-bela-vista-sao-paulo-sp"}, {"name": "Escola Mundial de L\u00ednguas", "type": "SCHOOL", "slug": "escola-mundial-de-linguas-vila-mariana-sao-paulo-sp"}, {"name": "Anglo Vestibulares", "type": "SCHOOL", "slug": "anglo-vestibulares-liberdade-sao-paulo-sp"}, {"name": "Hospital Adventista de S\u00e3o Paulo", "type": "HOSPITAL", "slug": "hospital-adventista-de-sao-paulo-liberdade-sao-paulo-sp"}, {"name": "Universidade Paulistana", "type": "UNIVERSITY_OR_COLLEGE", "slug": "universidade-paulistana-vila-mariana-sao-paulo-sp"}, {"name": "Hospital Oswaldo Cruz", "type": "HOSPITAL", "slug": "hospital-oswaldo-cruz-bela-vista-sao-paulo-sp"}, {"name": "Hospital Benefic\u00eancia Portuguesa de S\u00e3o Paulo", "type": "HOSPITAL", "slug": "hospital-beneficencia-portuguesa-de-sao-paulo-bela-vista-sao-paulo-sp"}, {"name": "Uninove - Campus Vergueiro", "type": "UNIVERSITY_OR_COLLEGE", "slug": "uninove-vergueiro-liberdade-sao-paulo-sp"}, {"name": "Centro de Eventos Vila Mariana", "type": "MUSEUM_THEATRE_OR_CONCERT_HALL", "slug": "centro-de-eventos-vila-mariana-vila-mariana-sao-paulo-sp"}, {"name": "Japan House", "type": "MUSEUM_THEATRE_OR_CONCERT_HALL", "slug": "japan-house-bela-vista-sao-paulo-sp"}], "availabilityType": "IMMEDIATE", "photos": [{"id": 32674952, "subtitle": "", "url": "893879331-446.0385768050293434f0c2c-1500-4a0b-a6ba-253e009aa876-LEAD3P-9875c5cb-a748-4278-b68f-a42cd0ed8c85.jpg", "cover": true}, {"id": 32674951, "subtitle": "", "url": "893879331-786.4168661611853434f0c2c-1500-4a0b-a6ba-253e009aa876-LEAD3P-119fda25-295a-4b7e-8a5f-cc1fdd056176.jpg", "cover": false}, {"id": 32674946, "subtitle": "", "url": "893879331-383.27320854876814434f0c2c-1500-4a0b-a6ba-253e009aa876-LEAD3P-2f4284b9-3f30-497b-b6eb-5f66cc29b400.jpg", "cover": false}, {"id": 32674944, "subtitle": "", "url": "893879331-507.6145903174453434f0c2c-1500-4a0b-a6ba-253e009aa876-LEAD3P-b102c346-d719-4774-b26e-833f5d0f48f7.jpg", "cover": false}, {"id": 32674942, "subtitle": "", "url": "893879331-461.0274589698088434f0c2c-1500-4a0b-a6ba-253e009aa876-LEAD3P-62c8c162-2af2-4574-846c-b2dc9fa982a5.jpg", "cover": false}, {"id": 32674939, "subtitle": "", "url": "893879331-714.6085958979885434f0c2c-1500-4a0b-a6ba-253e009aa876-LEAD3P-2a95a91b-18db-4ea6-9b0f-d11d915a77e2.jpg", "cover": false}, {"id": 32674928, "subtitle": "", "url": "893879331-660.2290771382228434f0c2c-1500-4a0b-a6ba-253e009aa876-LEAD3P-731887db-1bd3-4495-919c-3b8126eca749.jpg", "cover": false}, {"id": 32674943, "subtitle": "", "url": "893879331-917.8897623512643434f0c2c-1500-4a0b-a6ba-253e009aa876-LEAD3P-971ba172-8ab0-4704-b20e-53b47acb0aa1.jpg", "cover": false}, {"id": 32674938, "subtitle": "", "url": "893879331-928.1159004551296434f0c2c-1500-4a0b-a6ba-253e009aa876-LEAD3P-2d7d98ce-c9ea-4d91-bf4a-1dc53db9f133.jpg", "cover": false}, {"id": 32674947, "subtitle": "", "url": "893879331-801.9891635156646434f0c2c-1500-4a0b-a6ba-253e009aa876-LEAD3P-7b1471de-eced-47ed-bfd4-39b6fae4eb38.jpg", "cover": false}, {"id": 32674941, "subtitle": "", "url": "893879331-831.6284232692254434f0c2c-1500-4a0b-a6ba-253e009aa876-LEAD3P-e20f061b-51f4-442b-b2c3-4ed74319d148.jpg", "cover": false}, {"id": 32674940, "subtitle": "", "url": "893879331-814.7601738999659434f0c2c-1500-4a0b-a6ba-253e009aa876-LEAD3P-24773be5-ac1b-4139-bac4-c459c86b2608.jpg", "cover": false}, {"id": 32674937, "subtitle": "", "url": "893879331-401.88192962797154434f0c2c-1500-4a0b-a6ba-253e009aa876-LEAD3P-030134be-dddc-4817-8d59-5437d6d8b7f3.jpg", "cover": false}, {"id": 32674933, "subtitle": "", "url": "893879331-515.4610054654389434f0c2c-1500-4a0b-a6ba-253e009aa876-LEAD3P-ec9ba50d-8c09-4a6a-8f7c-d47d900a9d84.jpg", "cover": false}, {"id": 32674949, "subtitle": "", "url": "893879331-389.7557385928384434f0c2c-1500-4a0b-a6ba-253e009aa876-LEAD3P-844a72a7-8acb-4e46-81a9-ac7c4c4d08a3.jpg", "cover": false}, {"id": 32674948, "subtitle": "", "url": "893879331-141.91640082123425434f0c2c-1500-4a0b-a6ba-253e009aa876-LEAD3P-a673ee3a-ad0d-490f-af08-ab2a23d787fd.jpg", "cover": false}, {"id": 32674950, "subtitle": "", "url": "893879331-280.60057455562605434f0c2c-1500-4a0b-a6ba-253e009aa876-LEAD3P-3da1fbf3-2907-4980-9145-5e2114e07eb8.jpg", "cover": false}, {"id": 32674945, "subtitle": "", "url": "893879331-329.71230241204694434f0c2c-1500-4a0b-a6ba-253e009aa876-LEAD3P-2cb605ba-1b6f-43a8-86c0-3a1edf2dd548.jpg", "cover": false}, {"id": 32674936, "subtitle": "", "url": "893879331-113.18887446054815434f0c2c-1500-4a0b-a6ba-253e009aa876-LEAD3P-5ead45bc-27de-49c9-ad9c-846419f83db1.jpg", "cover": false}, {"id": 32674935, "subtitle": "", "url": "893879331-794.9235694191716434f0c2c-1500-4a0b-a6ba-253e009aa876-LEAD3P-0e022031-ccee-4d21-b05c-317683261adc.jpg", "cover": false}, {"id": 32674934, "subtitle": "", "url": "893879331-832.515514033541434f0c2c-1500-4a0b-a6ba-253e009aa876-LEAD3P-c5870a01-e71a-479f-8def-3c7950223e97.jpg", "cover": false}, {"id": 32674932, "subtitle": "", "url": "893879331-717.3390254667114434f0c2c-1500-4a0b-a6ba-253e009aa876-LEAD3P-7aa95835-0c1d-453b-bc6b-0cc9169f6a77.jpg", "cover": false}, {"id": 32674931, "subtitle": "", "url": "893879331-505.1664646190206434f0c2c-1500-4a0b-a6ba-253e009aa876-LEAD3P-cd0a9678-e698-404d-a0b7-9421f6df6ffc.jpg", "cover": false}, {"id": 32674929, "subtitle": "", "url": "893879331-278.6484249243761434f0c2c-1500-4a0b-a6ba-253e009aa876-LEAD3P-76c04bec-db54-41c6-b83e-2574d30682c2.jpg", "cover": false}, {"id": 32674930, "subtitle": "", "url": "893879331-221.74733482718645434f0c2c-1500-4a0b-a6ba-253e009aa876-LEAD3P-8e4e6647-142c-4716-a8b4-028b8a618b48.jpg", "cover": false}, {"id": 32674953, "subtitle": "", "url": "893879331-421.7511115238406434f0c2c-1500-4a0b-a6ba-253e009aa876-LEAD3P-85f46445-5e18-4ac0-ba1e-f9178710ca0e.jpg", "cover": false}], "photosCategorizedByRooms": [], "relevantRegions": [], "photospheres": [], "specialConditions": [], "offers": {"closingRate": 0, "shouldHighlightIcon": true, "shouldShowOfferDialog": false, "shouldShowOffers": false, "summary": []}, "status": "publicado", "showUrlHasBeenCopiedSnackbar": false, "isGalleryModalOpen": false, "error": false, "loaded": true, "loading": false, "loadingCategorizedRooms": false, "selectedMedia": "tenant/HouseMedia/PHOTOS", "video": "", "promotions": [], "condominium": {}, "forRent": true, "forSale": true, "salePrice": 2100000, "mortgageFirstInstallment": 0, "listings": [{"imovelId": 893879331, "businessContext": "RENT", "status": "publicado", "firstPublicationDate": "2023-02-28T17:23:17.000+0000", "lastPublicationDate": "2023-02-28T17:23:17.000+0000", "listingRentModel": {"listingBusinessContextId": 1487079, "rentalAdministrator": "QUINTOANDAR"}, "ownership": "STANDARD"}, {"imovelId": 893879331, "businessContext": "SALE", "status": "publicado", "firstPublicationDate": "2022-11-29T20:30:01.000+0000", "lastPublicationDate": "2022-11-29T20:30:01.000+0000", "ownership": "THIRD_PARTY"}], "listingTags": [], "businessContext": "", "regionParameters": {"loaded": false, "loading": false, "RENT": {"visitsEnabled": true, "talkToAgentEnabled": false}, "SALE": {"visitsEnabled": true, "talkToAgentEnabled": false}}, "houseAgent": {"isDialogOpen": false, "alreadyOpenedByQueryParam": false}, "tenantServiceFee": 253, "closingStatus": {"loading": false}, "rentalGuarantee": {"minValue": 2450, "maxValue": 7350}, "reservationAvailability": null, "isPrimaryMarket": false, "macroRegion": {"id": 2728, "name": "SPO 03"}, "suites": 1, "allowsCustomOffer": true, "displayCustomOfferPreference": true, "houseVisitStatus": "ACCEPT_NEW", "visitStatusReason": null, "visitsUnavailable": false, "isReserved": false, "allowDirectOffer": true, "lastPublishedDate": "2023-02-28T17:23:17.000Z", "listingPublication": "not_stranded", "rentOnTermination": false, "constructionYear": null, "categories": []}, "markers": {"lat": -23.5772686, "lng": -46.6313275}, "talkToAgent": {"dialog": {"open": false, "questionType": null, "question": ""}, "agentSupport": {}, "error": null, "autoSubmit": false, "loading": false, "submitting": false, "success": false, "hasLoadedAgentInfo": false, "agent": null, "hasLoadedAgentsInRegion": false, "agentsInRegion": null}}}}, "__N_SSP": true}, "page": "/imovel/[houseId]/[[...slug]]", "query": {"houseId": "893879331", "slug": ["alugar", "casa-3-quartos-aclimacao-sao-paulo"]}, "buildId": "gCr3Bg2lYzV9hxZqGibIQ", "runtimeConfig": {"NEXT_PUBLIC_HOME_ADVERTISING_BANNER": "coupon"}, "isFallback": false, "dynamicIds": [61847, 31265, 66435, 77453, 87356, 60899, 41103, 3232, 33207, 72227, 40072, 39327, 19904, 96827], "gssp": true, "customServer": true, "appGip": true, "locale": "pt-BR", "locales": ["pt-BR", "es-MX"], "defaultLocale": "pt-BR", "domainLocales": [{"domain": "www.quintoandar.com.br", "defaultLocale": "pt-BR"}, {"domain": "www.benvi.mx", "defaultLocale": "es-MX"}], "scriptLoader": []}