{"props": {"pageProps": {"initialState": {"route": {"locationBeforeTransitions": {"pathname": "/imovel/893869857/alugar/kitnet-1-quarto-jardim-das-bandeiras-sao-paulo", "search": "", "hash": "", "action": "POP", "query": {}}, "topLevelRouteName": "house details", "businessContext": "RENT", "favoriteListsBusinessContext": "RENT"}, "router": {"location": {"href": "/", "pathname": "/", "search": "", "hash": ""}}, "progress": {"pendingRequests": -1}, "login": {"response": {}, "user": {"isLoggedIn": false, "id": 0, "agentId": 0, "hashId": "", "sessionId": null, "name": "", "email": "", "maskedEmail": "", "jwt": {"app": "", "firebase": ""}, "phone": {"countryCode": "+55", "areaCode": "", "phoneNumber": ""}, "country": "BR", "channel": "", "isPhoneRegistered": false, "acceptWhatsapp": true, "hasDocument": false, "isPartner": false}, "accountForm": {}, "redirectUrl": "", "isRequestOngoing": false}, "captcha": {"token": "", "hasLoadedRemoteConfig": false, "provider": "", "friction": "low", "unavailableCountriesCode": []}, "supportedCities": [], "inAppMessages": {"biomaSurvey": {"isOpen": false, "formId": null, "data": {"opaque": true}}}, "metaData": {"similar_houses_clicked": []}, "appData": {"device": {"type": "desktop", "isSearchEngineCrawler": false}, "experiments": "X-AB-Test=ab_exposed_filter_sale_desktop:1,ab_exposed_filter_sale_v1:1,ab_exposed_filters:1,ab_load_more_v0:-1,ab_new_house_card_v2:0,ab_new_rent_listing_phase2:0,ab_profiling_create_alert_filters:0,ab_scheduling_step_by_step_v1:1,ab_show_floor_sale:0,ab_street_search_retrieval_v1:0"}, "house": {"houseInfo": {"id": "893869857", "displayId": "1169857", "bedrooms": 1, "city": "S\u00e3o Paulo", "cityId": 39, "bathrooms": 1, "iptu": 220, "amenities": [{"key": "BANHEIRA_DE_HIDROMASSAGEM", "text": "Banheira", "value": "NAO", "optional": false}, {"key": "BOX", "text": "Box", "value": "NAO", "optional": false}, {"key": "VARANDA", "text": "Varanda", "value": "SIM", "optional": false}, {"key": "PISCINA_PRIVATIVA", "text": "Piscina privativa", "value": "NAO", "optional": false}, {"key": "ARMARIOS_EMBUTIDOS_NO_QUARTO", "text": "Arm\u00e1rios no quarto", "value": "NAO", "optional": false}, {"key": "ARMARIOS_NOS_BANHEIROS", "text": "Arm\u00e1rios no banheiro", "value": "NAO", "optional": false}, {"key": "ARMARIOS_NA_COZINHA", "text": "Arm\u00e1rios na cozinha", "value": "NAO", "optional": false}, {"key": "AR_CONDICIONADO", "text": "Ar condicionado", "value": "NAO", "optional": false}, {"key": "CHUVEIRO_A_GAS", "text": "Chuveiro a g\u00e1s", "value": "NAO", "optional": false}, {"key": "QUARTO_DE_SERVICO", "text": "Quarto de servi\u00e7o", "value": "NAO", "optional": false}, {"key": "BANHEIRO_DE_SERVICO", "text": "Banheiro de servi\u00e7o", "value": "NAO", "optional": false}, {"key": "VARANDA_GOURMET", "text": "Varanda gourmet", "value": "NAO", "optional": false}, {"key": "APARTAMENTO_COBERTURA", "text": "Apartamento cobertura", "value": "NAO", "optional": false}, {"key": "QUARTO_EXTRA_REVERSIVEL", "text": "Quarto extra revers\u00edvel", "value": "NAO", "optional": false}, {"key": "FOGAO_INCLUSO", "text": "Fog\u00e3o", "value": "NAO", "optional": false}, {"key": "GELADEIRA_INCLUSO", "text": "Geladeira", "value": "NAO", "optional": false}, {"key": "BANHEIRO_ADAPTADO", "text": "Banheiro adaptado", "value": "NAO", "optional": false}, {"key": "CLOSET", "text": "Closet", "value": "NAO", "optional": false}, {"key": "COZINHA_AMERICANA", "text": "Cozinha americana", "value": "SIM", "optional": false}, {"key": "MESAS_E_CADEIRAS_DE_ESCRITORIO", "text": "Mesas e cadeiras de escrit\u00f3rio", "value": "NAO", "optional": false}, {"key": "JARDIM", "text": "Jardim", "value": "NAO", "optional": false}, {"key": "QUARTOS_E_CORREDORES_COM_PORTAS_AMPLAS", "text": "Quartos e corredores com portas amplas", "value": "NAO", "optional": false}, {"key": "QUINTAL", "text": "Quintal", "value": "NAO", "optional": false}, {"key": "SOMENTE_UMA_CASA_NO_TERRENO", "text": "Somente uma casa no terreno", "value": "NAO", "optional": false}, {"key": "AREA_DE_SERVICO", "text": "\u00c1rea de servi\u00e7o", "value": "NAO", "optional": false}], "comfortCommodities": [{"key": "BANHEIRA_DE_HIDROMASSAGEM", "text": "Banheira", "value": "NAO", "optional": false}, {"key": "PISCINA_PRIVATIVA", "text": "Piscina privativa", "value": "NAO", "optional": false}, {"key": "AR_CONDICIONADO", "text": "Ar condicionado", "value": "NAO", "optional": false}, {"key": "SOL_DA_MANHA", "text": "Sol da manh\u00e3", "value": "SIM", "optional": false}, {"key": "SOL_DA_TARDE", "text": "Sol da tarde", "value": "SIM", "optional": false}, {"key": "CORTINAS_BLACK_OUT", "text": "Cortinas corta luz", "value": "NAO", "optional": false}, {"key": "CORTINAS_DECORATIVAS", "text": "Cortina transl\u00facida", "value": "NAO", "optional": false}, {"key": "JANELA_ANTI_RUIDO", "text": "Janela anti-ru\u00eddo", "value": "NAO", "optional": false}, {"key": "VENTILADOR_DE_TETO", "text": "Ventilador de teto", "value": "NAO", "optional": false}, {"key": "LUMINOSIDADE_NATURAL", "text": "Janelas grandes", "value": "SIM", "optional": false}, {"key": "VISTA_LIVRE", "text": "Vista livre", "value": "SIM", "optional": false}, {"key": "RUA_SILENCIOSA", "text": "Rua silenciosa", "value": "SIM", "optional": false}], "practicalityCommodities": [{"key": "BOX", "text": "Box", "value": "NAO", "optional": false}, {"key": "ARMARIOS_EMBUTIDOS_NO_QUARTO", "text": "Arm\u00e1rios no quarto", "value": "NAO", "optional": false}, {"key": "ARMARIOS_NOS_BANHEIROS", "text": "Arm\u00e1rios no banheiro", "value": "NAO", "optional": false}, {"key": "ARMARIOS_NA_COZINHA", "text": "Arm\u00e1rios na cozinha", "value": "NAO", "optional": false}, {"key": "CHUVEIRO_A_GAS", "text": "Chuveiro a g\u00e1s", "value": "NAO", "optional": false}, {"key": "FOGAO_INCLUSO", "text": "Fog\u00e3o", "value": "NAO", "optional": false}, {"key": "GELADEIRA_INCLUSO", "text": "Geladeira", "value": "NAO", "optional": false}, {"key": "CHUVEIRO_ELETRICO", "text": "Chuveiro el\u00e9trico", "value": "NAO", "optional": false}, {"key": "MICROONDAS", "text": "Microondas", "value": "NAO", "optional": false}, {"key": "SOFA", "text": "Sof\u00e1", "value": "NAO", "optional": false}, {"key": "MAQUINA_DE_LAVAR", "text": "M\u00e1quina de lavar", "value": "NAO", "optional": false}, {"key": "TANQUE", "text": "Tanque", "value": "NAO", "optional": false}, {"key": "REDE_DE_PROTECAO", "text": "Tela nas janelas", "value": "NAO", "optional": false}, {"key": "VARAL_DE_ROUPAS", "text": "Varal de roupas", "value": "NAO", "optional": false}, {"key": "TOMADAS_NOVAS", "text": "Tomadas 3 pinos", "value": "NAO", "optional": false}, {"key": "TELEVISAO", "text": "Televis\u00e3o", "value": "NAO", "optional": false}, {"key": "MESAS_E_CADEIRAS_DE_JANTAR", "text": "Mesas e cadeiras de jantar", "value": "NAO", "optional": false}, {"key": "CHURRASQUEIRA", "text": "Churrasqueira", "value": "NAO", "optional": false}, {"key": "ACESSO_SEM_DEGRAUS", "text": "Acesso sem degraus", "value": "NAO", "optional": false}, {"key": "COOKTOP", "text": "Fog\u00e3o cooktop", "value": "NAO", "optional": false}, {"key": "UTENSILIOS_DE_COZINHA", "text": "Utens\u00edlios de cozinha", "value": "NAO", "optional": false}, {"key": "CAMA_DE_CASAL", "text": "Cama de casal", "value": "NAO", "optional": false}, {"key": "CAMA_DE_SOLTEIRO", "text": "Cama de solteiro", "value": "NAO", "optional": false}, {"key": "ESPELHO_NO_BANHEIRO", "text": "Espelho no banheiro", "value": "NAO", "optional": false}, {"key": "FECHADURA_ELETRONICA", "text": "Fechadura eletr\u00f4nica", "value": "NAO", "optional": false}, {"key": "ENERGIA", "text": "Energia no im\u00f3vel", "value": "NAO", "optional": false}], "area": 27, "installations": [{"key": "PLAYGROUND", "text": "Playground", "value": "NAO"}, {"key": "PISCINA", "text": "Piscina", "value": "NAO"}, {"key": "CHURRASQUEIRA", "text": "Churrasqueira", "value": "NAO"}, {"key": "QUADRA_ESPORTIVA", "text": "Quadra esportiva", "value": "NAO"}, {"key": "ACADEMIA", "text": "Academia", "value": "NAO"}, {"key": "SALAO_DE_FESTAS", "text": "Sal\u00e3o de festas", "value": "NAO"}, {"key": "SAUNA", "text": "Sauna", "value": "NAO"}, {"key": "LAVANDERIA_NO_PREDIO", "text": "Lavanderia no pr\u00e9dio", "value": "SIM"}, {"key": "GAS_ENCANADO", "text": "G\u00e1s encanado", "value": "NAO"}, {"key": "ESPACO_GOURMET_NA_AREA_COMUM", "text": "Espa\u00e7o gourmet na \u00e1rea comum", "value": "NAO"}, {"key": "BRINQUEDOTECA", "text": "Brinquedoteca", "value": "NAO"}, {"key": "CORRIMAO", "text": "Corrim\u00e3o", "value": "NAO"}, {"key": "PISO_TATIL", "text": "Piso t\u00e1til", "value": "SIM"}, {"key": "RAMPAS_DE_ACESSO", "text": "Rampas de acesso", "value": "SIM"}, {"key": "SALAO_DE_JOGOS", "text": "Sal\u00e3o de jogos", "value": "NAO"}, {"key": "VAGA_DE_GARAGEM_ACESSIVEL", "text": "Vaga de garagem acess\u00edvel", "value": "NAO"}, {"key": "AREA_VERDE", "text": "\u00c1rea verde", "value": "NAO"}, {"key": "Elevador", "value": "SIM"}, {"key": "Porteiro24H", "value": "SIM"}], "rentPrice": 3000, "condoPrice": 800, "condoType": "Normal", "region": {"name": "Vila Madalena", "hub": {"loading": "UNSET", "enabled": false, "abSecretariat": false, "isPrimaryMarket": false}, "id": 62}, "type": "StudioOuKitchenette", "iptuType": "Normal", "totalCost": 4136, "parkingSpaces": 1, "address": {"street": "Rua Professor Nicolau de Morais Barros", "neighborhood": "Jardim das Bandeiras", "city": "S\u00e3o Paulo", "zipCode": "05439-120", "stateName": "S\u00e3o Paulo", "stateAcronym": "SP", "lat": -23.5480789, "lng": -46.6871162, "countryName": "Brasil", "countryCode": "BR", "country": "Brasil"}, "floor": 3, "homeProtection": 39, "remarks": "", "acceptsPets": false, "hasFurniture": false, "isNearSubway": true, "placesNearby": [{"name": "Terminal Vila Madalena", "type": "BUS_TERMINAL_STATION", "slug": "terminal-vila-madalena-sumarezinho-sao-paulo-sp"}, {"name": "Vila Madalena", "type": "ESTACAO_METRO_OU_TREM", "slug": "estacao-vila-madalena-sao-paulo-sp"}, {"name": "Esquilinho Jardim Escola", "type": "SCHOOL", "slug": "esquilinho-jardim-escola-vila-madalena-sao-paulo-sp"}, {"name": "Centro Brit\u00e2nico", "type": "SCHOOL", "slug": "centro-britanico-vila-madalena-sao-paulo-sp"}, {"name": "Vesper", "type": "SCHOOL", "slug": "vesper-vila-madalena-sao-paulo-sp"}, {"name": "Col\u00e9gio Oswald de Andrade \u2013 Unidade Girassol", "type": "SCHOOL", "slug": "colegio-oswald-de-andrade-unidade-girassol-vila-madalena-sao-paulo-sp"}, {"name": "Indac - Instituto de Arte e Ci\u00eancia", "type": "UNIVERSITY_OR_COLLEGE", "slug": "indac-instituto-de-arte-e-ciencia-sumare-sao-paulo-sp"}, {"name": "Parque Sabesp Sumar\u00e9", "type": "PARK_OR_GREEN_AREA", "slug": "parque-sabesp-sumare-sumare-sao-paulo-sp-brasil"}, {"name": "Centro Universit\u00e1rio Sumar\u00e9", "type": "UNIVERSITY_OR_COLLEGE", "slug": "centro-universitario-sumare-sumare-sao-paulo-sp-brasil"}, {"name": "Teadro Viradalata", "type": "MUSEUM_THEATRE_OR_CONCERT_HALL", "slug": "teadro-viradalata-sumare-sao-paulo-sp"}, {"name": "Col\u00e9gio Notre Dame", "type": "SCHOOL", "slug": "colegio-notre-dame-sumare-sao-paulo-sp-brasil"}, {"name": "ArtShot", "type": "MUSEUM_THEATRE_OR_CONCERT_HALL", "slug": "artshot-vila-madalena-sao-paulo-sp"}, {"name": "Col\u00e9gio Global", "type": "SCHOOL", "slug": "colegio-global-sumare-sao-paulo-sp-brasil"}, {"name": "Eduardo Fernandes", "type": "MUSEUM_THEATRE_OR_CONCERT_HALL", "slug": "eduardo-fernandes-pinheiros-sao-paulo-sp"}, {"name": "DeRose Method Vila Madalena", "type": "UNIVERSITY_OR_COLLEGE", "slug": "derose-method-vila-madalena-vila-madalena-sao-paulo-sp"}, {"name": "Faculdade Sumar\u00e9 Matriz", "type": "UNIVERSITY_OR_COLLEGE", "slug": "faculdade-sumare-matriz-sumare-sao-paulo-sp-brasil"}, {"name": "Escola Professor M. de Oliveira", "type": "SCHOOL", "slug": "escola-professor-m-de-oliveira-sao-paulo-sp-brasil"}, {"name": "Espa\u00e7o Contraponto", "type": "MUSEUM_THEATRE_OR_CONCERT_HALL", "slug": "espaco-contraponto-pinheiros-sao-paulo-sp"}, {"name": "Unibes Centro Cultural", "type": "MUSEUM_THEATRE_OR_CONCERT_HALL", "slug": "unibes-centro-cultural-pinheiros-sao-paulo-sp"}, {"name": "Escola Estadual Brigadeiro Faria Lima", "type": "SCHOOL", "slug": "escola-estadual-brigadeiro-faria-lima-sumare-sao-paulo-sp-brasil"}, {"name": "Pra\u00e7a Miriam Barros", "type": "PARK_OR_GREEN_AREA", "slug": "praca-miriam-barros-sumare-sao-paulo-sp-brasil"}, {"name": "Centro da Terra", "type": "MUSEUM_THEATRE_OR_CONCERT_HALL", "slug": "centro-da-terra-sumare-sao-paulo-sp"}, {"name": "Centro Cultural Rio Verde", "type": "MUSEUM_THEATRE_OR_CONCERT_HALL", "slug": "centro-cultural-rio-verde-pinheiros-sao-paulo-sp"}, {"name": "Nilton Travesso Oficina de Atores", "type": "UNIVERSITY_OR_COLLEGE", "slug": "nilton-travesso-oficina-de-atores-pinheiros-sao-paulo-sp"}, {"name": "E.E Godofredo Furtado", "type": "SCHOOL", "slug": "ee-godofredo-furtado-pinheiros-sao-paulo-sp"}, {"name": "A CASA", "type": "MUSEUM_THEATRE_OR_CONCERT_HALL", "slug": "a-casa-vila-madalena-sao-paulo-sp"}, {"name": "Centro Brit\u00e2nico", "type": "SCHOOL", "slug": "centro-britanico-pinheiros-sao-paulo-sp"}, {"name": "Instituto Tomie Ohtake", "type": "MUSEUM_THEATRE_OR_CONCERT_HALL", "slug": "instituto-tomie-ohtake-pinheiros-sao-paulo-sp"}, {"name": "Teatro CETIP", "type": "MUSEUM_THEATRE_OR_CONCERT_HALL", "slug": "teatro-cetip-pinheiros-sao-paulo-sp"}, {"name": "Casa da Cultura", "type": "MUSEUM_THEATRE_OR_CONCERT_HALL", "slug": "casa-da-cultura-pacaembu-sao-paulo-sp-brasil"}], "availabilityType": "IMMEDIATE", "photos": [{"id": 32406354, "subtitle": "Studio", "url": "893869857-541.001180093975803.jpg", "cover": true}, {"id": 32406351, "subtitle": "Studio", "url": "893869857-63.86681841599950401.jpg", "cover": false}, {"id": 32406352, "subtitle": "Studio", "url": "893869857-897.109034300048802.jpg", "cover": false}, {"id": 32406356, "subtitle": "Studio", "url": "893869857-561.995638690484604.jpg", "cover": false}, {"id": 32406358, "subtitle": "Studio", "url": "893869857-198.688098780219105.jpg", "cover": false}, {"id": 32406359, "subtitle": "Studio", "url": "893869857-964.809105141046606.jpg", "cover": false}, {"id": 32406361, "subtitle": "Studio", "url": "893869857-417.5214562832063607.jpg", "cover": false}, {"id": 32406362, "subtitle": "Studio", "url": "893869857-586.692885191814908.jpg", "cover": false}, {"id": 32406364, "subtitle": "Studio - Varanda", "url": "893869857-748.944662163375309.jpg", "cover": false}, {"id": 32406365, "subtitle": "Banheiro", "url": "893869857-350.6620792119468310.jpg", "cover": false}, {"id": 32406366, "subtitle": "Banheiro", "url": "893869857-770.054297175393511.jpg", "cover": false}, {"id": 32406368, "subtitle": "Banheiro", "url": "893869857-822.401386086377612.jpg", "cover": false}, {"id": 32406370, "subtitle": "Banheiro", "url": "893869857-197.3851575268905713.jpg", "cover": false}, {"id": 32406372, "subtitle": "Banheiro", "url": "893869857-537.125173732933514.jpg", "cover": false}, {"id": 32406373, "subtitle": "Lavanderia", "url": "893869857-164.0793865515516422.jpg", "cover": false}, {"id": 32406375, "subtitle": "Hall de Entrada", "url": "893869857-476.033666314828923.jpg", "cover": false}, {"id": 32406377, "subtitle": "Fachada", "url": "893869857-935.766898801009624.jpg", "cover": false}], "photosCategorizedByRooms": [], "relevantRegions": [], "photospheres": [], "specialConditions": ["Exclusivity"], "offers": {"closingRate": 0, "shouldHighlightIcon": true, "shouldShowOfferDialog": false, "shouldShowOffers": false, "summary": []}, "status": "publicado", "showUrlHasBeenCopiedSnackbar": false, "isGalleryModalOpen": false, "error": false, "loaded": true, "loading": false, "loadingCategorizedRooms": false, "selectedMedia": "tenant/HouseMedia/PHOTOS", "video": "", "promotions": [], "condominium": {}, "forRent": true, "forSale": false, "salePrice": 0, "mortgageFirstInstallment": 0, "listings": [{"imovelId": 893869857, "businessContext": "RENT", "status": "publicado", "firstPublicationDate": "2022-11-22T22:23:43.000+0000", "lastPublicationDate": "2022-11-22T22:23:43.000+0000", "listingRentModel": {"listingBusinessContextId": 1352089, "rentalAdministrator": "QUINTOANDAR"}, "ownership": "STANDARD"}], "listingTags": [], "businessContext": "", "regionParameters": {"loaded": false, "loading": false, "RENT": {"visitsEnabled": true, "talkToAgentEnabled": false}, "SALE": {"visitsEnabled": true, "talkToAgentEnabled": false}}, "houseAgent": {"isDialogOpen": false, "alreadyOpenedByQueryParam": false}, "tenantServiceFee": 77, "closingStatus": {"loading": false}, "rentalGuarantee": {"minValue": 750, "maxValue": 2250}, "reservationAvailability": null, "isPrimaryMarket": false, "macroRegion": {"id": 2737, "name": "SPO 07"}, "suites": 0, "houseVisitStatus": "ACCEPT_NEW", "visitStatusReason": null, "visitsUnavailable": false, "isReserved": false, "allowDirectOffer": true, "lastPublishedDate": "2022-11-22T22:23:43.000Z", "listingPublication": "stranded", "rentOnTermination": false, "constructionYear": null, "categories": []}, "markers": {"lat": -23.5480789, "lng": -46.6871162}, "talkToAgent": {"dialog": {"open": false, "questionType": null, "question": ""}, "agentSupport": {}, "error": null, "autoSubmit": false, "loading": false, "submitting": false, "success": false, "hasLoadedAgentInfo": false, "agent": null, "hasLoadedAgentsInRegion": false, "agentsInRegion": null}}}}, "__N_SSP": true}, "page": "/imovel/[houseId]/[[...slug]]", "query": {"houseId": "893869857", "slug": ["alugar", "kitnet-1-quarto-jardim-das-bandeiras-sao-paulo"]}, "buildId": "gCr3Bg2lYzV9hxZqGibIQ", "runtimeConfig": {"NEXT_PUBLIC_HOME_ADVERTISING_BANNER": "coupon"}, "isFallback": false, "dynamicIds": [61847, 31265, 66435, 77453, 87356, 60899, 41103, 3232, 72227, 40072, 39327, 19904, 96827], "gssp": true, "customServer": true, "appGip": true, "locale": "pt-BR", "locales": ["pt-BR", "es-MX"], "defaultLocale": "pt-BR", "domainLocales": [{"domain": "www.quintoandar.com.br", "defaultLocale": "pt-BR"}, {"domain": "www.benvi.mx", "defaultLocale": "es-MX"}], "scriptLoader": []}