{"props": {"pageProps": {"initialState": {"route": {"locationBeforeTransitions": {"pathname": "/imovel/893814222/alugar/casa-3-quartos-vila-baruel-sao-paulo", "search": "", "hash": "", "action": "POP", "query": {}}, "topLevelRouteName": "house details", "businessContext": "RENT", "favoriteListsBusinessContext": "RENT"}, "router": {"location": {"href": "/", "pathname": "/", "search": "", "hash": ""}}, "progress": {"pendingRequests": -1}, "login": {"response": {}, "user": {"isLoggedIn": false, "id": 0, "agentId": 0, "hashId": "", "sessionId": null, "name": "", "email": "", "maskedEmail": "", "jwt": {"app": "", "firebase": ""}, "phone": {"countryCode": "+55", "areaCode": "", "phoneNumber": ""}, "country": "BR", "channel": "", "isPhoneRegistered": false, "acceptWhatsapp": true, "hasDocument": false, "isPartner": false}, "accountForm": {}, "redirectUrl": "", "isRequestOngoing": false}, "captcha": {"token": "", "hasLoadedRemoteConfig": false, "provider": "", "friction": "low", "unavailableCountriesCode": []}, "supportedCities": [], "inAppMessages": {"biomaSurvey": {"isOpen": false, "formId": null, "data": {"opaque": true}}}, "metaData": {"similar_houses_clicked": []}, "appData": {"device": {"type": "desktop", "isSearchEngineCrawler": false}, "experiments": "X-AB-Test=ab_exposed_filter_sale_desktop:1,ab_exposed_filter_sale_v1:1,ab_exposed_filters:1,ab_load_more_v0:-1,ab_new_house_card_v2:0,ab_new_rent_listing_phase2:0,ab_profiling_create_alert_filters:0,ab_scheduling_step_by_step_v1:1,ab_show_floor_sale:0,ab_street_search_retrieval_v1:0"}, "house": {"houseInfo": {"id": "893814222", "displayId": "1114222", "bedrooms": 3, "city": "S\u00e3o Paulo", "cityId": 39, "bathrooms": 3, "iptu": 292, "amenities": [{"key": "BANHEIRA_DE_HIDROMASSAGEM", "text": "Banheira", "value": "NAO", "optional": false}, {"key": "BOX", "text": "Box", "value": "SIM", "optional": false}, {"key": "VARANDA", "text": "Varanda", "value": "SIM", "optional": false}, {"key": "PISCINA_PRIVATIVA", "text": "Piscina privativa", "value": "NAO", "optional": false}, {"key": "ARMARIOS_EMBUTIDOS_NO_QUARTO", "text": "Arm\u00e1rios no quarto", "value": "NAO", "optional": false}, {"key": "ARMARIOS_NOS_BANHEIROS", "text": "Arm\u00e1rios no banheiro", "value": "NAO", "optional": false}, {"key": "ARMARIOS_NA_COZINHA", "text": "Arm\u00e1rios na cozinha", "value": "NAO", "optional": false}, {"key": "AR_CONDICIONADO", "text": "Ar condicionado", "value": "NAO", "optional": false}, {"key": "CHUVEIRO_A_GAS", "text": "Chuveiro a g\u00e1s", "value": "NAO", "optional": false}, {"key": "QUARTO_DE_SERVICO", "text": "Quarto de servi\u00e7o", "value": "NAO", "optional": false}, {"key": "BANHEIRO_DE_SERVICO", "text": "Banheiro de servi\u00e7o", "value": "NAO", "optional": false}, {"key": "VARANDA_GOURMET", "text": "Varanda gourmet", "value": "NAO", "optional": false}, {"key": "APARTAMENTO_COBERTURA", "text": "Apartamento cobertura", "value": "NAO", "optional": false}, {"key": "QUARTO_EXTRA_REVERSIVEL", "text": "Quarto extra revers\u00edvel", "value": "NAO", "optional": false}, {"key": "FOGAO_INCLUSO", "text": "Fog\u00e3o", "value": "NAO", "optional": false}, {"key": "GELADEIRA_INCLUSO", "text": "Geladeira", "value": "NAO", "optional": false}, {"key": "BANHEIRO_ADAPTADO", "text": "Banheiro adaptado", "value": "NAO", "optional": false}, {"key": "CLOSET", "text": "Closet", "value": "NAO", "optional": false}, {"key": "COZINHA_AMERICANA", "text": "Cozinha americana", "value": "NAO", "optional": false}, {"key": "MESAS_E_CADEIRAS_DE_ESCRITORIO", "text": "Mesas e cadeiras de escrit\u00f3rio", "value": "NAO", "optional": false}, {"key": "JARDIM", "text": "Jardim", "value": "NAO", "optional": false}, {"key": "QUARTOS_E_CORREDORES_COM_PORTAS_AMPLAS", "text": "Quartos e corredores com portas amplas", "value": "NAO", "optional": false}, {"key": "QUINTAL", "text": "Quintal", "value": "SIM", "optional": false}, {"key": "SOMENTE_UMA_CASA_NO_TERRENO", "text": "Somente uma casa no terreno", "value": "SIM", "optional": false}, {"key": "AREA_DE_SERVICO", "text": "\u00c1rea de servi\u00e7o", "value": "NAO", "optional": false}], "comfortCommodities": [{"key": "BANHEIRA_DE_HIDROMASSAGEM", "text": "Banheira", "value": "NAO", "optional": false}, {"key": "PISCINA_PRIVATIVA", "text": "Piscina privativa", "value": "NAO", "optional": false}, {"key": "AR_CONDICIONADO", "text": "Ar condicionado", "value": "NAO", "optional": false}, {"key": "SOL_DA_MANHA", "text": "Sol da manh\u00e3", "value": "SIM", "optional": false}, {"key": "SOL_DA_TARDE", "text": "Sol da tarde", "value": "SIM", "optional": false}, {"key": "CORTINAS_BLACK_OUT", "text": "Cortinas corta luz", "value": "NAO", "optional": false}, {"key": "CORTINAS_DECORATIVAS", "text": "Cortina transl\u00facida", "value": "NAO", "optional": false}, {"key": "JANELA_ANTI_RUIDO", "text": "Janela anti-ru\u00eddo", "value": "NAO", "optional": false}, {"key": "VENTILADOR_DE_TETO", "text": "Ventilador de teto", "value": "NAO", "optional": false}, {"key": "LUMINOSIDADE_NATURAL", "text": "Janelas grandes", "value": "SIM", "optional": false}, {"key": "VISTA_LIVRE", "text": "Vista livre", "value": "SIM", "optional": false}, {"key": "RUA_SILENCIOSA", "text": "Rua silenciosa", "value": "SIM", "optional": false}], "practicalityCommodities": [{"key": "BOX", "text": "Box", "value": "SIM", "optional": false}, {"key": "ARMARIOS_EMBUTIDOS_NO_QUARTO", "text": "Arm\u00e1rios no quarto", "value": "NAO", "optional": false}, {"key": "ARMARIOS_NOS_BANHEIROS", "text": "Arm\u00e1rios no banheiro", "value": "NAO", "optional": false}, {"key": "ARMARIOS_NA_COZINHA", "text": "Arm\u00e1rios na cozinha", "value": "NAO", "optional": false}, {"key": "CHUVEIRO_A_GAS", "text": "Chuveiro a g\u00e1s", "value": "NAO", "optional": false}, {"key": "FOGAO_INCLUSO", "text": "Fog\u00e3o", "value": "NAO", "optional": false}, {"key": "GELADEIRA_INCLUSO", "text": "Geladeira", "value": "NAO", "optional": false}, {"key": "CHUVEIRO_ELETRICO", "text": "Chuveiro el\u00e9trico", "value": "NAO", "optional": false}, {"key": "MICROONDAS", "text": "Microondas", "value": "NAO", "optional": false}, {"key": "SOFA", "text": "Sof\u00e1", "value": "NAO", "optional": false}, {"key": "MAQUINA_DE_LAVAR", "text": "M\u00e1quina de lavar", "value": "NAO", "optional": false}, {"key": "TANQUE", "text": "Tanque", "value": "SIM", "optional": false}, {"key": "REDE_DE_PROTECAO", "text": "Tela nas janelas", "value": "NAO", "optional": false}, {"key": "VARAL_DE_ROUPAS", "text": "Varal de roupas", "value": "NAO", "optional": false}, {"key": "TOMADAS_NOVAS", "text": "Tomadas 3 pinos", "value": "SIM", "optional": false}, {"key": "TELEVISAO", "text": "Televis\u00e3o", "value": "NAO", "optional": false}, {"key": "MESAS_E_CADEIRAS_DE_JANTAR", "text": "Mesas e cadeiras de jantar", "value": "NAO", "optional": false}, {"key": "CHURRASQUEIRA", "text": "Churrasqueira", "value": "NAO", "optional": false}, {"key": "ACESSO_SEM_DEGRAUS", "text": "Acesso sem degraus", "value": "NAO", "optional": false}, {"key": "COOKTOP", "text": "Fog\u00e3o cooktop", "value": "NAO", "optional": false}, {"key": "UTENSILIOS_DE_COZINHA", "text": "Utens\u00edlios de cozinha", "value": "NAO", "optional": false}, {"key": "CAMA_DE_CASAL", "text": "Cama de casal", "value": "NAO", "optional": false}, {"key": "CAMA_DE_SOLTEIRO", "text": "Cama de solteiro", "value": "NAO", "optional": false}, {"key": "ESPELHO_NO_BANHEIRO", "text": "Espelho no banheiro", "value": "NAO", "optional": false}, {"key": "FECHADURA_ELETRONICA", "text": "Fechadura eletr\u00f4nica", "value": "NAO", "optional": false}, {"key": "ENERGIA", "text": "Energia no im\u00f3vel", "value": "SIM", "optional": false}], "area": 152, "installations": [{"key": "PLAYGROUND", "text": "Playground", "value": "NAO"}, {"key": "PISCINA", "text": "Piscina", "value": "NAO"}, {"key": "CHURRASQUEIRA", "text": "Churrasqueira", "value": "NAO"}, {"key": "QUADRA_ESPORTIVA", "text": "Quadra esportiva", "value": "NAO"}, {"key": "ACADEMIA", "text": "Academia", "value": "NAO"}, {"key": "SALAO_DE_FESTAS", "text": "Sal\u00e3o de festas", "value": "NAO"}, {"key": "SAUNA", "text": "Sauna", "value": "NAO"}, {"key": "LAVANDERIA_NO_PREDIO", "text": "Lavanderia no pr\u00e9dio", "value": "NAO"}, {"key": "GAS_ENCANADO", "text": "G\u00e1s encanado", "value": "NAO"}, {"key": "ESPACO_GOURMET_NA_AREA_COMUM", "text": "Espa\u00e7o gourmet na \u00e1rea comum", "value": "NAO"}, {"key": "BRINQUEDOTECA", "text": "Brinquedoteca", "value": "NAO"}, {"key": "CORRIMAO", "text": "Corrim\u00e3o", "value": "NAO"}, {"key": "PISO_TATIL", "text": "Piso t\u00e1til", "value": "NAO"}, {"key": "RAMPAS_DE_ACESSO", "text": "Rampas de acesso", "value": "NAO"}, {"key": "SALAO_DE_JOGOS", "text": "Sal\u00e3o de jogos", "value": "NAO"}, {"key": "VAGA_DE_GARAGEM_ACESSIVEL", "text": "Vaga de garagem acess\u00edvel", "value": "NAO"}, {"key": "AREA_VERDE", "text": "\u00c1rea verde", "value": "NAO"}, {"key": "Elevador", "value": "NAO"}, {"key": "Porteiro24H", "value": "NAO"}], "rentPrice": 5000, "condoPrice": 0, "condoType": "IncluidoNoAluguel", "region": {"name": "Casa Verde", "hub": {"loading": "UNSET", "enabled": false, "abSecretariat": false, "isPrimaryMarket": false}, "id": 1311}, "type": "Casa", "iptuType": "Normal", "totalCost": 5504, "parkingSpaces": 4, "address": {"street": "Rua Alambari", "neighborhood": "Vila Baruel", "city": "S\u00e3o Paulo", "zipCode": "02522-060", "stateName": "S\u00e3o Paulo", "stateAcronym": "SP", "lat": -23.5056115, "lng": -46.657887, "countryName": "Brasil", "countryCode": "BR", "country": "Brasil"}, "homeProtection": 83, "remarks": "", "acceptsPets": true, "hasFurniture": false, "isNearSubway": false, "placesNearby": [{"name": "Hospital Casa Verde", "type": "HOSPITAL", "slug": "hospital-casa-verde-casa-verde-sao-paulo-sp"}, {"name": "Escola Ary Barroso", "type": "SCHOOL", "slug": "escola-ary-barroso-sao-paulo-sp-brasil"}, {"name": "Escola Macedo Soares", "type": "SCHOOL", "slug": "escola-macedo-soares-sao-paulo-sp-brasil"}, {"name": "Col\u00e9gio Aquarela", "type": "SCHOOL", "slug": "colegio-aquarela-casa-verde-alta-sao-paulo-sp-brasil"}, {"name": "UBS Casa Verde Alta", "type": "HOSPITAL", "slug": "ubs-casa-verde-alta-casa-verde-alta-sao-paulo-sp-brasil"}, {"name": "Escola Professora Leme Prado", "type": "SCHOOL", "slug": "escola-professora-leme-prado-sao-paulo-sp-brasil"}, {"name": "Instituto de Educa\u00e7\u00e3o Jos\u00e9 de Paiva Netto", "type": "SCHOOL", "slug": "instituto-de-educacao-jose-de-paiva-netto-bom-retiro-sao-paulo-sp"}], "availabilityType": "IMMEDIATE", "photos": [{"id": 31581775, "subtitle": "Sala", "url": "893814222-487.1406126478354DSC6814.JPG", "cover": true}, {"id": 31581778, "subtitle": "Sala", "url": "893814222-362.22684614286203DSC6815.JPG", "cover": false}, {"id": 31581782, "subtitle": "Sala", "url": "893814222-601.3655718265866DSC6817.JPG", "cover": false}, {"id": 31581785, "subtitle": "Sala", "url": "893814222-763.7762857925553DSC6818.JPG", "cover": false}, {"id": 31581780, "subtitle": "Sala", "url": "893814222-985.243958127808DSC6816.JPG", "cover": false}, {"id": 31581787, "subtitle": "Copa", "url": "893814222-750.4567095953621DSC6819.JPG", "cover": false}, {"id": 31581790, "subtitle": "Copa", "url": "893814222-642.4496971381798DSC6820.JPG", "cover": false}, {"id": 31581793, "subtitle": "Copa", "url": "893814222-525.8682508220688DSC6821.JPG", "cover": false}, {"id": 31581795, "subtitle": "Su\u00edte 1", "url": "893814222-338.0402062233796DSC6822.JPG", "cover": false}, {"id": 31581799, "subtitle": "Su\u00edte 1", "url": "893814222-35.3017470379513DSC6823.JPG", "cover": false}, {"id": 31581801, "subtitle": "Su\u00edte 1", "url": "893814222-867.6123042436595DSC6824.JPG", "cover": false}, {"id": 31581804, "subtitle": "Su\u00edte 1", "url": "893814222-63.76886000736026DSC6825.JPG", "cover": false}, {"id": 31581806, "subtitle": "Banheiro Su\u00edte 1", "url": "893814222-631.8480145232271DSC6826.JPG", "cover": false}, {"id": 31581808, "subtitle": "Banheiro Su\u00edte 1", "url": "893814222-191.23689458804404DSC6827.JPG", "cover": false}, {"id": 31581812, "subtitle": "Banheiro Su\u00edte 1", "url": "893814222-584.6818937531882DSC6828.JPG", "cover": false}, {"id": 31581813, "subtitle": "Sacada Su\u00edte 1", "url": "893814222-79.32014162209433DSC6829.JPG", "cover": false}, {"id": 31581815, "subtitle": "Sacada Su\u00edte 1", "url": "893814222-70.66504427062826DSC6830.JPG", "cover": false}, {"id": 31581816, "subtitle": "Sacada Su\u00edte 1", "url": "893814222-743.7904585266465DSC6831.JPG", "cover": false}, {"id": 31581818, "subtitle": "Quarto", "url": "893814222-888.9726066908868DSC6832.JPG", "cover": false}, {"id": 31581819, "subtitle": "Quarto", "url": "893814222-250.6712722962875DSC6833.JPG", "cover": false}, {"id": 31581821, "subtitle": "Quarto", "url": "893814222-910.7555496977363DSC6834.JPG", "cover": false}, {"id": 31581822, "subtitle": "Quarto", "url": "893814222-851.6473137318924DSC6835.JPG", "cover": false}, {"id": 31581824, "subtitle": "Su\u00edte 2a", "url": "893814222-470.4972008505569DSC6836.JPG", "cover": false}, {"id": 31581825, "subtitle": "Quarto", "url": "893814222-464.7652170006455DSC6837.JPG", "cover": false}, {"id": 31581827, "subtitle": "Quarto", "url": "893814222-712.9902025763959DSC6838.JPG", "cover": false}, {"id": 31581828, "subtitle": "Quarto", "url": "893814222-76.7386037570924DSC6839.JPG", "cover": false}, {"id": 31581829, "subtitle": "Quarto", "url": "893814222-284.5518584744194DSC6840.JPG", "cover": false}, {"id": 31581830, "subtitle": "Banheiro Quarto", "url": "893814222-263.9277759993447DSC6841.JPG", "cover": false}, {"id": 31581832, "subtitle": "Banheiro Quarto", "url": "893814222-922.3837333393167DSC6843.JPG", "cover": false}, {"id": 31581834, "subtitle": "Banheiro Quarto", "url": "893814222-639.3407840416437DSC6844.JPG", "cover": false}, {"id": 31581835, "subtitle": "Cozinha", "url": "893814222-65.41776117853205DSC6845.JPG", "cover": false}, {"id": 31581836, "subtitle": "Cozinha", "url": "893814222-689.1756412224465DSC6846.JPG", "cover": false}, {"id": 31581837, "subtitle": "Cozinha", "url": "893814222-765.9987170228281DSC6848.JPG", "cover": false}, {"id": 31581838, "subtitle": "Cozinha", "url": "893814222-794.5608472284902DSC6849.JPG", "cover": false}, {"id": 31581839, "subtitle": "Lavanderiaa", "url": "893814222-315.95909046955285DSC6850.JPG", "cover": false}, {"id": 31581841, "subtitle": "Cozinha", "url": "893814222-930.1102303049109DSC6852.JPG", "cover": false}, {"id": 31581843, "subtitle": "Cozinha", "url": "893814222-538.2443880980805DSC6853.JPG", "cover": false}, {"id": 31581845, "subtitle": "Banheiro Garagem", "url": "893814222-55.241239658412546DSC6855.JPG", "cover": false}, {"id": 31581846, "subtitle": "Garagem", "url": "893814222-145.2286073715211DSC6857.JPG", "cover": false}, {"id": 31581848, "subtitle": "Garagem", "url": "893814222-778.4234225646024DSC6858.JPG", "cover": false}, {"id": 31581850, "subtitle": "Garagem", "url": "893814222-133.37312275492798DSC6859.JPG", "cover": false}, {"id": 31581852, "subtitle": "Garagem", "url": "893814222-261.40044194177216DSC6860.JPG", "cover": false}, {"id": 31581853, "subtitle": "Garagem", "url": "893814222-385.71044927419797DSC6861.JPG", "cover": false}, {"id": 31581854, "subtitle": "Fachada", "url": "893814222-846.824057071828DSC6863.JPG", "cover": false}], "photosCategorizedByRooms": [], "relevantRegions": [], "photospheres": [], "specialConditions": ["Exclusivity"], "offers": {"closingRate": 0, "shouldHighlightIcon": true, "shouldShowOfferDialog": false, "shouldShowOffers": false, "summary": []}, "status": "publicado", "showUrlHasBeenCopiedSnackbar": false, "isGalleryModalOpen": false, "error": false, "loaded": true, "loading": false, "loadingCategorizedRooms": false, "selectedMedia": "tenant/HouseMedia/PHOTOS", "video": "", "promotions": [], "condominium": {}, "forRent": true, "forSale": true, "salePrice": 750000, "mortgageFirstInstallment": 0, "listings": [{"imovelId": 893814222, "businessContext": "SALE", "status": "publicado", "firstPublicationDate": "2022-11-02T01:23:25.000+0000", "lastPublicationDate": "2022-11-02T01:23:25.000+0000", "ownership": "STANDARD"}, {"imovelId": 893814222, "businessContext": "RENT", "status": "publicado", "firstPublicationDate": "2022-11-02T01:23:25.000+0000", "lastPublicationDate": "2022-11-02T01:23:25.000+0000", "listingRentModel": {"listingBusinessContextId": 1292210, "rentalAdministrator": "QUINTOANDAR"}, "ownership": "STANDARD"}], "listingTags": [], "businessContext": "", "regionParameters": {"loaded": false, "loading": false, "RENT": {"visitsEnabled": true, "talkToAgentEnabled": false}, "SALE": {"visitsEnabled": true, "talkToAgentEnabled": false}}, "houseAgent": {"isDialogOpen": false, "alreadyOpenedByQueryParam": false}, "tenantServiceFee": 129, "closingStatus": {"loading": false}, "rentalGuarantee": {"minValue": 1250, "maxValue": 3750}, "reservationAvailability": null, "isPrimaryMarket": false, "macroRegion": {"id": 2760, "name": "SPO09"}, "suites": 1, "allowsCustomOffer": true, "displayCustomOfferPreference": true, "houseVisitStatus": "ACCEPT_NEW", "visitStatusReason": null, "visitsUnavailable": false, "isReserved": false, "allowDirectOffer": true, "lastPublishedDate": "2022-11-02T01:23:25.000Z", "listingPublication": "stranded", "rentOnTermination": false, "constructionYear": null, "categories": []}, "markers": {"lat": -23.5056115, "lng": -46.657887}, "talkToAgent": {"dialog": {"open": false, "questionType": null, "question": ""}, "agentSupport": {}, "error": null, "autoSubmit": false, "loading": false, "submitting": false, "success": false, "hasLoadedAgentInfo": false, "agent": null, "hasLoadedAgentsInRegion": false, "agentsInRegion": null}}}}, "__N_SSP": true}, "page": "/imovel/[houseId]/[[...slug]]", "query": {"houseId": "893814222", "slug": ["alugar", "casa-3-quartos-vila-baruel-sao-paulo"]}, "buildId": "gCr3Bg2lYzV9hxZqGibIQ", "runtimeConfig": {"NEXT_PUBLIC_HOME_ADVERTISING_BANNER": "coupon"}, "isFallback": false, "dynamicIds": [61847, 31265, 66435, 77453, 87356, 60899, 41103, 3232, 33207, 72227, 40072, 39327, 19904, 96827], "gssp": true, "customServer": true, "appGip": true, "locale": "pt-BR", "locales": ["pt-BR", "es-MX"], "defaultLocale": "pt-BR", "domainLocales": [{"domain": "www.quintoandar.com.br", "defaultLocale": "pt-BR"}, {"domain": "www.benvi.mx", "defaultLocale": "es-MX"}], "scriptLoader": []}