{"props": {"pageProps": {"initialState": {"route": {"locationBeforeTransitions": {"pathname": "/imovel/893826162/alugar/kitnet-1-quarto-centro-sao-paulo", "search": "", "hash": "", "action": "POP", "query": {}}, "topLevelRouteName": "house details", "businessContext": "RENT", "favoriteListsBusinessContext": "RENT"}, "router": {"location": {"href": "/", "pathname": "/", "search": "", "hash": ""}}, "progress": {"pendingRequests": -1}, "login": {"response": {}, "user": {"isLoggedIn": false, "id": 0, "agentId": 0, "hashId": "", "sessionId": null, "name": "", "email": "", "maskedEmail": "", "jwt": {"app": "", "firebase": ""}, "phone": {"countryCode": "+55", "areaCode": "", "phoneNumber": ""}, "country": "BR", "channel": "", "isPhoneRegistered": false, "acceptWhatsapp": true, "hasDocument": false, "isPartner": false}, "accountForm": {}, "redirectUrl": "", "isRequestOngoing": false}, "captcha": {"token": "", "hasLoadedRemoteConfig": false, "provider": "", "friction": "low", "unavailableCountriesCode": []}, "supportedCities": [], "inAppMessages": {"biomaSurvey": {"isOpen": false, "formId": null, "data": {"opaque": true}}}, "metaData": {"similar_houses_clicked": []}, "appData": {"device": {"type": "desktop", "isSearchEngineCrawler": false}, "experiments": "X-AB-Test=ab_exposed_filter_sale_desktop:1,ab_exposed_filter_sale_v1:1,ab_exposed_filters:1,ab_load_more_v0:-1,ab_new_house_card_v2:0,ab_new_rent_listing_phase2:0,ab_profiling_create_alert_filters:0,ab_scheduling_step_by_step_v1:1,ab_show_floor_sale:0,ab_street_search_retrieval_v1:0"}, "house": {"houseInfo": {"id": "893826162", "displayId": "1126162", "bedrooms": 1, "city": "S\u00e3o Paulo", "cityId": 39, "bathrooms": 1, "iptu": 0, "amenities": [{"key": "BANHEIRA_DE_HIDROMASSAGEM", "text": "Banheira", "value": "NAO", "optional": false}, {"key": "BOX", "text": "Box", "value": "SIM", "optional": false}, {"key": "VARANDA", "text": "Varanda", "value": "NAO", "optional": false}, {"key": "PISCINA_PRIVATIVA", "text": "Piscina privativa", "value": "NAO", "optional": false}, {"key": "ARMARIOS_EMBUTIDOS_NO_QUARTO", "text": "Arm\u00e1rios no quarto", "value": "NAO", "optional": false}, {"key": "ARMARIOS_NOS_BANHEIROS", "text": "Arm\u00e1rios no banheiro", "value": "NAO", "optional": false}, {"key": "ARMARIOS_NA_COZINHA", "text": "Arm\u00e1rios na cozinha", "value": "NAO", "optional": false}, {"key": "AR_CONDICIONADO", "text": "Ar condicionado", "value": "NAO", "optional": false}, {"key": "CHUVEIRO_A_GAS", "text": "Chuveiro a g\u00e1s", "value": "NAO", "optional": false}, {"key": "QUARTO_DE_SERVICO", "text": "Quarto de servi\u00e7o", "value": "NAO", "optional": false}, {"key": "BANHEIRO_DE_SERVICO", "text": "Banheiro de servi\u00e7o", "value": "NAO", "optional": false}, {"key": "VARANDA_GOURMET", "text": "Varanda gourmet", "value": "NAO", "optional": false}, {"key": "APARTAMENTO_COBERTURA", "text": "Apartamento cobertura", "value": "NAO", "optional": false}, {"key": "QUARTO_EXTRA_REVERSIVEL", "text": "Quarto extra revers\u00edvel", "value": "NAO", "optional": false}, {"key": "FOGAO_INCLUSO", "text": "Fog\u00e3o", "value": "NAO", "optional": false}, {"key": "GELADEIRA_INCLUSO", "text": "Geladeira", "value": "NAO", "optional": false}, {"key": "BANHEIRO_ADAPTADO", "text": "Banheiro adaptado", "value": "NAO", "optional": false}, {"key": "CLOSET", "text": "Closet", "value": "NAO", "optional": false}, {"key": "COZINHA_AMERICANA", "text": "Cozinha americana", "value": "NAO", "optional": false}, {"key": "MESAS_E_CADEIRAS_DE_ESCRITORIO", "text": "Mesas e cadeiras de escrit\u00f3rio", "value": "NAO", "optional": false}, {"key": "JARDIM", "text": "Jardim", "value": "NAO", "optional": false}, {"key": "QUARTOS_E_CORREDORES_COM_PORTAS_AMPLAS", "text": "Quartos e corredores com portas amplas", "value": "NAO", "optional": false}, {"key": "QUINTAL", "text": "Quintal", "value": "NAO", "optional": false}, {"key": "SOMENTE_UMA_CASA_NO_TERRENO", "text": "Somente uma casa no terreno", "value": "NAO", "optional": false}, {"key": "AREA_DE_SERVICO", "text": "\u00c1rea de servi\u00e7o", "value": "NAO", "optional": false}], "comfortCommodities": [{"key": "BANHEIRA_DE_HIDROMASSAGEM", "text": "Banheira", "value": "NAO", "optional": false}, {"key": "PISCINA_PRIVATIVA", "text": "Piscina privativa", "value": "NAO", "optional": false}, {"key": "AR_CONDICIONADO", "text": "Ar condicionado", "value": "NAO", "optional": false}, {"key": "SOL_DA_MANHA", "text": "Sol da manh\u00e3", "value": "NAO", "optional": false}, {"key": "SOL_DA_TARDE", "text": "Sol da tarde", "value": "SIM", "optional": false}, {"key": "CORTINAS_BLACK_OUT", "text": "Cortinas corta luz", "value": "NAO", "optional": false}, {"key": "CORTINAS_DECORATIVAS", "text": "Cortina transl\u00facida", "value": "NAO", "optional": false}, {"key": "JANELA_ANTI_RUIDO", "text": "Janela anti-ru\u00eddo", "value": "NAO", "optional": false}, {"key": "VENTILADOR_DE_TETO", "text": "Ventilador de teto", "value": "NAO", "optional": false}, {"key": "LUMINOSIDADE_NATURAL", "text": "Janelas grandes", "value": "SIM", "optional": false}, {"key": "VISTA_LIVRE", "text": "Vista livre", "value": "SIM", "optional": false}, {"key": "RUA_SILENCIOSA", "text": "Rua silenciosa", "value": "NAO", "optional": false}], "practicalityCommodities": [{"key": "BOX", "text": "Box", "value": "SIM", "optional": false}, {"key": "ARMARIOS_EMBUTIDOS_NO_QUARTO", "text": "Arm\u00e1rios no quarto", "value": "NAO", "optional": false}, {"key": "ARMARIOS_NOS_BANHEIROS", "text": "Arm\u00e1rios no banheiro", "value": "NAO", "optional": false}, {"key": "ARMARIOS_NA_COZINHA", "text": "Arm\u00e1rios na cozinha", "value": "NAO", "optional": false}, {"key": "CHUVEIRO_A_GAS", "text": "Chuveiro a g\u00e1s", "value": "NAO", "optional": false}, {"key": "FOGAO_INCLUSO", "text": "Fog\u00e3o", "value": "NAO", "optional": false}, {"key": "GELADEIRA_INCLUSO", "text": "Geladeira", "value": "NAO", "optional": false}, {"key": "CHUVEIRO_ELETRICO", "text": "Chuveiro el\u00e9trico", "value": "SIM", "optional": false}, {"key": "MICROONDAS", "text": "Microondas", "value": "NAO", "optional": false}, {"key": "SOFA", "text": "Sof\u00e1", "value": "NAO", "optional": false}, {"key": "MAQUINA_DE_LAVAR", "text": "M\u00e1quina de lavar", "value": "NAO", "optional": false}, {"key": "TANQUE", "text": "Tanque", "value": "NAO", "optional": false}, {"key": "REDE_DE_PROTECAO", "text": "Tela nas janelas", "value": "NAO", "optional": false}, {"key": "VARAL_DE_ROUPAS", "text": "Varal de roupas", "value": "NAO", "optional": false}, {"key": "TOMADAS_NOVAS", "text": "Tomadas 3 pinos", "value": "NAO", "optional": false}, {"key": "TELEVISAO", "text": "Televis\u00e3o", "value": "NAO", "optional": false}, {"key": "MESAS_E_CADEIRAS_DE_JANTAR", "text": "Mesas e cadeiras de jantar", "value": "NAO", "optional": false}, {"key": "CHURRASQUEIRA", "text": "Churrasqueira", "value": "NAO", "optional": false}, {"key": "ACESSO_SEM_DEGRAUS", "text": "Acesso sem degraus", "value": "SIM", "optional": false}, {"key": "COOKTOP", "text": "Fog\u00e3o cooktop", "value": "NAO", "optional": false}, {"key": "UTENSILIOS_DE_COZINHA", "text": "Utens\u00edlios de cozinha", "value": "NAO", "optional": false}, {"key": "CAMA_DE_CASAL", "text": "Cama de casal", "value": "NAO", "optional": false}, {"key": "CAMA_DE_SOLTEIRO", "text": "Cama de solteiro", "value": "NAO", "optional": false}, {"key": "ESPELHO_NO_BANHEIRO", "text": "Espelho no banheiro", "value": "NAO", "optional": false}, {"key": "FECHADURA_ELETRONICA", "text": "Fechadura eletr\u00f4nica", "value": "NAO", "optional": false}, {"key": "ENERGIA", "text": "Energia no im\u00f3vel", "value": "NAO", "optional": false}], "area": 45, "installations": [{"key": "PLAYGROUND", "text": "Playground", "value": "NAO"}, {"key": "PISCINA", "text": "Piscina", "value": "NAO"}, {"key": "CHURRASQUEIRA", "text": "Churrasqueira", "value": "SIM"}, {"key": "QUADRA_ESPORTIVA", "text": "Quadra esportiva", "value": "NAO"}, {"key": "ACADEMIA", "text": "Academia", "value": "NAO"}, {"key": "SALAO_DE_FESTAS", "text": "Sal\u00e3o de festas", "value": "NAO"}, {"key": "SAUNA", "text": "Sauna", "value": "NAO"}, {"key": "LAVANDERIA_NO_PREDIO", "text": "Lavanderia no pr\u00e9dio", "value": "NAO"}, {"key": "GAS_ENCANADO", "text": "G\u00e1s encanado", "value": "SIM"}, {"key": "ESPACO_GOURMET_NA_AREA_COMUM", "text": "Espa\u00e7o gourmet na \u00e1rea comum", "value": "NAO"}, {"key": "BRINQUEDOTECA", "text": "Brinquedoteca", "value": "NAO"}, {"key": "CORRIMAO", "text": "Corrim\u00e3o", "value": "NAO"}, {"key": "PISO_TATIL", "text": "Piso t\u00e1til", "value": "NAO"}, {"key": "RAMPAS_DE_ACESSO", "text": "Rampas de acesso", "value": "NAO"}, {"key": "SALAO_DE_JOGOS", "text": "Sal\u00e3o de jogos", "value": "NAO"}, {"key": "VAGA_DE_GARAGEM_ACESSIVEL", "text": "Vaga de garagem acess\u00edvel", "value": "NAO"}, {"key": "AREA_VERDE", "text": "\u00c1rea verde", "value": "NAO"}, {"key": "Elevador", "value": "SIM"}, {"key": "Porteiro24H", "value": "SIM"}], "rentPrice": 900, "condoPrice": 455, "condoType": "Normal", "region": {"name": "Centro", "hub": {"loading": "UNSET", "enabled": false, "abSecretariat": false, "isPrimaryMarket": false}, "id": 1577}, "type": "StudioOuKitchenette", "iptuType": "NaoExiste", "totalCost": 1390, "parkingSpaces": 0, "address": {"street": "Rua Mau\u00e1", "neighborhood": "Centro", "city": "S\u00e3o Paulo", "zipCode": "01028-000", "stateName": "S\u00e3o Paulo", "stateAcronym": "SP", "lat": -23.5361811, "lng": -46.6329033, "countryName": "Brasil", "countryCode": "BR", "country": "Brasil"}, "floor": 5, "homeProtection": 12, "remarks": "", "acceptsPets": true, "hasFurniture": false, "isNearSubway": true, "placesNearby": [{"name": "Luz", "type": "ESTACAO_METRO_OU_TREM", "slug": "luz-centro-sao-paulo-sp"}, {"name": "Pinacoteca", "type": "MUSEUM_THEATRE_OR_CONCERT_HALL", "slug": "pinacoteca-luz-sao-paulo-sp"}, {"name": "Lam. Gaucha", "type": "SCHOOL", "slug": "lam-gaucha-sao-paulo-sp-brasil"}, {"name": "Casa da Luz", "type": "MUSEUM_THEATRE_OR_CONCERT_HALL", "slug": "casa-da-luz-centro-sao-paulo-sp"}, {"name": "Luz", "type": "ESTACAO_METRO_OU_TREM", "slug": "estacao-da-luz-sao-paulo-sp-brasil"}, {"name": "Museu do Crime", "type": "MUSEUM_THEATRE_OR_CONCERT_HALL", "slug": "museu-do-crime-centro-sao-paulo-sp"}, {"name": "ETEC Santa Ifig\u00eania", "type": "UNIVERSITY_OR_COLLEGE", "slug": "etec-santa-ifigenia-centro-sao-paulo-sp"}, {"name": "Sesc Odontologia", "type": "MUSEUM_THEATRE_OR_CONCERT_HALL", "slug": "sesc-odontologia-centro-sp"}, {"name": "Tiradentes", "type": "ESTACAO_METRO_OU_TREM", "slug": "estacao-tiradentes-sao-paulo-sp"}, {"name": "Pra\u00e7a Coronel Fernando Prestes", "type": "PARK_OR_GREEN_AREA", "slug": "praca-coronel-fernando-prestes-bom-retiro-sao-paulo-sp"}, {"name": "Instituto Dom Bosco", "type": "UNIVERSITY_OR_COLLEGE", "slug": "instituto-dom-bosco-bom-retiro-sao-paulo-sp"}, {"name": "Museu da Arte Sacra", "type": "MUSEUM_THEATRE_OR_CONCERT_HALL", "slug": "museu-da-arte-sacra-luz-sao-paulo-sp"}, {"name": "Galeria Continetal", "type": "SHOPPING_MALL", "slug": "galeria-continetal-centro-sao-paulo-sp"}, {"name": "Galeria Aurora", "type": "SHOPPING_MALL", "slug": "galeria-aurora-centro-sao-paulo-sp"}, {"name": "Universidade de M\u00fasica Tom Jobim", "type": "MUSEUM_THEATRE_OR_CONCERT_HALL", "slug": "universidade-de-musica-tom-jobim-centro-sao-paulo-sp"}, {"name": "Galeria Del Vecquio", "type": "SHOPPING_MALL", "slug": "galeria-del-vecquio-centro-sao-paulo-sp"}, {"name": "Galeria Garagi", "type": "SHOPPING_MALL", "slug": "galeria-garagi-centro-sao-paulo-sp"}, {"name": "Inter Shopping", "type": "SHOPPING_MALL", "slug": "inter-shopping-centro-sao-paulo-sp"}, {"name": "Shopping 64", "type": "SHOPPING_MALL", "slug": "shopping-64-centro-sao-paulo-sp"}, {"name": "Iphigenia Shopping", "type": "SHOPPING_MALL", "slug": "iphigenia-shopping-centro-sao-paulo-sp"}, {"name": "Shopping Universo", "type": "SHOPPING_MALL", "slug": "shopping-universo-centro-sao-paulo-sp"}, {"name": "Galeria S\u00e3o Paulo", "type": "SHOPPING_MALL", "slug": "galeria-sao-paulo-centro-sao-paulo-sp"}, {"name": "Still Shopping", "type": "SHOPPING_MALL", "slug": "still-shopping-centro-sao-paulo-sp"}, {"name": "Shopping 261", "type": "SHOPPING_MALL", "slug": "shopping-261-centro-sao-paulo-sp"}, {"name": "Capitan Center", "type": "SHOPPING_MALL", "slug": "capitan-center-centro-sao-paulo-sp"}, {"name": "Mega Shopping", "type": "SHOPPING_MALL", "slug": "mega-shopping-centro-sao-paulo-sp"}, {"name": "Shopping 355", "type": "SHOPPING_MALL", "slug": "shopping-355-centro-sao-paulo-sp"}, {"name": "Shopping 373", "type": "SHOPPING_MALL", "slug": "shopping-373-centro-sao-paulo-sp"}, {"name": "Shopping Intercontinetal", "type": "SHOPPING_MALL", "slug": "shopping-intercontinetal-centro-sao-paulo-sp"}, {"name": "Galeria Cinelli", "type": "SHOPPING_MALL", "slug": "galeria-cinelli-centro-sao-paulo-sp"}], "availabilityType": "IMMEDIATE", "photos": [{"id": 32266441, "subtitle": "Studio", "url": "893826162-952.8825920910839MG6861.jpg", "cover": true}, {"id": 32266444, "subtitle": "Studio", "url": "893826162-616.5129402101143MG6862.jpg", "cover": false}, {"id": 32266447, "subtitle": "Studio", "url": "893826162-602.4713390600998MG6863.jpg", "cover": false}, {"id": 32266449, "subtitle": "Studio", "url": "893826162-257.9052201020734MG6864.jpg", "cover": false}, {"id": 32266453, "subtitle": "Studio", "url": "893826162-538.0111400806371MG6865.jpg", "cover": false}, {"id": 32266481, "subtitle": "Vista", "url": "893826162-391.76490785847227MG6876.jpg", "cover": false}, {"id": 32266455, "subtitle": "Banheiro", "url": "893826162-957.2921296423265MG6866.jpg", "cover": false}, {"id": 32266458, "subtitle": "Banheiro", "url": "893826162-325.33828578820203MG6867.jpg", "cover": false}, {"id": 32266460, "subtitle": "Banheiro", "url": "893826162-89.35430267238308MG6868.jpg", "cover": false}, {"id": 32266463, "subtitle": "Banheiro", "url": "893826162-240.63479531692866MG6869.jpg", "cover": false}, {"id": 32266466, "subtitle": "Banheiro", "url": "893826162-444.30003115280425MG6870.jpg", "cover": false}, {"id": 32266467, "subtitle": "Cozinha", "url": "893826162-30.45863436297813MG6871.jpg", "cover": false}, {"id": 32266471, "subtitle": "Cozinha", "url": "893826162-291.9696177695509MG6872.jpg", "cover": false}, {"id": 32266474, "subtitle": "Cozinha", "url": "893826162-549.9119807941535MG6873.jpg", "cover": false}, {"id": 32266478, "subtitle": "Cozinha", "url": "893826162-44.03267728791638MG6874.jpg", "cover": false}, {"id": 32266495, "subtitle": "Churrasqueira", "url": "893826162-847.1397118336873893257545438.1369019254505DSC0298.jpg", "cover": false}, {"id": 32266497, "subtitle": "Fachada", "url": "893826162-861.7320633991264893774023763.1249827685551DSC02694.jpg", "cover": false}], "photosCategorizedByRooms": [], "relevantRegions": [], "photospheres": [], "specialConditions": ["Exclusivity"], "offers": {"closingRate": 0, "shouldHighlightIcon": true, "shouldShowOfferDialog": false, "shouldShowOffers": false, "summary": []}, "status": "publicado", "showUrlHasBeenCopiedSnackbar": false, "isGalleryModalOpen": false, "error": false, "loaded": true, "loading": false, "loadingCategorizedRooms": false, "selectedMedia": "tenant/HouseMedia/PHOTOS", "video": "", "promotions": [], "condominium": {"hashId": "9d37s7w9np", "name": "Edif\u00edcio S\u00e3o Francisco", "slug": "edificio-sao-francisco-centro-historico-de-sao-paulo-sao-paulo", "address": "R. Mau\u00e1"}, "forRent": true, "forSale": true, "salePrice": 195000, "mortgageFirstInstallment": 0, "listings": [{"imovelId": 893826162, "businessContext": "RENT", "status": "publicado", "firstPublicationDate": "2022-11-18T19:21:31.000+0000", "lastPublicationDate": "2022-11-18T19:21:31.000+0000", "listingRentModel": {"listingBusinessContextId": 1306666, "rentalAdministrator": "QUINTOANDAR"}, "ownership": "STANDARD"}, {"imovelId": 893826162, "businessContext": "SALE", "status": "publicado", "firstPublicationDate": "2022-11-18T19:21:32.000+0000", "lastPublicationDate": "2022-11-18T19:21:32.000+0000", "ownership": "STANDARD"}], "listingTags": [], "businessContext": "", "regionParameters": {"loaded": false, "loading": false, "RENT": {"visitsEnabled": true, "talkToAgentEnabled": false}, "SALE": {"visitsEnabled": true, "talkToAgentEnabled": false}}, "houseAgent": {"isDialogOpen": false, "alreadyOpenedByQueryParam": false}, "tenantServiceFee": 23, "closingStatus": {"loading": false}, "rentalGuarantee": {"minValue": 225, "maxValue": 675}, "reservationAvailability": null, "isPrimaryMarket": false, "macroRegion": {"id": 2705, "name": "SPO 02"}, "suites": 0, "allowsCustomOffer": true, "displayCustomOfferPreference": false, "houseVisitStatus": "ACCEPT_NEW", "visitStatusReason": null, "visitsUnavailable": false, "isReserved": false, "allowDirectOffer": true, "lastPublishedDate": "2022-11-18T19:21:31.000Z", "listingPublication": "stranded", "rentOnTermination": false, "constructionYear": null, "categories": []}, "markers": {"lat": -23.5361811, "lng": -46.6329033}, "talkToAgent": {"dialog": {"open": false, "questionType": null, "question": ""}, "agentSupport": {}, "error": null, "autoSubmit": false, "loading": false, "submitting": false, "success": false, "hasLoadedAgentInfo": false, "agent": null, "hasLoadedAgentsInRegion": false, "agentsInRegion": null}}}}, "__N_SSP": true}, "page": "/imovel/[houseId]/[[...slug]]", "query": {"houseId": "893826162", "slug": ["alugar", "kitnet-1-quarto-centro-sao-paulo"]}, "buildId": "gCr3Bg2lYzV9hxZqGibIQ", "runtimeConfig": {"NEXT_PUBLIC_HOME_ADVERTISING_BANNER": "coupon"}, "isFallback": false, "dynamicIds": [61847, 31265, 66435, 77453, 87356, 60899, 41103, 3232, 33207, 72227, 40072, 39327, 19904, 96827], "gssp": true, "customServer": true, "appGip": true, "locale": "pt-BR", "locales": ["pt-BR", "es-MX"], "defaultLocale": "pt-BR", "domainLocales": [{"domain": "www.quintoandar.com.br", "defaultLocale": "pt-BR"}, {"domain": "www.benvi.mx", "defaultLocale": "es-MX"}], "scriptLoader": []}