{"props": {"pageProps": {"initialState": {"route": {"locationBeforeTransitions": {"pathname": "/imovel/893809045/alugar/apartamento-3-quartos-planalto-paulista-sao-paulo", "search": "", "hash": "", "action": "POP", "query": {}}, "topLevelRouteName": "house details", "businessContext": "RENT", "favoriteListsBusinessContext": "RENT"}, "router": {"location": {"href": "/", "pathname": "/", "search": "", "hash": ""}}, "progress": {"pendingRequests": -1}, "login": {"response": {}, "user": {"isLoggedIn": false, "id": 0, "agentId": 0, "hashId": "", "sessionId": null, "name": "", "email": "", "maskedEmail": "", "jwt": {"app": "", "firebase": ""}, "phone": {"countryCode": "+55", "areaCode": "", "phoneNumber": ""}, "country": "BR", "channel": "", "isPhoneRegistered": false, "acceptWhatsapp": true, "hasDocument": false, "isPartner": false}, "accountForm": {}, "redirectUrl": "", "isRequestOngoing": false}, "captcha": {"token": "", "hasLoadedRemoteConfig": false, "provider": "", "friction": "low", "unavailableCountriesCode": []}, "supportedCities": [], "inAppMessages": {"biomaSurvey": {"isOpen": false, "formId": null, "data": {"opaque": true}}}, "metaData": {"similar_houses_clicked": []}, "appData": {"device": {"type": "desktop", "isSearchEngineCrawler": false}, "experiments": "X-AB-Test=ab_exposed_filter_sale_desktop:1,ab_exposed_filter_sale_v1:1,ab_exposed_filters:1,ab_load_more_v0:-1,ab_new_house_card_v2:0,ab_new_rent_listing_phase2:0,ab_profiling_create_alert_filters:0,ab_scheduling_step_by_step_v1:1,ab_show_floor_sale:0,ab_street_search_retrieval_v1:0"}, "house": {"houseInfo": {"id": "893809045", "displayId": "1109045", "bedrooms": 3, "city": "S\u00e3o Paulo", "cityId": 39, "bathrooms": 3, "iptu": 527, "amenities": [{"key": "BANHEIRA_DE_HIDROMASSAGEM", "text": "Banheira", "value": "NAO", "optional": false}, {"key": "BOX", "text": "Box", "value": "SIM", "optional": false}, {"key": "VARANDA", "text": "Varanda", "value": "SIM", "optional": false}, {"key": "PISCINA_PRIVATIVA", "text": "Piscina privativa", "value": "SIM", "optional": false}, {"key": "ARMARIOS_EMBUTIDOS_NO_QUARTO", "text": "Arm\u00e1rios no quarto", "value": "SIM", "optional": false}, {"key": "ARMARIOS_NOS_BANHEIROS", "text": "Arm\u00e1rios no banheiro", "value": "SIM", "optional": false}, {"key": "ARMARIOS_NA_COZINHA", "text": "Arm\u00e1rios na cozinha", "value": "SIM", "optional": false}, {"key": "AR_CONDICIONADO", "text": "Ar condicionado", "value": "NAO", "optional": false}, {"key": "CHUVEIRO_A_GAS", "text": "Chuveiro a g\u00e1s", "value": "SIM", "optional": false}, {"key": "QUARTO_DE_SERVICO", "text": "Quarto de servi\u00e7o", "value": "SIM", "optional": false}, {"key": "BANHEIRO_DE_SERVICO", "text": "Banheiro de servi\u00e7o", "value": "SIM", "optional": false}, {"key": "VARANDA_GOURMET", "text": "Varanda gourmet", "value": "SIM", "optional": false}, {"key": "APARTAMENTO_COBERTURA", "text": "Apartamento cobertura", "value": "NAO", "optional": false}, {"key": "QUARTO_EXTRA_REVERSIVEL", "text": "Quarto extra revers\u00edvel", "value": "SIM", "optional": false}, {"key": "FOGAO_INCLUSO", "text": "Fog\u00e3o", "value": "NAO", "optional": false}, {"key": "GELADEIRA_INCLUSO", "text": "Geladeira", "value": "SIM", "optional": false}, {"key": "BANHEIRO_ADAPTADO", "text": "Banheiro adaptado", "value": "NAO", "optional": false}, {"key": "CLOSET", "text": "Closet", "value": "NAO", "optional": false}, {"key": "COZINHA_AMERICANA", "text": "Cozinha americana", "value": "NAO", "optional": false}, {"key": "MESAS_E_CADEIRAS_DE_ESCRITORIO", "text": "Mesas e cadeiras de escrit\u00f3rio", "value": "SIM", "optional": false}, {"key": "JARDIM", "text": "Jardim", "value": "NAO", "optional": false}, {"key": "QUARTOS_E_CORREDORES_COM_PORTAS_AMPLAS", "text": "Quartos e corredores com portas amplas", "value": "NAO", "optional": false}, {"key": "QUINTAL", "text": "Quintal", "value": "NAO", "optional": false}, {"key": "SOMENTE_UMA_CASA_NO_TERRENO", "text": "Somente uma casa no terreno", "value": "NAO", "optional": false}, {"key": "AREA_DE_SERVICO", "text": "\u00c1rea de servi\u00e7o", "value": "SIM", "optional": false}], "comfortCommodities": [{"key": "BANHEIRA_DE_HIDROMASSAGEM", "text": "Banheira", "value": "NAO", "optional": false}, {"key": "PISCINA_PRIVATIVA", "text": "Piscina privativa", "value": "SIM", "optional": false}, {"key": "AR_CONDICIONADO", "text": "Ar condicionado", "value": "NAO", "optional": false}, {"key": "SOL_DA_MANHA", "text": "Sol da manh\u00e3", "value": "NAO", "optional": false}, {"key": "SOL_DA_TARDE", "text": "Sol da tarde", "value": "SIM", "optional": false}, {"key": "CORTINAS_BLACK_OUT", "text": "Cortinas corta luz", "value": "SIM", "optional": false}, {"key": "CORTINAS_DECORATIVAS", "text": "Cortina transl\u00facida", "value": "SIM", "optional": false}, {"key": "JANELA_ANTI_RUIDO", "text": "Janela anti-ru\u00eddo", "value": "SIM", "optional": false}, {"key": "VENTILADOR_DE_TETO", "text": "Ventilador de teto", "value": "NAO", "optional": false}, {"key": "LUMINOSIDADE_NATURAL", "text": "Janelas grandes", "value": "SIM", "optional": false}, {"key": "VISTA_LIVRE", "text": "Vista livre", "value": "SIM", "optional": false}, {"key": "RUA_SILENCIOSA", "text": "Rua silenciosa", "value": "SIM", "optional": false}], "practicalityCommodities": [{"key": "BOX", "text": "Box", "value": "SIM", "optional": false}, {"key": "ARMARIOS_EMBUTIDOS_NO_QUARTO", "text": "Arm\u00e1rios no quarto", "value": "SIM", "optional": false}, {"key": "ARMARIOS_NOS_BANHEIROS", "text": "Arm\u00e1rios no banheiro", "value": "SIM", "optional": false}, {"key": "ARMARIOS_NA_COZINHA", "text": "Arm\u00e1rios na cozinha", "value": "SIM", "optional": false}, {"key": "CHUVEIRO_A_GAS", "text": "Chuveiro a g\u00e1s", "value": "SIM", "optional": false}, {"key": "FOGAO_INCLUSO", "text": "Fog\u00e3o", "value": "NAO", "optional": false}, {"key": "GELADEIRA_INCLUSO", "text": "Geladeira", "value": "SIM", "optional": false}, {"key": "CHUVEIRO_ELETRICO", "text": "Chuveiro el\u00e9trico", "value": "SIM", "optional": false}, {"key": "MICROONDAS", "text": "Microondas", "value": "SIM", "optional": false}, {"key": "SOFA", "text": "Sof\u00e1", "value": "SIM", "optional": false}, {"key": "MAQUINA_DE_LAVAR", "text": "M\u00e1quina de lavar", "value": "SIM", "optional": false}, {"key": "TANQUE", "text": "Tanque", "value": "SIM", "optional": false}, {"key": "REDE_DE_PROTECAO", "text": "Tela nas janelas", "value": "SIM", "optional": false}, {"key": "VARAL_DE_ROUPAS", "text": "Varal de roupas", "value": "SIM", "optional": false}, {"key": "TOMADAS_NOVAS", "text": "Tomadas 3 pinos", "value": "SIM", "optional": false}, {"key": "TELEVISAO", "text": "Televis\u00e3o", "value": "SIM", "optional": false}, {"key": "MESAS_E_CADEIRAS_DE_JANTAR", "text": "Mesas e cadeiras de jantar", "value": "SIM", "optional": false}, {"key": "CHURRASQUEIRA", "text": "Churrasqueira", "value": "SIM", "optional": false}, {"key": "ACESSO_SEM_DEGRAUS", "text": "Acesso sem degraus", "value": "SIM", "optional": false}, {"key": "COOKTOP", "text": "Fog\u00e3o cooktop", "value": "SIM", "optional": false}, {"key": "UTENSILIOS_DE_COZINHA", "text": "Utens\u00edlios de cozinha", "value": "SIM", "optional": false}, {"key": "CAMA_DE_CASAL", "text": "Cama de casal", "value": "SIM", "optional": false}, {"key": "CAMA_DE_SOLTEIRO", "text": "Cama de solteiro", "value": "SIM", "optional": false}, {"key": "ESPELHO_NO_BANHEIRO", "text": "Espelho no banheiro", "value": "SIM", "optional": false}, {"key": "FECHADURA_ELETRONICA", "text": "Fechadura eletr\u00f4nica", "value": "SIM", "optional": false}, {"key": "ENERGIA", "text": "Energia no im\u00f3vel", "value": "SIM", "optional": false}], "area": 129, "installations": [{"key": "PLAYGROUND", "text": "Playground", "value": "SIM"}, {"key": "PISCINA", "text": "Piscina", "value": "SIM"}, {"key": "CHURRASQUEIRA", "text": "Churrasqueira", "value": "NAO"}, {"key": "QUADRA_ESPORTIVA", "text": "Quadra esportiva", "value": "SIM"}, {"key": "ACADEMIA", "text": "Academia", "value": "SIM"}, {"key": "SALAO_DE_FESTAS", "text": "Sal\u00e3o de festas", "value": "SIM"}, {"key": "SAUNA", "text": "Sauna", "value": "SIM"}, {"key": "LAVANDERIA_NO_PREDIO", "text": "Lavanderia no pr\u00e9dio", "value": "NAO"}, {"key": "GAS_ENCANADO", "text": "G\u00e1s encanado", "value": "SIM"}, {"key": "ESPACO_GOURMET_NA_AREA_COMUM", "text": "Espa\u00e7o gourmet na \u00e1rea comum", "value": "SIM"}, {"key": "BRINQUEDOTECA", "text": "Brinquedoteca", "value": "SIM"}, {"key": "CORRIMAO", "text": "Corrim\u00e3o", "value": "SIM"}, {"key": "PISO_TATIL", "text": "Piso t\u00e1til", "value": "NAO"}, {"key": "RAMPAS_DE_ACESSO", "text": "Rampas de acesso", "value": "SIM"}, {"key": "SALAO_DE_JOGOS", "text": "Sal\u00e3o de jogos", "value": "SIM"}, {"key": "VAGA_DE_GARAGEM_ACESSIVEL", "text": "Vaga de garagem acess\u00edvel", "value": "SIM"}, {"key": "AREA_VERDE", "text": "\u00c1rea verde", "value": "SIM"}, {"key": "Elevador", "value": "SIM"}, {"key": "Porteiro24H", "value": "SIM"}], "rentPrice": 12000, "condoPrice": 1317, "condoType": "Normal", "region": {"name": "Moema", "hub": {"loading": "UNSET", "enabled": false, "abSecretariat": false, "isPrimaryMarket": false}, "id": 46}, "type": "Apartamento", "iptuType": "Normal", "totalCost": 14307, "parkingSpaces": 2, "address": {"street": "Avenida Jamaris", "neighborhood": "Planalto Paulista", "city": "S\u00e3o Paulo", "zipCode": "04078-000", "stateName": "S\u00e3o Paulo", "stateAcronym": "SP", "lat": -23.6049202, "lng": -46.6622679, "countryName": "Brasil", "countryCode": "BR", "country": "Brasil"}, "floor": 14, "homeProtection": 153, "remarks": "Lindo apartamento, pronto para morar, acabamentos de alta qualidade e bem iluminado, com janelas ac\u00fasticas. Excelente localiza\u00e7\u00e3o, em bairro seguro e tranquilo, \u00e0 5min do Shopping Ibirapuera e em frente ao metr\u00f4 Moema. Regi\u00e3o com ampla variedade de com\u00e9rcios, farm\u00e1cias, mercados, bancos, escolas, padarias e restaurantes. Sol durante toda a manh\u00e3 e est\u00e1 totalmente equipado.", "acceptsPets": true, "hasFurniture": true, "isNearSubway": true, "placesNearby": [{"name": "Moema", "type": "ESTACAO_METRO_OU_TREM", "slug": "estacao-moema-sao-paulo-sp"}, {"name": "CONSA - Col\u00e9gio Franciscano N. S. Aparecida", "type": "SCHOOL", "slug": "consa-colegio-franciscano-n-s-aparecida-moema-sao-paulo-sp"}, {"name": "Atelier Hideko Honma", "type": "MUSEUM_THEATRE_OR_CONCERT_HALL", "slug": "atelier-hideko-honma-moema-sao-paulo-sp"}, {"name": "Shopping Ibirapuera", "type": "SHOPPING_MALL", "slug": "shopping-ibirapuera-indianopolis-sao-paulo-sp"}, {"name": "DeRose Method Moema", "type": "UNIVERSITY_OR_COLLEGE", "slug": "derose-method-moema-moema-sao-paulo-sp"}, {"name": "Espa\u00e7o Daniel Borges", "type": "UNIVERSITY_OR_COLLEGE", "slug": "espaco-daniel-borges-moema-sao-paulo-sp"}, {"name": "Centro Cultural Banco do Brasil", "type": "MUSEUM_THEATRE_OR_CONCERT_HALL", "slug": "centro-cultural-banco-do-brasil-moema-sao-paulo-sp"}, {"name": "Hospital Moriah", "type": "HOSPITAL", "slug": "hospital-moriah-moema-sao-paulo-sp"}, {"name": "Iamspe - Hospital do Servidor P\u00fablico Estadual", "type": "HOSPITAL", "slug": "hospital-do-servidor-publico-estadual-vila-clementino-sao-paulo-sp"}, {"name": "Col\u00e9gio da Companhia de Maria", "type": "SCHOOL", "slug": "colegio-da-companhia-de-maria-vila-nova-conceicao-sao-paulo-sp-brasil"}, {"name": "Pra\u00e7a Pereira Coutinho", "type": "PARK_OR_GREEN_AREA", "slug": "praca-pereira-coutinho-vila-nova-conceicao-sao-paulo-sp-brasil"}, {"name": "DeRose Method Vila Nova Concei\u00e7\u00e3o", "type": "UNIVERSITY_OR_COLLEGE", "slug": "derose-method-vila-nova-conceicao-vila-nova-conceicao-sao-paulo-sp"}, {"name": "Pra\u00e7a Bon Caccino", "type": "PARK_OR_GREEN_AREA", "slug": "praca-bon-caccino-moema-sao-paulo-sp"}, {"name": "FMU", "type": "UNIVERSITY_OR_COLLEGE", "slug": "fmu-vila-nova-conceicao-sao-paulo-sp-brasil"}, {"name": "Universidade Anhembi-Morumbi", "type": "SCHOOL", "slug": "universidade-anhembi-morumbi-vila-olimpia-sao-paulo-sp"}, {"name": "Grupo Escolar Martim Francisco", "type": "SCHOOL", "slug": "grupo-escolar-martim-francisco-vila-nova-conceicao-sao-paulo-sp-brasil"}, {"name": "Insper", "type": "UNIVERSITY_OR_COLLEGE", "slug": "insper-vila-olimpia-sao-paulo-sp"}, {"name": "Hospital Evaldo Foz", "type": "HOSPITAL", "slug": "hospital-evaldo-foz-sao-paulo-sp-brasil"}], "availabilityType": "IMMEDIATE", "photos": [{"id": 31398927, "subtitle": "Sala", "url": "893809045-472.96651814813185IMG4076.jpg", "cover": true}, {"id": 31398926, "subtitle": "Sala", "url": "893809045-685.0969751779163IMG4075.jpg", "cover": false}, {"id": 31398928, "subtitle": "Sala", "url": "893809045-695.9132800897136IMG4077.jpg", "cover": false}, {"id": 31398929, "subtitle": "Sala", "url": "893809045-483.53012112776383IMG4080.jpg", "cover": false}, {"id": 31398930, "subtitle": "Sala", "url": "893809045-441.9277047338518IMG4081.jpg", "cover": false}, {"id": 31398932, "subtitle": "Varanda", "url": "893809045-613.431160394706IMG4082.jpg", "cover": false}, {"id": 31398937, "subtitle": "Sala", "url": "893809045-776.4699032813788IMG4085.jpg", "cover": false}, {"id": 31398938, "subtitle": "Sala", "url": "893809045-134.1066409457813IMG4086.jpg", "cover": false}, {"id": 31398933, "subtitle": " Varanda", "url": "893809045-909.6586384965071IMG4083.jpg", "cover": false}, {"id": 31398935, "subtitle": "Vista", "url": "893809045-38.542975543252254IMG4084.jpg", "cover": false}, {"id": 31398941, "subtitle": "Lavabo", "url": "893809045-364.7428957695487IMG4087.jpg", "cover": false}, {"id": 31398942, "subtitle": "Corredor", "url": "893809045-57.982254603398786IMG4088.jpg", "cover": false}, {"id": 31398944, "subtitle": "Su\u00edte", "url": "893809045-954.5296080671008IMG4089.jpg", "cover": false}, {"id": 31398946, "subtitle": "Su\u00edte", "url": "893809045-677.8842318111831IMG4090.jpg", "cover": false}, {"id": 31398947, "subtitle": "Su\u00edte", "url": "893809045-172.99289394024598IMG4091.jpg", "cover": false}, {"id": 31398949, "subtitle": "Su\u00edte", "url": "893809045-499.87614366229184IMG4092.jpg", "cover": false}, {"id": 31398951, "subtitle": "Banheiro Su\u00edte", "url": "893809045-363.3216434065719IMG4093.jpg", "cover": false}, {"id": 31398952, "subtitle": "Banheiro Su\u00edte", "url": "893809045-895.0789867535634IMG4094.jpg", "cover": false}, {"id": 31398954, "subtitle": "Banheiro Su\u00edte", "url": "893809045-724.6576277429766IMG4095.jpg", "cover": false}, {"id": 31398955, "subtitle": "Quarto 2", "url": "893809045-771.2342382151542IMG4096.jpg", "cover": false}, {"id": 31398957, "subtitle": "Quarto 2", "url": "893809045-686.1665643572915IMG4098.jpg", "cover": false}, {"id": 31398958, "subtitle": "Quarto 2", "url": "893809045-520.2557194078762IMG4099.jpg", "cover": false}, {"id": 31398960, "subtitle": "Quarto 2", "url": "893809045-733.7386404816085IMG4100.jpg", "cover": false}, {"id": 31398962, "subtitle": "Quarto 3", "url": "893809045-328.01302655059084IMG4101.jpg", "cover": false}, {"id": 31398963, "subtitle": "Quarto 3", "url": "893809045-903.9386585524556IMG4102.jpg", "cover": false}, {"id": 31398965, "subtitle": "Quarto 3", "url": "893809045-956.7678127619843IMG4103.jpg", "cover": false}, {"id": 31398967, "subtitle": "Quarto 3", "url": "893809045-375.16421414060574IMG4104.jpg", "cover": false}, {"id": 31398968, "subtitle": "Banheiro 2", "url": "893809045-256.9060840202662IMG4105.jpg", "cover": false}, {"id": 31398970, "subtitle": "Banheiro 2", "url": "893809045-410.8839220690599IMG4107.jpg", "cover": false}, {"id": 31398971, "subtitle": "Banheiro 2", "url": "893809045-745.4263802981923IMG4108.jpg", "cover": false}, {"id": 31398973, "subtitle": "Cozinha", "url": "893809045-92.77012567155995IMG4109.jpg", "cover": false}, {"id": 31398974, "subtitle": "Cozinha", "url": "893809045-248.31177723236763IMG4110.jpg", "cover": false}, {"id": 31398975, "subtitle": "Cozinha", "url": "893809045-983.4065701200133IMG4111.jpg", "cover": false}, {"id": 31398977, "subtitle": "Cozinha", "url": "893809045-426.8720995352091IMG4112.jpg", "cover": false}, {"id": 31398979, "subtitle": "\u00c1rea de Servi\u00e7o", "url": "893809045-390.2084112873191IMG4113.jpg", "cover": false}, {"id": 31398980, "subtitle": "\u00c1rea de Servi\u00e7o", "url": "893809045-883.3148799019916IMG4114.jpg", "cover": false}, {"id": 31398981, "subtitle": "Banheiro de Servi\u00e7o", "url": "893809045-511.9862446098355IMG4115.jpg", "cover": false}, {"id": 31398983, "subtitle": "Hall Social", "url": "893809045-910.0892821179848IMG4117.jpg", "cover": false}, {"id": 31398984, "subtitle": "Playground", "url": "893809045-146.57680554856145IMG4118.jpg", "cover": false}, {"id": 31398986, "subtitle": "Brinquedoteca", "url": "893809045-31.56467511769778IMG4119.jpg", "cover": false}, {"id": 31398989, "subtitle": "Quadra", "url": "893809045-443.85037845724395IMG4120.jpg", "cover": false}, {"id": 31398990, "subtitle": "Academia", "url": "893809045-117.08121924390835IMG4121.jpg", "cover": false}, {"id": 31398992, "subtitle": "Piscina", "url": "893809045-840.3747276637777IMG4122.jpg", "cover": false}, {"id": 31398993, "subtitle": "Fachada", "url": "893809045-851.9279634808315IMG4123.jpg", "cover": false}], "photosCategorizedByRooms": [], "relevantRegions": [], "photospheres": [], "specialConditions": ["Exclusivity"], "offers": {"closingRate": 0, "shouldHighlightIcon": true, "shouldShowOfferDialog": false, "shouldShowOffers": false, "summary": []}, "status": "publicado", "showUrlHasBeenCopiedSnackbar": false, "isGalleryModalOpen": false, "error": false, "loaded": true, "loading": false, "loadingCategorizedRooms": false, "selectedMedia": "tenant/HouseMedia/PHOTOS", "video": "", "promotions": [], "condominium": {"hashId": "6knzsqn9gk", "name": "Club Moema", "slug": "club-moema-planalto-paulista-sao-paulo", "address": "Av. Jamaris", "constructionYear": 2003}, "forRent": true, "forSale": false, "salePrice": 0, "mortgageFirstInstallment": 0, "listings": [{"imovelId": 893809045, "businessContext": "RENT", "status": "publicado", "firstPublicationDate": "2022-10-28T03:47:54.000+0000", "lastPublicationDate": "2022-10-28T03:47:54.000+0000", "listingRentModel": {"listingBusinessContextId": 1285789, "rentalAdministrator": "QUINTOANDAR"}, "ownership": "STANDARD"}], "listingTags": [], "businessContext": "", "regionParameters": {"loaded": false, "loading": false, "RENT": {"visitsEnabled": true, "talkToAgentEnabled": false}, "SALE": {"visitsEnabled": true, "talkToAgentEnabled": false}}, "houseAgent": {"isDialogOpen": false, "alreadyOpenedByQueryParam": false}, "tenantServiceFee": 310, "closingStatus": {"loading": false}, "rentalGuarantee": {"minValue": 3000, "maxValue": 9000}, "reservationAvailability": null, "isPrimaryMarket": false, "macroRegion": {"id": 2720, "name": "SPO 06"}, "suites": 1, "allowsCustomOffer": true, "displayCustomOfferPreference": true, "movingDate": "2023-03-01", "awaitingAvailabilityReason": "Quando o im\u00f3vel ser\u00e1 desocupado. ", "houseVisitStatus": "ACCEPT_NEW", "visitStatusReason": null, "visitsUnavailable": false, "isReserved": false, "allowDirectOffer": true, "lastPublishedDate": "2022-10-28T03:47:54.000Z", "listingPublication": "stranded", "rentOnTermination": false, "constructionYear": 2003, "categories": []}, "markers": {"lat": -23.6049202, "lng": -46.6622679}, "talkToAgent": {"dialog": {"open": false, "questionType": null, "question": ""}, "agentSupport": {}, "error": null, "autoSubmit": false, "loading": false, "submitting": false, "success": false, "hasLoadedAgentInfo": false, "agent": null, "hasLoadedAgentsInRegion": false, "agentsInRegion": null}}}}, "__N_SSP": true}, "page": "/imovel/[houseId]/[[...slug]]", "query": {"houseId": "893809045", "slug": ["alugar", "apartamento-3-quartos-planalto-paulista-sao-paulo"]}, "buildId": "gCr3Bg2lYzV9hxZqGibIQ", "runtimeConfig": {"NEXT_PUBLIC_HOME_ADVERTISING_BANNER": "coupon"}, "isFallback": false, "dynamicIds": [61847, 31265, 66435, 77453, 87356, 60899, 41103, 3232, 72227, 40072, 39327, 19904, 96827], "gssp": true, "customServer": true, "appGip": true, "locale": "pt-BR", "locales": ["pt-BR", "es-MX"], "defaultLocale": "pt-BR", "domainLocales": [{"domain": "www.quintoandar.com.br", "defaultLocale": "pt-BR"}, {"domain": "www.benvi.mx", "defaultLocale": "es-MX"}], "scriptLoader": []}