{"props": {"pageProps": {"initialState": {"route": {"locationBeforeTransitions": {"pathname": "/imovel/893874259/alugar/casa-3-quartos-agua-rasa-sao-paulo", "search": "", "hash": "", "action": "POP", "query": {}}, "topLevelRouteName": "house details", "businessContext": "RENT", "favoriteListsBusinessContext": "RENT"}, "router": {"location": {"href": "/", "pathname": "/", "search": "", "hash": ""}}, "progress": {"pendingRequests": -1}, "login": {"response": {}, "user": {"isLoggedIn": false, "id": 0, "agentId": 0, "hashId": "", "sessionId": null, "name": "", "email": "", "maskedEmail": "", "jwt": {"app": "", "firebase": ""}, "phone": {"countryCode": "+55", "areaCode": "", "phoneNumber": ""}, "country": "BR", "channel": "", "isPhoneRegistered": false, "acceptWhatsapp": true, "hasDocument": false, "isPartner": false}, "accountForm": {}, "redirectUrl": "", "isRequestOngoing": false}, "captcha": {"token": "", "hasLoadedRemoteConfig": false, "provider": "", "friction": "low", "unavailableCountriesCode": []}, "supportedCities": [], "inAppMessages": {"biomaSurvey": {"isOpen": false, "formId": null, "data": {"opaque": true}}}, "metaData": {"similar_houses_clicked": []}, "appData": {"device": {"type": "desktop", "isSearchEngineCrawler": false}, "experiments": "X-AB-Test=ab_exposed_filter_sale_desktop:1,ab_exposed_filter_sale_v1:1,ab_exposed_filters:1,ab_load_more_v0:-1,ab_new_house_card_v2:0,ab_new_rent_listing_phase2:0,ab_profiling_create_alert_filters:0,ab_scheduling_step_by_step_v1:1,ab_show_floor_sale:0,ab_street_search_retrieval_v1:0"}, "house": {"houseInfo": {"id": "893874259", "displayId": "1174259", "bedrooms": 3, "city": "S\u00e3o Paulo", "cityId": 39, "bathrooms": 4, "iptu": 350, "amenities": [{"key": "BANHEIRA_DE_HIDROMASSAGEM", "text": "Banheira", "value": "SIM", "optional": false}, {"key": "BOX", "text": "Box", "value": "SIM", "optional": false}, {"key": "VARANDA", "text": "Varanda", "value": "SIM", "optional": false}, {"key": "PISCINA_PRIVATIVA", "text": "Piscina privativa", "value": "SIM", "optional": false}, {"key": "ARMARIOS_EMBUTIDOS_NO_QUARTO", "text": "Arm\u00e1rios no quarto", "value": "SIM", "optional": false}, {"key": "ARMARIOS_NOS_BANHEIROS", "text": "Arm\u00e1rios no banheiro", "value": "SIM", "optional": false}, {"key": "ARMARIOS_NA_COZINHA", "text": "Arm\u00e1rios na cozinha", "value": "SIM", "optional": false}, {"key": "AR_CONDICIONADO", "text": "Ar condicionado", "value": "SIM", "optional": false}, {"key": "CHUVEIRO_A_GAS", "text": "Chuveiro a g\u00e1s", "value": "NAO", "optional": false}, {"key": "QUARTO_DE_SERVICO", "text": "Quarto de servi\u00e7o", "value": "SIM", "optional": false}, {"key": "BANHEIRO_DE_SERVICO", "text": "Banheiro de servi\u00e7o", "value": "SIM", "optional": false}, {"key": "VARANDA_GOURMET", "text": "Varanda gourmet", "value": "SIM", "optional": false}, {"key": "APARTAMENTO_COBERTURA", "text": "Apartamento cobertura", "value": "NAO", "optional": false}, {"key": "QUARTO_EXTRA_REVERSIVEL", "text": "Quarto extra revers\u00edvel", "value": "SIM", "optional": false}, {"key": "FOGAO_INCLUSO", "text": "Fog\u00e3o", "value": "NAO", "optional": false}, {"key": "GELADEIRA_INCLUSO", "text": "Geladeira", "value": "NAO", "optional": false}, {"key": "BANHEIRO_ADAPTADO", "text": "Banheiro adaptado", "value": "NAO", "optional": false}, {"key": "CLOSET", "text": "Closet", "value": "SIM", "optional": false}, {"key": "COZINHA_AMERICANA", "text": "Cozinha americana", "value": "SIM", "optional": false}, {"key": "MESAS_E_CADEIRAS_DE_ESCRITORIO", "text": "Mesas e cadeiras de escrit\u00f3rio", "value": "NAO", "optional": false}, {"key": "JARDIM", "text": "Jardim", "value": "NAO", "optional": false}, {"key": "QUARTOS_E_CORREDORES_COM_PORTAS_AMPLAS", "text": "Quartos e corredores com portas amplas", "value": "SIM", "optional": false}, {"key": "QUINTAL", "text": "Quintal", "value": "SIM", "optional": false}, {"key": "SOMENTE_UMA_CASA_NO_TERRENO", "text": "Somente uma casa no terreno", "value": "SIM", "optional": false}, {"key": "AREA_DE_SERVICO", "text": "\u00c1rea de servi\u00e7o", "value": "SIM", "optional": false}], "comfortCommodities": [{"key": "BANHEIRA_DE_HIDROMASSAGEM", "text": "Banheira", "value": "SIM", "optional": false}, {"key": "PISCINA_PRIVATIVA", "text": "Piscina privativa", "value": "SIM", "optional": false}, {"key": "AR_CONDICIONADO", "text": "Ar condicionado", "value": "SIM", "optional": false}, {"key": "SOL_DA_MANHA", "text": "Sol da manh\u00e3", "value": "SIM", "optional": false}, {"key": "SOL_DA_TARDE", "text": "Sol da tarde", "value": "SIM", "optional": false}, {"key": "CORTINAS_BLACK_OUT", "text": "Cortinas corta luz", "value": "SIM", "optional": false}, {"key": "CORTINAS_DECORATIVAS", "text": "Cortina transl\u00facida", "value": "SIM", "optional": false}, {"key": "JANELA_ANTI_RUIDO", "text": "Janela anti-ru\u00eddo", "value": "SIM", "optional": false}, {"key": "VENTILADOR_DE_TETO", "text": "Ventilador de teto", "value": "NAO", "optional": false}, {"key": "LUMINOSIDADE_NATURAL", "text": "Janelas grandes", "value": "NAO", "optional": false}, {"key": "VISTA_LIVRE", "text": "Vista livre", "value": "SIM", "optional": false}, {"key": "RUA_SILENCIOSA", "text": "Rua silenciosa", "value": "SIM", "optional": false}], "practicalityCommodities": [{"key": "BOX", "text": "Box", "value": "SIM", "optional": false}, {"key": "ARMARIOS_EMBUTIDOS_NO_QUARTO", "text": "Arm\u00e1rios no quarto", "value": "SIM", "optional": false}, {"key": "ARMARIOS_NOS_BANHEIROS", "text": "Arm\u00e1rios no banheiro", "value": "SIM", "optional": false}, {"key": "ARMARIOS_NA_COZINHA", "text": "Arm\u00e1rios na cozinha", "value": "SIM", "optional": false}, {"key": "CHUVEIRO_A_GAS", "text": "Chuveiro a g\u00e1s", "value": "NAO", "optional": false}, {"key": "FOGAO_INCLUSO", "text": "Fog\u00e3o", "value": "NAO", "optional": false}, {"key": "GELADEIRA_INCLUSO", "text": "Geladeira", "value": "NAO", "optional": false}, {"key": "CHUVEIRO_ELETRICO", "text": "Chuveiro el\u00e9trico", "value": "SIM", "optional": false}, {"key": "MICROONDAS", "text": "Microondas", "value": "NAO", "optional": false}, {"key": "SOFA", "text": "Sof\u00e1", "value": "NAO", "optional": false}, {"key": "MAQUINA_DE_LAVAR", "text": "M\u00e1quina de lavar", "value": "NAO", "optional": false}, {"key": "TANQUE", "text": "Tanque", "value": "SIM", "optional": false}, {"key": "REDE_DE_PROTECAO", "text": "Tela nas janelas", "value": "SIM", "optional": false}, {"key": "VARAL_DE_ROUPAS", "text": "Varal de roupas", "value": "SIM", "optional": false}, {"key": "TOMADAS_NOVAS", "text": "Tomadas 3 pinos", "value": "SIM", "optional": false}, {"key": "TELEVISAO", "text": "Televis\u00e3o", "value": "NAO", "optional": false}, {"key": "MESAS_E_CADEIRAS_DE_JANTAR", "text": "Mesas e cadeiras de jantar", "value": "NAO", "optional": false}, {"key": "CHURRASQUEIRA", "text": "Churrasqueira", "value": "SIM", "optional": false}, {"key": "ACESSO_SEM_DEGRAUS", "text": "Acesso sem degraus", "value": "SIM", "optional": false}, {"key": "COOKTOP", "text": "Fog\u00e3o cooktop", "value": "NAO", "optional": false}, {"key": "UTENSILIOS_DE_COZINHA", "text": "Utens\u00edlios de cozinha", "value": "NAO", "optional": false}, {"key": "CAMA_DE_CASAL", "text": "Cama de casal", "value": "NAO", "optional": false}, {"key": "CAMA_DE_SOLTEIRO", "text": "Cama de solteiro", "value": "NAO", "optional": false}, {"key": "ESPELHO_NO_BANHEIRO", "text": "Espelho no banheiro", "value": "SIM", "optional": false}, {"key": "FECHADURA_ELETRONICA", "text": "Fechadura eletr\u00f4nica", "value": "SIM", "optional": false}, {"key": "ENERGIA", "text": "Energia no im\u00f3vel", "value": "SIM", "optional": false}], "area": 184, "installations": [{"key": "PLAYGROUND", "text": "Playground", "value": "NAO"}, {"key": "PISCINA", "text": "Piscina", "value": "NAO"}, {"key": "CHURRASQUEIRA", "text": "Churrasqueira", "value": "SIM"}, {"key": "QUADRA_ESPORTIVA", "text": "Quadra esportiva", "value": "NAO"}, {"key": "ACADEMIA", "text": "Academia", "value": "NAO"}, {"key": "SALAO_DE_FESTAS", "text": "Sal\u00e3o de festas", "value": "NAO"}, {"key": "SAUNA", "text": "Sauna", "value": "NAO"}, {"key": "LAVANDERIA_NO_PREDIO", "text": "Lavanderia no pr\u00e9dio", "value": "NAO"}, {"key": "GAS_ENCANADO", "text": "G\u00e1s encanado", "value": "SIM"}, {"key": "ESPACO_GOURMET_NA_AREA_COMUM", "text": "Espa\u00e7o gourmet na \u00e1rea comum", "value": "SIM"}, {"key": "BRINQUEDOTECA", "text": "Brinquedoteca", "value": "NAO"}, {"key": "CORRIMAO", "text": "Corrim\u00e3o", "value": "NAO"}, {"key": "PISO_TATIL", "text": "Piso t\u00e1til", "value": "NAO"}, {"key": "RAMPAS_DE_ACESSO", "text": "Rampas de acesso", "value": "NAO"}, {"key": "SALAO_DE_JOGOS", "text": "Sal\u00e3o de jogos", "value": "NAO"}, {"key": "VAGA_DE_GARAGEM_ACESSIVEL", "text": "Vaga de garagem acess\u00edvel", "value": "NAO"}, {"key": "AREA_VERDE", "text": "\u00c1rea verde", "value": "NAO"}, {"key": "Elevador", "value": "NAO"}, {"key": "Porteiro24H", "value": "NAO"}], "rentPrice": 7167, "condoPrice": 0, "condoType": "IncluidoNoAluguel", "region": {"name": "Mooca", "hub": {"loading": "UNSET", "enabled": false, "abSecretariat": false, "isPrimaryMarket": false}, "id": 1302}, "type": "Casa", "iptuType": "Normal", "totalCost": 7821, "parkingSpaces": 2, "address": {"street": "Rua Itaqueri", "neighborhood": "\u00c1gua Rasa", "city": "S\u00e3o Paulo", "zipCode": "03178-001", "stateName": "S\u00e3o Paulo", "stateAcronym": "SP", "lat": -23.5550239, "lng": -46.5872094, "countryName": "Brasil", "countryCode": "BR", "country": "Brasil"}, "homeProtection": 119, "acceptsPets": true, "hasFurniture": false, "isNearSubway": false, "placesNearby": [{"name": "Escola de Idiomas", "type": "SCHOOL", "slug": "escola-de-idiomas-mooca-sao-paulo-sp"}, {"name": "Faculdade Teol\u00f3gica de Ci\u00eancias Humanas e Sociais Logos (FAETEL)", "type": "UNIVERSITY_OR_COLLEGE", "slug": "faculdade-teologica-de-ciencias-humanas-e-sociais-logos-faetel-sao-leopoldo-rs"}, {"name": "Hospital Avicena", "type": "HOSPITAL", "slug": "hospital-avicena-belem-sao-paulo-sp"}, {"name": "Teatro Municipal da Mooca Arthur Azevedo", "type": "MUSEUM_THEATRE_OR_CONCERT_HALL", "slug": "teatro-municipal-da-mooca-arthur-azevedo-mooca-sao-paulo-sp"}, {"name": "Yazigi", "type": "SCHOOL", "slug": "yazigi-mooca-sao-paulo-sp"}, {"name": "Colegio S\u00e3o Jos\u00e9", "type": "SCHOOL", "slug": "colegio-sao-jose-belem-sao-paulo-sp"}, {"name": "DeRose Method An\u00e1lia Franco", "type": "UNIVERSITY_OR_COLLEGE", "slug": "derose-method-analia-franco-jardim-analia-franco-sao-paulo-sp"}, {"name": "Silvio Romero Plaza", "type": "SHOPPING_MALL", "slug": "silvio-romero-plaza-tatuape-sao-paulo-sp"}, {"name": "Hospital Alem\u00e3o Oswald Cruz", "type": "HOSPITAL", "slug": "hospital-alemao-oswald-cruz-mooca-sao-paulo-sp"}, {"name": "Pra\u00e7a da Enta", "type": "PARK_OR_GREEN_AREA", "slug": "praca-da-enta-mooca-sao-paulo-sp"}], "availabilityType": "IMMEDIATE", "photos": [{"id": 32699939, "subtitle": "Sala", "url": "893874259-171.33564627139842DSC6386.jpg", "cover": true}, {"id": 32699946, "subtitle": "Sala", "url": "893874259-445.71438471645644DSC6387.jpg", "cover": false}, {"id": 32699951, "subtitle": "Sala", "url": "893874259-373.53614184449435DSC6388.jpg", "cover": false}, {"id": 32699956, "subtitle": "Sala", "url": "893874259-756.4577012516223DSC6389.jpg", "cover": false}, {"id": 32699959, "subtitle": "Detalhe Lustre", "url": "893874259-774.0625141710722DSC6390.jpg", "cover": false}, {"id": 32699963, "subtitle": "Lavabo", "url": "893874259-864.8918980050784DSC6395.jpg", "cover": false}, {"id": 32699971, "subtitle": "Lavabo", "url": "893874259-188.7683118303316DSC6397.jpg", "cover": false}, {"id": 32699977, "subtitle": "Lavabo", "url": "893874259-951.2474154491083DSC6398.jpg", "cover": false}, {"id": 32699966, "subtitle": "Detalhe Pia", "url": "893874259-334.30060972539997DSC6396.jpg", "cover": false}, {"id": 32699981, "subtitle": "Su\u00edte 1", "url": "893874259-823.4685973619024DSC6431.jpg", "cover": false}, {"id": 32699983, "subtitle": "Su\u00edte 1", "url": "893874259-438.2143887278471DSC6432.jpg", "cover": false}, {"id": 32699985, "subtitle": "Su\u00edte 1", "url": "893874259-288.0797013646003DSC6433.jpg", "cover": false}, {"id": 32699987, "subtitle": "Su\u00edte 1", "url": "893874259-130.10452019948292DSC6434.jpg", "cover": false}, {"id": 32699989, "subtitle": "Banheiro da Su\u00edte 1", "url": "893874259-779.289217220909DSC6436.jpg", "cover": false}, {"id": 32699997, "subtitle": "Banheiro da Su\u00edte 1", "url": "893874259-970.1270904050881DSC6438.jpg", "cover": false}, {"id": 32700005, "subtitle": "Banheiro da Su\u00edte 1", "url": "893874259-150.37643081631703DSC6440.jpg", "cover": false}, {"id": 32699992, "subtitle": "Detalhe Pia", "url": "893874259-630.6163473363383DSC6437.jpg", "cover": false}, {"id": 32700000, "subtitle": "Detalhe Chuveiro", "url": "893874259-597.130269457769DSC6439.jpg", "cover": false}, {"id": 32700008, "subtitle": "Corredor", "url": "893874259-348.13298664628843DSC6442.jpg", "cover": false}, {"id": 32700010, "subtitle": "Corredor", "url": "893874259-889.3211331198406DSC6443.jpg", "cover": false}, {"id": 32700014, "subtitle": "Su\u00edte 2", "url": "893874259-595.7312727789273DSC6444.jpg", "cover": false}, {"id": 32700018, "subtitle": "Su\u00edte 2", "url": "893874259-375.89010601704285DSC6445.jpg", "cover": false}, {"id": 32700021, "subtitle": "Su\u00edte 2", "url": "893874259-743.2184354087991DSC6446.jpg", "cover": false}, {"id": 32700027, "subtitle": "Su\u00edte 2", "url": "893874259-135.22377817961396DSC6447.jpg", "cover": false}, {"id": 32700031, "subtitle": "Banheiro da Su\u00edte 2", "url": "893874259-127.51280676118104DSC6448.jpg", "cover": false}, {"id": 32700038, "subtitle": "Banheiro da Su\u00edte 2", "url": "893874259-567.8611982785764DSC6449.jpg", "cover": false}, {"id": 32700056, "subtitle": "Banheiro da Su\u00edte 2", "url": "893874259-752.9492276240829DSC6452.jpg", "cover": false}, {"id": 32700045, "subtitle": "Detalhe Pia", "url": "893874259-708.9719287319327DSC6450.jpg", "cover": false}, {"id": 32700052, "subtitle": "Detalhe Chuveiro", "url": "893874259-952.3195685639049DSC6451.jpg", "cover": false}, {"id": 32700112, "subtitle": "Su\u00edte 3", "url": "893874259-500.0165513545825DSC6458.jpg", "cover": false}, {"id": 32700121, "subtitle": "Su\u00edte 3", "url": "893874259-787.344870788365DSC6459.jpg", "cover": false}, {"id": 32700133, "subtitle": "Su\u00edte 3", "url": "893874259-199.24552735310962DSC6460.jpg", "cover": false}, {"id": 32700145, "subtitle": "Su\u00edte 3", "url": "893874259-45.74363640310808DSC6461.jpg", "cover": false}, {"id": 32700178, "subtitle": "Banheiro da Su\u00edte 3", "url": "893874259-784.4814267333398DSC6462.jpg", "cover": false}, {"id": 32700192, "subtitle": "Banheiro da Su\u00edte 3", "url": "893874259-875.1583018154083DSC6464.jpg", "cover": false}, {"id": 32700197, "subtitle": "Detalhe Banheira", "url": "893874259-895.8084353804405DSC6466.jpg", "cover": false}, {"id": 32700203, "subtitle": "Detalhe Chuveiro", "url": "893874259-90.04655052672229DSC6467.jpg", "cover": false}, {"id": 32700207, "subtitle": "Detalhe Pia", "url": "893874259-389.6184251224958DSC6468.jpg", "cover": false}, {"id": 32700225, "subtitle": "Closet", "url": "893874259-684.4254225450893DSC6469.jpg", "cover": false}, {"id": 32700234, "subtitle": "Closet", "url": "893874259-86.94525011523024DSC6470.jpg", "cover": false}, {"id": 32700063, "subtitle": "Varanda", "url": "893874259-775.2757115820469DSC6453.jpg", "cover": false}, {"id": 32700073, "subtitle": "Varanda", "url": "893874259-932.6732558553463DSC6454.jpg", "cover": false}, {"id": 32700083, "subtitle": "Varanda", "url": "893874259-256.07828307807443DSC6455.jpg", "cover": false}, {"id": 32700096, "subtitle": "Varanda", "url": "893874259-666.9893438808953DSC6456.jpg", "cover": false}, {"id": 32700103, "subtitle": "Vista da Varanda", "url": "893874259-658.6754883675573DSC6457.jpg", "cover": false}, {"id": 32700576, "subtitle": "Cozinha", "url": "893874259-356.65246971380805DSC6399.jpg", "cover": false}, {"id": 32700579, "subtitle": "Cozinha", "url": "893874259-432.51622363084476DSC6400.jpg", "cover": false}, {"id": 32700585, "subtitle": "Cozinha", "url": "893874259-194.56363534690612DSC6401.jpg", "cover": false}, {"id": 32700595, "subtitle": "Cozinha", "url": "893874259-189.35291301955402DSC6402.jpg", "cover": false}, {"id": 32700600, "subtitle": "Detalhe Pia", "url": "893874259-634.3960154367037DSC6403.jpg", "cover": false}, {"id": 32700604, "subtitle": "Cozinha", "url": "893874259-670.4030368657393DSC6404.jpg", "cover": false}, {"id": 32700609, "subtitle": "Cozinha", "url": "893874259-792.9287969583891DSC6405.jpg", "cover": false}, {"id": 32700614, "subtitle": "Cozinha", "url": "893874259-747.9679338097824DSC6406.jpg", "cover": false}, {"id": 32700615, "subtitle": "Cozinha", "url": "893874259-105.841069343665DSC6407.jpg", "cover": false}, {"id": 32700618, "subtitle": "Cozinha", "url": "893874259-100.09708066190537DSC6408.jpg", "cover": false}, {"id": 32700620, "subtitle": "\u00c1rea de Servi\u00e7o", "url": "893874259-741.6405611085754DSC6409.jpg", "cover": false}, {"id": 32700623, "subtitle": "\u00c1rea de Servi\u00e7o", "url": "893874259-252.9557970357128DSC6410.jpg", "cover": false}, {"id": 32700625, "subtitle": "\u00c1rea de Servi\u00e7o", "url": "893874259-667.6572178738087DSC6411.jpg", "cover": false}, {"id": 32700628, "subtitle": "\u00c1rea de Servi\u00e7o", "url": "893874259-298.9636145922161DSC6412.jpg", "cover": false}, {"id": 32700632, "subtitle": "\u00c1rea de Servi\u00e7o", "url": "893874259-333.12283765820814DSC6415.jpg", "cover": false}, {"id": 32700629, "subtitle": "Detalhe Tanque", "url": "893874259-308.00937852605557DSC6413.jpg", "cover": false}, {"id": 32700630, "subtitle": "Detalhe Varal", "url": "893874259-297.8727204031146DSC6414.jpg", "cover": false}, {"id": 32700633, "subtitle": "Ed\u00edcula", "url": "893874259-970.0746602247625DSC6416.jpg", "cover": false}, {"id": 32700635, "subtitle": "Banheiro de Servi\u00e7o", "url": "893874259-176.67948966819412DSC6417.jpg", "cover": false}, {"id": 32700638, "subtitle": "Banheiro de Servi\u00e7o", "url": "893874259-570.3807068450573DSC6418.jpg", "cover": false}, {"id": 32700640, "subtitle": "\u00c1rea Externa", "url": "893874259-717.6193974027382DSC6419.jpg", "cover": false}, {"id": 32700644, "subtitle": "\u00c1rea Externa", "url": "893874259-148.75156927626486DSC6420.jpg", "cover": false}, {"id": 32700648, "subtitle": "\u00c1rea Externa", "url": "893874259-271.85959485948297DSC6421.jpg", "cover": false}, {"id": 32700655, "subtitle": "\u00c1rea Externa", "url": "893874259-410.96145400140813DSC6422.jpg", "cover": false}, {"id": 32700662, "subtitle": "Churrasqueira", "url": "893874259-975.5374541999669DSC6423.jpg", "cover": false}, {"id": 32700668, "subtitle": "Churrasqueira", "url": "893874259-350.749569756173DSC6424.jpg", "cover": false}, {"id": 32700680, "subtitle": "Churrasqueira", "url": "893874259-293.4763928244325DSC6426.jpg", "cover": false}, {"id": 32700672, "subtitle": "Detalhe Pia", "url": "893874259-996.107410588564DSC6425.jpg", "cover": false}, {"id": 32700688, "subtitle": "Corredor", "url": "893874259-365.7932383379834DSC6428.jpg", "cover": false}, {"id": 32700692, "subtitle": "Corredor", "url": "893874259-563.9125890978495DSC6429.jpg", "cover": false}, {"id": 32700854, "subtitle": "Garagem", "url": "893874259-559.0909384255939DSC6391.jpg", "cover": false}, {"id": 32700855, "subtitle": "Garagem", "url": "893874259-441.4361009446651DSC6392.jpg", "cover": false}, {"id": 32700858, "subtitle": "Garagem", "url": "893874259-566.5903706344744DSC6393.jpg", "cover": false}, {"id": 32700860, "subtitle": "Garagem", "url": "893874259-415.69074606693835DSC6394.jpg", "cover": false}], "photosCategorizedByRooms": [], "relevantRegions": [], "photospheres": [], "specialConditions": ["Exclusivity"], "offers": {"closingRate": 0, "shouldHighlightIcon": true, "shouldShowOfferDialog": false, "shouldShowOffers": false, "summary": []}, "status": "publicado", "showUrlHasBeenCopiedSnackbar": false, "isGalleryModalOpen": false, "error": false, "loaded": true, "loading": false, "loadingCategorizedRooms": false, "selectedMedia": "tenant/HouseMedia/PHOTOS", "video": "", "promotions": [], "condominium": {}, "forRent": true, "forSale": true, "salePrice": 1476600, "mortgageFirstInstallment": 0, "listings": [{"imovelId": 893874259, "businessContext": "RENT", "status": "publicado", "firstPublicationDate": "2022-11-30T02:18:17.000+0000", "lastPublicationDate": "2022-11-30T02:18:17.000+0000", "listingRentModel": {"listingBusinessContextId": 1358434, "rentalAdministrator": "QUINTOANDAR"}, "ownership": "STANDARD"}, {"imovelId": 893874259, "businessContext": "SALE", "status": "publicado", "firstPublicationDate": "2022-11-30T02:18:17.000+0000", "lastPublicationDate": "2022-11-30T02:18:17.000+0000", "ownership": "STANDARD"}], "listingTags": [], "businessContext": "", "regionParameters": {"loaded": false, "loading": false, "RENT": {"visitsEnabled": true, "talkToAgentEnabled": false}, "SALE": {"visitsEnabled": true, "talkToAgentEnabled": false}}, "houseAgent": {"isDialogOpen": false, "alreadyOpenedByQueryParam": false}, "tenantServiceFee": 185, "closingStatus": {"loading": false}, "rentalGuarantee": {"minValue": 1791.75, "maxValue": 5375.25}, "reservationAvailability": null, "isPrimaryMarket": false, "macroRegion": {"id": 2741, "name": "SPO01"}, "suites": 3, "houseVisitStatus": "ACCEPT_NEW", "visitStatusReason": null, "visitsUnavailable": false, "isReserved": false, "allowDirectOffer": true, "lastPublishedDate": "2022-11-30T02:18:17.000Z", "listingPublication": "stranded", "rentOnTermination": false, "constructionYear": null, "categories": []}, "markers": {"lat": -23.5550239, "lng": -46.5872094}, "talkToAgent": {"dialog": {"open": false, "questionType": null, "question": ""}, "agentSupport": {}, "error": null, "autoSubmit": false, "loading": false, "submitting": false, "success": false, "hasLoadedAgentInfo": false, "agent": null, "hasLoadedAgentsInRegion": false, "agentsInRegion": null}}}}, "__N_SSP": true}, "page": "/imovel/[houseId]/[[...slug]]", "query": {"houseId": "893874259", "slug": ["alugar", "casa-3-quartos-agua-rasa-sao-paulo"]}, "buildId": "gCr3Bg2lYzV9hxZqGibIQ", "runtimeConfig": {"NEXT_PUBLIC_HOME_ADVERTISING_BANNER": "coupon"}, "isFallback": false, "dynamicIds": [61847, 31265, 66435, 77453, 87356, 60899, 41103, 3232, 33207, 72227, 40072, 39327, 19904, 96827], "gssp": true, "customServer": true, "appGip": true, "locale": "pt-BR", "locales": ["pt-BR", "es-MX"], "defaultLocale": "pt-BR", "domainLocales": [{"domain": "www.quintoandar.com.br", "defaultLocale": "pt-BR"}, {"domain": "www.benvi.mx", "defaultLocale": "es-MX"}], "scriptLoader": []}