{"props": {"pageProps": {"initialState": {"route": {"locationBeforeTransitions": {"pathname": "/imovel/893818675/alugar/apartamento-2-quartos-vila-maria-sao-paulo", "search": "", "hash": "", "action": "POP", "query": {}}, "topLevelRouteName": "house details", "businessContext": "RENT", "favoriteListsBusinessContext": "RENT"}, "router": {"location": {"href": "/", "pathname": "/", "search": "", "hash": ""}}, "progress": {"pendingRequests": -1}, "login": {"response": {}, "user": {"isLoggedIn": false, "id": 0, "agentId": 0, "hashId": "", "sessionId": null, "name": "", "email": "", "maskedEmail": "", "jwt": {"app": "", "firebase": ""}, "phone": {"countryCode": "+55", "areaCode": "", "phoneNumber": ""}, "country": "BR", "channel": "", "isPhoneRegistered": false, "acceptWhatsapp": true, "hasDocument": false, "isPartner": false}, "accountForm": {}, "redirectUrl": "", "isRequestOngoing": false}, "captcha": {"token": "", "hasLoadedRemoteConfig": false, "provider": "", "friction": "low", "unavailableCountriesCode": []}, "supportedCities": [], "inAppMessages": {"biomaSurvey": {"isOpen": false, "formId": null, "data": {"opaque": true}}}, "metaData": {"similar_houses_clicked": []}, "appData": {"device": {"type": "desktop", "isSearchEngineCrawler": false}, "experiments": "X-AB-Test=ab_exposed_filter_sale_desktop:1,ab_exposed_filter_sale_v1:1,ab_exposed_filters:1,ab_load_more_v0:-1,ab_new_house_card_v2:0,ab_new_rent_listing_phase2:0,ab_profiling_create_alert_filters:0,ab_scheduling_step_by_step_v1:1,ab_show_floor_sale:0,ab_street_search_retrieval_v1:0"}, "house": {"houseInfo": {"id": "893818675", "displayId": "1118675", "bedrooms": 2, "city": "S\u00e3o Paulo", "cityId": 39, "bathrooms": 2, "iptu": 350, "amenities": [{"key": "BANHEIRA_DE_HIDROMASSAGEM", "text": "Banheira", "value": "NAO", "optional": false}, {"key": "BOX", "text": "Box", "value": "NAO", "optional": false}, {"key": "VARANDA", "text": "Varanda", "value": "NAO", "optional": false}, {"key": "PISCINA_PRIVATIVA", "text": "Piscina privativa", "value": "SIM", "optional": false}, {"key": "ARMARIOS_EMBUTIDOS_NO_QUARTO", "text": "Arm\u00e1rios no quarto", "value": "NAO", "optional": false}, {"key": "ARMARIOS_NOS_BANHEIROS", "text": "Arm\u00e1rios no banheiro", "value": "NAO", "optional": false}, {"key": "ARMARIOS_NA_COZINHA", "text": "Arm\u00e1rios na cozinha", "value": "NAO", "optional": false}, {"key": "AR_CONDICIONADO", "text": "Ar condicionado", "value": "NAO", "optional": false}, {"key": "CHUVEIRO_A_GAS", "text": "Chuveiro a g\u00e1s", "value": "NAO", "optional": false}, {"key": "QUARTO_DE_SERVICO", "text": "Quarto de servi\u00e7o", "value": "SIM", "optional": false}, {"key": "BANHEIRO_DE_SERVICO", "text": "Banheiro de servi\u00e7o", "value": "SIM", "optional": false}, {"key": "VARANDA_GOURMET", "text": "Varanda gourmet", "value": "SIM", "optional": false}, {"key": "APARTAMENTO_COBERTURA", "text": "Apartamento cobertura", "value": "NAO", "optional": false}, {"key": "QUARTO_EXTRA_REVERSIVEL", "text": "Quarto extra revers\u00edvel", "value": "SIM", "optional": false}, {"key": "FOGAO_INCLUSO", "text": "Fog\u00e3o", "value": "NAO", "optional": false}, {"key": "GELADEIRA_INCLUSO", "text": "Geladeira", "value": "NAO", "optional": false}, {"key": "BANHEIRO_ADAPTADO", "text": "Banheiro adaptado", "value": "NAO", "optional": false}, {"key": "CLOSET", "text": "Closet", "value": "NAO", "optional": false}, {"key": "COZINHA_AMERICANA", "text": "Cozinha americana", "value": "NAO", "optional": false}, {"key": "MESAS_E_CADEIRAS_DE_ESCRITORIO", "text": "Mesas e cadeiras de escrit\u00f3rio", "value": "NAO", "optional": false}, {"key": "JARDIM", "text": "Jardim", "value": "NAO", "optional": false}, {"key": "QUARTOS_E_CORREDORES_COM_PORTAS_AMPLAS", "text": "Quartos e corredores com portas amplas", "value": "SIM", "optional": false}, {"key": "QUINTAL", "text": "Quintal", "value": "NAO", "optional": false}, {"key": "SOMENTE_UMA_CASA_NO_TERRENO", "text": "Somente uma casa no terreno", "value": "NAO", "optional": false}, {"key": "AREA_DE_SERVICO", "text": "\u00c1rea de servi\u00e7o", "value": "SIM", "optional": false}], "comfortCommodities": [{"key": "BANHEIRA_DE_HIDROMASSAGEM", "text": "Banheira", "value": "NAO", "optional": false}, {"key": "PISCINA_PRIVATIVA", "text": "Piscina privativa", "value": "SIM", "optional": false}, {"key": "AR_CONDICIONADO", "text": "Ar condicionado", "value": "NAO", "optional": false}, {"key": "SOL_DA_MANHA", "text": "Sol da manh\u00e3", "value": "SIM", "optional": false}, {"key": "SOL_DA_TARDE", "text": "Sol da tarde", "value": "SIM", "optional": false}, {"key": "CORTINAS_BLACK_OUT", "text": "Cortinas corta luz", "value": "SIM", "optional": false}, {"key": "CORTINAS_DECORATIVAS", "text": "Cortina transl\u00facida", "value": "SIM", "optional": false}, {"key": "JANELA_ANTI_RUIDO", "text": "Janela anti-ru\u00eddo", "value": "SIM", "optional": false}, {"key": "VENTILADOR_DE_TETO", "text": "Ventilador de teto", "value": "NAO", "optional": false}, {"key": "LUMINOSIDADE_NATURAL", "text": "Janelas grandes", "value": "SIM", "optional": false}, {"key": "VISTA_LIVRE", "text": "Vista livre", "value": "SIM", "optional": false}, {"key": "RUA_SILENCIOSA", "text": "Rua silenciosa", "value": "SIM", "optional": false}], "practicalityCommodities": [{"key": "BOX", "text": "Box", "value": "NAO", "optional": false}, {"key": "ARMARIOS_EMBUTIDOS_NO_QUARTO", "text": "Arm\u00e1rios no quarto", "value": "NAO", "optional": false}, {"key": "ARMARIOS_NOS_BANHEIROS", "text": "Arm\u00e1rios no banheiro", "value": "NAO", "optional": false}, {"key": "ARMARIOS_NA_COZINHA", "text": "Arm\u00e1rios na cozinha", "value": "NAO", "optional": false}, {"key": "CHUVEIRO_A_GAS", "text": "Chuveiro a g\u00e1s", "value": "NAO", "optional": false}, {"key": "FOGAO_INCLUSO", "text": "Fog\u00e3o", "value": "NAO", "optional": false}, {"key": "GELADEIRA_INCLUSO", "text": "Geladeira", "value": "NAO", "optional": false}, {"key": "CHUVEIRO_ELETRICO", "text": "Chuveiro el\u00e9trico", "value": "SIM", "optional": false}, {"key": "MICROONDAS", "text": "Microondas", "value": "NAO", "optional": false}, {"key": "SOFA", "text": "Sof\u00e1", "value": "NAO", "optional": false}, {"key": "MAQUINA_DE_LAVAR", "text": "M\u00e1quina de lavar", "value": "NAO", "optional": false}, {"key": "TANQUE", "text": "Tanque", "value": "SIM", "optional": false}, {"key": "REDE_DE_PROTECAO", "text": "Tela nas janelas", "value": "SIM", "optional": false}, {"key": "VARAL_DE_ROUPAS", "text": "Varal de roupas", "value": "SIM", "optional": false}, {"key": "TOMADAS_NOVAS", "text": "Tomadas 3 pinos", "value": "SIM", "optional": false}, {"key": "TELEVISAO", "text": "Televis\u00e3o", "value": "NAO", "optional": false}, {"key": "MESAS_E_CADEIRAS_DE_JANTAR", "text": "Mesas e cadeiras de jantar", "value": "NAO", "optional": false}, {"key": "CHURRASQUEIRA", "text": "Churrasqueira", "value": "SIM", "optional": false}, {"key": "ACESSO_SEM_DEGRAUS", "text": "Acesso sem degraus", "value": "SIM", "optional": false}, {"key": "COOKTOP", "text": "Fog\u00e3o cooktop", "value": "NAO", "optional": false}, {"key": "UTENSILIOS_DE_COZINHA", "text": "Utens\u00edlios de cozinha", "value": "NAO", "optional": false}, {"key": "CAMA_DE_CASAL", "text": "Cama de casal", "value": "NAO", "optional": false}, {"key": "CAMA_DE_SOLTEIRO", "text": "Cama de solteiro", "value": "NAO", "optional": false}, {"key": "ESPELHO_NO_BANHEIRO", "text": "Espelho no banheiro", "value": "SIM", "optional": false}, {"key": "FECHADURA_ELETRONICA", "text": "Fechadura eletr\u00f4nica", "value": "SIM", "optional": false}, {"key": "ENERGIA", "text": "Energia no im\u00f3vel", "value": "SIM", "optional": false}], "area": 91, "installations": [{"key": "PLAYGROUND", "text": "Playground", "value": "NAO"}, {"key": "PISCINA", "text": "Piscina", "value": "NAO"}, {"key": "CHURRASQUEIRA", "text": "Churrasqueira", "value": "NAO"}, {"key": "QUADRA_ESPORTIVA", "text": "Quadra esportiva", "value": "NAO"}, {"key": "ACADEMIA", "text": "Academia", "value": "NAO"}, {"key": "SALAO_DE_FESTAS", "text": "Sal\u00e3o de festas", "value": "NAO"}, {"key": "SAUNA", "text": "Sauna", "value": "NAO"}, {"key": "LAVANDERIA_NO_PREDIO", "text": "Lavanderia no pr\u00e9dio", "value": "NAO"}, {"key": "GAS_ENCANADO", "text": "G\u00e1s encanado", "value": "SIM"}, {"key": "ESPACO_GOURMET_NA_AREA_COMUM", "text": "Espa\u00e7o gourmet na \u00e1rea comum", "value": "SIM"}, {"key": "BRINQUEDOTECA", "text": "Brinquedoteca", "value": "NAO"}, {"key": "CORRIMAO", "text": "Corrim\u00e3o", "value": "SIM"}, {"key": "PISO_TATIL", "text": "Piso t\u00e1til", "value": "SIM"}, {"key": "RAMPAS_DE_ACESSO", "text": "Rampas de acesso", "value": "NAO"}, {"key": "SALAO_DE_JOGOS", "text": "Sal\u00e3o de jogos", "value": "NAO"}, {"key": "VAGA_DE_GARAGEM_ACESSIVEL", "text": "Vaga de garagem acess\u00edvel", "value": "NAO"}, {"key": "AREA_VERDE", "text": "\u00c1rea verde", "value": "NAO"}, {"key": "Elevador", "value": "NAO"}, {"key": "Porteiro24H", "value": "NAO"}], "rentPrice": 1500, "condoPrice": 80, "condoType": "Normal", "region": {"name": "Vila Maria\u00a0", "hub": {"loading": "UNSET", "enabled": false, "abSecretariat": false, "isPrimaryMarket": false}, "id": 1915}, "type": "Apartamento", "iptuType": "Normal", "totalCost": 1988, "parkingSpaces": 0, "address": {"street": "Avenida Guilherme Cotching", "neighborhood": "Vila Maria", "city": "S\u00e3o Paulo", "zipCode": "02113-014", "stateName": "S\u00e3o Paulo", "stateAcronym": "SP", "lat": -23.5199556, "lng": -46.5908963, "countryName": "Brasil", "countryCode": "BR", "country": "Brasil"}, "floor": 1, "homeProtection": 20, "remarks": "", "acceptsPets": true, "hasFurniture": false, "isNearSubway": false, "placesNearby": [{"name": "Uninove", "type": "UNIVERSITY_OR_COLLEGE", "slug": "uninove-vila-maria-sao-paulo-sp"}, {"name": "Col\u00e9gio Newton Braga", "type": "SCHOOL", "slug": "colegio-newton-braga-vila-maria-sao-paulo-sp-brasil"}, {"name": "Parque Vila Guilherme", "type": "PARK_OR_GREEN_AREA", "slug": "parque-vila-guilherme-vila-guilherme-sao-paulo-sp-brasil"}, {"name": "Escola Municipal Ary Gomes", "type": "SCHOOL", "slug": "escola-municipal-ary-gomes-parque-novo-mundo-sao-paulo-sp"}, {"name": "Hospital e Maternidade Nossa Senhora do Ros\u00e1rio", "type": "HOSPITAL", "slug": "hospital-e-maternidade-nossa-senhora-do-rosario-vila-maria-sao-paulo-sp-brasil"}, {"name": "Escola Sion", "type": "SCHOOL", "slug": "escola-sion-vila-maria-sao-paulo-sp"}, {"name": "Universidade Anhanguera de S\u00e3o Paulo Unidade Maria C\u00e2ndida", "type": "UNIVERSITY_OR_COLLEGE", "slug": "universidade-anhanguera-de-sao-paulo-unidade-maria-candida-vila-guilherme-sao-paulo-sp-brasil"}, {"name": "Wizard Ingles", "type": "SCHOOL", "slug": "wizard-ingles-vila-guilherme-sao-paulo-sp"}, {"name": "Clube Escola Vila Guilherme", "type": "STADIUM", "slug": "clube-escola-vila-guilherme-vila-guilherme-sao-paulo-sp-brasil"}, {"name": "Col\u00e9gio Saab", "type": "SCHOOL", "slug": "colegio-saab-tatuape-sao-paulo-sp"}, {"name": "Faculdade Cantareira", "type": "UNIVERSITY_OR_COLLEGE", "slug": "faculdade-cantareira-belem-sao-paulo-sp"}, {"name": "C A T Ant\u00f4nio Devisate", "type": "UNIVERSITY_OR_COLLEGE", "slug": "c-a-t-antonio-devisate-belem-sao-paulo-sp"}], "photos": [{"id": 31823348, "subtitle": "Sala", "url": "893818675-204.94309800533483DSC0523.jpg", "cover": true}, {"id": 31823353, "subtitle": "Sala", "url": "893818675-193.15250527453964DSC0524.jpg", "cover": false}, {"id": 31823356, "subtitle": "Sala", "url": "893818675-146.80398104121318DSC0525.jpg", "cover": false}, {"id": 31823359, "subtitle": "Sala", "url": "893818675-468.5798223576376DSC0526.jpg", "cover": false}, {"id": 31823363, "subtitle": "Quarto 1", "url": "893818675-911.2429883938051DSC0527.jpg", "cover": false}, {"id": 31823364, "subtitle": "Quarto 1", "url": "893818675-918.3618668033826DSC0528.jpg", "cover": false}, {"id": 31823369, "subtitle": "Quarto 1", "url": "893818675-802.3164138418349DSC0529.jpg", "cover": false}, {"id": 31823372, "subtitle": "Quarto 1", "url": "893818675-840.0674762165363DSC0530.jpg", "cover": false}, {"id": 31823374, "subtitle": "Quarto 2", "url": "893818675-177.69903004804954DSC0531.jpg", "cover": false}, {"id": 31823377, "subtitle": "Quarto 2", "url": "893818675-863.2532571751798DSC0532.jpg", "cover": false}, {"id": 31823381, "subtitle": "Quarto 2", "url": "893818675-532.3307222795733DSC0533.jpg", "cover": false}, {"id": 31823383, "subtitle": "Quarto 2", "url": "893818675-822.7990908662389DSC0534.jpg", "cover": false}, {"id": 31823384, "subtitle": "Banheiro 1", "url": "893818675-186.67591541103036DSC0535.jpg", "cover": false}, {"id": 31823387, "subtitle": "Banheiro 1", "url": "893818675-573.6165445276422DSC0536.jpg", "cover": false}, {"id": 31823389, "subtitle": "Banheiro 1", "url": "893818675-582.4575090590492DSC0537.jpg", "cover": false}, {"id": 31823394, "subtitle": "Banheiro 1", "url": "893818675-195.30476271509278DSC0538.jpg", "cover": false}, {"id": 31823398, "subtitle": "Banheiro 1", "url": "893818675-197.10307756096955DSC0539.jpg", "cover": false}, {"id": 31823404, "subtitle": "Banheiro 2", "url": "893818675-511.74797713470264DSC0540.jpg", "cover": false}, {"id": 31823408, "subtitle": "Banheiro 2", "url": "893818675-895.5138547596291DSC0541.jpg", "cover": false}, {"id": 31823414, "subtitle": "Banheiro 2", "url": "893818675-716.1918785987406DSC0542.jpg", "cover": false}, {"id": 31823418, "subtitle": "Banheiro 2", "url": "893818675-699.0673128290435DSC0543.jpg", "cover": false}, {"id": 31823424, "subtitle": "Cozinha", "url": "893818675-369.22341530661265DSC0549.jpg", "cover": false}, {"id": 31823431, "subtitle": "Cozinha", "url": "893818675-631.2431493901119DSC0550.jpg", "cover": false}, {"id": 31823436, "subtitle": "Cozinha", "url": "893818675-42.71296287443338DSC0551.jpg", "cover": false}, {"id": 31823445, "subtitle": "Cozinha", "url": "893818675-881.4514249268625DSC0552.jpg", "cover": false}, {"id": 31823455, "subtitle": "Cozinha", "url": "893818675-903.8666534956192DSC0553.jpg", "cover": false}, {"id": 31823463, "subtitle": "Lavanderia", "url": "893818675-563.8640077270552DSC0554.jpg", "cover": false}, {"id": 31823473, "subtitle": "Lavanderia", "url": "893818675-484.90098033301143DSC0555.jpg", "cover": false}, {"id": 31823484, "subtitle": "Lavanderia", "url": "893818675-894.8471498258441DSC05561.jpg", "cover": false}, {"id": 31823492, "subtitle": "Lavanderia", "url": "893818675-225.2784378397471DSC0556.jpg", "cover": false}, {"id": 31823506, "subtitle": "Lavanderia", "url": "893818675-84.09698806911081DSC05571.jpg", "cover": false}, {"id": 31823522, "subtitle": "Lavanderia", "url": "893818675-842.1932810621779DSC05572.jpg", "cover": false}, {"id": 31823533, "subtitle": "Lavanderia", "url": "893818675-313.04572216333116DSC05573.jpg", "cover": false}, {"id": 31823539, "subtitle": "Lavanderia", "url": "893818675-476.6766831796899DSC05574.jpg", "cover": false}, {"id": 31823543, "subtitle": "Lavanderia", "url": "893818675-527.4258423872266DSC05575.jpg", "cover": false}, {"id": 31823572, "subtitle": "\u00c1rea comum", "url": "893818675-111.56530817791999DSC0595.jpg", "cover": false}, {"id": 31823574, "subtitle": "\u00c1rea comum", "url": "893818675-631.8423284971822DSC0596.jpg", "cover": false}, {"id": 31823576, "subtitle": "\u00c1rea comum", "url": "893818675-964.1283683554207DSC0597.jpg", "cover": false}, {"id": 31823580, "subtitle": "\u00c1rea comum", "url": "893818675-546.0628639529356DSC0598.jpg", "cover": false}, {"id": 31823581, "subtitle": "\u00c1rea comum", "url": "893818675-774.7820845050637DSC0599.jpg", "cover": false}, {"id": 31823584, "subtitle": "\u00c1rea comum", "url": "893818675-735.2640731856822DSC0600.jpg", "cover": false}, {"id": 31823587, "subtitle": "\u00c1rea comum", "url": "893818675-621.4230713874204DSC0604.jpg", "cover": false}, {"id": 31823591, "subtitle": "Fachada", "url": "893818675-302.1304856697769DSC0605.jpg", "cover": false}], "photosCategorizedByRooms": [], "relevantRegions": [], "photospheres": [], "specialConditions": [], "offers": {"closingRate": 0, "shouldHighlightIcon": true, "shouldShowOfferDialog": false, "shouldShowOffers": false, "summary": []}, "status": "publicado", "showUrlHasBeenCopiedSnackbar": false, "isGalleryModalOpen": false, "error": false, "loaded": true, "loading": false, "loadingCategorizedRooms": false, "selectedMedia": "tenant/HouseMedia/PHOTOS", "video": "", "promotions": [], "condominium": {}, "forRent": true, "forSale": false, "salePrice": 0, "mortgageFirstInstallment": 0, "listings": [{"imovelId": 893818675, "businessContext": "RENT", "status": "publicado", "firstPublicationDate": "2022-11-09T17:45:19.000+0000", "lastPublicationDate": "2022-11-09T17:45:19.000+0000", "listingRentModel": {"listingBusinessContextId": 1297723, "rentalAdministrator": "QUINTOANDAR"}, "houseAgents": [{"name": "William Deivid Esperan\u00e7a de Souza", "id": 2316601, "relationType": "KEY_HOLDER"}], "keyHolderAgent": {"id": 2316601, "agentId": 9316, "name": "William Deivid Esperan\u00e7a de Souza"}, "ownership": "STANDARD"}], "listingTags": [], "businessContext": "", "regionParameters": {"loaded": false, "loading": false, "RENT": {"visitsEnabled": true, "talkToAgentEnabled": false}, "SALE": {"visitsEnabled": true, "talkToAgentEnabled": false}}, "houseAgent": {"isDialogOpen": false, "alreadyOpenedByQueryParam": false}, "tenantServiceFee": 38, "closingStatus": {"loading": false}, "rentalGuarantee": {"minValue": 375, "maxValue": 1125}, "reservationAvailability": null, "isPrimaryMarket": false, "macroRegion": {"id": 2710, "name": "SPO 12"}, "suites": 0, "allowsCustomOffer": true, "displayCustomOfferPreference": false, "houseVisitStatus": "ACCEPT_NEW", "visitStatusReason": null, "visitsUnavailable": false, "isReserved": false, "allowDirectOffer": true, "lastPublishedDate": "2022-11-09T17:45:19.000Z", "listingPublication": "stranded", "rentOnTermination": false, "constructionYear": null, "categories": []}, "markers": {"lat": -23.5199556, "lng": -46.5908963}, "talkToAgent": {"dialog": {"open": false, "questionType": null, "question": ""}, "agentSupport": {}, "error": null, "autoSubmit": false, "loading": false, "submitting": false, "success": false, "hasLoadedAgentInfo": false, "agent": null, "hasLoadedAgentsInRegion": false, "agentsInRegion": null}}}}, "__N_SSP": true}, "page": "/imovel/[houseId]/[[...slug]]", "query": {"houseId": "893818675", "slug": ["alugar", "apartamento-2-quartos-vila-maria-sao-paulo"]}, "buildId": "gCr3Bg2lYzV9hxZqGibIQ", "runtimeConfig": {"NEXT_PUBLIC_HOME_ADVERTISING_BANNER": "coupon"}, "isFallback": false, "dynamicIds": [61847, 31265, 66435, 77453, 87356, 60899, 41103, 3232, 72227, 40072, 39327, 19904, 96827], "gssp": true, "customServer": true, "appGip": true, "locale": "pt-BR", "locales": ["pt-BR", "es-MX"], "defaultLocale": "pt-BR", "domainLocales": [{"domain": "www.quintoandar.com.br", "defaultLocale": "pt-BR"}, {"domain": "www.benvi.mx", "defaultLocale": "es-MX"}], "scriptLoader": []}