{"props": {"pageProps": {"initialState": {"route": {"locationBeforeTransitions": {"pathname": "/imovel/893813758/alugar/casa-3-quartos-vila-congonhas-sao-paulo", "search": "", "hash": "", "action": "POP", "query": {}}, "topLevelRouteName": "house details", "businessContext": "RENT", "favoriteListsBusinessContext": "RENT"}, "router": {"location": {"href": "/", "pathname": "/", "search": "", "hash": ""}}, "progress": {"pendingRequests": -1}, "login": {"response": {}, "user": {"isLoggedIn": false, "id": 0, "agentId": 0, "hashId": "", "sessionId": null, "name": "", "email": "", "maskedEmail": "", "jwt": {"app": "", "firebase": ""}, "phone": {"countryCode": "+55", "areaCode": "", "phoneNumber": ""}, "country": "BR", "channel": "", "isPhoneRegistered": false, "acceptWhatsapp": true, "hasDocument": false, "isPartner": false}, "accountForm": {}, "redirectUrl": "", "isRequestOngoing": false}, "captcha": {"token": "", "hasLoadedRemoteConfig": false, "provider": "", "friction": "low", "unavailableCountriesCode": []}, "supportedCities": [], "inAppMessages": {"biomaSurvey": {"isOpen": false, "formId": null, "data": {"opaque": true}}}, "metaData": {"similar_houses_clicked": []}, "appData": {"device": {"type": "desktop", "isSearchEngineCrawler": false}, "experiments": "X-AB-Test=ab_exposed_filter_sale_desktop:1,ab_exposed_filter_sale_v1:1,ab_exposed_filters:1,ab_load_more_v0:-1,ab_new_house_card_v2:0,ab_new_rent_listing_phase2:0,ab_profiling_create_alert_filters:0,ab_scheduling_step_by_step_v1:1,ab_show_floor_sale:0,ab_street_search_retrieval_v1:0"}, "house": {"houseInfo": {"id": "893813758", "displayId": "1113758", "bedrooms": 3, "city": "S\u00e3o Paulo", "cityId": 39, "bathrooms": 1, "iptu": 592, "amenities": [{"key": "BANHEIRA_DE_HIDROMASSAGEM", "text": "Banheira", "value": "NAO", "optional": false}, {"key": "BOX", "text": "Box", "value": "SIM", "optional": false}, {"key": "VARANDA", "text": "Varanda", "value": "NAO", "optional": false}, {"key": "PISCINA_PRIVATIVA", "text": "Piscina privativa", "value": "NAO", "optional": false}, {"key": "ARMARIOS_EMBUTIDOS_NO_QUARTO", "text": "Arm\u00e1rios no quarto", "value": "SIM", "optional": false}, {"key": "ARMARIOS_NOS_BANHEIROS", "text": "Arm\u00e1rios no banheiro", "value": "SIM", "optional": false}, {"key": "ARMARIOS_NA_COZINHA", "text": "Arm\u00e1rios na cozinha", "value": "SIM", "optional": false}, {"key": "AR_CONDICIONADO", "text": "Ar condicionado", "value": "NAO", "optional": false}, {"key": "CHUVEIRO_A_GAS", "text": "Chuveiro a g\u00e1s", "value": "NAO", "optional": false}, {"key": "QUARTO_DE_SERVICO", "text": "Quarto de servi\u00e7o", "value": "SIM", "optional": false}, {"key": "BANHEIRO_DE_SERVICO", "text": "Banheiro de servi\u00e7o", "value": "SIM", "optional": false}, {"key": "VARANDA_GOURMET", "text": "Varanda gourmet", "value": "NAO", "optional": false}, {"key": "APARTAMENTO_COBERTURA", "text": "Apartamento cobertura", "value": "NAO", "optional": false}, {"key": "QUARTO_EXTRA_REVERSIVEL", "text": "Quarto extra revers\u00edvel", "value": "NAO", "optional": false}, {"key": "FOGAO_INCLUSO", "text": "Fog\u00e3o", "value": "NAO", "optional": false}, {"key": "GELADEIRA_INCLUSO", "text": "Geladeira", "value": "NAO", "optional": false}, {"key": "BANHEIRO_ADAPTADO", "text": "Banheiro adaptado", "value": "NAO", "optional": false}, {"key": "CLOSET", "text": "Closet", "value": "NAO", "optional": false}, {"key": "COZINHA_AMERICANA", "text": "Cozinha americana", "value": "NAO", "optional": false}, {"key": "MESAS_E_CADEIRAS_DE_ESCRITORIO", "text": "Mesas e cadeiras de escrit\u00f3rio", "value": "NAO", "optional": false}, {"key": "JARDIM", "text": "Jardim", "value": "NAO", "optional": false}, {"key": "QUARTOS_E_CORREDORES_COM_PORTAS_AMPLAS", "text": "Quartos e corredores com portas amplas", "value": "NAO", "optional": false}, {"key": "QUINTAL", "text": "Quintal", "value": "SIM", "optional": false}, {"key": "SOMENTE_UMA_CASA_NO_TERRENO", "text": "Somente uma casa no terreno", "value": "SIM", "optional": false}, {"key": "AREA_DE_SERVICO", "text": "\u00c1rea de servi\u00e7o", "value": "SIM", "optional": false}], "comfortCommodities": [{"key": "BANHEIRA_DE_HIDROMASSAGEM", "text": "Banheira", "value": "NAO", "optional": false}, {"key": "PISCINA_PRIVATIVA", "text": "Piscina privativa", "value": "NAO", "optional": false}, {"key": "AR_CONDICIONADO", "text": "Ar condicionado", "value": "NAO", "optional": false}, {"key": "SOL_DA_MANHA", "text": "Sol da manh\u00e3", "value": "SIM", "optional": false}, {"key": "SOL_DA_TARDE", "text": "Sol da tarde", "value": "SIM", "optional": false}, {"key": "CORTINAS_BLACK_OUT", "text": "Cortinas corta luz", "value": "NAO_INFORMADO", "optional": false}, {"key": "CORTINAS_DECORATIVAS", "text": "Cortina transl\u00facida", "value": "SIM", "optional": false}, {"key": "JANELA_ANTI_RUIDO", "text": "Janela anti-ru\u00eddo", "value": "NAO_INFORMADO", "optional": false}, {"key": "VENTILADOR_DE_TETO", "text": "Ventilador de teto", "value": "NAO", "optional": false}, {"key": "LUMINOSIDADE_NATURAL", "text": "Janelas grandes", "value": "SIM", "optional": false}, {"key": "VISTA_LIVRE", "text": "Vista livre", "value": "SIM", "optional": false}, {"key": "RUA_SILENCIOSA", "text": "Rua silenciosa", "value": "SIM", "optional": false}], "practicalityCommodities": [{"key": "BOX", "text": "Box", "value": "SIM", "optional": false}, {"key": "ARMARIOS_EMBUTIDOS_NO_QUARTO", "text": "Arm\u00e1rios no quarto", "value": "SIM", "optional": false}, {"key": "ARMARIOS_NOS_BANHEIROS", "text": "Arm\u00e1rios no banheiro", "value": "SIM", "optional": false}, {"key": "ARMARIOS_NA_COZINHA", "text": "Arm\u00e1rios na cozinha", "value": "SIM", "optional": false}, {"key": "CHUVEIRO_A_GAS", "text": "Chuveiro a g\u00e1s", "value": "NAO", "optional": false}, {"key": "FOGAO_INCLUSO", "text": "Fog\u00e3o", "value": "NAO", "optional": false}, {"key": "GELADEIRA_INCLUSO", "text": "Geladeira", "value": "NAO", "optional": false}, {"key": "CHUVEIRO_ELETRICO", "text": "Chuveiro el\u00e9trico", "value": "SIM", "optional": false}, {"key": "MICROONDAS", "text": "Microondas", "value": "NAO", "optional": false}, {"key": "SOFA", "text": "Sof\u00e1", "value": "NAO", "optional": false}, {"key": "MAQUINA_DE_LAVAR", "text": "M\u00e1quina de lavar", "value": "NAO", "optional": false}, {"key": "TANQUE", "text": "Tanque", "value": "SIM", "optional": false}, {"key": "REDE_DE_PROTECAO", "text": "Tela nas janelas", "value": "NAO", "optional": false}, {"key": "VARAL_DE_ROUPAS", "text": "Varal de roupas", "value": "SIM", "optional": false}, {"key": "TOMADAS_NOVAS", "text": "Tomadas 3 pinos", "value": "SIM", "optional": false}, {"key": "TELEVISAO", "text": "Televis\u00e3o", "value": "NAO", "optional": false}, {"key": "MESAS_E_CADEIRAS_DE_JANTAR", "text": "Mesas e cadeiras de jantar", "value": "NAO", "optional": false}, {"key": "CHURRASQUEIRA", "text": "Churrasqueira", "value": "NAO", "optional": false}, {"key": "ACESSO_SEM_DEGRAUS", "text": "Acesso sem degraus", "value": "NAO", "optional": false}, {"key": "COOKTOP", "text": "Fog\u00e3o cooktop", "value": "NAO", "optional": false}, {"key": "UTENSILIOS_DE_COZINHA", "text": "Utens\u00edlios de cozinha", "value": "NAO", "optional": false}, {"key": "CAMA_DE_CASAL", "text": "Cama de casal", "value": "NAO", "optional": false}, {"key": "CAMA_DE_SOLTEIRO", "text": "Cama de solteiro", "value": "NAO", "optional": false}, {"key": "ESPELHO_NO_BANHEIRO", "text": "Espelho no banheiro", "value": "SIM", "optional": false}, {"key": "FECHADURA_ELETRONICA", "text": "Fechadura eletr\u00f4nica", "value": "NAO", "optional": false}, {"key": "ENERGIA", "text": "Energia no im\u00f3vel", "value": "SIM", "optional": false}], "area": 188, "installations": [{"key": "PLAYGROUND", "text": "Playground", "value": "NAO"}, {"key": "PISCINA", "text": "Piscina", "value": "NAO"}, {"key": "CHURRASQUEIRA", "text": "Churrasqueira", "value": "NAO"}, {"key": "QUADRA_ESPORTIVA", "text": "Quadra esportiva", "value": "NAO"}, {"key": "ACADEMIA", "text": "Academia", "value": "NAO"}, {"key": "SALAO_DE_FESTAS", "text": "Sal\u00e3o de festas", "value": "NAO"}, {"key": "SAUNA", "text": "Sauna", "value": "NAO"}, {"key": "LAVANDERIA_NO_PREDIO", "text": "Lavanderia no pr\u00e9dio", "value": "NAO"}, {"key": "GAS_ENCANADO", "text": "G\u00e1s encanado", "value": "NAO"}, {"key": "ESPACO_GOURMET_NA_AREA_COMUM", "text": "Espa\u00e7o gourmet na \u00e1rea comum", "value": "NAO"}, {"key": "BRINQUEDOTECA", "text": "Brinquedoteca", "value": "NAO"}, {"key": "CORRIMAO", "text": "Corrim\u00e3o", "value": "NAO"}, {"key": "PISO_TATIL", "text": "Piso t\u00e1til", "value": "NAO"}, {"key": "RAMPAS_DE_ACESSO", "text": "Rampas de acesso", "value": "NAO"}, {"key": "SALAO_DE_JOGOS", "text": "Sal\u00e3o de jogos", "value": "NAO"}, {"key": "VAGA_DE_GARAGEM_ACESSIVEL", "text": "Vaga de garagem acess\u00edvel", "value": "NAO"}, {"key": "AREA_VERDE", "text": "\u00c1rea verde", "value": "NAO"}, {"key": "Elevador", "value": "NAO"}, {"key": "Porteiro24H", "value": "NAO"}], "rentPrice": 3500, "condoPrice": 0, "condoType": "NaoExiste", "region": {"name": "Campo Belo", "hub": {"loading": "UNSET", "enabled": false, "abSecretariat": false, "isPrimaryMarket": false}, "id": 43}, "type": "Casa", "iptuType": "Normal", "totalCost": 4240, "parkingSpaces": 2, "address": {"street": "Rua A\u00e7atunga", "neighborhood": "Vila Congonhas", "city": "S\u00e3o Paulo", "zipCode": "04612-050", "stateName": "S\u00e3o Paulo", "stateAcronym": "SP", "lat": -23.6237145, "lng": -46.6646313, "countryName": "Brasil", "countryCode": "BR", "country": "Brasil"}, "homeProtection": 58, "remarks": "", "acceptsPets": true, "hasFurniture": false, "isNearSubway": false, "placesNearby": [{"name": "DeRose Method Campo Belo", "type": "UNIVERSITY_OR_COLLEGE", "slug": "derose-method-campo-belo-campo-belo-sao-paulo-sp"}, {"name": "Aeroporto de Congonhas - CGH", "type": "AIRPORT", "slug": "aeroporto-de-congonhas-vila-congonhas-sao-paulo-sp"}, {"name": "Hospital Moriah", "type": "HOSPITAL", "slug": "hospital-moriah-moema-sao-paulo-sp"}, {"name": "Centro Cultural Banco do Brasil", "type": "MUSEUM_THEATRE_OR_CONCERT_HALL", "slug": "centro-cultural-banco-do-brasil-moema-sao-paulo-sp"}, {"name": "Hospital Evaldo Foz", "type": "HOSPITAL", "slug": "hospital-evaldo-foz-sao-paulo-sp-brasil"}, {"name": "Shopping Ibirapuera", "type": "SHOPPING_MALL", "slug": "shopping-ibirapuera-indianopolis-sao-paulo-sp"}, {"name": "DeRose Method Moema", "type": "UNIVERSITY_OR_COLLEGE", "slug": "derose-method-moema-moema-sao-paulo-sp"}], "availabilityType": "IMMEDIATE", "photos": [{"id": 32348451, "subtitle": "Sala", "url": "893813758-70.6220220076712Sala4.jpg", "cover": true}, {"id": 32348449, "subtitle": "Sala", "url": "893813758-701.8691171143831Sala2.jpg", "cover": false}, {"id": 32348450, "subtitle": "Sala", "url": "893813758-83.19349206498971Sala3.jpg", "cover": false}, {"id": 32348452, "subtitle": "Sala", "url": "893813758-743.3916690469306Sala5.jpg", "cover": false}, {"id": 32348453, "subtitle": "Sala", "url": "893813758-240.0845311672174Sala6.jpg", "cover": false}, {"id": 32348454, "subtitle": "Sala", "url": "893813758-276.54023231371684Sala.jpg", "cover": false}, {"id": 32348460, "subtitle": "Lavabo", "url": "893813758-134.256660994034Lavabo.jpg", "cover": false}, {"id": 32348459, "subtitle": "Lavabo", "url": "893813758-806.8065093157464Lavabo2.jpg", "cover": false}, {"id": 32348465, "subtitle": "Quarto 1", "url": "893813758-216.18234938269444Quarto1.jpg", "cover": false}, {"id": 32348463, "subtitle": "Quarto 1", "url": "893813758-686.5359775829072Quarto14.jpg", "cover": false}, {"id": 32348461, "subtitle": "Quarto 1", "url": "893813758-944.0461623922753Quarto12.jpg", "cover": false}, {"id": 32348462, "subtitle": "Quarto 1", "url": "893813758-187.057471695804Quarto13.jpg", "cover": false}, {"id": 32348464, "subtitle": "Vista do Quarto 1", "url": "893813758-128.9277118103863Quarto15.jpg", "cover": false}, {"id": 32348470, "subtitle": "Quarto 2", "url": "893813758-7.295754200511428Quarto2.jpg", "cover": false}, {"id": 32348466, "subtitle": "Quarto 2", "url": "893813758-590.9713369539328Quarto22.jpg", "cover": false}, {"id": 32348467, "subtitle": "Quarto 2", "url": "893813758-919.967731571991Quarto23.jpg", "cover": false}, {"id": 32348468, "subtitle": "Quarto 2", "url": "893813758-181.77329697290855Quarto24.jpg", "cover": false}, {"id": 32348469, "subtitle": "Vista do Quarto 2", "url": "893813758-451.2649696217368Quarto25.jpg", "cover": false}, {"id": 32348475, "subtitle": "Quarto 3", "url": "893813758-164.3994382427646Quarto3.jpg", "cover": false}, {"id": 32348471, "subtitle": "Quarto 3", "url": "893813758-250.39425757964563Quarto32.jpg", "cover": false}, {"id": 32348472, "subtitle": "Quarto 3", "url": "893813758-747.4585499505433Quarto33.jpg", "cover": false}, {"id": 32348473, "subtitle": "Quarto 3", "url": "893813758-635.4626056141492Quarto34.jpg", "cover": false}, {"id": 32348474, "subtitle": "Vista do Quarto 3", "url": "893813758-664.4017526273063Quarto35.jpg", "cover": false}, {"id": 32348479, "subtitle": "Banheiro", "url": "893813758-687.0768558117005Banheiro.jpg", "cover": false}, {"id": 32348476, "subtitle": "Banheiro", "url": "893813758-548.5936065665421Banheiro2.jpg", "cover": false}, {"id": 32348477, "subtitle": "Banheiro", "url": "893813758-964.0452023097974Banheiro3.jpg", "cover": false}, {"id": 32348478, "subtitle": "Banheiro", "url": "893813758-60.65938488485501Banheiro4.jpg", "cover": false}, {"id": 32348480, "subtitle": "Cozinha", "url": "893813758-859.5535025139701Cozinha2.jpg", "cover": false}, {"id": 32348481, "subtitle": "Cozinha", "url": "893813758-975.9918232286602Cozinha3.jpg", "cover": false}, {"id": 32348482, "subtitle": "Cozinha", "url": "893813758-623.9725019079492Cozinha4.jpg", "cover": false}, {"id": 32348483, "subtitle": "Cozinha", "url": "893813758-959.744809273807Cozinha.jpg", "cover": false}, {"id": 32348491, "subtitle": "Lavanderia", "url": "893813758-108.20582433886172AreadeServio.jpg", "cover": false}, {"id": 32348484, "subtitle": "Lavanderia", "url": "893813758-734.0264596417564AreadeServio2.jpg", "cover": false}, {"id": 32348485, "subtitle": "Lavanderia", "url": "893813758-359.78158226205494AreadeServio3.jpg", "cover": false}, {"id": 32348486, "subtitle": "Banheiro de Servi\u00e7o", "url": "893813758-206.46546071712413AreadeServio4.jpg", "cover": false}, {"id": 32348487, "subtitle": "Banheiro de Servi\u00e7o", "url": "893813758-795.5810123355265AreadeServio5.jpg", "cover": false}, {"id": 32348488, "subtitle": "Quarto de Servi\u00e7o", "url": "893813758-976.2853619111618AreadeServio6.jpg", "cover": false}, {"id": 32348489, "subtitle": "Quarto de Servi\u00e7o", "url": "893813758-298.60983777269723AreadeServio7.jpg", "cover": false}, {"id": 32348490, "subtitle": "Quarto de Servi\u00e7o", "url": "893813758-744.5260238011117AreadeServio8.jpg", "cover": false}, {"id": 32348492, "subtitle": "Corredor Lateral ", "url": "893813758-804.4873671703085CorredorLAteral.jpg", "cover": false}, {"id": 32348493, "subtitle": "Garagem", "url": "893813758-255.8443564722316Garagem2.jpg", "cover": false}, {"id": 32348494, "subtitle": "Garagem", "url": "893813758-758.2240491808612Garagem3.jpg", "cover": false}, {"id": 32348495, "subtitle": "Garagem", "url": "893813758-333.0813173970111Garagem4.jpg", "cover": false}, {"id": 32348496, "subtitle": "Garagem", "url": "893813758-162.41845741161208Garagem.jpg", "cover": false}, {"id": 32348499, "subtitle": "Quintal", "url": "893813758-697.7333035017682Quintal.jpg", "cover": false}, {"id": 32348497, "subtitle": "Quintal", "url": "893813758-792.8429954716061Quintal2.jpg", "cover": false}, {"id": 32348498, "subtitle": "Fachada", "url": "893813758-656.5557200224399Quintal3.jpg", "cover": false}], "photosCategorizedByRooms": [], "relevantRegions": [], "photospheres": [], "specialConditions": [], "offers": {"closingRate": 0, "shouldHighlightIcon": true, "shouldShowOfferDialog": false, "shouldShowOffers": false, "summary": []}, "status": "publicado", "showUrlHasBeenCopiedSnackbar": false, "isGalleryModalOpen": false, "error": false, "loaded": true, "loading": false, "loadingCategorizedRooms": false, "selectedMedia": "tenant/HouseMedia/PHOTOS", "video": "", "promotions": [], "condominium": {}, "forRent": true, "forSale": true, "salePrice": 1000000, "mortgageFirstInstallment": 0, "listings": [{"imovelId": 893813758, "businessContext": "RENT", "status": "publicado", "firstPublicationDate": "2022-11-21T06:41:19.000+0000", "lastPublicationDate": "2022-11-21T06:41:19.000+0000", "listingRentModel": {"listingBusinessContextId": 1291630, "rentalAdministrator": "QUINTOANDAR"}, "ownership": "STANDARD"}, {"imovelId": 893813758, "businessContext": "SALE", "status": "publicado", "firstPublicationDate": "2022-12-22T20:05:16.000+0000", "lastPublicationDate": "2022-12-22T20:05:16.000+0000", "ownership": "STANDARD"}], "listingTags": [], "businessContext": "", "regionParameters": {"loaded": false, "loading": false, "RENT": {"visitsEnabled": true, "talkToAgentEnabled": false}, "SALE": {"visitsEnabled": true, "talkToAgentEnabled": false}}, "houseAgent": {"isDialogOpen": false, "alreadyOpenedByQueryParam": false}, "tenantServiceFee": 90, "closingStatus": {"loading": false}, "rentalGuarantee": {"minValue": 875, "maxValue": 2625}, "reservationAvailability": null, "isPrimaryMarket": false, "macroRegion": {"id": 2723, "name": "SPO 05"}, "suites": 0, "houseVisitStatus": "ACCEPT_NEW", "visitStatusReason": null, "visitsUnavailable": false, "isReserved": false, "allowDirectOffer": true, "lastPublishedDate": "2022-11-21T06:41:19.000Z", "listingPublication": "stranded", "rentOnTermination": false, "constructionYear": null, "categories": []}, "markers": {"lat": -23.6237145, "lng": -46.6646313}, "talkToAgent": {"dialog": {"open": false, "questionType": null, "question": ""}, "agentSupport": {}, "error": null, "autoSubmit": false, "loading": false, "submitting": false, "success": false, "hasLoadedAgentInfo": false, "agent": null, "hasLoadedAgentsInRegion": false, "agentsInRegion": null}}}}, "__N_SSP": true}, "page": "/imovel/[houseId]/[[...slug]]", "query": {"houseId": "893813758", "slug": ["alugar", "casa-3-quartos-vila-congonhas-sao-paulo"]}, "buildId": "gCr3Bg2lYzV9hxZqGibIQ", "runtimeConfig": {"NEXT_PUBLIC_HOME_ADVERTISING_BANNER": "coupon"}, "isFallback": false, "dynamicIds": [61847, 31265, 66435, 77453, 87356, 60899, 41103, 3232, 33207, 72227, 40072, 39327, 19904, 96827], "gssp": true, "customServer": true, "appGip": true, "locale": "pt-BR", "locales": ["pt-BR", "es-MX"], "defaultLocale": "pt-BR", "domainLocales": [{"domain": "www.quintoandar.com.br", "defaultLocale": "pt-BR"}, {"domain": "www.benvi.mx", "defaultLocale": "es-MX"}], "scriptLoader": []}