{"props": {"pageProps": {"initialState": {"route": {"locationBeforeTransitions": {"pathname": "/imovel/893972915/alugar/apartamento-3-quartos-chacara-santo-antonio-zona-leste-sao-paulo", "search": "", "hash": "", "action": "POP", "query": {}}, "topLevelRouteName": "house details", "businessContext": "RENT", "favoriteListsBusinessContext": "RENT"}, "router": {"location": {"href": "/", "pathname": "/", "search": "", "hash": ""}}, "progress": {"pendingRequests": -1}, "login": {"response": {}, "user": {"isLoggedIn": false, "id": 0, "agentId": 0, "hashId": "", "sessionId": null, "name": "", "email": "", "maskedEmail": "", "jwt": {"app": "", "firebase": ""}, "phone": {"countryCode": "+55", "areaCode": "", "phoneNumber": ""}, "country": "BR", "channel": "", "isPhoneRegistered": false, "acceptWhatsapp": true, "hasDocument": false, "isPartner": false}, "accountForm": {}, "redirectUrl": "", "isRequestOngoing": false}, "captcha": {"token": "", "hasLoadedRemoteConfig": false, "provider": "", "friction": "low", "unavailableCountriesCode": []}, "supportedCities": [], "inAppMessages": {"biomaSurvey": {"isOpen": false, "formId": null, "data": {"opaque": true}}}, "metaData": {"similar_houses_clicked": []}, "appData": {"device": {"type": "desktop", "isSearchEngineCrawler": false}, "experiments": "X-AB-Test=ab_exposed_filter_sale_desktop:1,ab_exposed_filter_sale_v1:1,ab_exposed_filters:1,ab_load_more_v0:-1,ab_new_house_card_v2:0,ab_new_rent_listing_phase2:0,ab_profiling_create_alert_filters:0,ab_scheduling_step_by_step_v1:1,ab_show_floor_sale:0,ab_street_search_retrieval_v1:0"}, "house": {"houseInfo": {"id": "893972915", "displayId": "1272915", "bedrooms": 3, "city": "S\u00e3o Paulo", "cityId": 39, "bathrooms": 4, "iptu": 691, "amenities": [{"key": "BANHEIRA_DE_HIDROMASSAGEM", "text": "Banheira", "value": "SIM", "optional": false}, {"key": "BOX", "text": "Box", "value": "SIM", "optional": false}, {"key": "VARANDA", "text": "Varanda", "value": "SIM", "optional": false}, {"key": "PISCINA_PRIVATIVA", "text": "Piscina privativa", "value": "NAO", "optional": false}, {"key": "ARMARIOS_EMBUTIDOS_NO_QUARTO", "text": "Arm\u00e1rios no quarto", "value": "SIM", "optional": false}, {"key": "ARMARIOS_NOS_BANHEIROS", "text": "Arm\u00e1rios no banheiro", "value": "SIM", "optional": false}, {"key": "ARMARIOS_NA_COZINHA", "text": "Arm\u00e1rios na cozinha", "value": "SIM", "optional": false}, {"key": "AR_CONDICIONADO", "text": "Ar condicionado", "value": "SIM", "optional": false}, {"key": "CHUVEIRO_A_GAS", "text": "Chuveiro a g\u00e1s", "value": "SIM", "optional": false}, {"key": "QUARTO_DE_SERVICO", "text": "Quarto de servi\u00e7o", "value": "NAO", "optional": false}, {"key": "BANHEIRO_DE_SERVICO", "text": "Banheiro de servi\u00e7o", "value": "NAO", "optional": false}, {"key": "VARANDA_GOURMET", "text": "Varanda gourmet", "value": "NAO", "optional": false}, {"key": "APARTAMENTO_COBERTURA", "text": "Apartamento cobertura", "value": "NAO", "optional": false}, {"key": "QUARTO_EXTRA_REVERSIVEL", "text": "Quarto extra revers\u00edvel", "value": "NAO", "optional": false}, {"key": "FOGAO_INCLUSO", "text": "Fog\u00e3o", "value": "SIM", "optional": false}, {"key": "GELADEIRA_INCLUSO", "text": "Geladeira", "value": "NAO", "optional": false}, {"key": "BANHEIRO_ADAPTADO", "text": "Banheiro adaptado", "value": "NAO", "optional": false}, {"key": "CLOSET", "text": "Closet", "value": "SIM", "optional": false}, {"key": "COZINHA_AMERICANA", "text": "Cozinha americana", "value": "NAO", "optional": false}, {"key": "MESAS_E_CADEIRAS_DE_ESCRITORIO", "text": "Mesas e cadeiras de escrit\u00f3rio", "value": "SIM", "optional": false}, {"key": "JARDIM", "text": "Jardim", "value": "NAO", "optional": false}, {"key": "QUARTOS_E_CORREDORES_COM_PORTAS_AMPLAS", "text": "Quartos e corredores com portas amplas", "value": "SIM", "optional": false}, {"key": "QUINTAL", "text": "Quintal", "value": "NAO", "optional": false}, {"key": "SOMENTE_UMA_CASA_NO_TERRENO", "text": "Somente uma casa no terreno", "value": "NAO", "optional": false}, {"key": "AREA_DE_SERVICO", "text": "\u00c1rea de servi\u00e7o", "value": "SIM", "optional": false}], "comfortCommodities": [{"key": "BANHEIRA_DE_HIDROMASSAGEM", "text": "Banheira", "value": "SIM", "optional": false}, {"key": "PISCINA_PRIVATIVA", "text": "Piscina privativa", "value": "NAO", "optional": false}, {"key": "AR_CONDICIONADO", "text": "Ar condicionado", "value": "SIM", "optional": false}, {"key": "SOL_DA_MANHA", "text": "Sol da manh\u00e3", "value": "SIM", "optional": false}, {"key": "SOL_DA_TARDE", "text": "Sol da tarde", "value": "SIM", "optional": false}, {"key": "CORTINAS_BLACK_OUT", "text": "Cortinas corta luz", "value": "NAO", "optional": false}, {"key": "CORTINAS_DECORATIVAS", "text": "Cortina transl\u00facida", "value": "NAO", "optional": false}, {"key": "JANELA_ANTI_RUIDO", "text": "Janela anti-ru\u00eddo", "value": "NAO", "optional": false}, {"key": "VENTILADOR_DE_TETO", "text": "Ventilador de teto", "value": "NAO", "optional": false}, {"key": "LUMINOSIDADE_NATURAL", "text": "Janelas grandes", "value": "SIM", "optional": false}, {"key": "VISTA_LIVRE", "text": "Vista livre", "value": "SIM", "optional": false}, {"key": "RUA_SILENCIOSA", "text": "Rua silenciosa", "value": "SIM", "optional": false}], "practicalityCommodities": [{"key": "BOX", "text": "Box", "value": "SIM", "optional": false}, {"key": "ARMARIOS_EMBUTIDOS_NO_QUARTO", "text": "Arm\u00e1rios no quarto", "value": "SIM", "optional": false}, {"key": "ARMARIOS_NOS_BANHEIROS", "text": "Arm\u00e1rios no banheiro", "value": "SIM", "optional": false}, {"key": "ARMARIOS_NA_COZINHA", "text": "Arm\u00e1rios na cozinha", "value": "SIM", "optional": false}, {"key": "CHUVEIRO_A_GAS", "text": "Chuveiro a g\u00e1s", "value": "SIM", "optional": false}, {"key": "FOGAO_INCLUSO", "text": "Fog\u00e3o", "value": "SIM", "optional": false}, {"key": "GELADEIRA_INCLUSO", "text": "Geladeira", "value": "NAO", "optional": false}, {"key": "CHUVEIRO_ELETRICO", "text": "Chuveiro el\u00e9trico", "value": "NAO", "optional": false}, {"key": "MICROONDAS", "text": "Microondas", "value": "NAO", "optional": false}, {"key": "SOFA", "text": "Sof\u00e1", "value": "NAO", "optional": false}, {"key": "MAQUINA_DE_LAVAR", "text": "M\u00e1quina de lavar", "value": "NAO", "optional": false}, {"key": "TANQUE", "text": "Tanque", "value": "SIM", "optional": false}, {"key": "REDE_DE_PROTECAO", "text": "Tela nas janelas", "value": "NAO", "optional": false}, {"key": "VARAL_DE_ROUPAS", "text": "Varal de roupas", "value": "NAO", "optional": false}, {"key": "TOMADAS_NOVAS", "text": "Tomadas 3 pinos", "value": "NAO", "optional": false}, {"key": "TELEVISAO", "text": "Televis\u00e3o", "value": "NAO", "optional": false}, {"key": "MESAS_E_CADEIRAS_DE_JANTAR", "text": "Mesas e cadeiras de jantar", "value": "NAO", "optional": false}, {"key": "CHURRASQUEIRA", "text": "Churrasqueira", "value": "NAO", "optional": false}, {"key": "ACESSO_SEM_DEGRAUS", "text": "Acesso sem degraus", "value": "NAO", "optional": false}, {"key": "COOKTOP", "text": "Fog\u00e3o cooktop", "value": "SIM", "optional": false}, {"key": "UTENSILIOS_DE_COZINHA", "text": "Utens\u00edlios de cozinha", "value": "NAO", "optional": false}, {"key": "CAMA_DE_CASAL", "text": "Cama de casal", "value": "SIM", "optional": false}, {"key": "CAMA_DE_SOLTEIRO", "text": "Cama de solteiro", "value": "SIM", "optional": false}, {"key": "ESPELHO_NO_BANHEIRO", "text": "Espelho no banheiro", "value": "NAO", "optional": false}, {"key": "FECHADURA_ELETRONICA", "text": "Fechadura eletr\u00f4nica", "value": "NAO", "optional": false}, {"key": "ENERGIA", "text": "Energia no im\u00f3vel", "value": "NAO", "optional": false}], "area": 171, "installations": [{"key": "PLAYGROUND", "text": "Playground", "value": "SIM"}, {"key": "PISCINA", "text": "Piscina", "value": "SIM"}, {"key": "CHURRASQUEIRA", "text": "Churrasqueira", "value": "NAO"}, {"key": "QUADRA_ESPORTIVA", "text": "Quadra esportiva", "value": "SIM"}, {"key": "ACADEMIA", "text": "Academia", "value": "SIM"}, {"key": "SALAO_DE_FESTAS", "text": "Sal\u00e3o de festas", "value": "SIM"}, {"key": "SAUNA", "text": "Sauna", "value": "SIM"}, {"key": "LAVANDERIA_NO_PREDIO", "text": "Lavanderia no pr\u00e9dio", "value": "NAO"}, {"key": "GAS_ENCANADO", "text": "G\u00e1s encanado", "value": "NAO"}, {"key": "ESPACO_GOURMET_NA_AREA_COMUM", "text": "Espa\u00e7o gourmet na \u00e1rea comum", "value": "NAO"}, {"key": "BRINQUEDOTECA", "text": "Brinquedoteca", "value": "SIM"}, {"key": "CORRIMAO", "text": "Corrim\u00e3o", "value": "SIM"}, {"key": "PISO_TATIL", "text": "Piso t\u00e1til", "value": "SIM"}, {"key": "RAMPAS_DE_ACESSO", "text": "Rampas de acesso", "value": "SIM"}, {"key": "SALAO_DE_JOGOS", "text": "Sal\u00e3o de jogos", "value": "SIM"}, {"key": "VAGA_DE_GARAGEM_ACESSIVEL", "text": "Vaga de garagem acess\u00edvel", "value": "SIM"}, {"key": "AREA_VERDE", "text": "\u00c1rea verde", "value": "SIM"}, {"key": "Elevador", "value": "SIM"}, {"key": "Porteiro24H", "value": "SIM"}], "rentPrice": 15000, "condoPrice": 1200, "condoType": "Normal", "region": {"name": "Tatuap\u00e9", "hub": {"loading": "UNSET", "enabled": false, "abSecretariat": false, "isPrimaryMarket": false}, "id": 1304}, "type": "Apartamento", "iptuType": "Normal", "totalCost": 17470, "parkingSpaces": 3, "address": {"street": "Rua Boa Esperan\u00e7a", "neighborhood": "Ch\u00e1cara Santo Ant\u00f4nio (zona Leste)", "city": "S\u00e3o Paulo", "zipCode": "03408-000", "stateName": "S\u00e3o Paulo", "stateAcronym": "SP", "lat": -23.5457197, "lng": -46.5528079, "countryName": "Brasil", "countryCode": "BR", "country": "Brasil"}, "floor": 1, "homeProtection": 191, "remarks": "", "acceptsPets": true, "hasFurniture": false, "isNearSubway": false, "placesNearby": [{"name": "Espa\u00e7o Cultural Tatuap\u00e9", "type": "UNIVERSITY_OR_COLLEGE", "slug": "espaco-cultural-tatuape-tatuape-sao-paulo-sp"}, {"name": "Zoopaloo Buffet", "type": "MUSEUM_THEATRE_OR_CONCERT_HALL", "slug": "zoopaloo-buffet-tatuape-sao-paulo-sp"}, {"name": "Fatec Tatuap\u00e9 - Victor Civita", "type": "UNIVERSITY_OR_COLLEGE", "slug": "fatec-tatuape-victor-civita-tatuape-sao-paulo-sp"}, {"name": "Escola Santa Marina", "type": "SCHOOL", "slug": "escola-santa-marina-vila-carrao-sao-paulo-sp"}, {"name": "SESI \u2013 Vila Carr\u00e3o", "type": "SCHOOL", "slug": "sesi-vila-carrao-vila-carrao-sao-paulo-sp"}, {"name": "Senac Idiomas", "type": "UNIVERSITY_OR_COLLEGE", "slug": "senac-idiomas-jardim-analia-franco-sao-paulo-sp"}, {"name": "Wise Up An\u00e1lia Franco", "type": "UNIVERSITY_OR_COLLEGE", "slug": "wise-up-analia-franco-jardim-analia-franco-sao-paulo-sp"}, {"name": "Col\u00e9gio Agostiniano Mendel", "type": "SCHOOL", "slug": "colegio-agostiniano-mendel-tatuape-sao-paulo-sp"}, {"name": "Shopping An\u00e1lia Franco", "type": "SHOPPING_MALL", "slug": "shopping-analia-franco-tatuape-sao-paulo-sp"}], "photos": [{"id": 35765657, "subtitle": "Sala", "url": "893972915-437.5006039897592LUI9654.jpg", "cover": true}, {"id": 35765658, "subtitle": "Sala", "url": "893972915-123.61452394641282LUI9655.jpg", "cover": false}, {"id": 35765659, "subtitle": "Sala", "url": "893972915-716.8591255158213LUI9656.jpg", "cover": false}, {"id": 35765660, "subtitle": "Sala", "url": "893972915-150.7429835755566LUI9657.jpg", "cover": false}, {"id": 35765661, "subtitle": "Sala", "url": "893972915-175.52970792138223LUI9659.jpg", "cover": false}, {"id": 35765662, "subtitle": "Sala", "url": "893972915-54.60033978798384LUI9660.jpg", "cover": false}, {"id": 35765663, "subtitle": "Vista Sala", "url": "893972915-411.1365399111896LUI9661.jpg", "cover": false}, {"id": 35765664, "subtitle": "Sala", "url": "893972915-595.7942064628447LUI9662.jpg", "cover": false}, {"id": 35765665, "subtitle": "Sala", "url": "893972915-837.726176864628LUI9663.jpg", "cover": false}, {"id": 35765666, "subtitle": "Sala", "url": "893972915-521.0185866477742LUI9664.jpg", "cover": false}, {"id": 35765667, "subtitle": "Lavabo", "url": "893972915-990.0671699824145LUI9665.jpg", "cover": false}, {"id": 35765668, "subtitle": "Lavabo", "url": "893972915-834.7197873967318LUI9666.jpg", "cover": false}, {"id": 35765669, "subtitle": "Corredor", "url": "893972915-116.0164307300724LUI9667.jpg", "cover": false}, {"id": 35765670, "subtitle": "Corredor", "url": "893972915-479.3570989867364LUI9668.jpg", "cover": false}, {"id": 35765671, "subtitle": "Suite 1", "url": "893972915-368.5419833907695LUI9669.jpg", "cover": false}, {"id": 35765672, "subtitle": "Suite 1", "url": "893972915-171.85820049043855LUI9670.jpg", "cover": false}, {"id": 35765673, "subtitle": "Suite 1", "url": "893972915-909.2026157219981LUI9671.jpg", "cover": false}, {"id": 35765674, "subtitle": "Vista Suite 1", "url": "893972915-836.2121601995921LUI9672.jpg", "cover": false}, {"id": 35765675, "subtitle": "Suite 1", "url": "893972915-46.45415487963689LUI9673.jpg", "cover": false}, {"id": 35765676, "subtitle": "Suite 1", "url": "893972915-387.95391315632924LUI9674.jpg", "cover": false}, {"id": 35765677, "subtitle": "Suite 1", "url": "893972915-860.5029248909832LUI9675.jpg", "cover": false}, {"id": 35765678, "subtitle": "Suite 2", "url": "893972915-304.0183184749811LUI9676.jpg", "cover": false}, {"id": 35765679, "subtitle": "Suite 2", "url": "893972915-669.9457876511777LUI9677.jpg", "cover": false}, {"id": 35765680, "subtitle": "Suite 2", "url": "893972915-751.1650288009436LUI9678.jpg", "cover": false}, {"id": 35765682, "subtitle": "Suite 2", "url": "893972915-393.2808484207097LUI9679.jpg", "cover": false}, {"id": 35765684, "subtitle": "Suite 2", "url": "893972915-520.7265856669544LUI9680.jpg", "cover": false}, {"id": 35765686, "subtitle": "Suite 2", "url": "893972915-712.8763795018752LUI9681.jpg", "cover": false}, {"id": 35765688, "subtitle": "Suite 2", "url": "893972915-842.305836764331LUI9682.jpg", "cover": false}, {"id": 35765690, "subtitle": "Suite 3", "url": "893972915-387.97711386359936LUI9683.jpg", "cover": false}, {"id": 35765692, "subtitle": "Suite 3", "url": "893972915-213.53676483373053LUI9684.jpg", "cover": false}, {"id": 35765694, "subtitle": "Suite 3", "url": "893972915-243.49012485739652LUI9685.jpg", "cover": false}, {"id": 35765696, "subtitle": "Suite 3", "url": "893972915-267.23636103812834LUI9686.jpg", "cover": false}, {"id": 35765698, "subtitle": "Suite 3", "url": "893972915-354.0262481234091LUI9687.jpg", "cover": false}, {"id": 35765700, "subtitle": "Suite 3", "url": "893972915-111.68770362663949LUI9688.jpg", "cover": false}, {"id": 35765703, "subtitle": "Vista Suite 3", "url": "893972915-331.3459801329298LUI9689.jpg", "cover": false}, {"id": 35765705, "subtitle": "Suite 3", "url": "893972915-416.1435756309929LUI9690.jpg", "cover": false}, {"id": 35765707, "subtitle": "Suite 3", "url": "893972915-300.0010664258741LUI9691.jpg", "cover": false}, {"id": 35765710, "subtitle": "Suite 3", "url": "893972915-128.1437522640988LUI9692.jpg", "cover": false}, {"id": 35765712, "subtitle": "Cozinha", "url": "893972915-123.35286460494122LUI9693.jpg", "cover": false}, {"id": 35765713, "subtitle": "Cozinha", "url": "893972915-217.8920093183242LUI9694.jpg", "cover": false}, {"id": 35765714, "subtitle": "Cozinha", "url": "893972915-815.8385083863662LUI9695.jpg", "cover": false}, {"id": 35765715, "subtitle": "Cozinha", "url": "893972915-761.3512482247398LUI9696.jpg", "cover": false}, {"id": 35765716, "subtitle": "\u00c1rea de Servi\u00e7o", "url": "893972915-27.38036717224379LUI9697.jpg", "cover": false}, {"id": 35765717, "subtitle": "\u00c1rea de Servi\u00e7o", "url": "893972915-963.5327580899905LUI9698.jpg", "cover": false}, {"id": 35765718, "subtitle": "\u00c1rea de Servi\u00e7o", "url": "893972915-979.1971108768159LUI9699.jpg", "cover": false}, {"id": 35765719, "subtitle": "\u00c1rea de Servi\u00e7o", "url": "893972915-397.8335923276775LUI9700.jpg", "cover": false}, {"id": 35765720, "subtitle": "\u00c1rea de Servi\u00e7o", "url": "893972915-64.74500749313871LUI9701.jpg", "cover": false}, {"id": 35765721, "subtitle": "Quarto de Servi\u00e7o", "url": "893972915-680.6823425569498LUI9702.jpg", "cover": false}, {"id": 35765722, "subtitle": "\u00c1rea comum", "url": "893972915-258.5387120829318LUI9704.jpg", "cover": false}, {"id": 35765723, "subtitle": "\u00c1rea comum - Piscina", "url": "893972915-171.04345830229605LUI9705.jpg", "cover": false}, {"id": 35765724, "subtitle": "\u00c1rea comum - Piscina", "url": "893972915-697.1735088288365LUI9706.jpg", "cover": false}, {"id": 35765725, "subtitle": "\u00c1rea comum", "url": "893972915-510.6343310360064LUI9707.jpg", "cover": false}, {"id": 35765726, "subtitle": "\u00c1rea comum", "url": "893972915-899.7124002278457LUI9708.jpg", "cover": false}, {"id": 35765727, "subtitle": "\u00c1rea comum", "url": "893972915-213.6835140075526LUI9709.jpg", "cover": false}, {"id": 35765729, "subtitle": "Fachada", "url": "893972915-770.7728780158109LUI9710.jpg", "cover": false}], "photosCategorizedByRooms": [], "relevantRegions": [], "photospheres": [], "specialConditions": [], "offers": {"closingRate": 0, "shouldHighlightIcon": true, "shouldShowOfferDialog": false, "shouldShowOffers": false, "summary": []}, "status": "publicado", "showUrlHasBeenCopiedSnackbar": false, "isGalleryModalOpen": false, "error": false, "loaded": true, "loading": false, "loadingCategorizedRooms": false, "selectedMedia": "tenant/HouseMedia/PHOTOS", "video": "", "promotions": [], "condominium": {"hashId": "ed5zsoj31d", "name": "Pra\u00e7a das \u00c1guas", "slug": "praca-das-aguas-chacara-santo-antonio-zona-leste-sao-paulo", "address": "R. Boa Esperan\u00e7a", "constructionYear": 2011}, "forRent": true, "forSale": true, "salePrice": 2300000, "mortgageFirstInstallment": 0, "listings": [{"imovelId": 893972915, "businessContext": "RENT", "status": "publicado", "firstPublicationDate": "2023-02-24T19:58:13.000+0000", "lastPublicationDate": "2023-02-24T19:58:13.000+0000", "listingRentModel": {"listingBusinessContextId": 1481297, "rentalAdministrator": "QUINTOANDAR"}, "ownership": "STANDARD"}, {"imovelId": 893972915, "businessContext": "SALE", "status": "publicado", "firstPublicationDate": "2023-02-24T19:58:13.000+0000", "lastPublicationDate": "2023-02-24T19:58:13.000+0000", "ownership": "STANDARD"}], "listingTags": [], "businessContext": "", "regionParameters": {"loaded": false, "loading": false, "RENT": {"visitsEnabled": true, "talkToAgentEnabled": false}, "SALE": {"visitsEnabled": true, "talkToAgentEnabled": false}}, "houseAgent": {"isDialogOpen": false, "alreadyOpenedByQueryParam": false}, "tenantServiceFee": 388, "closingStatus": {"loading": false}, "rentalGuarantee": {"minValue": 3750, "maxValue": 11250}, "reservationAvailability": null, "isPrimaryMarket": false, "macroRegion": {"id": 2741, "name": "SPO01"}, "suites": 3, "allowsCustomOffer": true, "displayCustomOfferPreference": false, "houseVisitStatus": "ACCEPT_NEW", "visitStatusReason": null, "visitsUnavailable": false, "isReserved": false, "allowDirectOffer": true, "lastPublishedDate": "2023-02-24T19:58:13.000Z", "listingPublication": "not_stranded", "rentOnTermination": false, "constructionYear": 2011, "categories": []}, "markers": {"lat": -23.5457197, "lng": -46.5528079}, "talkToAgent": {"dialog": {"open": false, "questionType": null, "question": ""}, "agentSupport": {}, "error": null, "autoSubmit": false, "loading": false, "submitting": false, "success": false, "hasLoadedAgentInfo": false, "agent": null, "hasLoadedAgentsInRegion": false, "agentsInRegion": null}}}}, "__N_SSP": true}, "page": "/imovel/[houseId]/[[...slug]]", "query": {"houseId": "893972915", "slug": ["alugar", "apartamento-3-quartos-chacara-santo-antonio-zona-leste-sao-paulo"]}, "buildId": "gCr3Bg2lYzV9hxZqGibIQ", "runtimeConfig": {"NEXT_PUBLIC_HOME_ADVERTISING_BANNER": "coupon"}, "isFallback": false, "dynamicIds": [61847, 31265, 66435, 77453, 87356, 60899, 41103, 3232, 33207, 72227, 40072, 39327, 19904, 96827], "gssp": true, "customServer": true, "appGip": true, "locale": "pt-BR", "locales": ["pt-BR", "es-MX"], "defaultLocale": "pt-BR", "domainLocales": [{"domain": "www.quintoandar.com.br", "defaultLocale": "pt-BR"}, {"domain": "www.benvi.mx", "defaultLocale": "es-MX"}], "scriptLoader": []}