{"props": {"pageProps": {"initialState": {"route": {"locationBeforeTransitions": {"pathname": "/imovel/893911770/alugar/casa-4-quartos-jardim-paraiso-sao-paulo", "search": "", "hash": "", "action": "POP", "query": {}}, "topLevelRouteName": "house details", "businessContext": "RENT", "favoriteListsBusinessContext": "RENT"}, "router": {"location": {"href": "/", "pathname": "/", "search": "", "hash": ""}}, "progress": {"pendingRequests": -1}, "login": {"response": {}, "user": {"isLoggedIn": false, "id": 0, "agentId": 0, "hashId": "", "sessionId": null, "name": "", "email": "", "maskedEmail": "", "jwt": {"app": "", "firebase": ""}, "phone": {"countryCode": "+55", "areaCode": "", "phoneNumber": ""}, "country": "BR", "channel": "", "isPhoneRegistered": false, "acceptWhatsapp": true, "hasDocument": false, "isPartner": false}, "accountForm": {}, "redirectUrl": "", "isRequestOngoing": false}, "captcha": {"token": "", "hasLoadedRemoteConfig": false, "provider": "", "friction": "low", "unavailableCountriesCode": []}, "supportedCities": [], "inAppMessages": {"biomaSurvey": {"isOpen": false, "formId": null, "data": {"opaque": true}}}, "metaData": {"similar_houses_clicked": []}, "appData": {"device": {"type": "desktop", "isSearchEngineCrawler": false}, "experiments": "X-AB-Test=ab_exposed_filter_sale_desktop:1,ab_exposed_filter_sale_v1:1,ab_exposed_filters:1,ab_load_more_v0:-1,ab_new_house_card_v2:0,ab_new_rent_listing_phase2:0,ab_profiling_create_alert_filters:0,ab_scheduling_step_by_step_v1:1,ab_show_floor_sale:0,ab_street_search_retrieval_v1:0"}, "house": {"houseInfo": {"id": "893911770", "displayId": "1211770", "bedrooms": 4, "city": "S\u00e3o Paulo", "cityId": 39, "bathrooms": 2, "iptu": 34, "amenities": [{"key": "BANHEIRA_DE_HIDROMASSAGEM", "text": "Banheira", "value": "NAO", "optional": false}, {"key": "BOX", "text": "Box", "value": "SIM", "optional": false}, {"key": "VARANDA", "text": "Varanda", "value": "NAO", "optional": false}, {"key": "PISCINA_PRIVATIVA", "text": "Piscina privativa", "value": "NAO", "optional": false}, {"key": "ARMARIOS_EMBUTIDOS_NO_QUARTO", "text": "Arm\u00e1rios no quarto", "value": "SIM", "optional": false}, {"key": "ARMARIOS_NOS_BANHEIROS", "text": "Arm\u00e1rios no banheiro", "value": "SIM", "optional": false}, {"key": "ARMARIOS_NA_COZINHA", "text": "Arm\u00e1rios na cozinha", "value": "SIM", "optional": false}, {"key": "AR_CONDICIONADO", "text": "Ar condicionado", "value": "NAO", "optional": false}, {"key": "CHUVEIRO_A_GAS", "text": "Chuveiro a g\u00e1s", "value": "NAO", "optional": false}, {"key": "QUARTO_DE_SERVICO", "text": "Quarto de servi\u00e7o", "value": "SIM", "optional": false}, {"key": "BANHEIRO_DE_SERVICO", "text": "Banheiro de servi\u00e7o", "value": "SIM", "optional": false}, {"key": "VARANDA_GOURMET", "text": "Varanda gourmet", "value": "SIM", "optional": false}, {"key": "APARTAMENTO_COBERTURA", "text": "Apartamento cobertura", "value": "NAO", "optional": false}, {"key": "QUARTO_EXTRA_REVERSIVEL", "text": "Quarto extra revers\u00edvel", "value": "SIM", "optional": false}, {"key": "FOGAO_INCLUSO", "text": "Fog\u00e3o", "value": "NAO", "optional": false}, {"key": "GELADEIRA_INCLUSO", "text": "Geladeira", "value": "NAO", "optional": false}, {"key": "BANHEIRO_ADAPTADO", "text": "Banheiro adaptado", "value": "NAO", "optional": false}, {"key": "CLOSET", "text": "Closet", "value": "NAO", "optional": false}, {"key": "COZINHA_AMERICANA", "text": "Cozinha americana", "value": "NAO", "optional": false}, {"key": "MESAS_E_CADEIRAS_DE_ESCRITORIO", "text": "Mesas e cadeiras de escrit\u00f3rio", "value": "NAO", "optional": false}, {"key": "JARDIM", "text": "Jardim", "value": "NAO", "optional": false}, {"key": "QUARTOS_E_CORREDORES_COM_PORTAS_AMPLAS", "text": "Quartos e corredores com portas amplas", "value": "NAO", "optional": false}, {"key": "QUINTAL", "text": "Quintal", "value": "SIM", "optional": false}, {"key": "SOMENTE_UMA_CASA_NO_TERRENO", "text": "Somente uma casa no terreno", "value": "SIM", "optional": false}, {"key": "AREA_DE_SERVICO", "text": "\u00c1rea de servi\u00e7o", "value": "SIM", "optional": false}], "comfortCommodities": [{"key": "BANHEIRA_DE_HIDROMASSAGEM", "text": "Banheira", "value": "NAO", "optional": false}, {"key": "PISCINA_PRIVATIVA", "text": "Piscina privativa", "value": "NAO", "optional": false}, {"key": "AR_CONDICIONADO", "text": "Ar condicionado", "value": "NAO", "optional": false}, {"key": "SOL_DA_MANHA", "text": "Sol da manh\u00e3", "value": "SIM", "optional": false}, {"key": "SOL_DA_TARDE", "text": "Sol da tarde", "value": "NAO", "optional": false}, {"key": "CORTINAS_BLACK_OUT", "text": "Cortinas corta luz", "value": "SIM", "optional": false}, {"key": "CORTINAS_DECORATIVAS", "text": "Cortina transl\u00facida", "value": "SIM", "optional": false}, {"key": "JANELA_ANTI_RUIDO", "text": "Janela anti-ru\u00eddo", "value": "SIM", "optional": false}, {"key": "VENTILADOR_DE_TETO", "text": "Ventilador de teto", "value": "NAO", "optional": false}, {"key": "LUMINOSIDADE_NATURAL", "text": "Janelas grandes", "value": "NAO", "optional": false}, {"key": "VISTA_LIVRE", "text": "Vista livre", "value": "NAO", "optional": false}, {"key": "RUA_SILENCIOSA", "text": "Rua silenciosa", "value": "SIM", "optional": false}], "practicalityCommodities": [{"key": "BOX", "text": "Box", "value": "SIM", "optional": false}, {"key": "ARMARIOS_EMBUTIDOS_NO_QUARTO", "text": "Arm\u00e1rios no quarto", "value": "SIM", "optional": false}, {"key": "ARMARIOS_NOS_BANHEIROS", "text": "Arm\u00e1rios no banheiro", "value": "SIM", "optional": false}, {"key": "ARMARIOS_NA_COZINHA", "text": "Arm\u00e1rios na cozinha", "value": "SIM", "optional": false}, {"key": "CHUVEIRO_A_GAS", "text": "Chuveiro a g\u00e1s", "value": "NAO", "optional": false}, {"key": "FOGAO_INCLUSO", "text": "Fog\u00e3o", "value": "NAO", "optional": false}, {"key": "GELADEIRA_INCLUSO", "text": "Geladeira", "value": "NAO", "optional": false}, {"key": "CHUVEIRO_ELETRICO", "text": "Chuveiro el\u00e9trico", "value": "SIM", "optional": false}, {"key": "MICROONDAS", "text": "Microondas", "value": "NAO", "optional": false}, {"key": "SOFA", "text": "Sof\u00e1", "value": "NAO", "optional": false}, {"key": "MAQUINA_DE_LAVAR", "text": "M\u00e1quina de lavar", "value": "NAO", "optional": false}, {"key": "TANQUE", "text": "Tanque", "value": "SIM", "optional": false}, {"key": "REDE_DE_PROTECAO", "text": "Tela nas janelas", "value": "SIM", "optional": false}, {"key": "VARAL_DE_ROUPAS", "text": "Varal de roupas", "value": "SIM", "optional": false}, {"key": "TOMADAS_NOVAS", "text": "Tomadas 3 pinos", "value": "SIM", "optional": false}, {"key": "TELEVISAO", "text": "Televis\u00e3o", "value": "NAO", "optional": false}, {"key": "MESAS_E_CADEIRAS_DE_JANTAR", "text": "Mesas e cadeiras de jantar", "value": "NAO", "optional": false}, {"key": "CHURRASQUEIRA", "text": "Churrasqueira", "value": "SIM", "optional": false}, {"key": "ACESSO_SEM_DEGRAUS", "text": "Acesso sem degraus", "value": "SIM", "optional": false}, {"key": "COOKTOP", "text": "Fog\u00e3o cooktop", "value": "NAO", "optional": false}, {"key": "UTENSILIOS_DE_COZINHA", "text": "Utens\u00edlios de cozinha", "value": "NAO", "optional": false}, {"key": "CAMA_DE_CASAL", "text": "Cama de casal", "value": "NAO", "optional": false}, {"key": "CAMA_DE_SOLTEIRO", "text": "Cama de solteiro", "value": "NAO", "optional": false}, {"key": "ESPELHO_NO_BANHEIRO", "text": "Espelho no banheiro", "value": "SIM", "optional": false}, {"key": "FECHADURA_ELETRONICA", "text": "Fechadura eletr\u00f4nica", "value": "SIM", "optional": false}, {"key": "ENERGIA", "text": "Energia no im\u00f3vel", "value": "SIM", "optional": false}], "area": 140, "installations": [{"key": "PLAYGROUND", "text": "Playground", "value": "NAO"}, {"key": "PISCINA", "text": "Piscina", "value": "NAO"}, {"key": "CHURRASQUEIRA", "text": "Churrasqueira", "value": "SIM"}, {"key": "QUADRA_ESPORTIVA", "text": "Quadra esportiva", "value": "NAO"}, {"key": "ACADEMIA", "text": "Academia", "value": "NAO"}, {"key": "SALAO_DE_FESTAS", "text": "Sal\u00e3o de festas", "value": "NAO"}, {"key": "SAUNA", "text": "Sauna", "value": "NAO"}, {"key": "LAVANDERIA_NO_PREDIO", "text": "Lavanderia no pr\u00e9dio", "value": "NAO"}, {"key": "GAS_ENCANADO", "text": "G\u00e1s encanado", "value": "SIM"}, {"key": "ESPACO_GOURMET_NA_AREA_COMUM", "text": "Espa\u00e7o gourmet na \u00e1rea comum", "value": "SIM"}, {"key": "BRINQUEDOTECA", "text": "Brinquedoteca", "value": "NAO"}, {"key": "CORRIMAO", "text": "Corrim\u00e3o", "value": "NAO"}, {"key": "PISO_TATIL", "text": "Piso t\u00e1til", "value": "NAO"}, {"key": "RAMPAS_DE_ACESSO", "text": "Rampas de acesso", "value": "NAO"}, {"key": "SALAO_DE_JOGOS", "text": "Sal\u00e3o de jogos", "value": "NAO"}, {"key": "VAGA_DE_GARAGEM_ACESSIVEL", "text": "Vaga de garagem acess\u00edvel", "value": "NAO"}, {"key": "AREA_VERDE", "text": "\u00c1rea verde", "value": "NAO"}, {"key": "Elevador", "value": "NAO"}, {"key": "Porteiro24H", "value": "NAO"}], "rentPrice": 3500, "condoPrice": 0, "condoType": "NaoExiste", "region": {"name": "Mandaqui", "hub": {"loading": "UNSET", "enabled": false, "abSecretariat": false, "isPrimaryMarket": false}, "id": 1579}, "type": "Casa", "iptuType": "Normal", "totalCost": 3682, "parkingSpaces": 1, "address": {"street": "Rua Francisco Gomes", "neighborhood": "Jardim Para\u00edso", "city": "S\u00e3o Paulo", "zipCode": "02417-060", "stateName": "S\u00e3o Paulo", "stateAcronym": "SP", "lat": -23.4792987, "lng": -46.6310096, "countryName": "Brasil", "countryCode": "BR", "country": "Brasil"}, "homeProtection": 58, "remarks": "", "acceptsPets": true, "hasFurniture": false, "isNearSubway": false, "placesNearby": [{"name": "Escola Almirante Visc de Inhauma", "type": "SCHOOL", "slug": "escola-almirante-visc-de-inhauma-sao-paulo-sp-brasil"}, {"name": "Complexo Hospitalar Mandaqui", "type": "HOSPITAL", "slug": "complexo-hospitalar-mandaqui-mandaqui-sao-paulo-sp-brasil"}, {"name": "Parque S\u00e3o Paulo Mandaqui", "type": "PARK_OR_GREEN_AREA", "slug": "parque-sao-paulo-mandaqui-parque-mandaqui-sao-paulo-sp"}, {"name": "Colegio Palavra Viva", "type": "SCHOOL", "slug": "colegio-palavra-viva-santana-sao-paulo-sp"}, {"name": "Escola Castro Alves", "type": "SCHOOL", "slug": "escola-castro-alves-sao-paulo-sp-brasil"}, {"name": "Col\u00e9gio Salesiano Santa Teresinha", "type": "SCHOOL", "slug": "colegio-salesiano-santa-teresinha-santa-teresinha-sao-paulo-sp"}, {"name": "SESI \u2013 Lauzane Paulista", "type": "SCHOOL", "slug": "sesi-lauzane-paulista-sao-paulo-sp"}, {"name": "DeRose Method Santana", "type": "UNIVERSITY_OR_COLLEGE", "slug": "derose-method-santana-\u00e1gua-fria-sao-paulo-sp"}, {"name": "Instituto Madre Mazarello", "type": "SCHOOL", "slug": "instituto-madre-mazarello-sao-paulo-sp-brasil"}, {"name": "Pra\u00e7a Iauti", "type": "PARK_OR_GREEN_AREA", "slug": "praca-iauti-santana-sao-paulo-sp"}, {"name": "Santana Parque Shopping", "type": "SHOPPING_MALL", "slug": "santana-parque-shopping-santana-sao-paulo-sp"}, {"name": "Escola Professor Romulo Peru", "type": "SCHOOL", "slug": "escola-professor-romulo-peru-sao-paulo-sp-brasil"}, {"name": "Hospital Policia Militar", "type": "HOSPITAL", "slug": "hospital-policia-militar-tucuruvi-sao-paulo-sp"}], "availabilityType": "IMMEDIATE", "photos": [{"id": 33966214, "subtitle": "Sala", "url": "893911770-621.5745858585941DSC3297.jpg", "cover": true}, {"id": 33966212, "subtitle": "Sala", "url": "893911770-171.124161058959DSC3295.jpg", "cover": false}, {"id": 33966213, "subtitle": "Sala", "url": "893911770-136.93063616520573DSC3296.jpg", "cover": false}, {"id": 33966215, "subtitle": "Sala", "url": "893911770-438.9485154918069DSC3298.jpg", "cover": false}, {"id": 33966216, "subtitle": "Banheiro", "url": "893911770-67.3908640880887DSC3299.jpg", "cover": false}, {"id": 33966217, "subtitle": "Banheiro", "url": "893911770-812.0064957078769DSC3300.jpg", "cover": false}, {"id": 33966218, "subtitle": "Banheiro", "url": "893911770-826.6264809987464DSC3301.jpg", "cover": false}, {"id": 33966220, "subtitle": "Banheiro", "url": "893911770-453.025445767161DSC3302.jpg", "cover": false}, {"id": 33966221, "subtitle": "Banheiro", "url": "893911770-462.4161601304744DSC3303.jpg", "cover": false}, {"id": 33966222, "subtitle": "Quarto 1", "url": "893911770-186.4025789620566DSC3304.jpg", "cover": false}, {"id": 33966223, "subtitle": "Quarto 1", "url": "893911770-47.24950857429266DSC3305.jpg", "cover": false}, {"id": 33966224, "subtitle": "Quarto 1", "url": "893911770-972.6826284432257DSC3306.jpg", "cover": false}, {"id": 33966225, "subtitle": "Quarto 1", "url": "893911770-313.2794081091005DSC3307.jpg", "cover": false}, {"id": 33966226, "subtitle": "Hall quartos", "url": "893911770-593.3465510080172DSC3309.jpg", "cover": false}, {"id": 33966227, "subtitle": "Quarto 2", "url": "893911770-364.5335267781491DSC3310.jpg", "cover": false}, {"id": 33966228, "subtitle": "Quarto 2", "url": "893911770-497.60681090900596DSC3311.jpg", "cover": false}, {"id": 33966229, "subtitle": "Quarto 2", "url": "893911770-132.90839444121784DSC3312.jpg", "cover": false}, {"id": 33966232, "subtitle": "Quarto 3", "url": "893911770-403.19847835678604DSC3314.jpg", "cover": false}, {"id": 33966233, "subtitle": "Quarto 3", "url": "893911770-698.4028723743088DSC3315.jpg", "cover": false}, {"id": 33966231, "subtitle": "Quarto 3", "url": "893911770-957.5811028400663DSC3313.jpg", "cover": false}, {"id": 33966234, "subtitle": "Quarto 4", "url": "893911770-341.44254423504816DSC3316.jpg", "cover": false}, {"id": 33966235, "subtitle": "Quarto 4", "url": "893911770-350.9523764561848DSC3317.jpg", "cover": false}, {"id": 33966236, "subtitle": "Quarto 4", "url": "893911770-915.4292990229352DSC3318.jpg", "cover": false}, {"id": 33966237, "subtitle": "Quarto 4", "url": "893911770-878.3440997939194DSC3319.jpg", "cover": false}, {"id": 33966238, "subtitle": "Banheiro quarto 4", "url": "893911770-828.8288825478351DSC3320.jpg", "cover": false}, {"id": 33966239, "subtitle": "Banheiro quarto 4", "url": "893911770-921.2740093697032DSC3321.jpg", "cover": false}, {"id": 33966240, "subtitle": "Banheiro quarto 4", "url": "893911770-269.62860059566793DSC3322.jpg", "cover": false}, {"id": 33966241, "subtitle": "Banheiro quarto 4", "url": "893911770-64.81027446817433DSC3323.jpg", "cover": false}, {"id": 33966243, "subtitle": "Cozinha", "url": "893911770-45.93487112336825DSC3328.jpg", "cover": false}, {"id": 33966244, "subtitle": "Cozinha", "url": "893911770-316.5396565476104DSC3329.jpg", "cover": false}, {"id": 33966245, "subtitle": "Cozinha", "url": "893911770-115.506212188472DSC3330.jpg", "cover": false}, {"id": 33966246, "subtitle": "Cozinha", "url": "893911770-920.855601391317DSC3331.jpg", "cover": false}, {"id": 33966247, "subtitle": "Cozinha", "url": "893911770-960.3955572439355DSC3332.jpg", "cover": false}, {"id": 33966248, "subtitle": "Cozinha", "url": "893911770-971.2097957348432DSC3333.jpg", "cover": false}, {"id": 33966250, "subtitle": "\u00c1rea de Servi\u00e7o", "url": "893911770-245.72738614971968DSC3334.jpg", "cover": false}, {"id": 33966251, "subtitle": "\u00c1rea de Servi\u00e7o", "url": "893911770-88.88050035729623DSC3335.jpg", "cover": false}, {"id": 33966252, "subtitle": "\u00c1rea de Servi\u00e7o", "url": "893911770-487.34490645987705DSC3336.jpg", "cover": false}, {"id": 33966254, "subtitle": "Lateral", "url": "893911770-138.16007500013828DSC3324.jpg", "cover": false}, {"id": 33966259, "subtitle": "Lateral", "url": "893911770-12.468991552221919DSC3337.jpg", "cover": false}, {"id": 33966255, "subtitle": "Quintal", "url": "893911770-247.88089075895104DSC3325.jpg", "cover": false}, {"id": 33966256, "subtitle": "Quintal", "url": "893911770-885.1379785652011DSC3326.jpg", "cover": false}, {"id": 33966257, "subtitle": "Quintal", "url": "893911770-622.5959286909458DSC3327.jpg", "cover": false}, {"id": 33966260, "subtitle": "Garagem", "url": "893911770-786.643336679559DSC3339.jpg", "cover": false}, {"id": 33966261, "subtitle": "Garagem", "url": "893911770-356.75902832526407DSC3340.jpg", "cover": false}, {"id": 33966262, "subtitle": "Garagem", "url": "893911770-89.48915985353435DSC3341.jpg", "cover": false}, {"id": 33966294, "subtitle": "Fachada", "url": "893911770-771.2025190653478fachada.jpg", "cover": false}], "photosCategorizedByRooms": [], "relevantRegions": [], "photospheres": [], "specialConditions": [], "offers": {"closingRate": 0, "shouldHighlightIcon": true, "shouldShowOfferDialog": false, "shouldShowOffers": false, "summary": []}, "status": "publicado", "showUrlHasBeenCopiedSnackbar": false, "isGalleryModalOpen": false, "error": false, "loaded": true, "loading": false, "loadingCategorizedRooms": false, "selectedMedia": "tenant/HouseMedia/PHOTOS", "video": "", "promotions": [], "condominium": {}, "forRent": true, "forSale": true, "salePrice": 850000, "mortgageFirstInstallment": 0, "listings": [{"imovelId": 893911770, "businessContext": "RENT", "status": "publicado", "firstPublicationDate": "2023-01-08T17:42:33.000+0000", "lastPublicationDate": "2023-01-08T17:42:33.000+0000", "listingRentModel": {"listingBusinessContextId": 1405092, "rentalAdministrator": "QUINTOANDAR"}, "ownership": "STANDARD"}, {"imovelId": 893911770, "businessContext": "SALE", "status": "publicado", "firstPublicationDate": "2023-01-08T18:20:52.000+0000", "lastPublicationDate": "2023-01-08T18:20:52.000+0000", "ownership": "STANDARD"}], "listingTags": [], "businessContext": "", "regionParameters": {"loaded": false, "loading": false, "RENT": {"visitsEnabled": true, "talkToAgentEnabled": false}, "SALE": {"visitsEnabled": true, "talkToAgentEnabled": false}}, "houseAgent": {"isDialogOpen": false, "alreadyOpenedByQueryParam": false}, "tenantServiceFee": 90, "closingStatus": {"loading": false}, "rentalGuarantee": {"minValue": 875, "maxValue": 2625}, "reservationAvailability": null, "isPrimaryMarket": false, "macroRegion": {"id": 2760, "name": "SPO09"}, "suites": 0, "allowsCustomOffer": true, "displayCustomOfferPreference": true, "movingDate": "2023-03-01", "houseVisitStatus": "ACCEPT_NEW", "visitStatusReason": null, "visitsUnavailable": false, "isReserved": false, "allowDirectOffer": true, "lastPublishedDate": "2023-01-08T17:42:33.000Z", "listingPublication": "not_stranded", "rentOnTermination": false, "constructionYear": null, "categories": []}, "markers": {"lat": -23.4792987, "lng": -46.6310096}, "talkToAgent": {"dialog": {"open": false, "questionType": null, "question": ""}, "agentSupport": {}, "error": null, "autoSubmit": false, "loading": false, "submitting": false, "success": false, "hasLoadedAgentInfo": false, "agent": null, "hasLoadedAgentsInRegion": false, "agentsInRegion": null}}}}, "__N_SSP": true}, "page": "/imovel/[houseId]/[[...slug]]", "query": {"houseId": "893911770", "slug": ["alugar", "casa-4-quartos-jardim-paraiso-sao-paulo"]}, "buildId": "gCr3Bg2lYzV9hxZqGibIQ", "runtimeConfig": {"NEXT_PUBLIC_HOME_ADVERTISING_BANNER": "coupon"}, "isFallback": false, "dynamicIds": [61847, 31265, 66435, 77453, 87356, 60899, 41103, 3232, 33207, 72227, 40072, 39327, 19904, 96827], "gssp": true, "customServer": true, "appGip": true, "locale": "pt-BR", "locales": ["pt-BR", "es-MX"], "defaultLocale": "pt-BR", "domainLocales": [{"domain": "www.quintoandar.com.br", "defaultLocale": "pt-BR"}, {"domain": "www.benvi.mx", "defaultLocale": "es-MX"}], "scriptLoader": []}