{"props": {"pageProps": {"initialState": {"route": {"locationBeforeTransitions": {"pathname": "/imovel/893941982/alugar/apartamento-3-quartos-higienopolis-sao-paulo", "search": "", "hash": "", "action": "POP", "query": {}}, "topLevelRouteName": "house details", "businessContext": "RENT", "favoriteListsBusinessContext": "RENT"}, "router": {"location": {"href": "/", "pathname": "/", "search": "", "hash": ""}}, "progress": {"pendingRequests": -1}, "login": {"response": {}, "user": {"isLoggedIn": false, "id": 0, "agentId": 0, "hashId": "", "sessionId": null, "name": "", "email": "", "maskedEmail": "", "jwt": {"app": "", "firebase": ""}, "phone": {"countryCode": "+55", "areaCode": "", "phoneNumber": ""}, "country": "BR", "channel": "", "isPhoneRegistered": false, "acceptWhatsapp": true, "hasDocument": false, "isPartner": false}, "accountForm": {}, "redirectUrl": "", "isRequestOngoing": false}, "captcha": {"token": "", "hasLoadedRemoteConfig": false, "provider": "", "friction": "low", "unavailableCountriesCode": []}, "supportedCities": [], "inAppMessages": {"biomaSurvey": {"isOpen": false, "formId": null, "data": {"opaque": true}}}, "metaData": {"similar_houses_clicked": []}, "appData": {"device": {"type": "desktop", "isSearchEngineCrawler": false}, "experiments": "X-AB-Test=ab_exposed_filter_sale_desktop:1,ab_exposed_filter_sale_v1:1,ab_exposed_filters:1,ab_load_more_v0:-1,ab_new_house_card_v2:0,ab_new_rent_listing_phase2:0,ab_profiling_create_alert_filters:0,ab_scheduling_step_by_step_v1:1,ab_show_floor_sale:0,ab_street_search_retrieval_v1:0"}, "house": {"houseInfo": {"id": "893941982", "displayId": "1241982", "bedrooms": 3, "city": "S\u00e3o Paulo", "cityId": 39, "bathrooms": 3, "iptu": 59, "amenities": [{"key": "BANHEIRA_DE_HIDROMASSAGEM", "text": "Banheira", "value": "NAO", "optional": false}, {"key": "BOX", "text": "Box", "value": "NAO", "optional": false}, {"key": "VARANDA", "text": "Varanda", "value": "NAO", "optional": false}, {"key": "PISCINA_PRIVATIVA", "text": "Piscina privativa", "value": "NAO", "optional": false}, {"key": "ARMARIOS_EMBUTIDOS_NO_QUARTO", "text": "Arm\u00e1rios no quarto", "value": "NAO", "optional": false}, {"key": "ARMARIOS_NOS_BANHEIROS", "text": "Arm\u00e1rios no banheiro", "value": "NAO", "optional": false}, {"key": "ARMARIOS_NA_COZINHA", "text": "Arm\u00e1rios na cozinha", "value": "NAO", "optional": false}, {"key": "AR_CONDICIONADO", "text": "Ar condicionado", "value": "NAO", "optional": false}, {"key": "CHUVEIRO_A_GAS", "text": "Chuveiro a g\u00e1s", "value": "NAO", "optional": false}, {"key": "QUARTO_DE_SERVICO", "text": "Quarto de servi\u00e7o", "value": "NAO", "optional": false}, {"key": "BANHEIRO_DE_SERVICO", "text": "Banheiro de servi\u00e7o", "value": "NAO", "optional": false}, {"key": "VARANDA_GOURMET", "text": "Varanda gourmet", "value": "NAO", "optional": false}, {"key": "APARTAMENTO_COBERTURA", "text": "Apartamento cobertura", "value": "NAO", "optional": false}, {"key": "QUARTO_EXTRA_REVERSIVEL", "text": "Quarto extra revers\u00edvel", "value": "NAO", "optional": false}, {"key": "FOGAO_INCLUSO", "text": "Fog\u00e3o", "value": "NAO", "optional": false}, {"key": "GELADEIRA_INCLUSO", "text": "Geladeira", "value": "NAO", "optional": false}, {"key": "BANHEIRO_ADAPTADO", "text": "Banheiro adaptado", "value": "NAO", "optional": false}, {"key": "CLOSET", "text": "Closet", "value": "NAO", "optional": false}, {"key": "COZINHA_AMERICANA", "text": "Cozinha americana", "value": "NAO", "optional": false}, {"key": "MESAS_E_CADEIRAS_DE_ESCRITORIO", "text": "Mesas e cadeiras de escrit\u00f3rio", "value": "NAO", "optional": false}, {"key": "JARDIM", "text": "Jardim", "value": "NAO", "optional": false}, {"key": "QUARTOS_E_CORREDORES_COM_PORTAS_AMPLAS", "text": "Quartos e corredores com portas amplas", "value": "NAO", "optional": false}, {"key": "QUINTAL", "text": "Quintal", "value": "NAO", "optional": false}, {"key": "SOMENTE_UMA_CASA_NO_TERRENO", "text": "Somente uma casa no terreno", "value": "NAO", "optional": false}, {"key": "AREA_DE_SERVICO", "text": "\u00c1rea de servi\u00e7o", "value": "NAO", "optional": false}], "comfortCommodities": [{"key": "BANHEIRA_DE_HIDROMASSAGEM", "text": "Banheira", "value": "NAO", "optional": false}, {"key": "PISCINA_PRIVATIVA", "text": "Piscina privativa", "value": "NAO", "optional": false}, {"key": "AR_CONDICIONADO", "text": "Ar condicionado", "value": "NAO", "optional": false}, {"key": "SOL_DA_MANHA", "text": "Sol da manh\u00e3", "value": "NAO", "optional": false}, {"key": "SOL_DA_TARDE", "text": "Sol da tarde", "value": "NAO", "optional": false}, {"key": "CORTINAS_BLACK_OUT", "text": "Cortinas corta luz", "value": "NAO", "optional": false}, {"key": "CORTINAS_DECORATIVAS", "text": "Cortina transl\u00facida", "value": "NAO", "optional": false}, {"key": "JANELA_ANTI_RUIDO", "text": "Janela anti-ru\u00eddo", "value": "NAO", "optional": false}, {"key": "VENTILADOR_DE_TETO", "text": "Ventilador de teto", "value": "NAO", "optional": false}, {"key": "LUMINOSIDADE_NATURAL", "text": "Janelas grandes", "value": "NAO", "optional": false}, {"key": "VISTA_LIVRE", "text": "Vista livre", "value": "NAO", "optional": false}, {"key": "RUA_SILENCIOSA", "text": "Rua silenciosa", "value": "NAO", "optional": false}], "practicalityCommodities": [{"key": "BOX", "text": "Box", "value": "NAO", "optional": false}, {"key": "ARMARIOS_EMBUTIDOS_NO_QUARTO", "text": "Arm\u00e1rios no quarto", "value": "NAO", "optional": false}, {"key": "ARMARIOS_NOS_BANHEIROS", "text": "Arm\u00e1rios no banheiro", "value": "NAO", "optional": false}, {"key": "ARMARIOS_NA_COZINHA", "text": "Arm\u00e1rios na cozinha", "value": "NAO", "optional": false}, {"key": "CHUVEIRO_A_GAS", "text": "Chuveiro a g\u00e1s", "value": "NAO", "optional": false}, {"key": "FOGAO_INCLUSO", "text": "Fog\u00e3o", "value": "NAO", "optional": false}, {"key": "GELADEIRA_INCLUSO", "text": "Geladeira", "value": "NAO", "optional": false}, {"key": "CHUVEIRO_ELETRICO", "text": "Chuveiro el\u00e9trico", "value": "NAO", "optional": false}, {"key": "MICROONDAS", "text": "Microondas", "value": "NAO", "optional": false}, {"key": "SOFA", "text": "Sof\u00e1", "value": "NAO", "optional": false}, {"key": "MAQUINA_DE_LAVAR", "text": "M\u00e1quina de lavar", "value": "NAO", "optional": false}, {"key": "TANQUE", "text": "Tanque", "value": "NAO", "optional": false}, {"key": "REDE_DE_PROTECAO", "text": "Tela nas janelas", "value": "NAO", "optional": false}, {"key": "VARAL_DE_ROUPAS", "text": "Varal de roupas", "value": "NAO", "optional": false}, {"key": "TOMADAS_NOVAS", "text": "Tomadas 3 pinos", "value": "NAO", "optional": false}, {"key": "TELEVISAO", "text": "Televis\u00e3o", "value": "NAO", "optional": false}, {"key": "MESAS_E_CADEIRAS_DE_JANTAR", "text": "Mesas e cadeiras de jantar", "value": "NAO", "optional": false}, {"key": "CHURRASQUEIRA", "text": "Churrasqueira", "value": "NAO", "optional": false}, {"key": "ACESSO_SEM_DEGRAUS", "text": "Acesso sem degraus", "value": "NAO", "optional": false}, {"key": "COOKTOP", "text": "Fog\u00e3o cooktop", "value": "NAO", "optional": false}, {"key": "UTENSILIOS_DE_COZINHA", "text": "Utens\u00edlios de cozinha", "value": "NAO", "optional": false}, {"key": "CAMA_DE_CASAL", "text": "Cama de casal", "value": "NAO", "optional": false}, {"key": "CAMA_DE_SOLTEIRO", "text": "Cama de solteiro", "value": "NAO", "optional": false}, {"key": "ESPELHO_NO_BANHEIRO", "text": "Espelho no banheiro", "value": "NAO", "optional": false}, {"key": "FECHADURA_ELETRONICA", "text": "Fechadura eletr\u00f4nica", "value": "NAO", "optional": false}, {"key": "ENERGIA", "text": "Energia no im\u00f3vel", "value": "NAO", "optional": false}], "area": 125, "installations": [{"key": "PLAYGROUND", "text": "Playground", "value": "NAO_INFORMADO"}, {"key": "PISCINA", "text": "Piscina", "value": "NAO_INFORMADO"}, {"key": "CHURRASQUEIRA", "text": "Churrasqueira", "value": "NAO_INFORMADO"}, {"key": "QUADRA_ESPORTIVA", "text": "Quadra esportiva", "value": "NAO_INFORMADO"}, {"key": "ACADEMIA", "text": "Academia", "value": "NAO_INFORMADO"}, {"key": "SALAO_DE_FESTAS", "text": "Sal\u00e3o de festas", "value": "NAO_INFORMADO"}, {"key": "SAUNA", "text": "Sauna", "value": "NAO_INFORMADO"}, {"key": "LAVANDERIA_NO_PREDIO", "text": "Lavanderia no pr\u00e9dio", "value": "NAO_INFORMADO"}, {"key": "GAS_ENCANADO", "text": "G\u00e1s encanado", "value": "NAO_INFORMADO"}, {"key": "ESPACO_GOURMET_NA_AREA_COMUM", "text": "Espa\u00e7o gourmet na \u00e1rea comum", "value": "NAO_INFORMADO"}, {"key": "BRINQUEDOTECA", "text": "Brinquedoteca", "value": "NAO_INFORMADO"}, {"key": "CORRIMAO", "text": "Corrim\u00e3o", "value": "NAO_INFORMADO"}, {"key": "PISO_TATIL", "text": "Piso t\u00e1til", "value": "NAO_INFORMADO"}, {"key": "RAMPAS_DE_ACESSO", "text": "Rampas de acesso", "value": "NAO_INFORMADO"}, {"key": "SALAO_DE_JOGOS", "text": "Sal\u00e3o de jogos", "value": "NAO_INFORMADO"}, {"key": "VAGA_DE_GARAGEM_ACESSIVEL", "text": "Vaga de garagem acess\u00edvel", "value": "NAO_INFORMADO"}, {"key": "AREA_VERDE", "text": "\u00c1rea verde", "value": "NAO_INFORMADO"}, {"key": "Elevador", "value": "NAO"}, {"key": "Porteiro24H", "value": "SIM"}], "rentPrice": 7150, "condoPrice": 1890, "condoType": "Normal", "region": {"name": "Higien\u00f3polis", "hub": {"loading": "UNSET", "enabled": false, "abSecretariat": false, "isPrimaryMarket": false}, "id": 70}, "type": "Apartamento", "iptuType": "Normal", "totalCost": 9190, "parkingSpaces": 2, "address": {"street": "Avenida Higien\u00f3polis", "neighborhood": "Higien\u00f3polis", "city": "S\u00e3o Paulo", "zipCode": "01238-000", "stateName": "S\u00e3o Paulo", "stateAcronym": "SP", "lat": -23.5441999, "lng": -46.6547128, "countryName": "Brasil", "countryCode": "BR", "country": "Brasil"}, "floor": 11, "homeProtection": 91, "remarks": "APARTAMENTO - HIGIEN\u00d3POLIS- 3 DORMIT\u00d3RIOS - 2 SU\u00cdTES - 2 VAGAS", "acceptsPets": false, "hasFurniture": false, "isNearSubway": true, "placesNearby": [{"name": "Col\u00e9gio Mackenzie", "type": "SCHOOL", "slug": "colegio-mackenzie-higienopolis-sao-paulo-sp"}, {"name": "Faculdade de Arquitetura e Urbanismo", "type": "UNIVERSITY_OR_COLLEGE", "slug": "faculdade-de-arquitetura-e-urbanismo-higienopolis-sao-paulo-sp"}, {"name": "Hospital Santa Isabel", "type": "HOSPITAL", "slug": "hospital-santa-isabel-santa-cecilia-sao-paulo-sp"}, {"name": "Senac Sede", "type": "SCHOOL", "slug": "senac-sede-santa-cecilia-sao-paulo-sp"}, {"name": "SESC Consola\u00e7\u00e3o", "type": "MUSEUM_THEATRE_OR_CONCERT_HALL", "slug": "sesc-consolacao-santa-cecilia-sao-paulo-sp"}, {"name": "EMEI Monteiro Lobato", "type": "SCHOOL", "slug": "emei-monteiro-lobato-higienopolis-sao-paulo-sp"}, {"name": "Teatro Commune", "type": "MUSEUM_THEATRE_OR_CONCERT_HALL", "slug": "teatro-commune-higienopolis-sao-paulo-sp"}, {"name": "Ch\u00e1cara Lane", "type": "MUSEUM_THEATRE_OR_CONCERT_HALL", "slug": "chacara-lane-higienopolis-sao-paulo-sp"}, {"name": "Galeria Jaqueline Martins", "type": "MUSEUM_THEATRE_OR_CONCERT_HALL", "slug": "galeria-jaqueline-martins-santa-cecilia-sao-paulo-sp"}, {"name": "Mackenzie", "type": "UNIVERSITY_OR_COLLEGE", "slug": "universidade-presbiteriana-mackenzie-sao-paulo-sp"}, {"name": "Higien\u00f3polis-Mackenzie", "type": "ESTACAO_METRO_OU_TREM", "slug": "estacao-higienopolis-mackenzie-linha-6-consolacao-sao-paulo-sp"}, {"name": "FCMSCSP - Faculdade Medicina Santa Casa", "type": "UNIVERSITY_OR_COLLEGE", "slug": "faculdade-ciencias-medicas-santa-casa-sao-paulo-sp"}, {"name": "Escola Paulista da Magistratura", "type": "UNIVERSITY_OR_COLLEGE", "slug": "escola-paulista-da-magistratura-consolacao-sao-paulo-sp"}, {"name": "Ang\u00e9lica-Pacaembu", "type": "ESTACAO_METRO_OU_TREM", "slug": "estacao-angelica-pacaembu-higienopolis-sao-paulo-sp"}, {"name": "PUC SP - Campus Consola\u00e7\u00e3o", "type": "UNIVERSITY_OR_COLLEGE", "slug": "puc-consola\u00e7\u00e3o-sao-paulo-sp"}, {"name": "Largo do Arouche", "type": "PARK_OR_GREEN_AREA", "slug": "largo-do-arouche-santa-cecilia-sao-paulo-sp"}, {"name": "Santa Cec\u00edlia", "type": "ESTACAO_METRO_OU_TREM", "slug": "estacao-santa-cecilia-sao-paulo-sp"}, {"name": "FAAP", "type": "UNIVERSITY_OR_COLLEGE", "slug": "faap-higienopolis-sao-paulo-sp"}, {"name": "Museus de Arte Brasileira da FAAP", "type": "MUSEUM_THEATRE_OR_CONCERT_HALL", "slug": "museus-de-arte-brasileira-da-faap-higienopolis-sao-paulo-sp"}, {"name": "Terminal Amaral Gurgel", "type": "BUS_TERMINAL_STATION", "slug": "terminal-amaral-gurgel-santa-cecilia-sao-paulo-sp"}, {"name": "Clube Atl\u00e9tico S\u00e3o Paulo (SPAC)", "type": "STADIUM", "slug": "clube-atletico-sao-paulo-spac-sao-paulo-sp-brasil"}, {"name": "Escola Nossa Senhora da Consola\u00e7\u00e3o", "type": "SCHOOL", "slug": "escola-nossa-senhora-da-consolacao-sao-paulo-sp-brasil"}, {"name": "Parque Minhoc\u00e3o (Via Elevado Pres. Jo\u00e3o Goulart)", "type": "PARK_OR_GREEN_AREA", "slug": "parque-minhocao-via-elevado-pres-joao-goulart-barra-funda-sao-paulo-sp-brasil"}, {"name": "DeRose Method Higien\u00f3polis", "type": "UNIVERSITY_OR_COLLEGE", "slug": "derose-method-higienopolis-higienopolis-sao-paulo-sp"}, {"name": "Est\u00fadio Lois Louis", "type": "MUSEUM_THEATRE_OR_CONCERT_HALL", "slug": "estudio-lois-louis-consolacao-sao-paulo-sp"}, {"name": "La Salsa Discotek", "type": "MUSEUM_THEATRE_OR_CONCERT_HALL", "slug": "la-salsa-discotek-santa-cecilia-sao-paulo-sp"}, {"name": "Teatro de Arena", "type": "MUSEUM_THEATRE_OR_CONCERT_HALL", "slug": "teatro-de-arena-santa-cecilia-sao-paulo-sp"}, {"name": "Teatro Augusta", "type": "MUSEUM_THEATRE_OR_CONCERT_HALL", "slug": "teatro-augusta-consolacao-sao-paulo-sp"}, {"name": "Casa Modernista", "type": "MUSEUM_THEATRE_OR_CONCERT_HALL", "slug": "casa-modernista-pacaembu-sao-paulo-sp-brasil"}, {"name": "NotreDame Interm\u00e9dica Hospital e Pronto Socorro Santa Cecilia", "type": "HOSPITAL", "slug": "notredame-intermedica-hospital-e-pronto-socorro-santa-cecilia-santa-cecilia-sao-paulo-sp"}], "availabilityType": "IMMEDIATE", "photos": [{"id": 34818499, "subtitle": "", "url": "893941982-351.6477622215148895c25bd-43c6-4c3c-9f62-648d9e395262-LEAD3P-a32986c8-184b-4166-8d52-a0fbea77ff82.jpg", "cover": true}, {"id": 34818495, "subtitle": "", "url": "893941982-849.0971935020004895c25bd-43c6-4c3c-9f62-648d9e395262-LEAD3P-e221ba16-dfc1-4c72-894e-7e948d9aecb4.jpg", "cover": false}, {"id": 34818493, "subtitle": "", "url": "893941982-196.97932017520714895c25bd-43c6-4c3c-9f62-648d9e395262-LEAD3P-0ea9e9aa-abe5-4bf7-924e-74a79d749461.jpg", "cover": false}, {"id": 34818492, "subtitle": "", "url": "893941982-263.9952441981831895c25bd-43c6-4c3c-9f62-648d9e395262-LEAD3P-de483bf5-223e-455d-a7e9-df10053a6266.jpg", "cover": false}, {"id": 34818491, "subtitle": "", "url": "893941982-525.9142208628813895c25bd-43c6-4c3c-9f62-648d9e395262-LEAD3P-9398f073-e5a7-48fd-a9c4-70cae51ee5a9.jpg", "cover": false}, {"id": 34818490, "subtitle": "", "url": "893941982-426.85008097374555895c25bd-43c6-4c3c-9f62-648d9e395262-LEAD3P-e590d8ca-d4b4-4061-8251-8065bc148902.jpg", "cover": false}, {"id": 34818489, "subtitle": "", "url": "893941982-527.5736415114592895c25bd-43c6-4c3c-9f62-648d9e395262-LEAD3P-628523f9-b3a1-4b49-ae87-67dc6d2980fb.jpg", "cover": false}, {"id": 34818488, "subtitle": "", "url": "893941982-816.0546116002191895c25bd-43c6-4c3c-9f62-648d9e395262-LEAD3P-9af21950-4780-4460-869b-39079427c9dc.jpg", "cover": false}, {"id": 34818494, "subtitle": "", "url": "893941982-373.9384227181207895c25bd-43c6-4c3c-9f62-648d9e395262-LEAD3P-229e1229-c3f8-4f61-97bb-95ed4a13ae4d.jpg", "cover": false}, {"id": 34818503, "subtitle": "", "url": "893941982-859.6065153685197895c25bd-43c6-4c3c-9f62-648d9e395262-LEAD3P-7a9c13bd-d160-436f-b067-558359c288d8.jpg", "cover": false}, {"id": 34818502, "subtitle": "", "url": "893941982-872.3332655752396895c25bd-43c6-4c3c-9f62-648d9e395262-LEAD3P-8482aa5b-2215-4eac-a1bc-73775ee0a35a.jpg", "cover": false}, {"id": 34818501, "subtitle": "", "url": "893941982-729.3138552787742895c25bd-43c6-4c3c-9f62-648d9e395262-LEAD3P-76a48f8b-caf0-49dd-bbbc-5ea07756f8d5.jpg", "cover": false}, {"id": 34818498, "subtitle": "", "url": "893941982-539.4920535579139895c25bd-43c6-4c3c-9f62-648d9e395262-LEAD3P-7bbe2a6c-3722-4545-a980-f6025852df46.jpg", "cover": false}, {"id": 34818497, "subtitle": "", "url": "893941982-813.2836374103347895c25bd-43c6-4c3c-9f62-648d9e395262-LEAD3P-a4889f40-2cfe-47ee-a264-a3fdc01b0749.jpg", "cover": false}, {"id": 34818496, "subtitle": "", "url": "893941982-473.3308746326912895c25bd-43c6-4c3c-9f62-648d9e395262-LEAD3P-364b1d47-38c9-4a67-a19e-0d743befa8ef.jpg", "cover": false}, {"id": 34818500, "subtitle": "", "url": "893941982-139.17493210592346895c25bd-43c6-4c3c-9f62-648d9e395262-LEAD3P-08363a24-7e98-4835-b161-8d97610ddca7.jpg", "cover": false}, {"id": 34818483, "subtitle": "", "url": "893941982-709.4057448533291895c25bd-43c6-4c3c-9f62-648d9e395262-LEAD3P-0860307d-17ce-4284-a6c8-77c2f8d1323b.jpg", "cover": false}, {"id": 34818484, "subtitle": "", "url": "893941982-398.7917665321977895c25bd-43c6-4c3c-9f62-648d9e395262-LEAD3P-8cebbbe8-f60f-497e-a964-57482906ce1d.jpg", "cover": false}, {"id": 34818487, "subtitle": "", "url": "893941982-715.9392994057109895c25bd-43c6-4c3c-9f62-648d9e395262-LEAD3P-1e7c9274-1379-46af-9583-4a5d09213c5f.jpg", "cover": false}, {"id": 34818486, "subtitle": "", "url": "893941982-131.92029148160034895c25bd-43c6-4c3c-9f62-648d9e395262-LEAD3P-a821d2be-e276-4a95-9ddc-56dd66d90bfa.jpg", "cover": false}, {"id": 34818485, "subtitle": "", "url": "893941982-230.04837737475458895c25bd-43c6-4c3c-9f62-648d9e395262-LEAD3P-e0fa69bd-4233-411f-b07d-9d4c173dade1.jpg", "cover": false}], "photosCategorizedByRooms": [], "relevantRegions": [], "photospheres": [], "specialConditions": [], "offers": {"closingRate": 0, "shouldHighlightIcon": true, "shouldShowOfferDialog": false, "shouldShowOffers": false, "summary": []}, "status": "publicado", "showUrlHasBeenCopiedSnackbar": false, "isGalleryModalOpen": false, "error": false, "loaded": true, "loading": false, "loadingCategorizedRooms": false, "selectedMedia": "tenant/HouseMedia/PHOTOS", "video": "", "promotions": [], "condominium": {"hashId": "jdjrs3r6k5", "name": "Mans\u00e3o Orl\u00e2ndia rudge ramos", "slug": "mansao-orlandia-rudge-ramos-higienopolis-sao-paulo", "address": "Av. Higien\u00f3polis", "constructionYear": 1974}, "forRent": true, "forSale": true, "salePrice": 1585000, "mortgageFirstInstallment": 0, "listings": [{"imovelId": 893941982, "businessContext": "RENT", "status": "publicado", "firstPublicationDate": "2023-02-07T21:15:00.000+0000", "lastPublicationDate": "2023-02-07T21:15:00.000+0000", "listingRentModel": {"listingBusinessContextId": 1457546, "rentalAdministrator": "QUINTOANDAR"}, "ownership": "THIRD_PARTY"}, {"imovelId": 893941982, "businessContext": "SALE", "status": "publicado", "firstPublicationDate": "2023-01-30T16:45:07.000+0000", "lastPublicationDate": "2023-01-30T16:45:07.000+0000", "ownership": "THIRD_PARTY"}], "listingTags": [], "businessContext": "", "regionParameters": {"loaded": false, "loading": false, "RENT": {"visitsEnabled": true, "talkToAgentEnabled": false}, "SALE": {"visitsEnabled": true, "talkToAgentEnabled": false}}, "houseAgent": {"isDialogOpen": false, "alreadyOpenedByQueryParam": false}, "tenantServiceFee": 186, "closingStatus": {"loading": false}, "rentalGuarantee": {"minValue": 1787.5, "maxValue": 5362.5}, "reservationAvailability": null, "isPrimaryMarket": false, "macroRegion": {"id": 2705, "name": "SPO 02"}, "suites": 2, "houseVisitStatus": "ACCEPT_NEW", "visitStatusReason": null, "visitsUnavailable": false, "isReserved": false, "allowDirectOffer": true, "lastPublishedDate": "2023-02-07T21:15:00.000Z", "listingPublication": "not_stranded", "rentOnTermination": false, "constructionYear": 1974, "categories": []}, "markers": {"lat": -23.5441999, "lng": -46.6547128}, "talkToAgent": {"dialog": {"open": false, "questionType": null, "question": ""}, "agentSupport": {}, "error": null, "autoSubmit": false, "loading": false, "submitting": false, "success": false, "hasLoadedAgentInfo": false, "agent": null, "hasLoadedAgentsInRegion": false, "agentsInRegion": null}}}}, "__N_SSP": true}, "page": "/imovel/[houseId]/[[...slug]]", "query": {"houseId": "893941982", "slug": ["alugar", "apartamento-3-quartos-higienopolis-sao-paulo"]}, "buildId": "gCr3Bg2lYzV9hxZqGibIQ", "runtimeConfig": {"NEXT_PUBLIC_HOME_ADVERTISING_BANNER": "coupon"}, "isFallback": false, "dynamicIds": [61847, 31265, 66435, 77453, 87356, 60899, 41103, 3232, 33207, 72227, 40072, 39327, 19904, 96827], "gssp": true, "customServer": true, "appGip": true, "locale": "pt-BR", "locales": ["pt-BR", "es-MX"], "defaultLocale": "pt-BR", "domainLocales": [{"domain": "www.quintoandar.com.br", "defaultLocale": "pt-BR"}, {"domain": "www.benvi.mx", "defaultLocale": "es-MX"}], "scriptLoader": []}