{"props": {"pageProps": {"initialState": {"route": {"locationBeforeTransitions": {"pathname": "/imovel/893955817/alugar/apartamento-3-quartos-jardim-paulista-sao-paulo", "search": "", "hash": "", "action": "POP", "query": {}}, "topLevelRouteName": "house details", "businessContext": "RENT", "favoriteListsBusinessContext": "RENT"}, "router": {"location": {"href": "/", "pathname": "/", "search": "", "hash": ""}}, "progress": {"pendingRequests": -1}, "login": {"response": {}, "user": {"isLoggedIn": false, "id": 0, "agentId": 0, "hashId": "", "sessionId": null, "name": "", "email": "", "maskedEmail": "", "jwt": {"app": "", "firebase": ""}, "phone": {"countryCode": "+55", "areaCode": "", "phoneNumber": ""}, "country": "BR", "channel": "", "isPhoneRegistered": false, "acceptWhatsapp": true, "hasDocument": false, "isPartner": false}, "accountForm": {}, "redirectUrl": "", "isRequestOngoing": false}, "captcha": {"token": "", "hasLoadedRemoteConfig": false, "provider": "", "friction": "low", "unavailableCountriesCode": []}, "supportedCities": [], "inAppMessages": {"biomaSurvey": {"isOpen": false, "formId": null, "data": {"opaque": true}}}, "metaData": {"similar_houses_clicked": []}, "appData": {"device": {"type": "desktop", "isSearchEngineCrawler": false}, "experiments": "X-AB-Test=ab_exposed_filter_sale_desktop:1,ab_exposed_filter_sale_v1:1,ab_exposed_filters:1,ab_load_more_v0:-1,ab_new_house_card_v2:0,ab_new_rent_listing_phase2:0,ab_profiling_create_alert_filters:0,ab_scheduling_step_by_step_v1:1,ab_show_floor_sale:0,ab_street_search_retrieval_v1:0"}, "house": {"houseInfo": {"id": "893955817", "displayId": "1255817", "bedrooms": 3, "city": "S\u00e3o Paulo", "cityId": 39, "bathrooms": 2, "iptu": 170, "amenities": [{"key": "BANHEIRA_DE_HIDROMASSAGEM", "text": "Banheira", "value": "NAO", "optional": false}, {"key": "BOX", "text": "Box", "value": "SIM", "optional": false}, {"key": "VARANDA", "text": "Varanda", "value": "NAO", "optional": false}, {"key": "PISCINA_PRIVATIVA", "text": "Piscina privativa", "value": "NAO", "optional": false}, {"key": "ARMARIOS_EMBUTIDOS_NO_QUARTO", "text": "Arm\u00e1rios no quarto", "value": "SIM", "optional": false}, {"key": "ARMARIOS_NOS_BANHEIROS", "text": "Arm\u00e1rios no banheiro", "value": "SIM", "optional": false}, {"key": "ARMARIOS_NA_COZINHA", "text": "Arm\u00e1rios na cozinha", "value": "SIM", "optional": false}, {"key": "AR_CONDICIONADO", "text": "Ar condicionado", "value": "NAO", "optional": false}, {"key": "CHUVEIRO_A_GAS", "text": "Chuveiro a g\u00e1s", "value": "SIM", "optional": false}, {"key": "QUARTO_DE_SERVICO", "text": "Quarto de servi\u00e7o", "value": "SIM", "optional": false}, {"key": "BANHEIRO_DE_SERVICO", "text": "Banheiro de servi\u00e7o", "value": "NAO", "optional": false}, {"key": "VARANDA_GOURMET", "text": "Varanda gourmet", "value": "NAO", "optional": false}, {"key": "APARTAMENTO_COBERTURA", "text": "Apartamento cobertura", "value": "NAO", "optional": false}, {"key": "QUARTO_EXTRA_REVERSIVEL", "text": "Quarto extra revers\u00edvel", "value": "NAO", "optional": false}, {"key": "FOGAO_INCLUSO", "text": "Fog\u00e3o", "value": "NAO", "optional": false}, {"key": "GELADEIRA_INCLUSO", "text": "Geladeira", "value": "NAO", "optional": false}, {"key": "BANHEIRO_ADAPTADO", "text": "Banheiro adaptado", "value": "NAO", "optional": false}, {"key": "CLOSET", "text": "Closet", "value": "NAO", "optional": false}, {"key": "COZINHA_AMERICANA", "text": "Cozinha americana", "value": "NAO", "optional": false}, {"key": "MESAS_E_CADEIRAS_DE_ESCRITORIO", "text": "Mesas e cadeiras de escrit\u00f3rio", "value": "NAO", "optional": false}, {"key": "JARDIM", "text": "Jardim", "value": "NAO", "optional": false}, {"key": "QUARTOS_E_CORREDORES_COM_PORTAS_AMPLAS", "text": "Quartos e corredores com portas amplas", "value": "SIM", "optional": false}, {"key": "QUINTAL", "text": "Quintal", "value": "NAO", "optional": false}, {"key": "SOMENTE_UMA_CASA_NO_TERRENO", "text": "Somente uma casa no terreno", "value": "NAO", "optional": false}, {"key": "AREA_DE_SERVICO", "text": "\u00c1rea de servi\u00e7o", "value": "SIM", "optional": false}], "comfortCommodities": [{"key": "BANHEIRA_DE_HIDROMASSAGEM", "text": "Banheira", "value": "NAO", "optional": false}, {"key": "PISCINA_PRIVATIVA", "text": "Piscina privativa", "value": "NAO", "optional": false}, {"key": "AR_CONDICIONADO", "text": "Ar condicionado", "value": "NAO", "optional": false}, {"key": "SOL_DA_MANHA", "text": "Sol da manh\u00e3", "value": "NAO", "optional": false}, {"key": "SOL_DA_TARDE", "text": "Sol da tarde", "value": "SIM", "optional": false}, {"key": "CORTINAS_BLACK_OUT", "text": "Cortinas corta luz", "value": "NAO", "optional": false}, {"key": "CORTINAS_DECORATIVAS", "text": "Cortina transl\u00facida", "value": "NAO", "optional": false}, {"key": "JANELA_ANTI_RUIDO", "text": "Janela anti-ru\u00eddo", "value": "NAO", "optional": false}, {"key": "VENTILADOR_DE_TETO", "text": "Ventilador de teto", "value": "NAO", "optional": false}, {"key": "LUMINOSIDADE_NATURAL", "text": "Janelas grandes", "value": "SIM", "optional": false}, {"key": "VISTA_LIVRE", "text": "Vista livre", "value": "SIM", "optional": false}, {"key": "RUA_SILENCIOSA", "text": "Rua silenciosa", "value": "NAO", "optional": false}], "practicalityCommodities": [{"key": "BOX", "text": "Box", "value": "SIM", "optional": false}, {"key": "ARMARIOS_EMBUTIDOS_NO_QUARTO", "text": "Arm\u00e1rios no quarto", "value": "SIM", "optional": false}, {"key": "ARMARIOS_NOS_BANHEIROS", "text": "Arm\u00e1rios no banheiro", "value": "SIM", "optional": false}, {"key": "ARMARIOS_NA_COZINHA", "text": "Arm\u00e1rios na cozinha", "value": "SIM", "optional": false}, {"key": "CHUVEIRO_A_GAS", "text": "Chuveiro a g\u00e1s", "value": "SIM", "optional": false}, {"key": "FOGAO_INCLUSO", "text": "Fog\u00e3o", "value": "NAO", "optional": false}, {"key": "GELADEIRA_INCLUSO", "text": "Geladeira", "value": "NAO", "optional": false}, {"key": "CHUVEIRO_ELETRICO", "text": "Chuveiro el\u00e9trico", "value": "NAO", "optional": false}, {"key": "MICROONDAS", "text": "Microondas", "value": "NAO", "optional": false}, {"key": "SOFA", "text": "Sof\u00e1", "value": "NAO", "optional": false}, {"key": "MAQUINA_DE_LAVAR", "text": "M\u00e1quina de lavar", "value": "NAO", "optional": false}, {"key": "TANQUE", "text": "Tanque", "value": "SIM", "optional": false}, {"key": "REDE_DE_PROTECAO", "text": "Tela nas janelas", "value": "NAO", "optional": false}, {"key": "VARAL_DE_ROUPAS", "text": "Varal de roupas", "value": "SIM", "optional": false}, {"key": "TOMADAS_NOVAS", "text": "Tomadas 3 pinos", "value": "SIM", "optional": false}, {"key": "TELEVISAO", "text": "Televis\u00e3o", "value": "NAO", "optional": false}, {"key": "MESAS_E_CADEIRAS_DE_JANTAR", "text": "Mesas e cadeiras de jantar", "value": "NAO", "optional": false}, {"key": "CHURRASQUEIRA", "text": "Churrasqueira", "value": "NAO", "optional": false}, {"key": "ACESSO_SEM_DEGRAUS", "text": "Acesso sem degraus", "value": "NAO", "optional": false}, {"key": "COOKTOP", "text": "Fog\u00e3o cooktop", "value": "NAO", "optional": false}, {"key": "UTENSILIOS_DE_COZINHA", "text": "Utens\u00edlios de cozinha", "value": "NAO", "optional": false}, {"key": "CAMA_DE_CASAL", "text": "Cama de casal", "value": "NAO", "optional": false}, {"key": "CAMA_DE_SOLTEIRO", "text": "Cama de solteiro", "value": "NAO", "optional": false}, {"key": "ESPELHO_NO_BANHEIRO", "text": "Espelho no banheiro", "value": "SIM", "optional": false}, {"key": "FECHADURA_ELETRONICA", "text": "Fechadura eletr\u00f4nica", "value": "NAO", "optional": false}, {"key": "ENERGIA", "text": "Energia no im\u00f3vel", "value": "SIM", "optional": false}], "area": 103, "installations": [{"key": "PLAYGROUND", "text": "Playground", "value": "NAO"}, {"key": "PISCINA", "text": "Piscina", "value": "NAO"}, {"key": "CHURRASQUEIRA", "text": "Churrasqueira", "value": "NAO"}, {"key": "QUADRA_ESPORTIVA", "text": "Quadra esportiva", "value": "NAO"}, {"key": "ACADEMIA", "text": "Academia", "value": "NAO"}, {"key": "SALAO_DE_FESTAS", "text": "Sal\u00e3o de festas", "value": "NAO"}, {"key": "SAUNA", "text": "Sauna", "value": "NAO"}, {"key": "LAVANDERIA_NO_PREDIO", "text": "Lavanderia no pr\u00e9dio", "value": "NAO"}, {"key": "GAS_ENCANADO", "text": "G\u00e1s encanado", "value": "NAO"}, {"key": "ESPACO_GOURMET_NA_AREA_COMUM", "text": "Espa\u00e7o gourmet na \u00e1rea comum", "value": "NAO"}, {"key": "BRINQUEDOTECA", "text": "Brinquedoteca", "value": "NAO"}, {"key": "CORRIMAO", "text": "Corrim\u00e3o", "value": "SIM"}, {"key": "PISO_TATIL", "text": "Piso t\u00e1til", "value": "SIM"}, {"key": "RAMPAS_DE_ACESSO", "text": "Rampas de acesso", "value": "NAO"}, {"key": "SALAO_DE_JOGOS", "text": "Sal\u00e3o de jogos", "value": "NAO"}, {"key": "VAGA_DE_GARAGEM_ACESSIVEL", "text": "Vaga de garagem acess\u00edvel", "value": "SIM"}, {"key": "AREA_VERDE", "text": "\u00c1rea verde", "value": "NAO"}, {"key": "Elevador", "value": "SIM"}, {"key": "Porteiro24H", "value": "SIM"}], "rentPrice": 4000, "condoPrice": 1892, "condoType": "Normal", "region": {"name": "Para\u00edso", "hub": {"loading": "UNSET", "enabled": false, "abSecretariat": false, "isPrimaryMarket": false}, "id": 1329}, "type": "Apartamento", "iptuType": "Normal", "totalCost": 6216, "parkingSpaces": 1, "address": {"street": "Av. Brigadeiro Lu\u00eds Ant\u00f4nio - Jardim Paulista, S\u00e3o Paulo - Sp, Brasil", "neighborhood": "Jardim Paulista", "city": "S\u00e3o Paulo", "zipCode": "01401-001", "stateName": "S\u00e3o Paulo", "stateAcronym": "SP", "lat": -23.5762903, "lng": -46.6582033, "countryName": "Brasil", "countryCode": "BR", "country": "Brasil"}, "floor": 2, "homeProtection": 51, "remarks": "Im\u00f3vel rec\u00e9m reformado, com pisos e revestimentos modernos, metais novos, ducha higi\u00eanica nos banheiros e lavabo, \u00e1gua quente nas torneiras de banheiros e cozinha, aquecimento a g\u00e1s, arm\u00e1rios com espelhos nos banheiros.\n\nCozinha planejada pendente de ser instalada. Projeto nas fotos do an\u00fancio.\nPrazo de instala\u00e7\u00e3o: Final de Mar\u00e7o\n\nBOX dos 2 banheiros instalados, por\u00e9m fotos ainda n\u00e3o disponibilizadas no an\u00fancio.\n\nGaragem com manobrista.", "furniture": "Negocia\u00e7\u00e3o em aberto.", "acceptsPets": true, "hasFurniture": false, "isNearSubway": false, "placesNearby": [{"name": "Escola de idiomas", "type": "SCHOOL", "slug": "escola-de-idiomas-jardim-paulista-sao-paulo-sp"}, {"name": "Escola Dom Ratinho", "type": "SCHOOL", "slug": "escola-dom-ratinho-jardim-paulista-sao-paulo-sp"}, {"name": "Est\u00e1dio \u00cdcaro de Castro Melo", "type": "STADIUM", "slug": "estadio-\u00edcaro-de-castro-melo-paraiso-sao-paulo-sp"}, {"name": "Escola Kumon", "type": "SCHOOL", "slug": "escola-kumon-jardim-paulista-sao-paulo-sp"}, {"name": "DeRose Method Casa Paulista", "type": "UNIVERSITY_OR_COLLEGE", "slug": "derose-method-casa-paulista-jardim-paulista-sao-paulo-sp"}, {"name": "Col\u00e9gio Winnicott", "type": "SCHOOL", "slug": "colegio-winnicott-jardim-paulista-sao-paulo-sp"}, {"name": "Shopping Jardins S\u00e3o Paulo", "type": "SHOPPING_MALL", "slug": "shopping-jardins-sao-paulo-jardim-paulista-sao-paulo-sp"}, {"name": "Supletivo e cursos t\u00e9cnicos Inaci", "type": "SCHOOL", "slug": "supletivo-e-cursos-tecnicos-inaci-paraiso-sao-paulo-sp"}, {"name": "Pra\u00e7a Eisenhower", "type": "PARK_OR_GREEN_AREA", "slug": "praca-eisenhower-paraiso-sao-paulo-sp"}, {"name": "Pra\u00e7a Ayrton Senna do Brasil", "type": "PARK_OR_GREEN_AREA", "slug": "praca-ayrton-senna-do-brasil-paraiso-sao-paulo-sp"}, {"name": "Escola UNS de Ingl\u00eas", "type": "SCHOOL", "slug": "escola-uns-de-ingles-jardim-paulista-sao-paulo-sp"}, {"name": "Escola Pipoquinha", "type": "SCHOOL", "slug": "escola-pipoquinha-jardim-paulista-sao-paulo-sp"}, {"name": "Minds", "type": "SCHOOL", "slug": "minds-paraiso-sao-paulo-sp"}, {"name": "Amil Sa\u00fade", "type": "HOSPITAL", "slug": "amil-saude-jardim-america-sao-paulo-sp-brasil"}, {"name": "Hospital S\u00edrio Liban\u00eas Jardins", "type": "HOSPITAL", "slug": "hospital-sirio-libanes-jardins-jardim-america-sao-paulo-sp-brasil"}, {"name": "Escola do Vinho", "type": "SCHOOL", "slug": "escola-do-vinho-paraiso-sao-paulo-sp"}, {"name": "Belas Artes - Campus 3", "type": "UNIVERSITY_OR_COLLEGE", "slug": "belas-artes-unidade-3-jose-antonio-coelho-sao-paulo-sp"}, {"name": "Parque Ibirapuera", "type": "PARK_OR_GREEN_AREA", "slug": "parque-ibirapuera-vila-mariana-sao-paulo-sp"}, {"name": "Hospital Total Cor", "type": "HOSPITAL", "slug": "hospital-total-cor-jardim-paulista-sao-paulo-sp"}, {"name": "Escola de Yoga", "type": "SCHOOL", "slug": "escola-de-yoga-paraiso-sao-paulo-sp"}, {"name": "Museu de Arte Moderna (MAM)", "type": "MUSEUM_THEATRE_OR_CONCERT_HALL", "slug": "museu-de-arte-moderna-mam-vila-mariana-sao-paulo-sp"}, {"name": "Santa Maria", "type": "HOSPITAL", "slug": "santa-maria-paraiso-sao-paulo-sp"}, {"name": "Escola Santi", "type": "SCHOOL", "slug": "escola-santi-paraiso-sao-paulo-sp"}, {"name": "Top Center Shopping", "type": "SHOPPING_MALL", "slug": "top-center-shopping-bela-vista-sao-paulo-sp"}, {"name": "Unip", "type": "UNIVERSITY_OR_COLLEGE", "slug": "unip-bela-vista-sao-paulo-sp"}, {"name": "C\u00e9lia Helena Centro de Artes e Educa\u00e7\u00e3o", "type": "UNIVERSITY_OR_COLLEGE", "slug": "celia-helena-centro-de-artes-e-educacao-jardim-paulista-sao-paulo-sp"}, {"name": "Col\u00e9gio Dante Alighieri", "type": "SCHOOL", "slug": "colegio-dante-alighieri-jardim-paulista-sao-paulo-sp"}, {"name": "Faculdade C\u00e1sper L\u00edbero", "type": "UNIVERSITY_OR_COLLEGE", "slug": "faculdade-casper-libero-bela-vista-sao-paulo-sp"}, {"name": "Funda\u00e7\u00e3o Getulio Vargas", "type": "UNIVERSITY_OR_COLLEGE", "slug": "fundacao-getulio-vargas-bela-vista-sao-paulo-sp"}, {"name": "Shopping Veneza", "type": "SHOPPING_MALL", "slug": "shopping-veneza-bela-vista-sao-paulo-sp"}], "availabilityType": "IMMEDIATE", "photos": [{"id": 35376079, "subtitle": "Sala", "url": "893955817-715.7241342908405IMG1316.jpg", "cover": true}, {"id": 35376078, "subtitle": "Sala", "url": "893955817-232.99207187961923IMG1315.jpg", "cover": false}, {"id": 35376082, "subtitle": "Sala", "url": "893955817-223.63699248012637IMG1331.jpg", "cover": false}, {"id": 35376081, "subtitle": "Sala", "url": "893955817-120.35732510603347IMG1320.jpg", "cover": false}, {"id": 35376080, "subtitle": "Sala - vista", "url": "893955817-744.8582165431646IMG1319.jpg", "cover": false}, {"id": 35376088, "subtitle": "Quarto 1", "url": "893955817-572.4135666877596IMG1278.jpg", "cover": false}, {"id": 35376089, "subtitle": "Quarto 1", "url": "893955817-86.35077518644107IMG1281.jpg", "cover": false}, {"id": 35376091, "subtitle": "Quarto 1", "url": "893955817-142.8857930464975IMG1285.jpg", "cover": false}, {"id": 35376090, "subtitle": "Quarto 1 - vista", "url": "893955817-738.7702222044701IMG1283.jpg", "cover": false}, {"id": 35376092, "subtitle": "Quarto 2", "url": "893955817-148.70152252378188IMG1287.jpg", "cover": false}, {"id": 35376094, "subtitle": "Quarto 2", "url": "893955817-958.6950335036754IMG1288.jpg", "cover": false}, {"id": 35376096, "subtitle": "Quarto 2", "url": "893955817-485.6076152416389IMG1290.jpg", "cover": false}, {"id": 35376099, "subtitle": "Quarto 2 - vista", "url": "893955817-120.13818457924452IMG1293.jpg", "cover": false}, {"id": 35376101, "subtitle": "Su\u00edte ", "url": "893955817-644.3034215382307IMG1296.jpg", "cover": false}, {"id": 35376102, "subtitle": "Su\u00edte ", "url": "893955817-148.12441595893168IMG1297.jpg", "cover": false}, {"id": 35376103, "subtitle": "Su\u00edte ", "url": "893955817-372.8904054227222IMG1298.jpg", "cover": false}, {"id": 35376100, "subtitle": "Su\u00edte - vista", "url": "893955817-500.41443885000103IMG1294.jpg", "cover": false}, {"id": 35376104, "subtitle": "Su\u00edte - banheiro ", "url": "893955817-179.43213688161552IMG1301.jpg", "cover": false}, {"id": 35376105, "subtitle": "Su\u00edte - banheiro ", "url": "893955817-290.1846776930055IMG1302.jpg", "cover": false}, {"id": 35376106, "subtitle": "Su\u00edte - banheiro ", "url": "893955817-585.5304878461624IMG1303.jpg", "cover": false}, {"id": 35376107, "subtitle": "Su\u00edte - banheiro ", "url": "893955817-681.0513575652436IMG1305.jpg", "cover": false}, {"id": 35376108, "subtitle": "Banheiro social", "url": "893955817-411.08303893619745IMG1306.jpg", "cover": false}, {"id": 35376109, "subtitle": "Banheiro social", "url": "893955817-711.2369850939584IMG1307.jpg", "cover": false}, {"id": 35376110, "subtitle": "Banheiro social", "url": "893955817-219.76858136483378IMG1308.jpg", "cover": false}, {"id": 35376111, "subtitle": "Banheiro social", "url": "893955817-332.0513456160348IMG1309.jpg", "cover": false}, {"id": 35376112, "subtitle": "Cozinha", "url": "893955817-906.6392807773029IMG1322.jpg", "cover": false}, {"id": 35376113, "subtitle": "Cozinha", "url": "893955817-627.2094690683801IMG1323.jpg", "cover": false}, {"id": 35376114, "subtitle": "Cozinha", "url": "893955817-29.01930558908239IMG1324.jpg", "cover": false}, {"id": 35376115, "subtitle": "Cozinha", "url": "893955817-76.59235755201665IMG1325.jpg", "cover": false}, {"id": 35376116, "subtitle": "Cozinha", "url": "893955817-392.1467815159958IMG1326.jpg", "cover": false}, {"id": 35376118, "subtitle": "\u00c1rea de servi\u00e7o", "url": "893955817-567.3493545887942IMG1327.jpg", "cover": false}, {"id": 35376122, "subtitle": "\u00c1rea de servi\u00e7o", "url": "893955817-346.89076759132985IMG1328.jpg", "cover": false}, {"id": 35376126, "subtitle": "\u00c1rea de servi\u00e7o", "url": "893955817-421.05834733492696IMG1329.jpg", "cover": false}, {"id": 35376129, "subtitle": "\u00c1rea de servi\u00e7o", "url": "893955817-965.3681717897106IMG1330.jpg", "cover": false}, {"id": 35376316, "subtitle": "\u00c1rea externa", "url": "893955817-853.8329339813688IMG7982.jpg", "cover": false}, {"id": 35376317, "subtitle": "Entrada", "url": "893955817-893.312708476967IMG7983.jpg", "cover": false}, {"id": 35376318, "subtitle": "Fachada ", "url": "893955817-436.76077596932197IMG7985.jpg", "cover": false}], "photosCategorizedByRooms": [], "relevantRegions": [], "photospheres": [], "specialConditions": [], "offers": {"closingRate": 0, "shouldHighlightIcon": true, "shouldShowOfferDialog": false, "shouldShowOffers": false, "summary": []}, "status": "publicado", "showUrlHasBeenCopiedSnackbar": false, "isGalleryModalOpen": false, "error": false, "loaded": true, "loading": false, "loadingCategorizedRooms": false, "selectedMedia": "tenant/HouseMedia/PHOTOS", "video": "", "promotions": [], "condominium": {}, "forRent": true, "forSale": false, "salePrice": 0, "mortgageFirstInstallment": 0, "listings": [{"imovelId": 893955817, "businessContext": "RENT", "status": "publicado", "firstPublicationDate": "2023-02-13T01:43:20.000+0000", "lastPublicationDate": "2023-02-13T01:43:20.000+0000", "listingRentModel": {"listingBusinessContextId": 1460405, "rentalAdministrator": "QUINTOANDAR"}, "ownership": "STANDARD"}], "listingTags": [], "businessContext": "", "regionParameters": {"loaded": false, "loading": false, "RENT": {"visitsEnabled": true, "talkToAgentEnabled": false}, "SALE": {"visitsEnabled": true, "talkToAgentEnabled": false}}, "houseAgent": {"isDialogOpen": false, "alreadyOpenedByQueryParam": false}, "tenantServiceFee": 103, "closingStatus": {"loading": false}, "rentalGuarantee": {"minValue": 1000, "maxValue": 3000}, "reservationAvailability": null, "isPrimaryMarket": false, "macroRegion": {"id": 2737, "name": "SPO 07"}, "suites": 1, "allowsCustomOffer": true, "displayCustomOfferPreference": false, "houseVisitStatus": "ACCEPT_NEW", "visitStatusReason": null, "visitsUnavailable": false, "isReserved": false, "allowDirectOffer": true, "lastPublishedDate": "2023-02-13T01:43:20.000Z", "listingPublication": "not_stranded", "rentOnTermination": false, "constructionYear": null, "categories": []}, "markers": {"lat": -23.5762903, "lng": -46.6582033}, "talkToAgent": {"dialog": {"open": false, "questionType": null, "question": ""}, "agentSupport": {}, "error": null, "autoSubmit": false, "loading": false, "submitting": false, "success": false, "hasLoadedAgentInfo": false, "agent": null, "hasLoadedAgentsInRegion": false, "agentsInRegion": null}}}}, "__N_SSP": true}, "page": "/imovel/[houseId]/[[...slug]]", "query": {"houseId": "893955817", "slug": ["alugar", "apartamento-3-quartos-jardim-paulista-sao-paulo"]}, "buildId": "gCr3Bg2lYzV9hxZqGibIQ", "runtimeConfig": {"NEXT_PUBLIC_HOME_ADVERTISING_BANNER": "coupon"}, "isFallback": false, "dynamicIds": [61847, 31265, 66435, 77453, 87356, 60899, 41103, 3232, 72227, 40072, 39327, 19904, 96827], "gssp": true, "customServer": true, "appGip": true, "locale": "pt-BR", "locales": ["pt-BR", "es-MX"], "defaultLocale": "pt-BR", "domainLocales": [{"domain": "www.quintoandar.com.br", "defaultLocale": "pt-BR"}, {"domain": "www.benvi.mx", "defaultLocale": "es-MX"}], "scriptLoader": []}