{"props": {"pageProps": {"initialState": {"route": {"locationBeforeTransitions": {"pathname": "/imovel/893949729/alugar/apartamento-3-quartos-planalto-paulista-sao-paulo", "search": "", "hash": "", "action": "POP", "query": {}}, "topLevelRouteName": "house details", "businessContext": "RENT", "favoriteListsBusinessContext": "RENT"}, "router": {"location": {"href": "/", "pathname": "/", "search": "", "hash": ""}}, "progress": {"pendingRequests": -1}, "login": {"response": {}, "user": {"isLoggedIn": false, "id": 0, "agentId": 0, "hashId": "", "sessionId": null, "name": "", "email": "", "maskedEmail": "", "jwt": {"app": "", "firebase": ""}, "phone": {"countryCode": "+55", "areaCode": "", "phoneNumber": ""}, "country": "BR", "channel": "", "isPhoneRegistered": false, "acceptWhatsapp": true, "hasDocument": false, "isPartner": false}, "accountForm": {}, "redirectUrl": "", "isRequestOngoing": false}, "captcha": {"token": "", "hasLoadedRemoteConfig": false, "provider": "", "friction": "low", "unavailableCountriesCode": []}, "supportedCities": [], "inAppMessages": {"biomaSurvey": {"isOpen": false, "formId": null, "data": {"opaque": true}}}, "metaData": {"similar_houses_clicked": []}, "appData": {"device": {"type": "desktop", "isSearchEngineCrawler": false}, "experiments": "X-AB-Test=ab_exposed_filter_sale_desktop:1,ab_exposed_filter_sale_v1:1,ab_exposed_filters:1,ab_load_more_v0:-1,ab_new_house_card_v2:0,ab_new_rent_listing_phase2:0,ab_profiling_create_alert_filters:0,ab_scheduling_step_by_step_v1:1,ab_show_floor_sale:0,ab_street_search_retrieval_v1:0"}, "house": {"houseInfo": {"id": "893949729", "displayId": "1249729", "bedrooms": 3, "city": "S\u00e3o Paulo", "cityId": 39, "bathrooms": 3, "iptu": 460, "amenities": [{"key": "BANHEIRA_DE_HIDROMASSAGEM", "text": "Banheira", "value": "NAO", "optional": false}, {"key": "BOX", "text": "Box", "value": "SIM", "optional": false}, {"key": "VARANDA", "text": "Varanda", "value": "SIM", "optional": false}, {"key": "PISCINA_PRIVATIVA", "text": "Piscina privativa", "value": "NAO", "optional": false}, {"key": "ARMARIOS_EMBUTIDOS_NO_QUARTO", "text": "Arm\u00e1rios no quarto", "value": "SIM", "optional": false}, {"key": "ARMARIOS_NOS_BANHEIROS", "text": "Arm\u00e1rios no banheiro", "value": "SIM", "optional": false}, {"key": "ARMARIOS_NA_COZINHA", "text": "Arm\u00e1rios na cozinha", "value": "SIM", "optional": false}, {"key": "AR_CONDICIONADO", "text": "Ar condicionado", "value": "NAO", "optional": false}, {"key": "CHUVEIRO_A_GAS", "text": "Chuveiro a g\u00e1s", "value": "SIM", "optional": false}, {"key": "QUARTO_DE_SERVICO", "text": "Quarto de servi\u00e7o", "value": "NAO", "optional": false}, {"key": "BANHEIRO_DE_SERVICO", "text": "Banheiro de servi\u00e7o", "value": "SIM", "optional": false}, {"key": "VARANDA_GOURMET", "text": "Varanda gourmet", "value": "NAO", "optional": false}, {"key": "APARTAMENTO_COBERTURA", "text": "Apartamento cobertura", "value": "NAO", "optional": false}, {"key": "QUARTO_EXTRA_REVERSIVEL", "text": "Quarto extra revers\u00edvel", "value": "NAO", "optional": false}, {"key": "FOGAO_INCLUSO", "text": "Fog\u00e3o", "value": "NAO", "optional": false}, {"key": "GELADEIRA_INCLUSO", "text": "Geladeira", "value": "NAO", "optional": false}, {"key": "BANHEIRO_ADAPTADO", "text": "Banheiro adaptado", "value": "NAO", "optional": false}, {"key": "CLOSET", "text": "Closet", "value": "NAO", "optional": false}, {"key": "COZINHA_AMERICANA", "text": "Cozinha americana", "value": "NAO", "optional": false}, {"key": "MESAS_E_CADEIRAS_DE_ESCRITORIO", "text": "Mesas e cadeiras de escrit\u00f3rio", "value": "NAO", "optional": false}, {"key": "JARDIM", "text": "Jardim", "value": "NAO", "optional": false}, {"key": "QUARTOS_E_CORREDORES_COM_PORTAS_AMPLAS", "text": "Quartos e corredores com portas amplas", "value": "NAO", "optional": false}, {"key": "QUINTAL", "text": "Quintal", "value": "NAO", "optional": false}, {"key": "SOMENTE_UMA_CASA_NO_TERRENO", "text": "Somente uma casa no terreno", "value": "NAO", "optional": false}, {"key": "AREA_DE_SERVICO", "text": "\u00c1rea de servi\u00e7o", "value": "SIM", "optional": false}], "comfortCommodities": [{"key": "BANHEIRA_DE_HIDROMASSAGEM", "text": "Banheira", "value": "NAO", "optional": false}, {"key": "PISCINA_PRIVATIVA", "text": "Piscina privativa", "value": "NAO", "optional": false}, {"key": "AR_CONDICIONADO", "text": "Ar condicionado", "value": "NAO", "optional": false}, {"key": "SOL_DA_MANHA", "text": "Sol da manh\u00e3", "value": "SIM", "optional": false}, {"key": "SOL_DA_TARDE", "text": "Sol da tarde", "value": "SIM", "optional": false}, {"key": "CORTINAS_BLACK_OUT", "text": "Cortinas corta luz", "value": "NAO", "optional": false}, {"key": "CORTINAS_DECORATIVAS", "text": "Cortina transl\u00facida", "value": "NAO", "optional": false}, {"key": "JANELA_ANTI_RUIDO", "text": "Janela anti-ru\u00eddo", "value": "NAO", "optional": false}, {"key": "VENTILADOR_DE_TETO", "text": "Ventilador de teto", "value": "NAO", "optional": false}, {"key": "LUMINOSIDADE_NATURAL", "text": "Janelas grandes", "value": "SIM", "optional": false}, {"key": "VISTA_LIVRE", "text": "Vista livre", "value": "NAO", "optional": false}, {"key": "RUA_SILENCIOSA", "text": "Rua silenciosa", "value": "SIM", "optional": false}], "practicalityCommodities": [{"key": "BOX", "text": "Box", "value": "SIM", "optional": false}, {"key": "ARMARIOS_EMBUTIDOS_NO_QUARTO", "text": "Arm\u00e1rios no quarto", "value": "SIM", "optional": false}, {"key": "ARMARIOS_NOS_BANHEIROS", "text": "Arm\u00e1rios no banheiro", "value": "SIM", "optional": false}, {"key": "ARMARIOS_NA_COZINHA", "text": "Arm\u00e1rios na cozinha", "value": "SIM", "optional": false}, {"key": "CHUVEIRO_A_GAS", "text": "Chuveiro a g\u00e1s", "value": "SIM", "optional": false}, {"key": "FOGAO_INCLUSO", "text": "Fog\u00e3o", "value": "NAO", "optional": false}, {"key": "GELADEIRA_INCLUSO", "text": "Geladeira", "value": "NAO", "optional": false}, {"key": "CHUVEIRO_ELETRICO", "text": "Chuveiro el\u00e9trico", "value": "NAO", "optional": false}, {"key": "MICROONDAS", "text": "Microondas", "value": "NAO", "optional": false}, {"key": "SOFA", "text": "Sof\u00e1", "value": "NAO", "optional": false}, {"key": "MAQUINA_DE_LAVAR", "text": "M\u00e1quina de lavar", "value": "NAO", "optional": false}, {"key": "TANQUE", "text": "Tanque", "value": "SIM", "optional": false}, {"key": "REDE_DE_PROTECAO", "text": "Tela nas janelas", "value": "SIM", "optional": false}, {"key": "VARAL_DE_ROUPAS", "text": "Varal de roupas", "value": "SIM", "optional": false}, {"key": "TOMADAS_NOVAS", "text": "Tomadas 3 pinos", "value": "SIM", "optional": false}, {"key": "TELEVISAO", "text": "Televis\u00e3o", "value": "NAO", "optional": false}, {"key": "MESAS_E_CADEIRAS_DE_JANTAR", "text": "Mesas e cadeiras de jantar", "value": "NAO", "optional": false}, {"key": "CHURRASQUEIRA", "text": "Churrasqueira", "value": "NAO", "optional": false}, {"key": "ACESSO_SEM_DEGRAUS", "text": "Acesso sem degraus", "value": "SIM", "optional": false}, {"key": "COOKTOP", "text": "Fog\u00e3o cooktop", "value": "NAO", "optional": false}, {"key": "UTENSILIOS_DE_COZINHA", "text": "Utens\u00edlios de cozinha", "value": "NAO", "optional": false}, {"key": "CAMA_DE_CASAL", "text": "Cama de casal", "value": "NAO", "optional": false}, {"key": "CAMA_DE_SOLTEIRO", "text": "Cama de solteiro", "value": "NAO", "optional": false}, {"key": "ESPELHO_NO_BANHEIRO", "text": "Espelho no banheiro", "value": "SIM", "optional": false}, {"key": "FECHADURA_ELETRONICA", "text": "Fechadura eletr\u00f4nica", "value": "NAO", "optional": false}, {"key": "ENERGIA", "text": "Energia no im\u00f3vel", "value": "SIM", "optional": false}], "area": 110, "installations": [{"key": "PLAYGROUND", "text": "Playground", "value": "SIM"}, {"key": "PISCINA", "text": "Piscina", "value": "SIM"}, {"key": "CHURRASQUEIRA", "text": "Churrasqueira", "value": "NAO"}, {"key": "QUADRA_ESPORTIVA", "text": "Quadra esportiva", "value": "SIM"}, {"key": "ACADEMIA", "text": "Academia", "value": "SIM"}, {"key": "SALAO_DE_FESTAS", "text": "Sal\u00e3o de festas", "value": "SIM"}, {"key": "SAUNA", "text": "Sauna", "value": "NAO"}, {"key": "LAVANDERIA_NO_PREDIO", "text": "Lavanderia no pr\u00e9dio", "value": "NAO"}, {"key": "GAS_ENCANADO", "text": "G\u00e1s encanado", "value": "SIM"}, {"key": "ESPACO_GOURMET_NA_AREA_COMUM", "text": "Espa\u00e7o gourmet na \u00e1rea comum", "value": "NAO"}, {"key": "BRINQUEDOTECA", "text": "Brinquedoteca", "value": "SIM"}, {"key": "CORRIMAO", "text": "Corrim\u00e3o", "value": "SIM"}, {"key": "PISO_TATIL", "text": "Piso t\u00e1til", "value": "NAO"}, {"key": "RAMPAS_DE_ACESSO", "text": "Rampas de acesso", "value": "SIM"}, {"key": "SALAO_DE_JOGOS", "text": "Sal\u00e3o de jogos", "value": "SIM"}, {"key": "VAGA_DE_GARAGEM_ACESSIVEL", "text": "Vaga de garagem acess\u00edvel", "value": "SIM"}, {"key": "AREA_VERDE", "text": "\u00c1rea verde", "value": "SIM"}, {"key": "Elevador", "value": "SIM"}, {"key": "Porteiro24H", "value": "SIM"}], "rentPrice": 2600, "condoPrice": 1450, "condoType": "Normal", "region": {"name": "Planalto Paulista", "hub": {"loading": "UNSET", "enabled": false, "abSecretariat": false, "isPrimaryMarket": false}, "id": 48}, "type": "Apartamento", "iptuType": "Normal", "totalCost": 4610, "parkingSpaces": 2, "address": {"street": "Avenida Ceci", "neighborhood": "Planalto Paulista", "city": "S\u00e3o Paulo", "zipCode": "04065-004", "stateName": "S\u00e3o Paulo", "stateAcronym": "SP", "lat": -23.6289952, "lng": -46.6462745, "countryName": "Brasil", "countryCode": "BR", "country": "Brasil"}, "floor": 2, "homeProtection": 33, "remarks": "", "acceptsPets": true, "hasFurniture": false, "isNearSubway": true, "placesNearby": [{"name": "S\u00e3o Judas", "type": "ESTACAO_METRO_OU_TREM", "slug": "estacao-sao-judas-sao-paulo-sp"}, {"name": "Fisk", "type": "SCHOOL", "slug": "fisk-saude-sao-paulo-sp"}, {"name": "Concei\u00e7\u00e3o", "type": "ESTACAO_METRO_OU_TREM", "slug": "conceicao-jabaquara-sao-paulo-sp"}, {"name": "Parque Lina e Paulo Raia", "type": "PARK_OR_GREEN_AREA", "slug": "parque-lina-e-paulo-raia-jabaquara-sao-paulo-sp"}, {"name": "EMIA - Escola Municipal de Inicia\u00e7\u00e3o Art\u00edstica", "type": "SCHOOL", "slug": "emia-escola-municipal-de-iniciacao-artistica-jabaquara-sao-paulo-sp"}, {"name": "Escola Louren\u00e7o Filho", "type": "SCHOOL", "slug": "escola-lourenco-filho-sao-paulo-sp-brasil"}, {"name": "Sociedade Beneficiente Feminina Mika", "type": "SCHOOL", "slug": "sociedade-beneficiente-feminina-mika-saude-sao-paulo-sp"}, {"name": "Teatro Escola Nill de P\u00e1dua", "type": "MUSEUM_THEATRE_OR_CONCERT_HALL", "slug": "teatro-escola-nill-de-padua-saude-sao-paulo-sp"}, {"name": "Col\u00e9gio Internacional Radial", "type": "SCHOOL", "slug": "colegio-internacional-radial-saude-sao-paulo-sp"}, {"name": "Aeroporto de Congonhas - CGH", "type": "AIRPORT", "slug": "aeroporto-de-congonhas-vila-congonhas-sao-paulo-sp"}, {"name": "Mello Laborat\u00f3rio M\u00e9dico De An\u00e1lises", "type": "HOSPITAL", "slug": "mello-laboratorio-medico-de-analises-sao-joao-climaco-sao-paulo-sp-brasil"}, {"name": "Hospital S\u00e3o Luiz Unidade Jabaquara", "type": "HOSPITAL", "slug": "hospital-sao-luiz-unidade-jabaquara-jabaquara-sao-paulo-sp"}], "availabilityType": "IMMEDIATE", "photos": [{"id": 35169430, "subtitle": "Sala", "url": "893949729-806.3964422799833MG1163.jpg", "cover": true}, {"id": 35169425, "subtitle": "Sala", "url": "893949729-255.56374189837817MG1162.jpg", "cover": false}, {"id": 35169435, "subtitle": "Sala", "url": "893949729-645.3066315362939MG1165.jpg", "cover": false}, {"id": 35169439, "subtitle": "Sala", "url": "893949729-608.30248654152MG1167.jpg", "cover": false}, {"id": 35169441, "subtitle": "Sala", "url": "893949729-877.5203115972581MG1168.jpg", "cover": false}, {"id": 35169447, "subtitle": "Varanda da Sala ", "url": "893949729-264.41190153196015MG1169.jpg", "cover": false}, {"id": 35169448, "subtitle": "Vista", "url": "893949729-612.878045310746MG1170.jpg", "cover": false}, {"id": 35169449, "subtitle": "Quarto 1", "url": "893949729-345.8879931458139MG1172.jpg", "cover": false}, {"id": 35169453, "subtitle": "Quarto 1", "url": "893949729-812.4398745001637MG1173.jpg", "cover": false}, {"id": 35169454, "subtitle": "Quarto 1", "url": "893949729-492.26850416225966MG1174.jpg", "cover": false}, {"id": 35169458, "subtitle": "Quarto 1", "url": "893949729-935.1745761127844MG1175.jpg", "cover": false}, {"id": 35169462, "subtitle": "Vista", "url": "893949729-448.9139651985274MG1176.jpg", "cover": false}, {"id": 35169464, "subtitle": "Quarto 2", "url": "893949729-264.3770516604751MG1178.jpg", "cover": false}, {"id": 35169468, "subtitle": "Quarto 2", "url": "893949729-888.649545561694MG1179.jpg", "cover": false}, {"id": 35169471, "subtitle": "Quarto 2", "url": "893949729-984.2325431846352MG1180.jpg", "cover": false}, {"id": 35169472, "subtitle": "Quarto 2", "url": "893949729-446.1900977333103MG1181.jpg", "cover": false}, {"id": 35169476, "subtitle": "Vista", "url": "893949729-831.7598208122921MG1182.jpg", "cover": false}, {"id": 35169480, "subtitle": "Quarto 3 - Su\u00edte", "url": "893949729-568.8525102837505MG1183.jpg", "cover": false}, {"id": 35169482, "subtitle": "Quarto 3 - Su\u00edte", "url": "893949729-474.738105917484MG1184.jpg", "cover": false}, {"id": 35169484, "subtitle": "Quarto 3 - Su\u00edte", "url": "893949729-5.455732152600423MG1185.jpg", "cover": false}, {"id": 35169485, "subtitle": "Quarto 3 - Su\u00edte", "url": "893949729-191.71473727996036MG1186.jpg", "cover": false}, {"id": 35169488, "subtitle": "Quarto 3 - Su\u00edte", "url": "893949729-298.80438945785636MG1187.jpg", "cover": false}, {"id": 35169492, "subtitle": "Quarto 3 - Su\u00edte - Varanda", "url": "893949729-761.5820566506362MG1188.jpg", "cover": false}, {"id": 35169493, "subtitle": "Quarto 3 - Su\u00edte - Varanda", "url": "893949729-278.11601153999453MG1189.jpg", "cover": false}, {"id": 35169495, "subtitle": "Vista", "url": "893949729-516.719123954601MG1190.jpg", "cover": false}, {"id": 35169497, "subtitle": "Banheiro1 - Su\u00edte", "url": "893949729-188.2477191423958MG1192.jpg", "cover": false}, {"id": 35169498, "subtitle": "Banheiro1 - Su\u00edte", "url": "893949729-598.9698009385384MG1193.jpg", "cover": false}, {"id": 35169500, "subtitle": "Banheiro1 - Su\u00edte", "url": "893949729-433.3226278733889MG1194.jpg", "cover": false}, {"id": 35169502, "subtitle": "Banheiro1 - Su\u00edte", "url": "893949729-889.4895714398868MG1195.jpg", "cover": false}, {"id": 35169504, "subtitle": "Banheiro1 - Su\u00edte", "url": "893949729-172.68234063810615MG1196.jpg", "cover": false}, {"id": 35169506, "subtitle": "Banheiro 2", "url": "893949729-79.15260958584614MG1197.jpg", "cover": false}, {"id": 35169507, "subtitle": "Banheiro 2", "url": "893949729-50.44438336609169MG1198.jpg", "cover": false}, {"id": 35169512, "subtitle": "Banheiro 2", "url": "893949729-698.8755861477287MG1199.jpg", "cover": false}, {"id": 35169513, "subtitle": "Banheiro 2", "url": "893949729-295.6008437806321MG1200.jpg", "cover": false}, {"id": 35169514, "subtitle": "Banheiro 2", "url": "893949729-818.1217890860029MG1201.jpg", "cover": false}, {"id": 35169516, "subtitle": "Cozinha", "url": "893949729-552.2326463614891MG1203.jpg", "cover": false}, {"id": 35169518, "subtitle": "Cozinha", "url": "893949729-495.5175389530609MG1204.jpg", "cover": false}, {"id": 35169520, "subtitle": "Cozinha", "url": "893949729-328.7781449403504MG1205.jpg", "cover": false}, {"id": 35169522, "subtitle": "Cozinha", "url": "893949729-907.5324005785769MG1206.jpg", "cover": false}, {"id": 35169523, "subtitle": "Cozinha", "url": "893949729-689.880879612877MG1207.jpg", "cover": false}, {"id": 35169525, "subtitle": "Cozinha", "url": "893949729-143.0348729014388MG1208.jpg", "cover": false}, {"id": 35169527, "subtitle": "\u00c1rea de Servi\u00e7o", "url": "893949729-770.9608018964386MG1209.jpg", "cover": false}, {"id": 35169528, "subtitle": "\u00c1rea de Servi\u00e7o", "url": "893949729-588.4171617526688MG1210.jpg", "cover": false}, {"id": 35169529, "subtitle": "\u00c1rea de Servi\u00e7o", "url": "893949729-246.07162944818816MG1211.jpg", "cover": false}, {"id": 35169531, "subtitle": "\u00c1rea de Servi\u00e7o", "url": "893949729-230.83702020914643MG1212.jpg", "cover": false}, {"id": 35169533, "subtitle": "\u00c1rea de Servi\u00e7o", "url": "893949729-791.864583963167MG1213.jpg", "cover": false}, {"id": 35169534, "subtitle": "\u00c1rea de Servi\u00e7o", "url": "893949729-180.06583810352384MG1214.jpg", "cover": false}, {"id": 35169536, "subtitle": "Banheiro de Servi\u00e7o", "url": "893949729-604.0124129632705MG1217.jpg", "cover": false}, {"id": 35169538, "subtitle": "Banheiro de Servi\u00e7o", "url": "893949729-724.4884871375452MG1218.jpg", "cover": false}, {"id": 35169539, "subtitle": "Banheiro de Servi\u00e7o", "url": "893949729-767.2987386468524MG1219.jpg", "cover": false}, {"id": 35170059, "subtitle": "Fachada", "url": "893949729-759.1794934687111Semttulo.jpg", "cover": false}], "photosCategorizedByRooms": [], "relevantRegions": [], "photospheres": [], "specialConditions": [], "offers": {"closingRate": 0, "shouldHighlightIcon": true, "shouldShowOfferDialog": false, "shouldShowOffers": false, "summary": []}, "status": "publicado", "showUrlHasBeenCopiedSnackbar": false, "isGalleryModalOpen": false, "error": false, "loaded": true, "loading": false, "loadingCategorizedRooms": false, "selectedMedia": "tenant/HouseMedia/PHOTOS", "video": "", "promotions": [], "condominium": {}, "forRent": true, "forSale": true, "salePrice": 725000, "mortgageFirstInstallment": 0, "listings": [{"imovelId": 893949729, "businessContext": "SALE", "status": "publicado", "firstPublicationDate": "2023-02-07T22:12:32.000+0000", "lastPublicationDate": "2023-02-07T22:12:32.000+0000", "ownership": "STANDARD"}, {"imovelId": 893949729, "businessContext": "RENT", "status": "publicado", "firstPublicationDate": "2023-02-07T22:12:32.000+0000", "lastPublicationDate": "2023-02-07T22:12:32.000+0000", "listingRentModel": {"listingBusinessContextId": 1452685, "rentalAdministrator": "QUINTOANDAR"}, "ownership": "STANDARD"}], "listingTags": [], "businessContext": "", "regionParameters": {"loaded": false, "loading": false, "RENT": {"visitsEnabled": true, "talkToAgentEnabled": false}, "SALE": {"visitsEnabled": true, "talkToAgentEnabled": false}}, "houseAgent": {"isDialogOpen": false, "alreadyOpenedByQueryParam": false}, "tenantServiceFee": 67, "closingStatus": {"loading": false}, "rentalGuarantee": {"minValue": 650, "maxValue": 1950}, "reservationAvailability": null, "isPrimaryMarket": false, "macroRegion": {"id": 2740, "name": "SPO 04"}, "suites": 0, "allowsCustomOffer": true, "displayCustomOfferPreference": false, "houseVisitStatus": "ACCEPT_NEW", "visitStatusReason": null, "visitsUnavailable": false, "isReserved": false, "allowDirectOffer": true, "lastPublishedDate": "2023-02-07T22:12:32.000Z", "listingPublication": "not_stranded", "rentOnTermination": false, "constructionYear": null, "categories": []}, "markers": {"lat": -23.6289952, "lng": -46.6462745}, "talkToAgent": {"dialog": {"open": false, "questionType": null, "question": ""}, "agentSupport": {}, "error": null, "autoSubmit": false, "loading": false, "submitting": false, "success": false, "hasLoadedAgentInfo": false, "agent": null, "hasLoadedAgentsInRegion": false, "agentsInRegion": null}}}}, "__N_SSP": true}, "page": "/imovel/[houseId]/[[...slug]]", "query": {"houseId": "893949729", "slug": ["alugar", "apartamento-3-quartos-planalto-paulista-sao-paulo"]}, "buildId": "gCr3Bg2lYzV9hxZqGibIQ", "runtimeConfig": {"NEXT_PUBLIC_HOME_ADVERTISING_BANNER": "coupon"}, "isFallback": false, "dynamicIds": [61847, 31265, 66435, 77453, 87356, 60899, 41103, 3232, 33207, 72227, 40072, 39327, 19904, 96827], "gssp": true, "customServer": true, "appGip": true, "locale": "pt-BR", "locales": ["pt-BR", "es-MX"], "defaultLocale": "pt-BR", "domainLocales": [{"domain": "www.quintoandar.com.br", "defaultLocale": "pt-BR"}, {"domain": "www.benvi.mx", "defaultLocale": "es-MX"}], "scriptLoader": []}