{"props": {"pageProps": {"initialState": {"route": {"locationBeforeTransitions": {"pathname": "/imovel/893918757/alugar/apartamento-3-quartos-brooklin-sao-paulo", "search": "", "hash": "", "action": "POP", "query": {}}, "topLevelRouteName": "house details", "businessContext": "RENT", "favoriteListsBusinessContext": "RENT"}, "router": {"location": {"href": "/", "pathname": "/", "search": "", "hash": ""}}, "progress": {"pendingRequests": -1}, "login": {"response": {}, "user": {"isLoggedIn": false, "id": 0, "agentId": 0, "hashId": "", "sessionId": null, "name": "", "email": "", "maskedEmail": "", "jwt": {"app": "", "firebase": ""}, "phone": {"countryCode": "+55", "areaCode": "", "phoneNumber": ""}, "country": "BR", "channel": "", "isPhoneRegistered": false, "acceptWhatsapp": true, "hasDocument": false, "isPartner": false}, "accountForm": {}, "redirectUrl": "", "isRequestOngoing": false}, "captcha": {"token": "", "hasLoadedRemoteConfig": false, "provider": "", "friction": "low", "unavailableCountriesCode": []}, "supportedCities": [], "inAppMessages": {"biomaSurvey": {"isOpen": false, "formId": null, "data": {"opaque": true}}}, "metaData": {"similar_houses_clicked": []}, "appData": {"device": {"type": "desktop", "isSearchEngineCrawler": false}, "experiments": "X-AB-Test=ab_exposed_filter_sale_desktop:1,ab_exposed_filter_sale_v1:1,ab_exposed_filters:1,ab_load_more_v0:-1,ab_new_house_card_v2:0,ab_new_rent_listing_phase2:0,ab_profiling_create_alert_filters:0,ab_scheduling_step_by_step_v1:1,ab_show_floor_sale:0,ab_street_search_retrieval_v1:0"}, "house": {"houseInfo": {"id": "893918757", "displayId": "1218757", "bedrooms": 3, "city": "S\u00e3o Paulo", "cityId": 39, "bathrooms": 3, "iptu": 535, "amenities": [{"key": "BANHEIRA_DE_HIDROMASSAGEM", "text": "Banheira", "value": "NAO", "optional": false}, {"key": "BOX", "text": "Box", "value": "SIM", "optional": false}, {"key": "VARANDA", "text": "Varanda", "value": "NAO", "optional": false}, {"key": "PISCINA_PRIVATIVA", "text": "Piscina privativa", "value": "NAO", "optional": false}, {"key": "ARMARIOS_EMBUTIDOS_NO_QUARTO", "text": "Arm\u00e1rios no quarto", "value": "NAO", "optional": false}, {"key": "ARMARIOS_NOS_BANHEIROS", "text": "Arm\u00e1rios no banheiro", "value": "SIM", "optional": false}, {"key": "ARMARIOS_NA_COZINHA", "text": "Arm\u00e1rios na cozinha", "value": "NAO", "optional": false}, {"key": "AR_CONDICIONADO", "text": "Ar condicionado", "value": "SIM", "optional": false}, {"key": "CHUVEIRO_A_GAS", "text": "Chuveiro a g\u00e1s", "value": "SIM", "optional": false}, {"key": "QUARTO_DE_SERVICO", "text": "Quarto de servi\u00e7o", "value": "NAO", "optional": false}, {"key": "BANHEIRO_DE_SERVICO", "text": "Banheiro de servi\u00e7o", "value": "SIM", "optional": false}, {"key": "VARANDA_GOURMET", "text": "Varanda gourmet", "value": "SIM", "optional": false}, {"key": "APARTAMENTO_COBERTURA", "text": "Apartamento cobertura", "value": "NAO", "optional": false}, {"key": "QUARTO_EXTRA_REVERSIVEL", "text": "Quarto extra revers\u00edvel", "value": "NAO", "optional": false}, {"key": "FOGAO_INCLUSO", "text": "Fog\u00e3o", "value": "NAO", "optional": false}, {"key": "GELADEIRA_INCLUSO", "text": "Geladeira", "value": "NAO", "optional": false}, {"key": "BANHEIRO_ADAPTADO", "text": "Banheiro adaptado", "value": "NAO", "optional": false}, {"key": "CLOSET", "text": "Closet", "value": "NAO", "optional": false}, {"key": "COZINHA_AMERICANA", "text": "Cozinha americana", "value": "NAO", "optional": false}, {"key": "MESAS_E_CADEIRAS_DE_ESCRITORIO", "text": "Mesas e cadeiras de escrit\u00f3rio", "value": "NAO", "optional": false}, {"key": "JARDIM", "text": "Jardim", "value": "NAO", "optional": false}, {"key": "QUARTOS_E_CORREDORES_COM_PORTAS_AMPLAS", "text": "Quartos e corredores com portas amplas", "value": "NAO", "optional": false}, {"key": "QUINTAL", "text": "Quintal", "value": "NAO", "optional": false}, {"key": "SOMENTE_UMA_CASA_NO_TERRENO", "text": "Somente uma casa no terreno", "value": "NAO", "optional": false}, {"key": "AREA_DE_SERVICO", "text": "\u00c1rea de servi\u00e7o", "value": "NAO", "optional": false}], "comfortCommodities": [{"key": "BANHEIRA_DE_HIDROMASSAGEM", "text": "Banheira", "value": "NAO", "optional": false}, {"key": "PISCINA_PRIVATIVA", "text": "Piscina privativa", "value": "NAO", "optional": false}, {"key": "AR_CONDICIONADO", "text": "Ar condicionado", "value": "SIM", "optional": false}, {"key": "SOL_DA_MANHA", "text": "Sol da manh\u00e3", "value": "NAO", "optional": false}, {"key": "SOL_DA_TARDE", "text": "Sol da tarde", "value": "NAO", "optional": false}, {"key": "CORTINAS_BLACK_OUT", "text": "Cortinas corta luz", "value": "NAO", "optional": false}, {"key": "CORTINAS_DECORATIVAS", "text": "Cortina transl\u00facida", "value": "NAO", "optional": false}, {"key": "JANELA_ANTI_RUIDO", "text": "Janela anti-ru\u00eddo", "value": "NAO", "optional": false}, {"key": "VENTILADOR_DE_TETO", "text": "Ventilador de teto", "value": "NAO", "optional": false}, {"key": "LUMINOSIDADE_NATURAL", "text": "Janelas grandes", "value": "NAO", "optional": false}, {"key": "VISTA_LIVRE", "text": "Vista livre", "value": "NAO", "optional": false}, {"key": "RUA_SILENCIOSA", "text": "Rua silenciosa", "value": "NAO", "optional": false}], "practicalityCommodities": [{"key": "BOX", "text": "Box", "value": "SIM", "optional": false}, {"key": "ARMARIOS_EMBUTIDOS_NO_QUARTO", "text": "Arm\u00e1rios no quarto", "value": "NAO", "optional": false}, {"key": "ARMARIOS_NOS_BANHEIROS", "text": "Arm\u00e1rios no banheiro", "value": "SIM", "optional": false}, {"key": "ARMARIOS_NA_COZINHA", "text": "Arm\u00e1rios na cozinha", "value": "NAO", "optional": false}, {"key": "CHUVEIRO_A_GAS", "text": "Chuveiro a g\u00e1s", "value": "SIM", "optional": false}, {"key": "FOGAO_INCLUSO", "text": "Fog\u00e3o", "value": "NAO", "optional": false}, {"key": "GELADEIRA_INCLUSO", "text": "Geladeira", "value": "NAO", "optional": false}, {"key": "CHUVEIRO_ELETRICO", "text": "Chuveiro el\u00e9trico", "value": "NAO", "optional": false}, {"key": "MICROONDAS", "text": "Microondas", "value": "NAO", "optional": false}, {"key": "SOFA", "text": "Sof\u00e1", "value": "NAO", "optional": false}, {"key": "MAQUINA_DE_LAVAR", "text": "M\u00e1quina de lavar", "value": "NAO", "optional": false}, {"key": "TANQUE", "text": "Tanque", "value": "NAO", "optional": false}, {"key": "REDE_DE_PROTECAO", "text": "Tela nas janelas", "value": "NAO", "optional": false}, {"key": "VARAL_DE_ROUPAS", "text": "Varal de roupas", "value": "NAO", "optional": false}, {"key": "TOMADAS_NOVAS", "text": "Tomadas 3 pinos", "value": "NAO", "optional": false}, {"key": "TELEVISAO", "text": "Televis\u00e3o", "value": "NAO", "optional": false}, {"key": "MESAS_E_CADEIRAS_DE_JANTAR", "text": "Mesas e cadeiras de jantar", "value": "NAO", "optional": false}, {"key": "CHURRASQUEIRA", "text": "Churrasqueira", "value": "NAO", "optional": false}, {"key": "ACESSO_SEM_DEGRAUS", "text": "Acesso sem degraus", "value": "NAO", "optional": false}, {"key": "COOKTOP", "text": "Fog\u00e3o cooktop", "value": "NAO", "optional": false}, {"key": "UTENSILIOS_DE_COZINHA", "text": "Utens\u00edlios de cozinha", "value": "NAO", "optional": false}, {"key": "CAMA_DE_CASAL", "text": "Cama de casal", "value": "NAO", "optional": false}, {"key": "CAMA_DE_SOLTEIRO", "text": "Cama de solteiro", "value": "NAO", "optional": false}, {"key": "ESPELHO_NO_BANHEIRO", "text": "Espelho no banheiro", "value": "NAO", "optional": false}, {"key": "FECHADURA_ELETRONICA", "text": "Fechadura eletr\u00f4nica", "value": "NAO", "optional": false}, {"key": "ENERGIA", "text": "Energia no im\u00f3vel", "value": "NAO", "optional": false}], "area": 120, "installations": [{"key": "PLAYGROUND", "text": "Playground", "value": "NAO"}, {"key": "PISCINA", "text": "Piscina", "value": "NAO"}, {"key": "CHURRASQUEIRA", "text": "Churrasqueira", "value": "NAO"}, {"key": "QUADRA_ESPORTIVA", "text": "Quadra esportiva", "value": "NAO"}, {"key": "ACADEMIA", "text": "Academia", "value": "NAO"}, {"key": "SALAO_DE_FESTAS", "text": "Sal\u00e3o de festas", "value": "NAO"}, {"key": "SAUNA", "text": "Sauna", "value": "NAO"}, {"key": "LAVANDERIA_NO_PREDIO", "text": "Lavanderia no pr\u00e9dio", "value": "NAO_INFORMADO"}, {"key": "GAS_ENCANADO", "text": "G\u00e1s encanado", "value": "NAO"}, {"key": "ESPACO_GOURMET_NA_AREA_COMUM", "text": "Espa\u00e7o gourmet na \u00e1rea comum", "value": "NAO"}, {"key": "BRINQUEDOTECA", "text": "Brinquedoteca", "value": "NAO_INFORMADO"}, {"key": "CORRIMAO", "text": "Corrim\u00e3o", "value": "NAO_INFORMADO"}, {"key": "PISO_TATIL", "text": "Piso t\u00e1til", "value": "NAO_INFORMADO"}, {"key": "RAMPAS_DE_ACESSO", "text": "Rampas de acesso", "value": "NAO_INFORMADO"}, {"key": "SALAO_DE_JOGOS", "text": "Sal\u00e3o de jogos", "value": "NAO_INFORMADO"}, {"key": "VAGA_DE_GARAGEM_ACESSIVEL", "text": "Vaga de garagem acess\u00edvel", "value": "NAO_INFORMADO"}, {"key": "AREA_VERDE", "text": "\u00c1rea verde", "value": "NAO_INFORMADO"}, {"key": "Elevador", "value": "NAO"}, {"key": "Porteiro24H", "value": "SIM"}], "rentPrice": 9300, "condoPrice": 2095, "condoType": "Normal", "region": {"name": "Brooklin", "hub": {"loading": "UNSET", "enabled": false, "abSecretariat": false, "isPrimaryMarket": false}, "id": 42}, "type": "Apartamento", "iptuType": "Normal", "totalCost": 12288, "parkingSpaces": 2, "address": {"street": "Avenida Nova Independ\u00eancia", "neighborhood": "Brooklin", "city": "S\u00e3o Paulo", "zipCode": "04570-000", "stateName": "S\u00e3o Paulo", "stateAcronym": "SP", "lat": -23.60021, "lng": -46.6878516, "countryName": "Brasil", "countryCode": "BR", "country": "Brasil"}, "floor": 9, "homeProtection": 118, "remarks": "3 dormit\u00f3rios, 1 suite e 2 vagas no Brooklin", "acceptsPets": false, "hasFurniture": false, "isNearSubway": true, "placesNearby": [{"name": "Shopping Vila Ol\u00edmpia", "type": "SHOPPING_MALL", "slug": "shopping-vila-olimpia-vila-olimpia-sao-paulo-sp"}, {"name": "DeRose Method Vila Ol\u00edmpia", "type": "UNIVERSITY_OR_COLLEGE", "slug": "derose-method-vila-olimpia-vila-olimpia-sao-paulo-sp"}, {"name": "DeRose Method Berrini", "type": "UNIVERSITY_OR_COLLEGE", "slug": "derose-method-berrini-brooklin-sao-paulo-sp"}, {"name": "Vila Ol\u00edmpia", "type": "ESTACAO_METRO_OU_TREM", "slug": "estacao-vila-olimpia-sao-paulo-sp"}, {"name": "Shopping JK Iguatemi", "type": "SHOPPING_MALL", "slug": "shopping-jk-iguatemi-vila-olimpia-sao-paulo-sp"}, {"name": "Shopping Cidade Jardim", "type": "SHOPPING_MALL", "slug": "shopping-cidade-jardim-cidade-jardim-sao-paulo-sp-brasil"}, {"name": "Insper", "type": "UNIVERSITY_OR_COLLEGE", "slug": "insper-vila-olimpia-sao-paulo-sp"}, {"name": "Universidade Anhembi-Morumbi", "type": "SCHOOL", "slug": "universidade-anhembi-morumbi-vila-olimpia-sao-paulo-sp"}, {"name": "Parque do Povo", "type": "PARK_OR_GREEN_AREA", "slug": "parque-do-povo-pinheiros-sao-paulo-sp"}, {"name": "Teatro Vento Forte", "type": "MUSEUM_THEATRE_OR_CONCERT_HALL", "slug": "teatro-vento-forte-itaim-bibi-sao-paulo-sp"}, {"name": "Diko Pataca", "type": "SCHOOL", "slug": "diko-pataca-brooklin-sao-paulo-sp"}, {"name": "Reserva Ecol\u00f3gica do Morumbi", "type": "PARK_OR_GREEN_AREA", "slug": "reserva-ecologica-do-morumbi-cidade-jardim-sao-paulo-sp-brasil"}, {"name": "FMU", "type": "UNIVERSITY_OR_COLLEGE", "slug": "fmu-vila-nova-conceicao-sao-paulo-sp-brasil"}, {"name": "Col\u00e9gio da Companhia de Maria", "type": "SCHOOL", "slug": "colegio-da-companhia-de-maria-vila-nova-conceicao-sao-paulo-sp-brasil"}, {"name": "Escola M. Dias", "type": "SCHOOL", "slug": "escola-m-dias-sao-paulo-sp-brasil"}, {"name": "DeRose Method Brooklin", "type": "UNIVERSITY_OR_COLLEGE", "slug": "derose-method-brooklin-brooklin-sao-paulo-sp"}, {"name": "PlayPen Bilingual Education", "type": "SCHOOL", "slug": "playpen-bilingual-education-jardim-guedala-sao-paulo-sp"}], "availabilityType": "IMMEDIATE", "photos": [{"id": 34052909, "subtitle": "", "url": "893918757-752.5953976435462671cdea8-de5c-420a-b18f-99d6505c8790-LEAD3P-eba45cb7-5de3-4765-acf9-4d85475c9401.jpg", "cover": true}, {"id": 34052908, "subtitle": "", "url": "893918757-546.0482596069073671cdea8-de5c-420a-b18f-99d6505c8790-LEAD3P-597dce0e-c0aa-4622-a95d-7869cff4979b.jpg", "cover": false}, {"id": 34052907, "subtitle": "", "url": "893918757-786.6056422615404671cdea8-de5c-420a-b18f-99d6505c8790-LEAD3P-ab34fe15-4b2d-45d5-88ac-9791bcf12668.jpg", "cover": false}, {"id": 34052906, "subtitle": "", "url": "893918757-544.1379918060042671cdea8-de5c-420a-b18f-99d6505c8790-LEAD3P-d5c21361-c523-4c84-9f24-7c509c6588c4.jpg", "cover": false}, {"id": 34052905, "subtitle": "", "url": "893918757-374.2801447036357671cdea8-de5c-420a-b18f-99d6505c8790-LEAD3P-3af9509e-799c-41a9-8716-ff41ceeaad47.jpg", "cover": false}, {"id": 34052913, "subtitle": "", "url": "893918757-507.060640513913671cdea8-de5c-420a-b18f-99d6505c8790-LEAD3P-a8e8d8b9-738e-4e7d-ba51-9291bcee532f.jpg", "cover": false}, {"id": 34052896, "subtitle": "", "url": "893918757-137.25661290567103671cdea8-de5c-420a-b18f-99d6505c8790-LEAD3P-a4ff4674-be9c-47c4-bd60-3542287d197f.jpg", "cover": false}, {"id": 34052895, "subtitle": "", "url": "893918757-664.0752359026504671cdea8-de5c-420a-b18f-99d6505c8790-LEAD3P-2c2a4237-00bc-4ed0-a947-ad30068855eb.jpg", "cover": false}, {"id": 34052899, "subtitle": "", "url": "893918757-335.88141915902725671cdea8-de5c-420a-b18f-99d6505c8790-LEAD3P-2a659f7b-a0a0-4122-a46e-202582c6a6b8.jpg", "cover": false}, {"id": 34052900, "subtitle": "", "url": "893918757-547.6386261947439671cdea8-de5c-420a-b18f-99d6505c8790-LEAD3P-452c7c33-82db-400c-93ef-97b8c039e267.jpg", "cover": false}, {"id": 34052912, "subtitle": "", "url": "893918757-187.52037028967393671cdea8-de5c-420a-b18f-99d6505c8790-LEAD3P-1c38ce16-ed05-43b1-a003-23984d936f8f.jpg", "cover": false}, {"id": 34052901, "subtitle": "", "url": "893918757-884.6702174876635671cdea8-de5c-420a-b18f-99d6505c8790-LEAD3P-f5a2e9ee-6f47-46c1-8b1c-4b197a539d94.jpg", "cover": false}, {"id": 34052897, "subtitle": "", "url": "893918757-636.8662121118356671cdea8-de5c-420a-b18f-99d6505c8790-LEAD3P-4d54023d-3ec8-4d01-8938-1b89dd6d3f97.jpg", "cover": false}, {"id": 34052904, "subtitle": "", "url": "893918757-972.2444679679808671cdea8-de5c-420a-b18f-99d6505c8790-LEAD3P-65848d99-b2f1-4705-8ead-fcda5bcaa61b.jpg", "cover": false}, {"id": 34052903, "subtitle": "", "url": "893918757-964.1955380244254671cdea8-de5c-420a-b18f-99d6505c8790-LEAD3P-19085664-2ec1-47c9-bfee-39b16535cb9f.jpg", "cover": false}, {"id": 34052902, "subtitle": "", "url": "893918757-497.9747826354104671cdea8-de5c-420a-b18f-99d6505c8790-LEAD3P-63ebfc7a-2069-4087-8bfc-b9c7b6a803a3.jpg", "cover": false}, {"id": 34052898, "subtitle": "", "url": "893918757-425.02973762223127671cdea8-de5c-420a-b18f-99d6505c8790-LEAD3P-dfaa82fe-6070-45f3-960a-0939ef47abbc.jpg", "cover": false}, {"id": 34052911, "subtitle": "", "url": "893918757-934.1569655662279671cdea8-de5c-420a-b18f-99d6505c8790-LEAD3P-a38c1518-3c46-4479-862d-b917aadf4d4e.jpg", "cover": false}], "photosCategorizedByRooms": [], "relevantRegions": [], "photospheres": [], "specialConditions": [], "offers": {"closingRate": 0, "shouldHighlightIcon": true, "shouldShowOfferDialog": false, "shouldShowOffers": false, "summary": []}, "status": "publicado", "showUrlHasBeenCopiedSnackbar": false, "isGalleryModalOpen": false, "error": false, "loaded": true, "loading": false, "loadingCategorizedRooms": false, "selectedMedia": "tenant/HouseMedia/PHOTOS", "video": "", "promotions": [], "condominium": {"hashId": "ed5zs0yxnd", "name": "The View", "slug": "the-view-brooklin-sao-paulo", "address": "Av. Nova Independ\u00eancia", "constructionYear": 2007}, "forRent": true, "forSale": true, "salePrice": 1690000, "mortgageFirstInstallment": 0, "listings": [{"imovelId": 893918757, "businessContext": "RENT", "status": "publicado", "firstPublicationDate": "2023-03-05T16:31:24.000+0000", "lastPublicationDate": "2023-03-05T16:31:24.000+0000", "listingRentModel": {"listingBusinessContextId": 1494477, "rentalAdministrator": "QUINTOANDAR"}, "ownership": "STANDARD"}, {"imovelId": 893918757, "businessContext": "SALE", "status": "despublicado", "statusReason": "OWNER_OTHER", "firstPublicationDate": "2023-01-11T02:38:23.000+0000", "lastPublicationDate": "2023-01-11T02:38:23.000+0000", "ownership": "THIRD_PARTY"}], "listingTags": [], "businessContext": "", "regionParameters": {"loaded": false, "loading": false, "RENT": {"visitsEnabled": true, "talkToAgentEnabled": false}, "SALE": {"visitsEnabled": true, "talkToAgentEnabled": false}}, "houseAgent": {"isDialogOpen": false, "alreadyOpenedByQueryParam": false}, "tenantServiceFee": 240, "closingStatus": {"loading": false}, "rentalGuarantee": {"minValue": 2325, "maxValue": 6975}, "reservationAvailability": null, "isPrimaryMarket": false, "macroRegion": {"id": 2723, "name": "SPO 05"}, "suites": 1, "houseVisitStatus": "ACCEPT_NEW", "visitStatusReason": null, "visitsUnavailable": false, "isReserved": false, "allowDirectOffer": true, "lastPublishedDate": "2023-03-05T16:31:24.000Z", "listingPublication": "not_stranded", "rentOnTermination": false, "constructionYear": 2007, "categories": []}, "markers": {"lat": -23.60021, "lng": -46.6878516}, "talkToAgent": {"dialog": {"open": false, "questionType": null, "question": ""}, "agentSupport": {}, "error": null, "autoSubmit": false, "loading": false, "submitting": false, "success": false, "hasLoadedAgentInfo": false, "agent": null, "hasLoadedAgentsInRegion": false, "agentsInRegion": null}}}}, "__N_SSP": true}, "page": "/imovel/[houseId]/[[...slug]]", "query": {"houseId": "893918757", "slug": ["alugar", "apartamento-3-quartos-brooklin-sao-paulo"]}, "buildId": "gCr3Bg2lYzV9hxZqGibIQ", "runtimeConfig": {"NEXT_PUBLIC_HOME_ADVERTISING_BANNER": "coupon"}, "isFallback": false, "dynamicIds": [61847, 31265, 66435, 77453, 87356, 60899, 41103, 3232, 72227, 40072, 39327, 19904, 96827], "gssp": true, "customServer": true, "appGip": true, "locale": "pt-BR", "locales": ["pt-BR", "es-MX"], "defaultLocale": "pt-BR", "domainLocales": [{"domain": "www.quintoandar.com.br", "defaultLocale": "pt-BR"}, {"domain": "www.benvi.mx", "defaultLocale": "es-MX"}], "scriptLoader": []}