{"props": {"pageProps": {"initialState": {"route": {"locationBeforeTransitions": {"pathname": "/imovel/893925772/alugar/apartamento-2-quartos-casa-verde-sao-paulo", "search": "", "hash": "", "action": "POP", "query": {}}, "topLevelRouteName": "house details", "businessContext": "RENT", "favoriteListsBusinessContext": "RENT"}, "router": {"location": {"href": "/", "pathname": "/", "search": "", "hash": ""}}, "progress": {"pendingRequests": -1}, "login": {"response": {}, "user": {"isLoggedIn": false, "id": 0, "agentId": 0, "hashId": "", "sessionId": null, "name": "", "email": "", "maskedEmail": "", "jwt": {"app": "", "firebase": ""}, "phone": {"countryCode": "+55", "areaCode": "", "phoneNumber": ""}, "country": "BR", "channel": "", "isPhoneRegistered": false, "acceptWhatsapp": true, "hasDocument": false, "isPartner": false}, "accountForm": {}, "redirectUrl": "", "isRequestOngoing": false}, "captcha": {"token": "", "hasLoadedRemoteConfig": false, "provider": "", "friction": "low", "unavailableCountriesCode": []}, "supportedCities": [], "inAppMessages": {"biomaSurvey": {"isOpen": false, "formId": null, "data": {"opaque": true}}}, "metaData": {"similar_houses_clicked": []}, "appData": {"device": {"type": "desktop", "isSearchEngineCrawler": false}, "experiments": "X-AB-Test=ab_exposed_filter_sale_desktop:1,ab_exposed_filter_sale_v1:1,ab_exposed_filters:1,ab_load_more_v0:-1,ab_new_house_card_v2:0,ab_new_rent_listing_phase2:0,ab_profiling_create_alert_filters:0,ab_scheduling_step_by_step_v1:1,ab_show_floor_sale:0,ab_street_search_retrieval_v1:0"}, "house": {"houseInfo": {"id": "893925772", "displayId": "1225772", "bedrooms": 2, "city": "S\u00e3o Paulo", "cityId": 39, "bathrooms": 2, "iptu": 250, "amenities": [{"key": "BANHEIRA_DE_HIDROMASSAGEM", "text": "Banheira", "value": "NAO", "optional": false}, {"key": "BOX", "text": "Box", "value": "SIM", "optional": false}, {"key": "VARANDA", "text": "Varanda", "value": "SIM", "optional": false}, {"key": "PISCINA_PRIVATIVA", "text": "Piscina privativa", "value": "SIM", "optional": false}, {"key": "ARMARIOS_EMBUTIDOS_NO_QUARTO", "text": "Arm\u00e1rios no quarto", "value": "SIM", "optional": false}, {"key": "ARMARIOS_NOS_BANHEIROS", "text": "Arm\u00e1rios no banheiro", "value": "SIM", "optional": false}, {"key": "ARMARIOS_NA_COZINHA", "text": "Arm\u00e1rios na cozinha", "value": "SIM", "optional": false}, {"key": "AR_CONDICIONADO", "text": "Ar condicionado", "value": "SIM", "optional": false}, {"key": "CHUVEIRO_A_GAS", "text": "Chuveiro a g\u00e1s", "value": "SIM", "optional": false}, {"key": "QUARTO_DE_SERVICO", "text": "Quarto de servi\u00e7o", "value": "SIM", "optional": false}, {"key": "BANHEIRO_DE_SERVICO", "text": "Banheiro de servi\u00e7o", "value": "SIM", "optional": false}, {"key": "VARANDA_GOURMET", "text": "Varanda gourmet", "value": "SIM", "optional": false}, {"key": "APARTAMENTO_COBERTURA", "text": "Apartamento cobertura", "value": "NAO", "optional": false}, {"key": "QUARTO_EXTRA_REVERSIVEL", "text": "Quarto extra revers\u00edvel", "value": "SIM", "optional": false}, {"key": "FOGAO_INCLUSO", "text": "Fog\u00e3o", "value": "NAO", "optional": false}, {"key": "GELADEIRA_INCLUSO", "text": "Geladeira", "value": "NAO", "optional": false}, {"key": "BANHEIRO_ADAPTADO", "text": "Banheiro adaptado", "value": "NAO", "optional": false}, {"key": "CLOSET", "text": "Closet", "value": "NAO", "optional": false}, {"key": "COZINHA_AMERICANA", "text": "Cozinha americana", "value": "SIM", "optional": false}, {"key": "MESAS_E_CADEIRAS_DE_ESCRITORIO", "text": "Mesas e cadeiras de escrit\u00f3rio", "value": "NAO", "optional": false}, {"key": "JARDIM", "text": "Jardim", "value": "NAO", "optional": false}, {"key": "QUARTOS_E_CORREDORES_COM_PORTAS_AMPLAS", "text": "Quartos e corredores com portas amplas", "value": "NAO", "optional": false}, {"key": "QUINTAL", "text": "Quintal", "value": "NAO", "optional": false}, {"key": "SOMENTE_UMA_CASA_NO_TERRENO", "text": "Somente uma casa no terreno", "value": "NAO", "optional": false}, {"key": "AREA_DE_SERVICO", "text": "\u00c1rea de servi\u00e7o", "value": "SIM", "optional": false}], "comfortCommodities": [{"key": "BANHEIRA_DE_HIDROMASSAGEM", "text": "Banheira", "value": "NAO", "optional": false}, {"key": "PISCINA_PRIVATIVA", "text": "Piscina privativa", "value": "SIM", "optional": false}, {"key": "AR_CONDICIONADO", "text": "Ar condicionado", "value": "SIM", "optional": false}, {"key": "SOL_DA_MANHA", "text": "Sol da manh\u00e3", "value": "SIM", "optional": false}, {"key": "SOL_DA_TARDE", "text": "Sol da tarde", "value": "SIM", "optional": false}, {"key": "CORTINAS_BLACK_OUT", "text": "Cortinas corta luz", "value": "SIM", "optional": false}, {"key": "CORTINAS_DECORATIVAS", "text": "Cortina transl\u00facida", "value": "SIM", "optional": false}, {"key": "JANELA_ANTI_RUIDO", "text": "Janela anti-ru\u00eddo", "value": "SIM", "optional": false}, {"key": "VENTILADOR_DE_TETO", "text": "Ventilador de teto", "value": "NAO", "optional": false}, {"key": "LUMINOSIDADE_NATURAL", "text": "Janelas grandes", "value": "SIM", "optional": false}, {"key": "VISTA_LIVRE", "text": "Vista livre", "value": "SIM", "optional": false}, {"key": "RUA_SILENCIOSA", "text": "Rua silenciosa", "value": "NAO", "optional": false}], "practicalityCommodities": [{"key": "BOX", "text": "Box", "value": "SIM", "optional": false}, {"key": "ARMARIOS_EMBUTIDOS_NO_QUARTO", "text": "Arm\u00e1rios no quarto", "value": "SIM", "optional": false}, {"key": "ARMARIOS_NOS_BANHEIROS", "text": "Arm\u00e1rios no banheiro", "value": "SIM", "optional": false}, {"key": "ARMARIOS_NA_COZINHA", "text": "Arm\u00e1rios na cozinha", "value": "SIM", "optional": false}, {"key": "CHUVEIRO_A_GAS", "text": "Chuveiro a g\u00e1s", "value": "SIM", "optional": false}, {"key": "FOGAO_INCLUSO", "text": "Fog\u00e3o", "value": "NAO", "optional": false}, {"key": "GELADEIRA_INCLUSO", "text": "Geladeira", "value": "NAO", "optional": false}, {"key": "CHUVEIRO_ELETRICO", "text": "Chuveiro el\u00e9trico", "value": "SIM", "optional": false}, {"key": "MICROONDAS", "text": "Microondas", "value": "NAO", "optional": false}, {"key": "SOFA", "text": "Sof\u00e1", "value": "NAO", "optional": false}, {"key": "MAQUINA_DE_LAVAR", "text": "M\u00e1quina de lavar", "value": "NAO", "optional": false}, {"key": "TANQUE", "text": "Tanque", "value": "SIM", "optional": false}, {"key": "REDE_DE_PROTECAO", "text": "Tela nas janelas", "value": "SIM", "optional": false}, {"key": "VARAL_DE_ROUPAS", "text": "Varal de roupas", "value": "SIM", "optional": false}, {"key": "TOMADAS_NOVAS", "text": "Tomadas 3 pinos", "value": "SIM", "optional": false}, {"key": "TELEVISAO", "text": "Televis\u00e3o", "value": "NAO", "optional": false}, {"key": "MESAS_E_CADEIRAS_DE_JANTAR", "text": "Mesas e cadeiras de jantar", "value": "NAO", "optional": false}, {"key": "CHURRASQUEIRA", "text": "Churrasqueira", "value": "SIM", "optional": false}, {"key": "ACESSO_SEM_DEGRAUS", "text": "Acesso sem degraus", "value": "SIM", "optional": false}, {"key": "COOKTOP", "text": "Fog\u00e3o cooktop", "value": "SIM", "optional": false}, {"key": "UTENSILIOS_DE_COZINHA", "text": "Utens\u00edlios de cozinha", "value": "NAO", "optional": false}, {"key": "CAMA_DE_CASAL", "text": "Cama de casal", "value": "NAO", "optional": false}, {"key": "CAMA_DE_SOLTEIRO", "text": "Cama de solteiro", "value": "NAO", "optional": false}, {"key": "ESPELHO_NO_BANHEIRO", "text": "Espelho no banheiro", "value": "SIM", "optional": false}, {"key": "FECHADURA_ELETRONICA", "text": "Fechadura eletr\u00f4nica", "value": "SIM", "optional": false}, {"key": "ENERGIA", "text": "Energia no im\u00f3vel", "value": "SIM", "optional": false}], "area": 95, "installations": [{"key": "PLAYGROUND", "text": "Playground", "value": "NAO"}, {"key": "PISCINA", "text": "Piscina", "value": "SIM"}, {"key": "CHURRASQUEIRA", "text": "Churrasqueira", "value": "SIM"}, {"key": "QUADRA_ESPORTIVA", "text": "Quadra esportiva", "value": "NAO"}, {"key": "ACADEMIA", "text": "Academia", "value": "NAO"}, {"key": "SALAO_DE_FESTAS", "text": "Sal\u00e3o de festas", "value": "SIM"}, {"key": "SAUNA", "text": "Sauna", "value": "NAO"}, {"key": "LAVANDERIA_NO_PREDIO", "text": "Lavanderia no pr\u00e9dio", "value": "NAO"}, {"key": "GAS_ENCANADO", "text": "G\u00e1s encanado", "value": "SIM"}, {"key": "ESPACO_GOURMET_NA_AREA_COMUM", "text": "Espa\u00e7o gourmet na \u00e1rea comum", "value": "SIM"}, {"key": "BRINQUEDOTECA", "text": "Brinquedoteca", "value": "NAO"}, {"key": "CORRIMAO", "text": "Corrim\u00e3o", "value": "SIM"}, {"key": "PISO_TATIL", "text": "Piso t\u00e1til", "value": "NAO"}, {"key": "RAMPAS_DE_ACESSO", "text": "Rampas de acesso", "value": "NAO"}, {"key": "SALAO_DE_JOGOS", "text": "Sal\u00e3o de jogos", "value": "NAO"}, {"key": "VAGA_DE_GARAGEM_ACESSIVEL", "text": "Vaga de garagem acess\u00edvel", "value": "SIM"}, {"key": "AREA_VERDE", "text": "\u00c1rea verde", "value": "NAO"}, {"key": "Elevador", "value": "SIM"}, {"key": "Porteiro24H", "value": "SIM"}], "rentPrice": 10500, "condoPrice": 1150, "condoType": "Normal", "region": {"name": "Casa Verde", "hub": {"loading": "UNSET", "enabled": false, "abSecretariat": false, "isPrimaryMarket": false}, "id": 1311}, "type": "Apartamento", "iptuType": "Normal", "totalCost": 12305, "parkingSpaces": 1, "address": {"street": "Rua Desembargador Euclides da Silveira", "neighborhood": "Casa Verde", "city": "S\u00e3o Paulo", "zipCode": "02511-010", "stateName": "S\u00e3o Paulo", "stateAcronym": "SP", "lat": -23.5100777, "lng": -46.6522485, "countryName": "Brasil", "countryCode": "BR", "country": "Brasil"}, "floor": 12, "homeProtection": 134, "remarks": "Im\u00f3vel completamente planejado", "acceptsPets": true, "hasFurniture": false, "isNearSubway": false, "placesNearby": [{"name": "Hospital Casa Verde", "type": "HOSPITAL", "slug": "hospital-casa-verde-casa-verde-sao-paulo-sp"}, {"name": "Instituto de Educa\u00e7\u00e3o Jos\u00e9 de Paiva Netto", "type": "SCHOOL", "slug": "instituto-de-educacao-jose-de-paiva-netto-bom-retiro-sao-paulo-sp"}, {"name": "Escola de Samba Gavi\u00f5es da Fiel", "type": "SCHOOL", "slug": "escola-de-samba-gavioes-da-fiel-bom-retiro-sao-paulo-sp"}, {"name": "Escola Ary Barroso", "type": "SCHOOL", "slug": "escola-ary-barroso-sao-paulo-sp-brasil"}, {"name": "Est\u00e1dio Municipal de Beisebol Mie Nishi", "type": "STADIUM", "slug": "estadio-municipal-de-beisebol-mie-nishi-bom-retiro-sao-paulo-sp"}, {"name": "SESI \u2013 Vila Bianca", "type": "SCHOOL", "slug": "sesi-vila-bianca-vila-bianca-sao-paulo-sp"}], "availabilityType": "IMMEDIATE", "photos": [{"id": 34320939, "subtitle": "Sala ", "url": "893925772-972.3539007710393IMG8795.JPG", "cover": true}, {"id": 34320945, "subtitle": "Sala ", "url": "893925772-552.3674064258363IMG8796.JPG", "cover": false}, {"id": 34320951, "subtitle": "Sala ", "url": "893925772-806.4461151664729IMG8797.JPG", "cover": false}, {"id": 34320962, "subtitle": "Sala ", "url": "893925772-263.47596904687396IMG8798.JPG", "cover": false}, {"id": 34320967, "subtitle": "Vista Sala ", "url": "893925772-670.7797877698287IMG8799.JPG", "cover": false}, {"id": 34320974, "subtitle": "Quarto 1 ", "url": "893925772-208.6665292531853IMG8800.JPG", "cover": false}, {"id": 34320985, "subtitle": "Quarto 1 ", "url": "893925772-583.7769067073176IMG8801.JPG", "cover": false}, {"id": 34320999, "subtitle": "Quarto 1 ", "url": "893925772-341.67600955254085IMG8802.JPG", "cover": false}, {"id": 34321012, "subtitle": "Quarto 1 ", "url": "893925772-194.54600247882348IMG8804.JPG", "cover": false}, {"id": 34321021, "subtitle": "Vista Quarto 1 ", "url": "893925772-321.2210586007622IMG8805.JPG", "cover": false}, {"id": 34321031, "subtitle": "Quarto 2", "url": "893925772-969.5270853435642IMG8806.JPG", "cover": false}, {"id": 34321043, "subtitle": "Quarto 2", "url": "893925772-321.7660126863401IMG8807.JPG", "cover": false}, {"id": 34321059, "subtitle": "Quarto 2", "url": "893925772-220.01774201434176IMG8808.JPG", "cover": false}, {"id": 34321073, "subtitle": "Quarto 2", "url": "893925772-297.10575695544196IMG8809.JPG", "cover": false}, {"id": 34321079, "subtitle": "Quarto 2", "url": "893925772-613.9714928291365IMG8810.JPG", "cover": false}, {"id": 34321088, "subtitle": "Banheiro Su\u00edte 1 ", "url": "893925772-090-291.25180851364587IMG8811.JPG", "cover": false}, {"id": 34321094, "subtitle": "Banheiro Su\u00edte 1 ", "url": "893925772-251.07024229940689IMG8812.JPG", "cover": false}, {"id": 34321105, "subtitle": "Banheiro Su\u00edte 1 ", "url": "893925772-653.1162025696376IMG8813.JPG", "cover": false}, {"id": 34321119, "subtitle": "Escada", "url": "893925772-199.26948688015057IMG8815.JPG", "cover": false}, {"id": 34321133, "subtitle": "Banheiro ", "url": "893925772-121.94364170511396IMG8816.JPG", "cover": false}, {"id": 34321147, "subtitle": "Banheiro ", "url": "893925772-709.7697317677003IMG8817.JPG", "cover": false}, {"id": 34321152, "subtitle": "Banheiro ", "url": "893925772-56.435748202333656IMG8819.JPG", "cover": false}, {"id": 34321174, "subtitle": "Banheiro ", "url": "893925772-090-960.0058400878959IMG8820.JPG", "cover": false}, {"id": 34321187, "subtitle": "Cozinha ", "url": "893925772-769.5032145120654IMG8821.JPG", "cover": false}, {"id": 34321205, "subtitle": "Cozinha ", "url": "893925772-74.5184781276369IMG8822.JPG", "cover": false}, {"id": 34321213, "subtitle": "Cozinha ", "url": "893925772-489.29195578641395IMG8823.JPG", "cover": false}, {"id": 34321231, "subtitle": "Cozinha ", "url": "893925772-34.60868797903005IMG8824.JPG", "cover": false}, {"id": 34321245, "subtitle": "\u00c1rea gourmet", "url": "893925772-509.83272278494087IMG8825.JPG", "cover": false}, {"id": 34321253, "subtitle": "\u00c1rea gourmet", "url": "893925772-53.47628569496066IMG8826.JPG", "cover": false}, {"id": 34321255, "subtitle": "\u00c1rea gourmet", "url": "893925772-874.4753665911403IMG8827.JPG", "cover": false}, {"id": 34321256, "subtitle": "Vista \u00c1rea gourmet", "url": "893925772-393.1276608082971IMG8828.JPG", "cover": false}, {"id": 34321257, "subtitle": "Piscina ", "url": "893925772-776.9351773698789IMG8831.JPG", "cover": false}, {"id": 34321258, "subtitle": "Piscina ", "url": "893925772-344.698818737067IMG8832.JPG", "cover": false}, {"id": 34321259, "subtitle": "Jacuzzi", "url": "893925772-70.50001256359096IMG8833.JPG", "cover": false}, {"id": 34321260, "subtitle": "Jacuzzi", "url": "893925772-336.0641511658369IMG8834.JPG", "cover": false}, {"id": 34321261, "subtitle": "Fachada", "url": "893925772-106.38668623790959IMG8835.JPG", "cover": false}], "photosCategorizedByRooms": [], "relevantRegions": [], "photospheres": [], "specialConditions": ["Exclusivity"], "offers": {"closingRate": 0, "shouldHighlightIcon": true, "shouldShowOfferDialog": false, "shouldShowOffers": false, "summary": []}, "status": "publicado", "showUrlHasBeenCopiedSnackbar": false, "isGalleryModalOpen": false, "error": false, "loaded": true, "loading": false, "loadingCategorizedRooms": false, "selectedMedia": "tenant/HouseMedia/PHOTOS", "video": "", "promotions": [], "condominium": {"hashId": "8kojs1vv3d", "name": "Fao II Residence", "slug": "fao-ii-residence-casa-verde-sao-paulo", "address": "R. Des. Euclides da Silveira"}, "forRent": true, "forSale": true, "salePrice": 1450000, "mortgageFirstInstallment": 0, "listings": [{"imovelId": 893925772, "businessContext": "RENT", "status": "publicado", "firstPublicationDate": "2023-01-18T01:46:47.000+0000", "lastPublicationDate": "2023-01-18T01:46:47.000+0000", "listingRentModel": {"listingBusinessContextId": 1422476, "rentalAdministrator": "QUINTOANDAR"}, "ownership": "STANDARD"}, {"imovelId": 893925772, "businessContext": "SALE", "status": "publicado", "firstPublicationDate": "2023-01-18T01:46:47.000+0000", "lastPublicationDate": "2023-01-18T01:46:47.000+0000", "ownership": "STANDARD"}], "listingTags": [], "businessContext": "", "regionParameters": {"loaded": false, "loading": false, "RENT": {"visitsEnabled": true, "talkToAgentEnabled": false}, "SALE": {"visitsEnabled": true, "talkToAgentEnabled": false}}, "houseAgent": {"isDialogOpen": false, "alreadyOpenedByQueryParam": false}, "tenantServiceFee": 271, "closingStatus": {"loading": false}, "rentalGuarantee": {"minValue": 2625, "maxValue": 7875}, "reservationAvailability": null, "isPrimaryMarket": false, "macroRegion": {"id": 2760, "name": "SPO09"}, "suites": 1, "allowsCustomOffer": false, "displayCustomOfferPreference": false, "houseVisitStatus": "ACCEPT_NEW", "visitStatusReason": null, "visitsUnavailable": false, "isReserved": false, "allowDirectOffer": true, "lastPublishedDate": "2023-01-18T01:46:47.000Z", "listingPublication": "not_stranded", "rentOnTermination": false, "constructionYear": null, "categories": []}, "markers": {"lat": -23.5100777, "lng": -46.6522485}, "talkToAgent": {"dialog": {"open": false, "questionType": null, "question": ""}, "agentSupport": {}, "error": null, "autoSubmit": false, "loading": false, "submitting": false, "success": false, "hasLoadedAgentInfo": false, "agent": null, "hasLoadedAgentsInRegion": false, "agentsInRegion": null}}}}, "__N_SSP": true}, "page": "/imovel/[houseId]/[[...slug]]", "query": {"houseId": "893925772", "slug": ["alugar", "apartamento-2-quartos-casa-verde-sao-paulo"]}, "buildId": "gCr3Bg2lYzV9hxZqGibIQ", "runtimeConfig": {"NEXT_PUBLIC_HOME_ADVERTISING_BANNER": "coupon"}, "isFallback": false, "dynamicIds": [61847, 31265, 66435, 77453, 87356, 60899, 41103, 3232, 33207, 72227, 40072, 39327, 19904, 96827], "gssp": true, "customServer": true, "appGip": true, "locale": "pt-BR", "locales": ["pt-BR", "es-MX"], "defaultLocale": "pt-BR", "domainLocales": [{"domain": "www.quintoandar.com.br", "defaultLocale": "pt-BR"}, {"domain": "www.benvi.mx", "defaultLocale": "es-MX"}], "scriptLoader": []}