{"props": {"pageProps": {"initialState": {"route": {"locationBeforeTransitions": {"pathname": "/imovel/893933854/alugar/apartamento-2-quartos-cerqueira-cesar-sao-paulo", "search": "", "hash": "", "action": "POP", "query": {}}, "topLevelRouteName": "house details", "businessContext": "RENT", "favoriteListsBusinessContext": "RENT"}, "router": {"location": {"href": "/", "pathname": "/", "search": "", "hash": ""}}, "progress": {"pendingRequests": -1}, "login": {"response": {}, "user": {"isLoggedIn": false, "id": 0, "agentId": 0, "hashId": "", "sessionId": null, "name": "", "email": "", "maskedEmail": "", "jwt": {"app": "", "firebase": ""}, "phone": {"countryCode": "+55", "areaCode": "", "phoneNumber": ""}, "country": "BR", "channel": "", "isPhoneRegistered": false, "acceptWhatsapp": true, "hasDocument": false, "isPartner": false}, "accountForm": {}, "redirectUrl": "", "isRequestOngoing": false}, "captcha": {"token": "", "hasLoadedRemoteConfig": false, "provider": "", "friction": "low", "unavailableCountriesCode": []}, "supportedCities": [], "inAppMessages": {"biomaSurvey": {"isOpen": false, "formId": null, "data": {"opaque": true}}}, "metaData": {"similar_houses_clicked": []}, "appData": {"device": {"type": "desktop", "isSearchEngineCrawler": false}, "experiments": "X-AB-Test=ab_exposed_filter_sale_desktop:1,ab_exposed_filter_sale_v1:1,ab_exposed_filters:1,ab_load_more_v0:-1,ab_new_house_card_v2:0,ab_new_rent_listing_phase2:0,ab_profiling_create_alert_filters:0,ab_scheduling_step_by_step_v1:1,ab_show_floor_sale:0,ab_street_search_retrieval_v1:0"}, "house": {"houseInfo": {"id": "893933854", "displayId": "1233854", "bedrooms": 2, "city": "S\u00e3o Paulo", "cityId": 39, "bathrooms": 3, "iptu": 384, "amenities": [{"key": "BANHEIRA_DE_HIDROMASSAGEM", "text": "Banheira", "value": "NAO", "optional": false}, {"key": "BOX", "text": "Box", "value": "SIM", "optional": false}, {"key": "VARANDA", "text": "Varanda", "value": "SIM", "optional": false}, {"key": "PISCINA_PRIVATIVA", "text": "Piscina privativa", "value": "NAO", "optional": false}, {"key": "ARMARIOS_EMBUTIDOS_NO_QUARTO", "text": "Arm\u00e1rios no quarto", "value": "NAO", "optional": false}, {"key": "ARMARIOS_NOS_BANHEIROS", "text": "Arm\u00e1rios no banheiro", "value": "NAO", "optional": false}, {"key": "ARMARIOS_NA_COZINHA", "text": "Arm\u00e1rios na cozinha", "value": "SIM", "optional": false}, {"key": "AR_CONDICIONADO", "text": "Ar condicionado", "value": "NAO", "optional": false}, {"key": "CHUVEIRO_A_GAS", "text": "Chuveiro a g\u00e1s", "value": "NAO", "optional": false}, {"key": "QUARTO_DE_SERVICO", "text": "Quarto de servi\u00e7o", "value": "SIM", "optional": false}, {"key": "BANHEIRO_DE_SERVICO", "text": "Banheiro de servi\u00e7o", "value": "SIM", "optional": false}, {"key": "VARANDA_GOURMET", "text": "Varanda gourmet", "value": "SIM", "optional": false}, {"key": "APARTAMENTO_COBERTURA", "text": "Apartamento cobertura", "value": "NAO", "optional": false}, {"key": "QUARTO_EXTRA_REVERSIVEL", "text": "Quarto extra revers\u00edvel", "value": "SIM", "optional": false}, {"key": "FOGAO_INCLUSO", "text": "Fog\u00e3o", "value": "NAO", "optional": false}, {"key": "GELADEIRA_INCLUSO", "text": "Geladeira", "value": "NAO", "optional": false}, {"key": "BANHEIRO_ADAPTADO", "text": "Banheiro adaptado", "value": "NAO", "optional": false}, {"key": "CLOSET", "text": "Closet", "value": "NAO", "optional": false}, {"key": "COZINHA_AMERICANA", "text": "Cozinha americana", "value": "NAO", "optional": false}, {"key": "MESAS_E_CADEIRAS_DE_ESCRITORIO", "text": "Mesas e cadeiras de escrit\u00f3rio", "value": "NAO", "optional": false}, {"key": "JARDIM", "text": "Jardim", "value": "NAO", "optional": false}, {"key": "QUARTOS_E_CORREDORES_COM_PORTAS_AMPLAS", "text": "Quartos e corredores com portas amplas", "value": "NAO", "optional": false}, {"key": "QUINTAL", "text": "Quintal", "value": "NAO", "optional": false}, {"key": "SOMENTE_UMA_CASA_NO_TERRENO", "text": "Somente uma casa no terreno", "value": "NAO", "optional": false}, {"key": "AREA_DE_SERVICO", "text": "\u00c1rea de servi\u00e7o", "value": "SIM", "optional": false}], "comfortCommodities": [{"key": "BANHEIRA_DE_HIDROMASSAGEM", "text": "Banheira", "value": "NAO", "optional": false}, {"key": "PISCINA_PRIVATIVA", "text": "Piscina privativa", "value": "NAO", "optional": false}, {"key": "AR_CONDICIONADO", "text": "Ar condicionado", "value": "NAO", "optional": false}, {"key": "SOL_DA_MANHA", "text": "Sol da manh\u00e3", "value": "SIM", "optional": false}, {"key": "SOL_DA_TARDE", "text": "Sol da tarde", "value": "SIM", "optional": false}, {"key": "CORTINAS_BLACK_OUT", "text": "Cortinas corta luz", "value": "SIM", "optional": false}, {"key": "CORTINAS_DECORATIVAS", "text": "Cortina transl\u00facida", "value": "SIM", "optional": false}, {"key": "JANELA_ANTI_RUIDO", "text": "Janela anti-ru\u00eddo", "value": "SIM", "optional": false}, {"key": "VENTILADOR_DE_TETO", "text": "Ventilador de teto", "value": "NAO", "optional": false}, {"key": "LUMINOSIDADE_NATURAL", "text": "Janelas grandes", "value": "NAO", "optional": false}, {"key": "VISTA_LIVRE", "text": "Vista livre", "value": "SIM", "optional": false}, {"key": "RUA_SILENCIOSA", "text": "Rua silenciosa", "value": "NAO", "optional": false}], "practicalityCommodities": [{"key": "BOX", "text": "Box", "value": "SIM", "optional": false}, {"key": "ARMARIOS_EMBUTIDOS_NO_QUARTO", "text": "Arm\u00e1rios no quarto", "value": "NAO", "optional": false}, {"key": "ARMARIOS_NOS_BANHEIROS", "text": "Arm\u00e1rios no banheiro", "value": "NAO", "optional": false}, {"key": "ARMARIOS_NA_COZINHA", "text": "Arm\u00e1rios na cozinha", "value": "SIM", "optional": false}, {"key": "CHUVEIRO_A_GAS", "text": "Chuveiro a g\u00e1s", "value": "NAO", "optional": false}, {"key": "FOGAO_INCLUSO", "text": "Fog\u00e3o", "value": "NAO", "optional": false}, {"key": "GELADEIRA_INCLUSO", "text": "Geladeira", "value": "NAO", "optional": false}, {"key": "CHUVEIRO_ELETRICO", "text": "Chuveiro el\u00e9trico", "value": "SIM", "optional": false}, {"key": "MICROONDAS", "text": "Microondas", "value": "NAO", "optional": false}, {"key": "SOFA", "text": "Sof\u00e1", "value": "NAO", "optional": false}, {"key": "MAQUINA_DE_LAVAR", "text": "M\u00e1quina de lavar", "value": "NAO", "optional": false}, {"key": "TANQUE", "text": "Tanque", "value": "SIM", "optional": false}, {"key": "REDE_DE_PROTECAO", "text": "Tela nas janelas", "value": "SIM", "optional": false}, {"key": "VARAL_DE_ROUPAS", "text": "Varal de roupas", "value": "SIM", "optional": false}, {"key": "TOMADAS_NOVAS", "text": "Tomadas 3 pinos", "value": "SIM", "optional": false}, {"key": "TELEVISAO", "text": "Televis\u00e3o", "value": "NAO", "optional": false}, {"key": "MESAS_E_CADEIRAS_DE_JANTAR", "text": "Mesas e cadeiras de jantar", "value": "NAO", "optional": false}, {"key": "CHURRASQUEIRA", "text": "Churrasqueira", "value": "SIM", "optional": false}, {"key": "ACESSO_SEM_DEGRAUS", "text": "Acesso sem degraus", "value": "SIM", "optional": false}, {"key": "COOKTOP", "text": "Fog\u00e3o cooktop", "value": "NAO", "optional": false}, {"key": "UTENSILIOS_DE_COZINHA", "text": "Utens\u00edlios de cozinha", "value": "NAO", "optional": false}, {"key": "CAMA_DE_CASAL", "text": "Cama de casal", "value": "NAO", "optional": false}, {"key": "CAMA_DE_SOLTEIRO", "text": "Cama de solteiro", "value": "NAO", "optional": false}, {"key": "ESPELHO_NO_BANHEIRO", "text": "Espelho no banheiro", "value": "SIM", "optional": false}, {"key": "FECHADURA_ELETRONICA", "text": "Fechadura eletr\u00f4nica", "value": "SIM", "optional": false}, {"key": "ENERGIA", "text": "Energia no im\u00f3vel", "value": "SIM", "optional": false}], "area": 91, "installations": [{"key": "PLAYGROUND", "text": "Playground", "value": "NAO"}, {"key": "PISCINA", "text": "Piscina", "value": "NAO"}, {"key": "CHURRASQUEIRA", "text": "Churrasqueira", "value": "NAO"}, {"key": "QUADRA_ESPORTIVA", "text": "Quadra esportiva", "value": "NAO"}, {"key": "ACADEMIA", "text": "Academia", "value": "NAO"}, {"key": "SALAO_DE_FESTAS", "text": "Sal\u00e3o de festas", "value": "NAO"}, {"key": "SAUNA", "text": "Sauna", "value": "NAO"}, {"key": "LAVANDERIA_NO_PREDIO", "text": "Lavanderia no pr\u00e9dio", "value": "NAO"}, {"key": "GAS_ENCANADO", "text": "G\u00e1s encanado", "value": "SIM"}, {"key": "ESPACO_GOURMET_NA_AREA_COMUM", "text": "Espa\u00e7o gourmet na \u00e1rea comum", "value": "SIM"}, {"key": "BRINQUEDOTECA", "text": "Brinquedoteca", "value": "NAO"}, {"key": "CORRIMAO", "text": "Corrim\u00e3o", "value": "SIM"}, {"key": "PISO_TATIL", "text": "Piso t\u00e1til", "value": "NAO"}, {"key": "RAMPAS_DE_ACESSO", "text": "Rampas de acesso", "value": "NAO"}, {"key": "SALAO_DE_JOGOS", "text": "Sal\u00e3o de jogos", "value": "NAO"}, {"key": "VAGA_DE_GARAGEM_ACESSIVEL", "text": "Vaga de garagem acess\u00edvel", "value": "NAO"}, {"key": "AREA_VERDE", "text": "\u00c1rea verde", "value": "NAO"}, {"key": "Elevador", "value": "NAO"}, {"key": "Porteiro24H", "value": "NAO"}], "rentPrice": 3800, "condoPrice": 719, "condoType": "Normal", "region": {"name": "Jardim Paulista", "hub": {"loading": "UNSET", "enabled": false, "abSecretariat": false, "isPrimaryMarket": false}, "id": 56}, "type": "Apartamento", "iptuType": "Normal", "totalCost": 5050, "parkingSpaces": 0, "address": {"street": "Rua da Consola\u00e7\u00e3o", "neighborhood": "Cerqueira C\u00e9sar", "city": "S\u00e3o Paulo", "zipCode": "01416-002", "stateName": "S\u00e3o Paulo", "stateAcronym": "SP", "lat": -23.5615917, "lng": -46.6693249, "countryName": "Brasil", "countryCode": "BR", "country": "Brasil"}, "floor": 3, "homeProtection": 49, "remarks": "O pr\u00e9dio n\u00e3o possui elevador nem portaria ou zelador. \u00c9 um apartamento para pessoas que gostam de privacidade, pois s\u00f3 ter\u00e3o 3 vizinhos. O apartamento \u00e9 de frente e tem um terra\u00e7o espa\u00e7oso com floreira que serve os dois quartos, com vista livre para o outro lado da rua.", "acceptsPets": true, "hasFurniture": false, "isNearSubway": true, "placesNearby": [{"name": "Baro Galeria", "type": "MUSEUM_THEATRE_OR_CONCERT_HALL", "slug": "baro-galeria-jardim-paulista-sao-paulo-sp"}, {"name": "Arte brasileira", "type": "MUSEUM_THEATRE_OR_CONCERT_HALL", "slug": "arte-brasileira-jardim-paulista-sao-paulo-sp"}, {"name": "Galeria Melissa Sao Paulo", "type": "MUSEUM_THEATRE_OR_CONCERT_HALL", "slug": "galeria-melissa-sao-paulo-jardim-paulista-sao-paulo-sp"}, {"name": "Oscar freire", "type": "ESTACAO_METRO_OU_TREM", "slug": "estacao-oscar-freire-sao-paulo-sp"}, {"name": "Shopping Galeria Virine Augusta", "type": "SHOPPING_MALL", "slug": "shopping-galeria-virine-augusta-jardim-paulista-sao-paulo-sp"}, {"name": "Escola Infantil jardins", "type": "SCHOOL", "slug": "escola-infantil-jardins-jardim-paulista-sao-paulo-sp"}, {"name": "Centro Mercantil Jardim Am\u00e9rica", "type": "SHOPPING_MALL", "slug": "centro-mercantil-jardim-america-jardim-paulista-sao-paulo-sp"}, {"name": "Teatro Proc\u00f3pio Ferreira", "type": "MUSEUM_THEATRE_OR_CONCERT_HALL", "slug": "teatro-procopio-ferreira-jardim-paulista-sao-paulo-sp"}, {"name": "Hospital das Cl\u00ednicas S\u00e3o Paulo", "type": "HOSPITAL", "slug": "hospital-das-clinicas-sao-paulo-cerqueira-cesar-sao-paulo-sp"}, {"name": "Incor", "type": "HOSPITAL", "slug": "incor-pinheiros-sao-paulo-sp"}, {"name": "Incor \u2013 Instituto do Cora\u00e7\u00e3o", "type": "HOSPITAL", "slug": "incor-instituto-do-coracao-cerqueira-cesar-sao-paulo-sp"}, {"name": "Wizard", "type": "SCHOOL", "slug": "wizard-jardim-paulista-sao-paulo-sp"}, {"name": "Galeria de Arte Andr\u00e9", "type": "MUSEUM_THEATRE_OR_CONCERT_HALL", "slug": "galeria-de-arte-andre-jardim-paulista-sao-paulo-sp"}, {"name": "DeROSE Method Jardins - Sede Central", "type": "UNIVERSITY_OR_COLLEGE", "slug": "derose-method-jardins-sede-central-jardim-paulista-sao-paulo-sp"}, {"name": "FMUSP - Faculdade Medicina USP", "type": "UNIVERSITY_OR_COLLEGE", "slug": "fmusp-usp-pinheiros-sao-paulo-sp"}, {"name": "Teatro Central da Medicina", "type": "MUSEUM_THEATRE_OR_CONCERT_HALL", "slug": "teatro-central-da-medicina-pinheiros-sao-paulo-sp"}, {"name": "CineSesc", "type": "MUSEUM_THEATRE_OR_CONCERT_HALL", "slug": "cinesesc-cerqueira-cesar-sao-paulo-sp"}, {"name": "Cl\u00ednica M\u00e9dica Dr. David Uip", "type": "HOSPITAL", "slug": "clinica-medica-dr-david-uip-jardim-america-sao-paulo-sp-brasil"}, {"name": "Cl\u00ednicas", "type": "ESTACAO_METRO_OU_TREM", "slug": "estacao-clinicas-sao-paulo-sp"}, {"name": "Dam\u00e1sio", "type": "UNIVERSITY_OR_COLLEGE", "slug": "damasio-jardim-paulista-sao-paulo-sp"}, {"name": "Ibmec", "type": "UNIVERSITY_OR_COLLEGE", "slug": "ibmec-jardim-paulista-sao-paulo-sp"}, {"name": "Alumni - Cursos de ingl\u00eas", "type": "SCHOOL", "slug": "alumni-cursos-de-ingles-jardim-paulista-sao-paulo-sp"}, {"name": "Casa S\u00e9rgio Buarque de Holanda", "type": "MUSEUM_THEATRE_OR_CONCERT_HALL", "slug": "casa-sergio-buarque-de-holanda-pacaembu-sao-paulo-sp-brasil"}, {"name": "Instituto Mindset", "type": "UNIVERSITY_OR_COLLEGE", "slug": "instituto-mindset-pinheiros-sao-paulo-sp"}, {"name": "Pra\u00e7a Adolfo Bloch", "type": "PARK_OR_GREEN_AREA", "slug": "praca-adolfo-bloch-jardim-america-sao-paulo-sp-brasil"}, {"name": "Nilton Travesso Oficina de Atores", "type": "UNIVERSITY_OR_COLLEGE", "slug": "nilton-travesso-oficina-de-atores-pinheiros-sao-paulo-sp"}, {"name": "E.E Godofredo Furtado", "type": "SCHOOL", "slug": "ee-godofredo-furtado-pinheiros-sao-paulo-sp"}, {"name": "Paulista Mall", "type": "SHOPPING_MALL", "slug": "paulista-mall-consolacao-sao-paulo-sp"}, {"name": "Faculdade Mundial", "type": "UNIVERSITY_OR_COLLEGE", "slug": "faculdade-mundial-consolacao-sao-paulo-sp"}, {"name": "Conjunto Nacional", "type": "SHOPPING_MALL", "slug": "conjunto-nacional-jardim-paulista-sao-paulo-sp"}], "availabilityType": "IMMEDIATE", "photos": [{"id": 34597718, "subtitle": "Sala", "url": "893933854-194.8601723546153DSC0899.jpg", "cover": true}, {"id": 34597708, "subtitle": "Sala", "url": "893933854-244.50406876121244DSC0896.jpg", "cover": false}, {"id": 34597714, "subtitle": "Sala", "url": "893933854-462.6661360921842DSC0897.jpg", "cover": false}, {"id": 34597723, "subtitle": "Sala", "url": "893933854-554.0933711308858DSC0900.jpg", "cover": false}, {"id": 34597728, "subtitle": "Vista da Sala", "url": "893933854-777.9376599683743DSC0902.jpg", "cover": false}, {"id": 34597918, "subtitle": "Lavabo", "url": "893933854-698.7391512065378DSC0926.jpg", "cover": false}, {"id": 34597906, "subtitle": "Lavabo", "url": "893933854-413.54714979808807DSC0924.jpg", "cover": false}, {"id": 34597940, "subtitle": "Lavabo", "url": "893933854-141.83506055439153DSC0928.jpg", "cover": false}, {"id": 34597951, "subtitle": "Lavabo", "url": "893933854-526.6589314674446DSC0929.jpg", "cover": false}, {"id": 34597732, "subtitle": "Quarto 1", "url": "893933854-328.0755374458272DSC0904.jpg", "cover": false}, {"id": 34597736, "subtitle": "Quarto 1", "url": "893933854-439.97368343553046DSC0905.jpg", "cover": false}, {"id": 34597741, "subtitle": "Quarto 1", "url": "893933854-758.8113204050303DSC0906.jpg", "cover": false}, {"id": 34597745, "subtitle": "Quarto 1", "url": "893933854-791.3999746709319DSC0907.jpg", "cover": false}, {"id": 34597753, "subtitle": "Vista do Quarto 1", "url": "893933854-245.7330109014698DSC0908.jpg", "cover": false}, {"id": 34597760, "subtitle": "Quarto 2", "url": "893933854-180.9298671440639DSC0909.jpg", "cover": false}, {"id": 34597768, "subtitle": "Quarto 2", "url": "893933854-679.9759185744992DSC0910.jpg", "cover": false}, {"id": 34597773, "subtitle": "Quarto 2", "url": "893933854-226.93294353052784DSC0911.jpg", "cover": false}, {"id": 34597777, "subtitle": "Quarto 2", "url": "893933854-18.004832686387306DSC0912.jpg", "cover": false}, {"id": 34597788, "subtitle": "Varanda do Quarto 2", "url": "893933854-312.19979342644655DSC0913.jpg", "cover": false}, {"id": 34597794, "subtitle": "Varanda do Quarto 2", "url": "893933854-70.87650538384871DSC0914.jpg", "cover": false}, {"id": 34597811, "subtitle": "Varanda do Quarto 2", "url": "893933854-184.5523516257752DSC0917.jpg", "cover": false}, {"id": 34597804, "subtitle": "Vista da Varanda", "url": "893933854-488.4962046475816DSC0916.jpg", "cover": false}, {"id": 34598361, "subtitle": "Banheiro", "url": "893933854-279.61607475314764DSC0918.jpg", "cover": false}, {"id": 34597826, "subtitle": "Banheiro", "url": "893933854-409.9532162413938DSC0919.jpg", "cover": false}, {"id": 34597840, "subtitle": "Banheiro", "url": "893933854-850.0538573678054DSC0920.jpg", "cover": false}, {"id": 34597898, "subtitle": "Banheiro", "url": "893933854-452.4902109284974DSC0922.jpg", "cover": false}, {"id": 34597882, "subtitle": "Banheiro", "url": "893933854-515.5666375777037DSC0921.jpg", "cover": false}, {"id": 34597962, "subtitle": "Cozinha", "url": "893933854-480.13248983838565DSC0931.jpg", "cover": false}, {"id": 34597972, "subtitle": "Cozinha", "url": "893933854-954.864237936791DSC0932.jpg", "cover": false}, {"id": 34597979, "subtitle": "Cozinha", "url": "893933854-296.06779341420406DSC0933.jpg", "cover": false}, {"id": 34597992, "subtitle": "Cozinha", "url": "893933854-57.225355615613815DSC0934.jpg", "cover": false}, {"id": 34598002, "subtitle": "\u00c1rea de Servi\u00e7o", "url": "893933854-258.5132517136127DSC0935.jpg", "cover": false}, {"id": 34598011, "subtitle": "\u00c1rea de Servi\u00e7o", "url": "893933854-573.6612330096374DSC0936.jpg", "cover": false}, {"id": 34598037, "subtitle": "\u00c1rea de Servi\u00e7o", "url": "893933854-648.2235697751725DSC0938.jpg", "cover": false}, {"id": 34598027, "subtitle": "\u00c1rea de Servi\u00e7o", "url": "893933854-63.57247986129144DSC0937.jpg", "cover": false}, {"id": 34598046, "subtitle": "Quarto de Servi\u00e7o", "url": "893933854-620.7969318009846DSC0939.jpg", "cover": false}, {"id": 34598061, "subtitle": "Quarto de Servi\u00e7o", "url": "893933854-143.07508016681126DSC0940.jpg", "cover": false}, {"id": 34598077, "subtitle": "Quarto de Servi\u00e7o", "url": "893933854-266.80009897464464DSC0941.jpg", "cover": false}, {"id": 34598086, "subtitle": "Quarto de Servi\u00e7o", "url": "893933854-849.1430022880755DSC0942.jpg", "cover": false}, {"id": 34598092, "subtitle": "Banheiro de servi\u00e7o", "url": "893933854-916.0988486425263DSC0944.jpg", "cover": false}, {"id": 34598101, "subtitle": "Banheiro de servi\u00e7o", "url": "893933854-453.24685473812707DSC0945.jpg", "cover": false}, {"id": 34598111, "subtitle": "Banheiro de servi\u00e7o", "url": "893933854-399.825277751102DSC0946.jpg", "cover": false}, {"id": 34598122, "subtitle": "Banheiro de servi\u00e7o", "url": "893933854-314.62125623278394DSC0947.jpg", "cover": false}, {"id": 34598139, "subtitle": "Escada", "url": "893933854-246.81750328928044DSC0949.jpg", "cover": false}, {"id": 34598163, "subtitle": "Escada", "url": "893933854-175.45941091718365DSC0952.jpg", "cover": false}, {"id": 34598130, "subtitle": "Hall de entrada", "url": "893933854-801.1531071992277DSC0948.jpg", "cover": false}, {"id": 34598171, "subtitle": "Entrada", "url": "893933854-771.4429293667425DSC0955.jpg", "cover": false}, {"id": 34598182, "subtitle": "Fachada", "url": "893933854-954.7649600792831DSC0956.jpg", "cover": false}, {"id": 34598798, "subtitle": "Placa instalada", "url": "893933854-382.5591282005702placa.jpg", "cover": false}], "photosCategorizedByRooms": [], "relevantRegions": [], "photospheres": [], "specialConditions": [], "offers": {"closingRate": 0, "shouldHighlightIcon": true, "shouldShowOfferDialog": false, "shouldShowOffers": false, "summary": []}, "status": "publicado", "showUrlHasBeenCopiedSnackbar": false, "isGalleryModalOpen": false, "error": false, "loaded": true, "loading": false, "loadingCategorizedRooms": false, "selectedMedia": "tenant/HouseMedia/PHOTOS", "video": "", "promotions": [], "condominium": {"hashId": "3keyswxzvp", "slug": "rua-consolacao-3388-cerqueira-cesar-sao-paulo", "address": "Rua Consola\u00e7\u00e3o"}, "forRent": true, "forSale": false, "salePrice": 0, "mortgageFirstInstallment": 0, "listings": [{"imovelId": 893933854, "businessContext": "RENT", "status": "publicado", "firstPublicationDate": "2023-01-24T23:14:16.000+0000", "lastPublicationDate": "2023-01-24T23:14:16.000+0000", "listingRentModel": {"listingBusinessContextId": 1432920, "rentalAdministrator": "QUINTOANDAR"}, "houseAgents": [{"name": "Josefa Alves dos Reis", "id": 589470, "relationType": "KEY_HOLDER"}], "keyHolderAgent": {"id": 589470, "agentId": 2066, "name": "Josefa Alves dos Reis"}, "ownership": "STANDARD"}], "listingTags": [], "businessContext": "", "regionParameters": {"loaded": false, "loading": false, "RENT": {"visitsEnabled": true, "talkToAgentEnabled": false}, "SALE": {"visitsEnabled": true, "talkToAgentEnabled": false}}, "houseAgent": {"isDialogOpen": false, "alreadyOpenedByQueryParam": false}, "tenantServiceFee": 98, "closingStatus": {"loading": false}, "rentalGuarantee": {"minValue": 950, "maxValue": 2850}, "reservationAvailability": null, "isPrimaryMarket": false, "macroRegion": {"id": 2737, "name": "SPO 07"}, "suites": 0, "allowsCustomOffer": true, "displayCustomOfferPreference": true, "houseVisitStatus": "ACCEPT_NEW", "visitStatusReason": null, "visitsUnavailable": false, "isReserved": false, "allowDirectOffer": true, "lastPublishedDate": "2023-01-24T23:14:16.000Z", "listingPublication": "not_stranded", "rentOnTermination": false, "constructionYear": null, "categories": []}, "markers": {"lat": -23.5615917, "lng": -46.6693249}, "talkToAgent": {"dialog": {"open": false, "questionType": null, "question": ""}, "agentSupport": {}, "error": null, "autoSubmit": false, "loading": false, "submitting": false, "success": false, "hasLoadedAgentInfo": false, "agent": null, "hasLoadedAgentsInRegion": false, "agentsInRegion": null}}}}, "__N_SSP": true}, "page": "/imovel/[houseId]/[[...slug]]", "query": {"houseId": "893933854", "slug": ["alugar", "apartamento-2-quartos-cerqueira-cesar-sao-paulo"]}, "buildId": "gCr3Bg2lYzV9hxZqGibIQ", "runtimeConfig": {"NEXT_PUBLIC_HOME_ADVERTISING_BANNER": "coupon"}, "isFallback": false, "dynamicIds": [61847, 31265, 66435, 77453, 87356, 60899, 41103, 3232, 72227, 40072, 39327, 19904, 96827], "gssp": true, "customServer": true, "appGip": true, "locale": "pt-BR", "locales": ["pt-BR", "es-MX"], "defaultLocale": "pt-BR", "domainLocales": [{"domain": "www.quintoandar.com.br", "defaultLocale": "pt-BR"}, {"domain": "www.benvi.mx", "defaultLocale": "es-MX"}], "scriptLoader": []}