{"props": {"pageProps": {"initialState": {"route": {"locationBeforeTransitions": {"pathname": "/imovel/893921317/alugar/casa-3-quartos-tatuape-sao-paulo", "search": "", "hash": "", "action": "POP", "query": {}}, "topLevelRouteName": "house details", "businessContext": "RENT", "favoriteListsBusinessContext": "RENT"}, "router": {"location": {"href": "/", "pathname": "/", "search": "", "hash": ""}}, "progress": {"pendingRequests": -1}, "login": {"response": {}, "user": {"isLoggedIn": false, "id": 0, "agentId": 0, "hashId": "", "sessionId": null, "name": "", "email": "", "maskedEmail": "", "jwt": {"app": "", "firebase": ""}, "phone": {"countryCode": "+55", "areaCode": "", "phoneNumber": ""}, "country": "BR", "channel": "", "isPhoneRegistered": false, "acceptWhatsapp": true, "hasDocument": false, "isPartner": false}, "accountForm": {}, "redirectUrl": "", "isRequestOngoing": false}, "captcha": {"token": "", "hasLoadedRemoteConfig": false, "provider": "", "friction": "low", "unavailableCountriesCode": []}, "supportedCities": [], "inAppMessages": {"biomaSurvey": {"isOpen": false, "formId": null, "data": {"opaque": true}}}, "metaData": {"similar_houses_clicked": []}, "appData": {"device": {"type": "desktop", "isSearchEngineCrawler": false}, "experiments": "X-AB-Test=ab_exposed_filter_sale_desktop:1,ab_exposed_filter_sale_v1:1,ab_exposed_filters:1,ab_load_more_v0:-1,ab_new_house_card_v2:0,ab_new_rent_listing_phase2:0,ab_profiling_create_alert_filters:0,ab_scheduling_step_by_step_v1:1,ab_show_floor_sale:0,ab_street_search_retrieval_v1:0"}, "house": {"houseInfo": {"id": "893921317", "displayId": "1221317", "bedrooms": 3, "city": "S\u00e3o Paulo", "cityId": 39, "bathrooms": 2, "iptu": 750, "amenities": [{"key": "BANHEIRA_DE_HIDROMASSAGEM", "text": "Banheira", "value": "SIM", "optional": false}, {"key": "BOX", "text": "Box", "value": "SIM", "optional": false}, {"key": "VARANDA", "text": "Varanda", "value": "NAO", "optional": false}, {"key": "PISCINA_PRIVATIVA", "text": "Piscina privativa", "value": "NAO", "optional": false}, {"key": "ARMARIOS_EMBUTIDOS_NO_QUARTO", "text": "Arm\u00e1rios no quarto", "value": "SIM", "optional": false}, {"key": "ARMARIOS_NOS_BANHEIROS", "text": "Arm\u00e1rios no banheiro", "value": "SIM", "optional": false}, {"key": "ARMARIOS_NA_COZINHA", "text": "Arm\u00e1rios na cozinha", "value": "SIM", "optional": false}, {"key": "AR_CONDICIONADO", "text": "Ar condicionado", "value": "NAO", "optional": false}, {"key": "CHUVEIRO_A_GAS", "text": "Chuveiro a g\u00e1s", "value": "NAO", "optional": false}, {"key": "QUARTO_DE_SERVICO", "text": "Quarto de servi\u00e7o", "value": "NAO", "optional": false}, {"key": "BANHEIRO_DE_SERVICO", "text": "Banheiro de servi\u00e7o", "value": "NAO", "optional": false}, {"key": "VARANDA_GOURMET", "text": "Varanda gourmet", "value": "NAO", "optional": false}, {"key": "APARTAMENTO_COBERTURA", "text": "Apartamento cobertura", "value": "NAO", "optional": false}, {"key": "QUARTO_EXTRA_REVERSIVEL", "text": "Quarto extra revers\u00edvel", "value": "NAO", "optional": false}, {"key": "FOGAO_INCLUSO", "text": "Fog\u00e3o", "value": "NAO", "optional": false}, {"key": "GELADEIRA_INCLUSO", "text": "Geladeira", "value": "NAO", "optional": false}, {"key": "BANHEIRO_ADAPTADO", "text": "Banheiro adaptado", "value": "NAO", "optional": false}, {"key": "CLOSET", "text": "Closet", "value": "NAO", "optional": false}, {"key": "COZINHA_AMERICANA", "text": "Cozinha americana", "value": "NAO", "optional": false}, {"key": "MESAS_E_CADEIRAS_DE_ESCRITORIO", "text": "Mesas e cadeiras de escrit\u00f3rio", "value": "NAO", "optional": false}, {"key": "JARDIM", "text": "Jardim", "value": "NAO", "optional": false}, {"key": "QUARTOS_E_CORREDORES_COM_PORTAS_AMPLAS", "text": "Quartos e corredores com portas amplas", "value": "SIM", "optional": false}, {"key": "QUINTAL", "text": "Quintal", "value": "SIM", "optional": false}, {"key": "SOMENTE_UMA_CASA_NO_TERRENO", "text": "Somente uma casa no terreno", "value": "SIM", "optional": false}, {"key": "AREA_DE_SERVICO", "text": "\u00c1rea de servi\u00e7o", "value": "SIM", "optional": false}], "comfortCommodities": [{"key": "BANHEIRA_DE_HIDROMASSAGEM", "text": "Banheira", "value": "SIM", "optional": false}, {"key": "PISCINA_PRIVATIVA", "text": "Piscina privativa", "value": "NAO", "optional": false}, {"key": "AR_CONDICIONADO", "text": "Ar condicionado", "value": "NAO", "optional": false}, {"key": "SOL_DA_MANHA", "text": "Sol da manh\u00e3", "value": "SIM", "optional": false}, {"key": "SOL_DA_TARDE", "text": "Sol da tarde", "value": "SIM", "optional": false}, {"key": "CORTINAS_BLACK_OUT", "text": "Cortinas corta luz", "value": "NAO", "optional": false}, {"key": "CORTINAS_DECORATIVAS", "text": "Cortina transl\u00facida", "value": "NAO", "optional": false}, {"key": "JANELA_ANTI_RUIDO", "text": "Janela anti-ru\u00eddo", "value": "NAO", "optional": false}, {"key": "VENTILADOR_DE_TETO", "text": "Ventilador de teto", "value": "NAO", "optional": false}, {"key": "LUMINOSIDADE_NATURAL", "text": "Janelas grandes", "value": "SIM", "optional": false}, {"key": "VISTA_LIVRE", "text": "Vista livre", "value": "NAO", "optional": false}, {"key": "RUA_SILENCIOSA", "text": "Rua silenciosa", "value": "NAO", "optional": false}], "practicalityCommodities": [{"key": "BOX", "text": "Box", "value": "SIM", "optional": false}, {"key": "ARMARIOS_EMBUTIDOS_NO_QUARTO", "text": "Arm\u00e1rios no quarto", "value": "SIM", "optional": false}, {"key": "ARMARIOS_NOS_BANHEIROS", "text": "Arm\u00e1rios no banheiro", "value": "SIM", "optional": false}, {"key": "ARMARIOS_NA_COZINHA", "text": "Arm\u00e1rios na cozinha", "value": "SIM", "optional": false}, {"key": "CHUVEIRO_A_GAS", "text": "Chuveiro a g\u00e1s", "value": "NAO", "optional": false}, {"key": "FOGAO_INCLUSO", "text": "Fog\u00e3o", "value": "NAO", "optional": false}, {"key": "GELADEIRA_INCLUSO", "text": "Geladeira", "value": "NAO", "optional": false}, {"key": "CHUVEIRO_ELETRICO", "text": "Chuveiro el\u00e9trico", "value": "NAO", "optional": false}, {"key": "MICROONDAS", "text": "Microondas", "value": "NAO", "optional": false}, {"key": "SOFA", "text": "Sof\u00e1", "value": "NAO", "optional": false}, {"key": "MAQUINA_DE_LAVAR", "text": "M\u00e1quina de lavar", "value": "NAO", "optional": false}, {"key": "TANQUE", "text": "Tanque", "value": "SIM", "optional": false}, {"key": "REDE_DE_PROTECAO", "text": "Tela nas janelas", "value": "NAO", "optional": false}, {"key": "VARAL_DE_ROUPAS", "text": "Varal de roupas", "value": "NAO", "optional": false}, {"key": "TOMADAS_NOVAS", "text": "Tomadas 3 pinos", "value": "SIM", "optional": false}, {"key": "TELEVISAO", "text": "Televis\u00e3o", "value": "NAO", "optional": false}, {"key": "MESAS_E_CADEIRAS_DE_JANTAR", "text": "Mesas e cadeiras de jantar", "value": "NAO", "optional": false}, {"key": "CHURRASQUEIRA", "text": "Churrasqueira", "value": "NAO", "optional": false}, {"key": "ACESSO_SEM_DEGRAUS", "text": "Acesso sem degraus", "value": "NAO", "optional": false}, {"key": "COOKTOP", "text": "Fog\u00e3o cooktop", "value": "NAO", "optional": false}, {"key": "UTENSILIOS_DE_COZINHA", "text": "Utens\u00edlios de cozinha", "value": "NAO", "optional": false}, {"key": "CAMA_DE_CASAL", "text": "Cama de casal", "value": "NAO", "optional": false}, {"key": "CAMA_DE_SOLTEIRO", "text": "Cama de solteiro", "value": "NAO", "optional": false}, {"key": "ESPELHO_NO_BANHEIRO", "text": "Espelho no banheiro", "value": "SIM", "optional": false}, {"key": "FECHADURA_ELETRONICA", "text": "Fechadura eletr\u00f4nica", "value": "NAO", "optional": false}, {"key": "ENERGIA", "text": "Energia no im\u00f3vel", "value": "NAO", "optional": false}], "area": 180, "installations": [{"key": "PLAYGROUND", "text": "Playground", "value": "NAO"}, {"key": "PISCINA", "text": "Piscina", "value": "NAO"}, {"key": "CHURRASQUEIRA", "text": "Churrasqueira", "value": "NAO"}, {"key": "QUADRA_ESPORTIVA", "text": "Quadra esportiva", "value": "NAO"}, {"key": "ACADEMIA", "text": "Academia", "value": "NAO"}, {"key": "SALAO_DE_FESTAS", "text": "Sal\u00e3o de festas", "value": "NAO"}, {"key": "SAUNA", "text": "Sauna", "value": "NAO"}, {"key": "LAVANDERIA_NO_PREDIO", "text": "Lavanderia no pr\u00e9dio", "value": "NAO"}, {"key": "GAS_ENCANADO", "text": "G\u00e1s encanado", "value": "NAO"}, {"key": "ESPACO_GOURMET_NA_AREA_COMUM", "text": "Espa\u00e7o gourmet na \u00e1rea comum", "value": "NAO"}, {"key": "BRINQUEDOTECA", "text": "Brinquedoteca", "value": "NAO"}, {"key": "CORRIMAO", "text": "Corrim\u00e3o", "value": "SIM"}, {"key": "PISO_TATIL", "text": "Piso t\u00e1til", "value": "SIM"}, {"key": "RAMPAS_DE_ACESSO", "text": "Rampas de acesso", "value": "NAO"}, {"key": "SALAO_DE_JOGOS", "text": "Sal\u00e3o de jogos", "value": "NAO"}, {"key": "VAGA_DE_GARAGEM_ACESSIVEL", "text": "Vaga de garagem acess\u00edvel", "value": "NAO"}, {"key": "AREA_VERDE", "text": "\u00c1rea verde", "value": "NAO"}, {"key": "Elevador", "value": "NAO"}, {"key": "Porteiro24H", "value": "NAO"}], "rentPrice": 3200, "condoPrice": 0, "condoType": "IncluidoNoAluguel", "region": {"name": "Vila Carr\u00e3o", "hub": {"loading": "UNSET", "enabled": false, "abSecretariat": false, "isPrimaryMarket": false}, "id": 1306}, "type": "Casa", "iptuType": "Normal", "totalCost": 4085, "parkingSpaces": 0, "address": {"street": "Rua Atucuri", "neighborhood": "Tatuap\u00e9", "city": "S\u00e3o Paulo", "zipCode": "03411-000", "stateName": "S\u00e3o Paulo", "stateAcronym": "SP", "lat": -23.5506926, "lng": -46.548321, "countryName": "Brasil", "countryCode": "BR", "country": "Brasil"}, "homeProtection": 53, "remarks": "CASA PARA ALUGAR COM 3 DORMIT\u00d3RIOS SENDO 1 SU\u00cdTE, SALA, COZINHA, 2 BANHEIROS, LAVANDERIA.", "acceptsPets": true, "hasFurniture": false, "isNearSubway": false, "placesNearby": [{"name": "Escola Santa Marina", "type": "SCHOOL", "slug": "escola-santa-marina-vila-carrao-sao-paulo-sp"}, {"name": "SESI \u2013 Vila Carr\u00e3o", "type": "SCHOOL", "slug": "sesi-vila-carrao-vila-carrao-sao-paulo-sp"}, {"name": "Espa\u00e7o Cultural Tatuap\u00e9", "type": "UNIVERSITY_OR_COLLEGE", "slug": "espaco-cultural-tatuape-tatuape-sao-paulo-sp"}, {"name": "Zoopaloo Buffet", "type": "MUSEUM_THEATRE_OR_CONCERT_HALL", "slug": "zoopaloo-buffet-tatuape-sao-paulo-sp"}, {"name": "Col\u00e9gio Alvorada", "type": "SCHOOL", "slug": "colegio-alvorada-vila-formosa-sao-paulo-sp"}, {"name": "Senac Idiomas", "type": "UNIVERSITY_OR_COLLEGE", "slug": "senac-idiomas-jardim-analia-franco-sao-paulo-sp"}, {"name": "Shopping An\u00e1lia Franco", "type": "SHOPPING_MALL", "slug": "shopping-analia-franco-tatuape-sao-paulo-sp"}, {"name": "Wise Up An\u00e1lia Franco", "type": "UNIVERSITY_OR_COLLEGE", "slug": "wise-up-analia-franco-jardim-analia-franco-sao-paulo-sp"}, {"name": "Fatec Tatuap\u00e9 - Victor Civita", "type": "UNIVERSITY_OR_COLLEGE", "slug": "fatec-tatuape-victor-civita-tatuape-sao-paulo-sp"}, {"name": "Col\u00e9gio Bom Jesus Vicente Pallotti", "type": "SCHOOL", "slug": "colegio-bom-jesus-vicente-pallotti-vila-aricanduva-sao-paulo-sp-brasil"}], "availabilityType": "IMMEDIATE", "photos": [{"id": 34268045, "subtitle": "Sala", "url": "893921317-215.24129181664276IMG9659.jpg", "cover": true}, {"id": 34268039, "subtitle": "Sala", "url": "893921317-781.5739081576476IMG9657.jpg", "cover": false}, {"id": 34268041, "subtitle": "Sala", "url": "893921317-132.71133680722957IMG9658.jpg", "cover": false}, {"id": 34268049, "subtitle": "Sala", "url": "893921317-150.13988722936122IMG9660.jpg", "cover": false}, {"id": 34268051, "subtitle": "Corredor", "url": "893921317-910.6371622670671IMG9662.jpg", "cover": false}, {"id": 34268053, "subtitle": "Su\u00edte", "url": "893921317-376.34419471320103IMG9663.jpg", "cover": false}, {"id": 34268055, "subtitle": "Su\u00edte", "url": "893921317-303.35053908340916IMG9664.jpg", "cover": false}, {"id": 34268058, "subtitle": "Su\u00edte", "url": "893921317-574.2419580962198IMG9665.jpg", "cover": false}, {"id": 34268060, "subtitle": "DSu\u00edte", "url": "893921317-229.76473315086997IMG9666.jpg", "cover": false}, {"id": 34268063, "subtitle": "Su\u00edte - Vista", "url": "893921317-67.17769018260178IMG9667.jpg", "cover": false}, {"id": 34268065, "subtitle": "Banheiro da Su\u00edte", "url": "893921317-768.3521304407453IMG9668.jpg", "cover": false}, {"id": 34268067, "subtitle": "Banheiro da Su\u00edte", "url": "893921317-406.79532037188426IMG9669.jpg", "cover": false}, {"id": 34268069, "subtitle": "Banheiro da Su\u00edte", "url": "893921317-549.0763380460498IMG9670.jpg", "cover": false}, {"id": 34268071, "subtitle": "Dormit\u00f3rio 2", "url": "893921317-636.4549498650371IMG9671.jpg", "cover": false}, {"id": 34268074, "subtitle": "Dormit\u00f3rio 2", "url": "893921317-506.36273910581497IMG9673.jpg", "cover": false}, {"id": 34268077, "subtitle": "Dormit\u00f3rio 2", "url": "893921317-788.2816489782332IMG9674.jpg", "cover": false}, {"id": 34268078, "subtitle": "Dormit\u00f3rio 2", "url": "893921317-464.4726366100649IMG9675.jpg", "cover": false}, {"id": 34268079, "subtitle": "Dormit\u00f3rio 2 - Vista", "url": "893921317-675.3043963200149IMG9676.jpg", "cover": false}, {"id": 34268081, "subtitle": "Dormit\u00f3rio 3", "url": "893921317-441.0141242214537IMG9677.jpg", "cover": false}, {"id": 34268084, "subtitle": "Dormit\u00f3rio 3", "url": "893921317-686.3825340354442IMG9678.jpg", "cover": false}, {"id": 34268087, "subtitle": "Dormit\u00f3rio 3", "url": "893921317-250.0470538153091IMG9679.jpg", "cover": false}, {"id": 34268091, "subtitle": "Dormit\u00f3rio 3", "url": "893921317-181.91566086646705IMG9680.jpg", "cover": false}, {"id": 34268094, "subtitle": "Dormit\u00f3rio 4", "url": "893921317-832.4750980453506IMG9681.jpg", "cover": false}, {"id": 34268095, "subtitle": "Dormit\u00f3rio 4", "url": "893921317-70.80904469739058IMG9682.jpg", "cover": false}, {"id": 34268096, "subtitle": "Dormit\u00f3rio 4", "url": "893921317-86.01810868393945IMG9683.jpg", "cover": false}, {"id": 34268097, "subtitle": "Dormit\u00f3rio 4", "url": "893921317-119.00901641998807IMG9684.jpg", "cover": false}, {"id": 34268098, "subtitle": "Corredor", "url": "893921317-254.63674338361375IMG9685.jpg", "cover": false}, {"id": 34268099, "subtitle": "Banheiro", "url": "893921317-220.17979587071324IMG9686.jpg", "cover": false}, {"id": 34268100, "subtitle": "Banheiro", "url": "893921317-271.0559131798729IMG9687.jpg", "cover": false}, {"id": 34268101, "subtitle": "Banheiro", "url": "893921317-470.33762277589574IMG9688.jpg", "cover": false}, {"id": 34268102, "subtitle": "Banheiro", "url": "893921317-944.1046834063374IMG9689.jpg", "cover": false}, {"id": 34268103, "subtitle": "Banheiro", "url": "893921317-875.3987647089668IMG9690.jpg", "cover": false}, {"id": 34268104, "subtitle": "Banheiro", "url": "893921317-717.2023292962891IMG9691.jpg", "cover": false}, {"id": 34268105, "subtitle": "Cozinha", "url": "893921317-217.59081003800173IMG9692.jpg", "cover": false}, {"id": 34268106, "subtitle": "Cozinha", "url": "893921317-18.409509700376802IMG9693.jpg", "cover": false}, {"id": 34268107, "subtitle": "Cozinha", "url": "893921317-117.8481341789841IMG9694.jpg", "cover": false}, {"id": 34268108, "subtitle": "Cozinha", "url": "893921317-983.4031659457783IMG9695.jpg", "cover": false}, {"id": 34268109, "subtitle": "Quintal", "url": "893921317-989.4996818521714IMG9696.jpg", "cover": false}, {"id": 34268110, "subtitle": "\u00c1rea de Servi\u00e7o", "url": "893921317-488.54468187872646IMG9697.jpg", "cover": false}, {"id": 34268111, "subtitle": "\u00c1rea de Servi\u00e7o", "url": "893921317-97.48137579450523IMG9698.jpg", "cover": false}, {"id": 34268112, "subtitle": "\u00c1rea de Servi\u00e7o", "url": "893921317-629.0822371202936IMG9699.jpg", "cover": false}, {"id": 34268113, "subtitle": "Laje", "url": "893921317-718.642585663524IMG9700.jpg", "cover": false}, {"id": 34268114, "subtitle": "Quintal", "url": "893921317-998.470893327419IMG9701.jpg", "cover": false}, {"id": 34268115, "subtitle": "Quintal", "url": "893921317-651.6149282579719IMG9702.jpg", "cover": false}, {"id": 34271552, "subtitle": "Fachada", "url": "893921317-999.1258766885946WhatsAppImage20230116at22.26.311.jpg", "cover": false}, {"id": 34271558, "subtitle": "Fachada - Plaquinha", "url": "893921317-281.50346070427526WhatsAppImage20230116at22.26.32.jpg", "cover": false}], "photosCategorizedByRooms": [], "relevantRegions": [], "photospheres": [], "specialConditions": ["Exclusivity"], "offers": {"closingRate": 0, "shouldHighlightIcon": true, "shouldShowOfferDialog": false, "shouldShowOffers": false, "summary": []}, "status": "publicado", "showUrlHasBeenCopiedSnackbar": false, "isGalleryModalOpen": false, "error": false, "loaded": true, "loading": false, "loadingCategorizedRooms": false, "selectedMedia": "tenant/HouseMedia/PHOTOS", "video": "", "promotions": [], "condominium": {}, "forRent": true, "forSale": false, "salePrice": 0, "mortgageFirstInstallment": 0, "listings": [{"imovelId": 893921317, "businessContext": "RENT", "status": "publicado", "firstPublicationDate": "2023-01-17T01:39:53.000+0000", "lastPublicationDate": "2023-01-17T01:39:53.000+0000", "listingRentModel": {"listingBusinessContextId": 1416767, "rentalAdministrator": "QUINTOANDAR"}, "ownership": "STANDARD"}], "listingTags": [], "businessContext": "", "regionParameters": {"loaded": false, "loading": false, "RENT": {"visitsEnabled": true, "talkToAgentEnabled": false}, "SALE": {"visitsEnabled": true, "talkToAgentEnabled": false}}, "houseAgent": {"isDialogOpen": false, "alreadyOpenedByQueryParam": false}, "tenantServiceFee": 82, "closingStatus": {"loading": false}, "rentalGuarantee": {"minValue": 800, "maxValue": 2400}, "reservationAvailability": null, "isPrimaryMarket": false, "macroRegion": {"id": 2741, "name": "SPO01"}, "suites": 1, "houseVisitStatus": "ACCEPT_NEW", "visitStatusReason": null, "visitsUnavailable": false, "isReserved": false, "allowDirectOffer": true, "lastPublishedDate": "2023-01-17T01:39:53.000Z", "listingPublication": "not_stranded", "rentOnTermination": false, "constructionYear": null, "categories": []}, "markers": {"lat": -23.5506926, "lng": -46.548321}, "talkToAgent": {"dialog": {"open": false, "questionType": null, "question": ""}, "agentSupport": {}, "error": null, "autoSubmit": false, "loading": false, "submitting": false, "success": false, "hasLoadedAgentInfo": false, "agent": null, "hasLoadedAgentsInRegion": false, "agentsInRegion": null}}}}, "__N_SSP": true}, "page": "/imovel/[houseId]/[[...slug]]", "query": {"houseId": "893921317", "slug": ["alugar", "casa-3-quartos-tatuape-sao-paulo"]}, "buildId": "gCr3Bg2lYzV9hxZqGibIQ", "runtimeConfig": {"NEXT_PUBLIC_HOME_ADVERTISING_BANNER": "coupon"}, "isFallback": false, "dynamicIds": [61847, 31265, 66435, 77453, 87356, 60899, 41103, 3232, 72227, 40072, 39327, 19904, 96827], "gssp": true, "customServer": true, "appGip": true, "locale": "pt-BR", "locales": ["pt-BR", "es-MX"], "defaultLocale": "pt-BR", "domainLocales": [{"domain": "www.quintoandar.com.br", "defaultLocale": "pt-BR"}, {"domain": "www.benvi.mx", "defaultLocale": "es-MX"}], "scriptLoader": []}