{"props": {"pageProps": {"initialState": {"route": {"locationBeforeTransitions": {"pathname": "/imovel/893912001/alugar/apartamento-4-quartos-vila-formosa-sao-paulo", "search": "", "hash": "", "action": "POP", "query": {}}, "topLevelRouteName": "house details", "businessContext": "RENT", "favoriteListsBusinessContext": "RENT"}, "router": {"location": {"href": "/", "pathname": "/", "search": "", "hash": ""}}, "progress": {"pendingRequests": -1}, "login": {"response": {}, "user": {"isLoggedIn": false, "id": 0, "agentId": 0, "hashId": "", "sessionId": null, "name": "", "email": "", "maskedEmail": "", "jwt": {"app": "", "firebase": ""}, "phone": {"countryCode": "+55", "areaCode": "", "phoneNumber": ""}, "country": "BR", "channel": "", "isPhoneRegistered": false, "acceptWhatsapp": true, "hasDocument": false, "isPartner": false}, "accountForm": {}, "redirectUrl": "", "isRequestOngoing": false}, "captcha": {"token": "", "hasLoadedRemoteConfig": false, "provider": "", "friction": "low", "unavailableCountriesCode": []}, "supportedCities": [], "inAppMessages": {"biomaSurvey": {"isOpen": false, "formId": null, "data": {"opaque": true}}}, "metaData": {"similar_houses_clicked": []}, "appData": {"device": {"type": "desktop", "isSearchEngineCrawler": false}, "experiments": "X-AB-Test=ab_exposed_filter_sale_desktop:1,ab_exposed_filter_sale_v1:1,ab_exposed_filters:1,ab_load_more_v0:-1,ab_new_house_card_v2:0,ab_new_rent_listing_phase2:0,ab_profiling_create_alert_filters:0,ab_scheduling_step_by_step_v1:1,ab_show_floor_sale:0,ab_street_search_retrieval_v1:0"}, "house": {"houseInfo": {"id": "893912001", "displayId": "1212001", "bedrooms": 4, "city": "S\u00e3o Paulo", "cityId": 39, "bathrooms": 2, "iptu": 400, "amenities": [{"key": "BANHEIRA_DE_HIDROMASSAGEM", "text": "Banheira", "value": "NAO", "optional": false}, {"key": "BOX", "text": "Box", "value": "SIM", "optional": false}, {"key": "VARANDA", "text": "Varanda", "value": "SIM", "optional": false}, {"key": "PISCINA_PRIVATIVA", "text": "Piscina privativa", "value": "SIM", "optional": false}, {"key": "ARMARIOS_EMBUTIDOS_NO_QUARTO", "text": "Arm\u00e1rios no quarto", "value": "SIM", "optional": false}, {"key": "ARMARIOS_NOS_BANHEIROS", "text": "Arm\u00e1rios no banheiro", "value": "SIM", "optional": false}, {"key": "ARMARIOS_NA_COZINHA", "text": "Arm\u00e1rios na cozinha", "value": "SIM", "optional": false}, {"key": "AR_CONDICIONADO", "text": "Ar condicionado", "value": "NAO", "optional": false}, {"key": "CHUVEIRO_A_GAS", "text": "Chuveiro a g\u00e1s", "value": "SIM", "optional": false}, {"key": "QUARTO_DE_SERVICO", "text": "Quarto de servi\u00e7o", "value": "SIM", "optional": false}, {"key": "BANHEIRO_DE_SERVICO", "text": "Banheiro de servi\u00e7o", "value": "SIM", "optional": false}, {"key": "VARANDA_GOURMET", "text": "Varanda gourmet", "value": "SIM", "optional": false}, {"key": "APARTAMENTO_COBERTURA", "text": "Apartamento cobertura", "value": "NAO", "optional": false}, {"key": "QUARTO_EXTRA_REVERSIVEL", "text": "Quarto extra revers\u00edvel", "value": "SIM", "optional": false}, {"key": "FOGAO_INCLUSO", "text": "Fog\u00e3o", "value": "NAO", "optional": false}, {"key": "GELADEIRA_INCLUSO", "text": "Geladeira", "value": "NAO", "optional": false}, {"key": "BANHEIRO_ADAPTADO", "text": "Banheiro adaptado", "value": "NAO", "optional": false}, {"key": "CLOSET", "text": "Closet", "value": "SIM", "optional": false}, {"key": "COZINHA_AMERICANA", "text": "Cozinha americana", "value": "SIM", "optional": false}, {"key": "MESAS_E_CADEIRAS_DE_ESCRITORIO", "text": "Mesas e cadeiras de escrit\u00f3rio", "value": "SIM", "optional": false}, {"key": "JARDIM", "text": "Jardim", "value": "NAO", "optional": false}, {"key": "QUARTOS_E_CORREDORES_COM_PORTAS_AMPLAS", "text": "Quartos e corredores com portas amplas", "value": "NAO", "optional": false}, {"key": "QUINTAL", "text": "Quintal", "value": "NAO", "optional": false}, {"key": "SOMENTE_UMA_CASA_NO_TERRENO", "text": "Somente uma casa no terreno", "value": "NAO", "optional": false}, {"key": "AREA_DE_SERVICO", "text": "\u00c1rea de servi\u00e7o", "value": "SIM", "optional": false}], "comfortCommodities": [{"key": "BANHEIRA_DE_HIDROMASSAGEM", "text": "Banheira", "value": "NAO", "optional": false}, {"key": "PISCINA_PRIVATIVA", "text": "Piscina privativa", "value": "SIM", "optional": false}, {"key": "AR_CONDICIONADO", "text": "Ar condicionado", "value": "NAO", "optional": false}, {"key": "SOL_DA_MANHA", "text": "Sol da manh\u00e3", "value": "SIM", "optional": false}, {"key": "SOL_DA_TARDE", "text": "Sol da tarde", "value": "SIM", "optional": false}, {"key": "CORTINAS_BLACK_OUT", "text": "Cortinas corta luz", "value": "SIM", "optional": false}, {"key": "CORTINAS_DECORATIVAS", "text": "Cortina transl\u00facida", "value": "SIM", "optional": false}, {"key": "JANELA_ANTI_RUIDO", "text": "Janela anti-ru\u00eddo", "value": "SIM", "optional": false}, {"key": "VENTILADOR_DE_TETO", "text": "Ventilador de teto", "value": "SIM", "optional": false}, {"key": "LUMINOSIDADE_NATURAL", "text": "Janelas grandes", "value": "SIM", "optional": false}, {"key": "VISTA_LIVRE", "text": "Vista livre", "value": "SIM", "optional": false}, {"key": "RUA_SILENCIOSA", "text": "Rua silenciosa", "value": "NAO", "optional": false}], "practicalityCommodities": [{"key": "BOX", "text": "Box", "value": "SIM", "optional": false}, {"key": "ARMARIOS_EMBUTIDOS_NO_QUARTO", "text": "Arm\u00e1rios no quarto", "value": "SIM", "optional": false}, {"key": "ARMARIOS_NOS_BANHEIROS", "text": "Arm\u00e1rios no banheiro", "value": "SIM", "optional": false}, {"key": "ARMARIOS_NA_COZINHA", "text": "Arm\u00e1rios na cozinha", "value": "SIM", "optional": false}, {"key": "CHUVEIRO_A_GAS", "text": "Chuveiro a g\u00e1s", "value": "SIM", "optional": false}, {"key": "FOGAO_INCLUSO", "text": "Fog\u00e3o", "value": "NAO", "optional": false}, {"key": "GELADEIRA_INCLUSO", "text": "Geladeira", "value": "NAO", "optional": false}, {"key": "CHUVEIRO_ELETRICO", "text": "Chuveiro el\u00e9trico", "value": "SIM", "optional": false}, {"key": "MICROONDAS", "text": "Microondas", "value": "NAO", "optional": false}, {"key": "SOFA", "text": "Sof\u00e1", "value": "NAO", "optional": false}, {"key": "MAQUINA_DE_LAVAR", "text": "M\u00e1quina de lavar", "value": "NAO", "optional": false}, {"key": "TANQUE", "text": "Tanque", "value": "SIM", "optional": false}, {"key": "REDE_DE_PROTECAO", "text": "Tela nas janelas", "value": "SIM", "optional": false}, {"key": "VARAL_DE_ROUPAS", "text": "Varal de roupas", "value": "SIM", "optional": false}, {"key": "TOMADAS_NOVAS", "text": "Tomadas 3 pinos", "value": "SIM", "optional": false}, {"key": "TELEVISAO", "text": "Televis\u00e3o", "value": "NAO", "optional": false}, {"key": "MESAS_E_CADEIRAS_DE_JANTAR", "text": "Mesas e cadeiras de jantar", "value": "SIM", "optional": false}, {"key": "CHURRASQUEIRA", "text": "Churrasqueira", "value": "SIM", "optional": false}, {"key": "ACESSO_SEM_DEGRAUS", "text": "Acesso sem degraus", "value": "SIM", "optional": false}, {"key": "COOKTOP", "text": "Fog\u00e3o cooktop", "value": "NAO", "optional": false}, {"key": "UTENSILIOS_DE_COZINHA", "text": "Utens\u00edlios de cozinha", "value": "NAO", "optional": false}, {"key": "CAMA_DE_CASAL", "text": "Cama de casal", "value": "NAO", "optional": false}, {"key": "CAMA_DE_SOLTEIRO", "text": "Cama de solteiro", "value": "SIM", "optional": false}, {"key": "ESPELHO_NO_BANHEIRO", "text": "Espelho no banheiro", "value": "SIM", "optional": false}, {"key": "FECHADURA_ELETRONICA", "text": "Fechadura eletr\u00f4nica", "value": "SIM", "optional": false}, {"key": "ENERGIA", "text": "Energia no im\u00f3vel", "value": "SIM", "optional": false}], "area": 124, "installations": [{"key": "PLAYGROUND", "text": "Playground", "value": "SIM"}, {"key": "PISCINA", "text": "Piscina", "value": "SIM"}, {"key": "CHURRASQUEIRA", "text": "Churrasqueira", "value": "SIM"}, {"key": "QUADRA_ESPORTIVA", "text": "Quadra esportiva", "value": "SIM"}, {"key": "ACADEMIA", "text": "Academia", "value": "SIM"}, {"key": "SALAO_DE_FESTAS", "text": "Sal\u00e3o de festas", "value": "SIM"}, {"key": "SAUNA", "text": "Sauna", "value": "SIM"}, {"key": "LAVANDERIA_NO_PREDIO", "text": "Lavanderia no pr\u00e9dio", "value": "NAO"}, {"key": "GAS_ENCANADO", "text": "G\u00e1s encanado", "value": "SIM"}, {"key": "ESPACO_GOURMET_NA_AREA_COMUM", "text": "Espa\u00e7o gourmet na \u00e1rea comum", "value": "SIM"}, {"key": "BRINQUEDOTECA", "text": "Brinquedoteca", "value": "SIM"}, {"key": "CORRIMAO", "text": "Corrim\u00e3o", "value": "SIM"}, {"key": "PISO_TATIL", "text": "Piso t\u00e1til", "value": "SIM"}, {"key": "RAMPAS_DE_ACESSO", "text": "Rampas de acesso", "value": "SIM"}, {"key": "SALAO_DE_JOGOS", "text": "Sal\u00e3o de jogos", "value": "SIM"}, {"key": "VAGA_DE_GARAGEM_ACESSIVEL", "text": "Vaga de garagem acess\u00edvel", "value": "SIM"}, {"key": "AREA_VERDE", "text": "\u00c1rea verde", "value": "SIM"}, {"key": "Elevador", "value": "SIM"}, {"key": "Porteiro24H", "value": "SIM"}], "rentPrice": 5440, "condoPrice": 980, "condoType": "Normal", "region": {"name": "Jardim An\u00e1lia Franco", "hub": {"loading": "UNSET", "enabled": false, "abSecretariat": false, "isPrimaryMarket": false}, "id": 1305}, "type": "Apartamento", "iptuType": "Normal", "totalCost": 7029, "parkingSpaces": 2, "address": {"street": "Avenida Montemagno", "neighborhood": "Vila Formosa", "city": "S\u00e3o Paulo", "zipCode": "03371-000", "stateName": "S\u00e3o Paulo", "stateAcronym": "SP", "lat": -23.566403, "lng": -46.5582354, "countryName": "Brasil", "countryCode": "BR", "country": "Brasil"}, "floor": 4, "homeProtection": 69, "remarks": "Condom\u00ednio Clube, piscina aquecida , piscina adulto, piscina infantil, 2 sal\u00f5es de festas, churrasqueira, brinquedoteca, academia, ateli\u00eas adulto /infantil, cinema, possui mercadinho.\n\u00d3tima localiza\u00e7\u00e3o \nPr\u00f3ximo shopping An\u00e1lia Franco\nPr\u00f3ximo a mercados , restaurantes, hospitais.\nExcelente localiza\u00e7\u00e3o", "furniture": "Fica no im\u00f3vel todos os arm\u00e1rios embutidos.", "acceptsPets": true, "hasFurniture": false, "isNearSubway": false, "placesNearby": [{"name": "Rede Decis\u00e3o", "type": "SCHOOL", "slug": "rede-decisao-vila-invernada-sao-paulo-sp-brasil"}, {"name": "Col\u00e9gio Luterano de S\u00e3o Paulo", "type": "SCHOOL", "slug": "colegio-luterano-de-sao-paulo-vila-invernada-sao-paulo-sp-brasil"}, {"name": "Shopping An\u00e1lia Franco", "type": "SHOPPING_MALL", "slug": "shopping-analia-franco-tatuape-sao-paulo-sp"}, {"name": "Escola P\u00fablica Estadual Anna Teixeira Prado Zacharias", "type": "SCHOOL", "slug": "escola-publica-estadual-anna-teixeira-prado-zacharias-chacara-mafalda-sao-paulo-sp-brasil"}, {"name": "Col\u00e9gio Framtid", "type": "SCHOOL", "slug": "colegio-framtid-chacara-mafalda-sao-paulo-sp-brasil"}, {"name": "Escola Estadual Isa\u00ed Lairner", "type": "SCHOOL", "slug": "escola-estadual-isai-lairner-vila-invernada-sao-paulo-sp-brasil"}, {"name": "Col\u00e9gio Alvorada", "type": "SCHOOL", "slug": "colegio-alvorada-vila-formosa-sao-paulo-sp"}, {"name": "Escola Municipal Iliano Di Cavalcanti", "type": "SCHOOL", "slug": "escola-municipal-iliano-di-cavalcanti-vila-invernada-sao-paulo-sp"}, {"name": "Escola Municipal de Educa\u00e7\u00e3o Infantil Corn\u00e9lio Pires", "type": "SCHOOL", "slug": "escola-municipal-de-educacao-infantil-cornelio-pires-vila-invernada-sao-paulo-sp"}, {"name": "Wise Up An\u00e1lia Franco", "type": "UNIVERSITY_OR_COLLEGE", "slug": "wise-up-analia-franco-jardim-analia-franco-sao-paulo-sp"}, {"name": "Senac Idiomas", "type": "UNIVERSITY_OR_COLLEGE", "slug": "senac-idiomas-jardim-analia-franco-sao-paulo-sp"}, {"name": "Leste Cor Centro M\u00e9dico", "type": "HOSPITAL", "slug": "leste-cor-centro-medico-chacara-mafalda-sao-paulo-sp-brasil"}, {"name": "Parque da Vila Ema", "type": "PARK_OR_GREEN_AREA", "slug": "parque-da-vila-ema-vila-ema-sao-paulo-sp-brasil"}, {"name": "Campo do Misto", "type": "STADIUM", "slug": "campo-do-misto-mooca-sao-paulo-sp"}], "availabilityType": "IMMEDIATE", "photos": [{"id": 34129068, "subtitle": "Sala", "url": "893912001-767.3888821661823MG6744.jpeg", "cover": true}, {"id": 34129030, "subtitle": "Sala", "url": "893912001-854.0830779881348MG6740.jpeg", "cover": false}, {"id": 34129040, "subtitle": "Sala", "url": "893912001-285.1320206199865MG6741.jpeg", "cover": false}, {"id": 34129049, "subtitle": "Sala", "url": "893912001-607.0121790275309MG6742.jpeg", "cover": false}, {"id": 34129060, "subtitle": "Sala", "url": "893912001-595.3585310782759MG6743.jpeg", "cover": false}, {"id": 34129076, "subtitle": "Sala de Jantar", "url": "893912001-502.0327216146969MG6745.jpeg", "cover": false}, {"id": 34129094, "subtitle": "Sala de Jantar", "url": "893912001-501.35927545321937MG6746.jpeg", "cover": false}, {"id": 34129114, "subtitle": "Sala de Jantar", "url": "893912001-309.9676210777016MG6748.jpeg", "cover": false}, {"id": 34129130, "subtitle": "Sala de Jantar", "url": "893912001-212.33972656703736MG6749.jpeg", "cover": false}, {"id": 34129341, "subtitle": "Varanda Gourmet", "url": "893912001-925.5518313583913MG6793.jpeg", "cover": false}, {"id": 34129345, "subtitle": "Varanda Gourmet", "url": "893912001-953.1808088629698MG6794.jpeg", "cover": false}, {"id": 34129348, "subtitle": "Varanda Gourmet", "url": "893912001-666.7504438490212MG6796.jpeg", "cover": false}, {"id": 34129347, "subtitle": "Varanda Gourmet", "url": "893912001-641.4361158615517MG6795.jpeg", "cover": false}, {"id": 34129350, "subtitle": "Varanda Gourmet", "url": "893912001-151.40251450720032MG6797.jpeg", "cover": false}, {"id": 34129141, "subtitle": "Quarto 01", "url": "893912001-898.9473405339288MG6750.jpeg", "cover": false}, {"id": 34129153, "subtitle": "Quarto 01", "url": "893912001-697.8410125598317MG6751.jpeg", "cover": false}, {"id": 34129164, "subtitle": "Quarto 01", "url": "893912001-932.0273360634656MG6752.jpeg", "cover": false}, {"id": 34129178, "subtitle": "Quarto 01", "url": "893912001-31.966686451654567MG6753.jpeg", "cover": false}, {"id": 34129276, "subtitle": "Quarto 02", "url": "893912001-621.0161983235623MG6768.jpeg", "cover": false}, {"id": 34129269, "subtitle": "Quarto 02", "url": "893912001-203.8867489041002MG6766.jpeg", "cover": false}, {"id": 34129273, "subtitle": "Quarto 02", "url": "893912001-923.135385661741MG6767.jpeg", "cover": false}, {"id": 34129279, "subtitle": "Vista do Quarto 02", "url": "893912001-380.56056615094093MG6769.jpeg", "cover": false}, {"id": 34129282, "subtitle": "Quarto 03", "url": "893912001-142.4397143498478MG6770.jpeg", "cover": false}, {"id": 34129285, "subtitle": "Quarto 03", "url": "893912001-278.1682488655961MG6771.jpeg", "cover": false}, {"id": 34129291, "subtitle": "Quarto 03", "url": "893912001-129.80238640283292MG6773.jpeg", "cover": false}, {"id": 34129288, "subtitle": "Quarto 03", "url": "893912001-617.338567913963MG6772.jpeg", "cover": false}, {"id": 34129215, "subtitle": "Su\u00edte", "url": "893912001-261.8163524762155MG6757.jpeg", "cover": false}, {"id": 34129228, "subtitle": "Su\u00edte", "url": "893912001-679.449793872287MG6758.jpeg", "cover": false}, {"id": 34129235, "subtitle": "Su\u00edte", "url": "893912001-837.1601231358104MG6759.jpeg", "cover": false}, {"id": 34129243, "subtitle": "Su\u00edte", "url": "893912001-780.8478961047192MG6760.jpeg", "cover": false}, {"id": 34129193, "subtitle": "Closet da Su\u00edte", "url": "893912001-802.4307397675085MG6755.jpeg", "cover": false}, {"id": 34129185, "subtitle": "Closet da Su\u00edte", "url": "893912001-884.4677858382769MG6754.jpeg", "cover": false}, {"id": 34129206, "subtitle": "Closet da Su\u00edte", "url": "893912001-423.4551646003789MG6756.jpeg", "cover": false}, {"id": 34129255, "subtitle": "Banheiro da Su\u00edte", "url": "893912001-384.29233841576803MG6761.jpeg", "cover": false}, {"id": 34129262, "subtitle": "Banheiro da Su\u00edte", "url": "893912001-288.2555360190857MG6762.jpeg", "cover": false}, {"id": 34129265, "subtitle": "Banheiro da Su\u00edte", "url": "893912001-600.0989510767877MG6763.jpeg", "cover": false}, {"id": 34129266, "subtitle": "Banheiro da Su\u00edte", "url": "893912001-81.29073845793677MG6764.jpeg", "cover": false}, {"id": 34129293, "subtitle": "Banheiro ", "url": "893912001-911.8448437686546MG6775.jpeg", "cover": false}, {"id": 34129295, "subtitle": "Banheiro ", "url": "893912001-324.0715569337634MG6776.jpeg", "cover": false}, {"id": 34129297, "subtitle": "Banheiro ", "url": "893912001-410.2663127143031MG6778.jpeg", "cover": false}, {"id": 34129300, "subtitle": "Banheiro ", "url": "893912001-949.7867821067629MG6779.jpeg", "cover": false}, {"id": 34129304, "subtitle": "Escrit\u00f3rio", "url": "893912001-18.09886910720815MG6780.jpeg", "cover": false}, {"id": 34129306, "subtitle": "Escrit\u00f3rio", "url": "893912001-61.2624750438292MG6781.jpeg", "cover": false}, {"id": 34129311, "subtitle": "Escrit\u00f3rio", "url": "893912001-64.01186709513362MG6782.jpeg", "cover": false}, {"id": 34129315, "subtitle": "Cozinha", "url": "893912001-846.5535063389821MG6783.jpeg", "cover": false}, {"id": 34129320, "subtitle": "Cozinha", "url": "893912001-863.5515139641906MG6784.jpeg", "cover": false}, {"id": 34129324, "subtitle": "Cozinha", "url": "893912001-477.27966804598674MG6785.jpeg", "cover": false}, {"id": 34129328, "subtitle": "Cozinha", "url": "893912001-444.5300687055271MG6786.jpeg", "cover": false}, {"id": 34129333, "subtitle": "Cozinha", "url": "893912001-777.642572605576MG6787.jpeg", "cover": false}, {"id": 34129336, "subtitle": "\u00c1rea de Servi\u00e7o", "url": "893912001-209.49977196099258MG6788.jpeg", "cover": false}, {"id": 34129339, "subtitle": "\u00c1rea de Servi\u00e7o", "url": "893912001-719.8173744348147MG6789.jpeg", "cover": false}, {"id": 34129404, "subtitle": "Mercadinho", "url": "893912001-375.74394884780804MG6798.jpeg", "cover": false}, {"id": 34129415, "subtitle": "Ateli\u00ea Kids", "url": "893912001-730.3456328946794MG6799.jpeg", "cover": false}, {"id": 34129419, "subtitle": "Playground", "url": "893912001-718.1391103294634MG6801.jpeg", "cover": false}, {"id": 34129421, "subtitle": "Playground", "url": "893912001-16.046751380436763MG6803.jpeg", "cover": false}, {"id": 34129424, "subtitle": "Sal\u00e3o de Jogos", "url": "893912001-126.76069516969812MG6804.jpeg", "cover": false}, {"id": 34129427, "subtitle": "Academia", "url": "893912001-753.3738441615924MG6805.jpeg", "cover": false}, {"id": 34129429, "subtitle": "Academia", "url": "893912001-422.22316240365996MG6806.jpeg", "cover": false}, {"id": 34129431, "subtitle": "Piscina Aquecida", "url": "893912001-953.7973383439194MG6814.jpeg", "cover": false}, {"id": 34129433, "subtitle": "Piscina", "url": "893912001-41.92410053052886MG6816.jpeg", "cover": false}], "photosCategorizedByRooms": [], "relevantRegions": [], "photospheres": [], "specialConditions": [], "offers": {"closingRate": 0, "shouldHighlightIcon": true, "shouldShowOfferDialog": false, "shouldShowOffers": false, "summary": []}, "status": "publicado", "showUrlHasBeenCopiedSnackbar": false, "isGalleryModalOpen": false, "error": false, "loaded": true, "loading": false, "loadingCategorizedRooms": false, "selectedMedia": "tenant/HouseMedia/PHOTOS", "video": "", "promotions": [], "condominium": {"hashId": "1d47sm138d", "name": "Monte Magno", "slug": "monte-magno-vila-formosa-sao-paulo", "address": "Av. Montemagno", "constructionYear": 2011}, "forRent": true, "forSale": true, "salePrice": 1100000, "mortgageFirstInstallment": 0, "listings": [{"imovelId": 893912001, "businessContext": "SALE", "status": "publicado", "firstPublicationDate": "2023-01-12T21:59:41.000+0000", "lastPublicationDate": "2023-01-12T21:59:41.000+0000", "ownership": "STANDARD"}, {"imovelId": 893912001, "businessContext": "RENT", "status": "publicado", "firstPublicationDate": "2023-01-12T21:59:41.000+0000", "lastPublicationDate": "2023-01-12T21:59:41.000+0000", "listingRentModel": {"listingBusinessContextId": 1405414, "rentalAdministrator": "QUINTOANDAR"}, "ownership": "STANDARD"}], "listingTags": [], "businessContext": "", "regionParameters": {"loaded": false, "loading": false, "RENT": {"visitsEnabled": true, "talkToAgentEnabled": false}, "SALE": {"visitsEnabled": true, "talkToAgentEnabled": false}}, "houseAgent": {"isDialogOpen": false, "alreadyOpenedByQueryParam": false}, "tenantServiceFee": 140, "closingStatus": {"loading": false}, "rentalGuarantee": {"minValue": 1360, "maxValue": 4080}, "reservationAvailability": null, "isPrimaryMarket": false, "macroRegion": {"id": 2741, "name": "SPO01"}, "suites": 1, "allowsCustomOffer": true, "displayCustomOfferPreference": true, "houseVisitStatus": "ACCEPT_NEW", "visitStatusReason": null, "visitsUnavailable": false, "isReserved": false, "allowDirectOffer": true, "lastPublishedDate": "2023-01-12T21:59:41.000Z", "listingPublication": "not_stranded", "rentOnTermination": false, "constructionYear": 2011, "categories": []}, "markers": {"lat": -23.566403, "lng": -46.5582354}, "talkToAgent": {"dialog": {"open": false, "questionType": null, "question": ""}, "agentSupport": {}, "error": null, "autoSubmit": false, "loading": false, "submitting": false, "success": false, "hasLoadedAgentInfo": false, "agent": null, "hasLoadedAgentsInRegion": false, "agentsInRegion": null}}}}, "__N_SSP": true}, "page": "/imovel/[houseId]/[[...slug]]", "query": {"houseId": "893912001", "slug": ["alugar", "apartamento-4-quartos-vila-formosa-sao-paulo"]}, "buildId": "gCr3Bg2lYzV9hxZqGibIQ", "runtimeConfig": {"NEXT_PUBLIC_HOME_ADVERTISING_BANNER": "coupon"}, "isFallback": false, "dynamicIds": [61847, 31265, 66435, 77453, 87356, 60899, 41103, 3232, 33207, 72227, 40072, 39327, 19904, 96827], "gssp": true, "customServer": true, "appGip": true, "locale": "pt-BR", "locales": ["pt-BR", "es-MX"], "defaultLocale": "pt-BR", "domainLocales": [{"domain": "www.quintoandar.com.br", "defaultLocale": "pt-BR"}, {"domain": "www.benvi.mx", "defaultLocale": "es-MX"}], "scriptLoader": []}