{"props": {"pageProps": {"initialState": {"route": {"locationBeforeTransitions": {"pathname": "/imovel/893918786/alugar/casa-3-quartos-parque-jabaquara-sao-paulo", "search": "", "hash": "", "action": "POP", "query": {}}, "topLevelRouteName": "house details", "businessContext": "RENT", "favoriteListsBusinessContext": "RENT"}, "router": {"location": {"href": "/", "pathname": "/", "search": "", "hash": ""}}, "progress": {"pendingRequests": -1}, "login": {"response": {}, "user": {"isLoggedIn": false, "id": 0, "agentId": 0, "hashId": "", "sessionId": null, "name": "", "email": "", "maskedEmail": "", "jwt": {"app": "", "firebase": ""}, "phone": {"countryCode": "+55", "areaCode": "", "phoneNumber": ""}, "country": "BR", "channel": "", "isPhoneRegistered": false, "acceptWhatsapp": true, "hasDocument": false, "isPartner": false}, "accountForm": {}, "redirectUrl": "", "isRequestOngoing": false}, "captcha": {"token": "", "hasLoadedRemoteConfig": false, "provider": "", "friction": "low", "unavailableCountriesCode": []}, "supportedCities": [], "inAppMessages": {"biomaSurvey": {"isOpen": false, "formId": null, "data": {"opaque": true}}}, "metaData": {"similar_houses_clicked": []}, "appData": {"device": {"type": "desktop", "isSearchEngineCrawler": false}, "experiments": "X-AB-Test=ab_exposed_filter_sale_desktop:1,ab_exposed_filter_sale_v1:1,ab_exposed_filters:1,ab_load_more_v0:-1,ab_new_house_card_v2:0,ab_new_rent_listing_phase2:0,ab_profiling_create_alert_filters:0,ab_scheduling_step_by_step_v1:1,ab_show_floor_sale:0,ab_street_search_retrieval_v1:0"}, "house": {"houseInfo": {"id": "893918786", "displayId": "1218786", "bedrooms": 3, "city": "S\u00e3o Paulo", "cityId": 39, "bathrooms": 3, "iptu": 35, "amenities": [{"key": "BANHEIRA_DE_HIDROMASSAGEM", "text": "Banheira", "value": "NAO", "optional": false}, {"key": "BOX", "text": "Box", "value": "NAO", "optional": false}, {"key": "VARANDA", "text": "Varanda", "value": "NAO", "optional": false}, {"key": "PISCINA_PRIVATIVA", "text": "Piscina privativa", "value": "NAO", "optional": false}, {"key": "ARMARIOS_EMBUTIDOS_NO_QUARTO", "text": "Arm\u00e1rios no quarto", "value": "NAO", "optional": false}, {"key": "ARMARIOS_NOS_BANHEIROS", "text": "Arm\u00e1rios no banheiro", "value": "NAO", "optional": false}, {"key": "ARMARIOS_NA_COZINHA", "text": "Arm\u00e1rios na cozinha", "value": "NAO", "optional": false}, {"key": "AR_CONDICIONADO", "text": "Ar condicionado", "value": "NAO", "optional": false}, {"key": "CHUVEIRO_A_GAS", "text": "Chuveiro a g\u00e1s", "value": "NAO", "optional": false}, {"key": "QUARTO_DE_SERVICO", "text": "Quarto de servi\u00e7o", "value": "NAO", "optional": false}, {"key": "BANHEIRO_DE_SERVICO", "text": "Banheiro de servi\u00e7o", "value": "NAO", "optional": false}, {"key": "VARANDA_GOURMET", "text": "Varanda gourmet", "value": "NAO", "optional": false}, {"key": "APARTAMENTO_COBERTURA", "text": "Apartamento cobertura", "value": "NAO", "optional": false}, {"key": "QUARTO_EXTRA_REVERSIVEL", "text": "Quarto extra revers\u00edvel", "value": "NAO", "optional": false}, {"key": "FOGAO_INCLUSO", "text": "Fog\u00e3o", "value": "NAO", "optional": false}, {"key": "GELADEIRA_INCLUSO", "text": "Geladeira", "value": "NAO", "optional": false}, {"key": "BANHEIRO_ADAPTADO", "text": "Banheiro adaptado", "value": "NAO", "optional": false}, {"key": "CLOSET", "text": "Closet", "value": "NAO", "optional": false}, {"key": "COZINHA_AMERICANA", "text": "Cozinha americana", "value": "NAO", "optional": false}, {"key": "MESAS_E_CADEIRAS_DE_ESCRITORIO", "text": "Mesas e cadeiras de escrit\u00f3rio", "value": "NAO", "optional": false}, {"key": "JARDIM", "text": "Jardim", "value": "NAO", "optional": false}, {"key": "QUARTOS_E_CORREDORES_COM_PORTAS_AMPLAS", "text": "Quartos e corredores com portas amplas", "value": "NAO", "optional": false}, {"key": "QUINTAL", "text": "Quintal", "value": "NAO", "optional": false}, {"key": "SOMENTE_UMA_CASA_NO_TERRENO", "text": "Somente uma casa no terreno", "value": "NAO", "optional": false}, {"key": "AREA_DE_SERVICO", "text": "\u00c1rea de servi\u00e7o", "value": "NAO", "optional": false}], "comfortCommodities": [{"key": "BANHEIRA_DE_HIDROMASSAGEM", "text": "Banheira", "value": "NAO", "optional": false}, {"key": "PISCINA_PRIVATIVA", "text": "Piscina privativa", "value": "NAO", "optional": false}, {"key": "AR_CONDICIONADO", "text": "Ar condicionado", "value": "NAO", "optional": false}, {"key": "SOL_DA_MANHA", "text": "Sol da manh\u00e3", "value": "NAO", "optional": false}, {"key": "SOL_DA_TARDE", "text": "Sol da tarde", "value": "NAO", "optional": false}, {"key": "CORTINAS_BLACK_OUT", "text": "Cortinas corta luz", "value": "NAO", "optional": false}, {"key": "CORTINAS_DECORATIVAS", "text": "Cortina transl\u00facida", "value": "NAO", "optional": false}, {"key": "JANELA_ANTI_RUIDO", "text": "Janela anti-ru\u00eddo", "value": "NAO", "optional": false}, {"key": "VENTILADOR_DE_TETO", "text": "Ventilador de teto", "value": "NAO", "optional": false}, {"key": "LUMINOSIDADE_NATURAL", "text": "Janelas grandes", "value": "NAO", "optional": false}, {"key": "VISTA_LIVRE", "text": "Vista livre", "value": "NAO", "optional": false}, {"key": "RUA_SILENCIOSA", "text": "Rua silenciosa", "value": "NAO", "optional": false}], "practicalityCommodities": [{"key": "BOX", "text": "Box", "value": "NAO", "optional": false}, {"key": "ARMARIOS_EMBUTIDOS_NO_QUARTO", "text": "Arm\u00e1rios no quarto", "value": "NAO", "optional": false}, {"key": "ARMARIOS_NOS_BANHEIROS", "text": "Arm\u00e1rios no banheiro", "value": "NAO", "optional": false}, {"key": "ARMARIOS_NA_COZINHA", "text": "Arm\u00e1rios na cozinha", "value": "NAO", "optional": false}, {"key": "CHUVEIRO_A_GAS", "text": "Chuveiro a g\u00e1s", "value": "NAO", "optional": false}, {"key": "FOGAO_INCLUSO", "text": "Fog\u00e3o", "value": "NAO", "optional": false}, {"key": "GELADEIRA_INCLUSO", "text": "Geladeira", "value": "NAO", "optional": false}, {"key": "CHUVEIRO_ELETRICO", "text": "Chuveiro el\u00e9trico", "value": "NAO", "optional": false}, {"key": "MICROONDAS", "text": "Microondas", "value": "NAO", "optional": false}, {"key": "SOFA", "text": "Sof\u00e1", "value": "NAO", "optional": false}, {"key": "MAQUINA_DE_LAVAR", "text": "M\u00e1quina de lavar", "value": "NAO", "optional": false}, {"key": "TANQUE", "text": "Tanque", "value": "NAO", "optional": false}, {"key": "REDE_DE_PROTECAO", "text": "Tela nas janelas", "value": "NAO", "optional": false}, {"key": "VARAL_DE_ROUPAS", "text": "Varal de roupas", "value": "NAO", "optional": false}, {"key": "TOMADAS_NOVAS", "text": "Tomadas 3 pinos", "value": "NAO", "optional": false}, {"key": "TELEVISAO", "text": "Televis\u00e3o", "value": "NAO", "optional": false}, {"key": "MESAS_E_CADEIRAS_DE_JANTAR", "text": "Mesas e cadeiras de jantar", "value": "NAO", "optional": false}, {"key": "CHURRASQUEIRA", "text": "Churrasqueira", "value": "NAO", "optional": false}, {"key": "ACESSO_SEM_DEGRAUS", "text": "Acesso sem degraus", "value": "NAO", "optional": false}, {"key": "COOKTOP", "text": "Fog\u00e3o cooktop", "value": "NAO", "optional": false}, {"key": "UTENSILIOS_DE_COZINHA", "text": "Utens\u00edlios de cozinha", "value": "NAO", "optional": false}, {"key": "CAMA_DE_CASAL", "text": "Cama de casal", "value": "NAO", "optional": false}, {"key": "CAMA_DE_SOLTEIRO", "text": "Cama de solteiro", "value": "NAO", "optional": false}, {"key": "ESPELHO_NO_BANHEIRO", "text": "Espelho no banheiro", "value": "NAO", "optional": false}, {"key": "FECHADURA_ELETRONICA", "text": "Fechadura eletr\u00f4nica", "value": "NAO", "optional": false}, {"key": "ENERGIA", "text": "Energia no im\u00f3vel", "value": "NAO", "optional": false}], "area": 238, "installations": [{"key": "PLAYGROUND", "text": "Playground", "value": "NAO_INFORMADO"}, {"key": "PISCINA", "text": "Piscina", "value": "NAO_INFORMADO"}, {"key": "CHURRASQUEIRA", "text": "Churrasqueira", "value": "NAO_INFORMADO"}, {"key": "QUADRA_ESPORTIVA", "text": "Quadra esportiva", "value": "NAO_INFORMADO"}, {"key": "ACADEMIA", "text": "Academia", "value": "NAO_INFORMADO"}, {"key": "SALAO_DE_FESTAS", "text": "Sal\u00e3o de festas", "value": "NAO_INFORMADO"}, {"key": "SAUNA", "text": "Sauna", "value": "NAO_INFORMADO"}, {"key": "LAVANDERIA_NO_PREDIO", "text": "Lavanderia no pr\u00e9dio", "value": "NAO_INFORMADO"}, {"key": "GAS_ENCANADO", "text": "G\u00e1s encanado", "value": "NAO_INFORMADO"}, {"key": "ESPACO_GOURMET_NA_AREA_COMUM", "text": "Espa\u00e7o gourmet na \u00e1rea comum", "value": "NAO_INFORMADO"}, {"key": "BRINQUEDOTECA", "text": "Brinquedoteca", "value": "NAO_INFORMADO"}, {"key": "CORRIMAO", "text": "Corrim\u00e3o", "value": "NAO_INFORMADO"}, {"key": "PISO_TATIL", "text": "Piso t\u00e1til", "value": "NAO_INFORMADO"}, {"key": "RAMPAS_DE_ACESSO", "text": "Rampas de acesso", "value": "NAO_INFORMADO"}, {"key": "SALAO_DE_JOGOS", "text": "Sal\u00e3o de jogos", "value": "NAO_INFORMADO"}, {"key": "VAGA_DE_GARAGEM_ACESSIVEL", "text": "Vaga de garagem acess\u00edvel", "value": "NAO_INFORMADO"}, {"key": "AREA_VERDE", "text": "\u00c1rea verde", "value": "NAO_INFORMADO"}, {"key": "Elevador", "value": "NAO"}, {"key": "Porteiro24H", "value": "SIM"}], "rentPrice": 3750, "condoPrice": 0, "condoType": "IncluidoNoAluguel", "region": {"name": "Jabaquara", "hub": {"loading": "UNSET", "enabled": false, "abSecretariat": false, "isPrimaryMarket": false}, "id": 1297}, "type": "Casa", "iptuType": "Normal", "totalCost": 3945, "parkingSpaces": 2, "address": {"street": "Rua Corn\u00e9lio Schimidt", "neighborhood": "Parque Jabaquara", "city": "S\u00e3o Paulo", "zipCode": "04357-110", "stateName": "S\u00e3o Paulo", "stateAcronym": "SP", "lat": -23.6365116, "lng": -46.6523461, "countryName": "Brasil", "countryCode": "BR", "country": "Brasil"}, "homeProtection": 63, "remarks": "Casa \u00e0 venda de 238 com 3 quartos e 2 vagas, Jabaquara", "acceptsPets": false, "hasFurniture": false, "isNearSubway": false, "placesNearby": [{"name": "Parque Lina e Paulo Raia", "type": "PARK_OR_GREEN_AREA", "slug": "parque-lina-e-paulo-raia-jabaquara-sao-paulo-sp"}, {"name": "EMIA - Escola Municipal de Inicia\u00e7\u00e3o Art\u00edstica", "type": "SCHOOL", "slug": "emia-escola-municipal-de-iniciacao-artistica-jabaquara-sao-paulo-sp"}, {"name": "Aeroporto de Congonhas - CGH", "type": "AIRPORT", "slug": "aeroporto-de-congonhas-vila-congonhas-sao-paulo-sp"}, {"name": "Hospital S\u00e3o Luiz Unidade Jabaquara", "type": "HOSPITAL", "slug": "hospital-sao-luiz-unidade-jabaquara-jabaquara-sao-paulo-sp"}, {"name": "Mello Laborat\u00f3rio M\u00e9dico De An\u00e1lises", "type": "HOSPITAL", "slug": "mello-laboratorio-medico-de-analises-sao-joao-climaco-sao-paulo-sp-brasil"}, {"name": "Vilashop Catarina", "type": "SHOPPING_MALL", "slug": "vilashop-catarina-vila-mascote-sao-paulo-sp"}, {"name": "Shopping da Villa", "type": "SHOPPING_MALL", "slug": "shopping-da-villa-vila-mascote-sao-paulo-sp"}, {"name": "Fisk", "type": "SCHOOL", "slug": "fisk-saude-sao-paulo-sp"}, {"name": "Escola P\u00fablica Municipal Professora Ana Maria Alves Benetti", "type": "SCHOOL", "slug": "escola-publica-municipal-professora-ana-maria-alves-benetti-vila-campestre-sao-paulo-sp-brasil"}, {"name": "Escola Louren\u00e7o Filho", "type": "SCHOOL", "slug": "escola-lourenco-filho-sao-paulo-sp-brasil"}], "availabilityType": "IMMEDIATE", "photos": [{"id": 34053301, "subtitle": "", "url": "893918786-452.9100078050259f17348ff-c2a4-4801-9752-e43677158bcf-LEAD3P-6aa7aa27-92a7-48e6-b6b8-5e469eee1c6b.jpg", "cover": true}, {"id": 34053294, "subtitle": "", "url": "893918786-408.83809873282286f17348ff-c2a4-4801-9752-e43677158bcf-LEAD3P-34cf8cee-0bdc-4788-9340-020609bfdaf8.jpg", "cover": false}, {"id": 34053302, "subtitle": "", "url": "893918786-133.78197537553805f17348ff-c2a4-4801-9752-e43677158bcf-LEAD3P-60f1c427-5148-4a53-9fcf-75a52b27e634.jpg", "cover": false}, {"id": 34053300, "subtitle": "", "url": "893918786-278.88744552988754f17348ff-c2a4-4801-9752-e43677158bcf-LEAD3P-9a04470f-9044-4997-b618-8dbec34cd0f1.jpg", "cover": false}, {"id": 34053296, "subtitle": "", "url": "893918786-413.49428585355173f17348ff-c2a4-4801-9752-e43677158bcf-LEAD3P-188794bd-0987-4c1a-adb8-6250385afc25.jpg", "cover": false}, {"id": 34053295, "subtitle": "", "url": "893918786-317.9647291301824f17348ff-c2a4-4801-9752-e43677158bcf-LEAD3P-b882a59c-72cb-4c6d-8d76-09ef56aa0b08.jpg", "cover": false}, {"id": 34053298, "subtitle": "", "url": "893918786-595.4386430771502f17348ff-c2a4-4801-9752-e43677158bcf-LEAD3P-f86e9da1-beeb-4b30-8589-08decd72bb3e.jpg", "cover": false}, {"id": 34053293, "subtitle": "", "url": "893918786-32.20831275289526f17348ff-c2a4-4801-9752-e43677158bcf-LEAD3P-3f95b773-9653-4ccc-a897-e5908e9b9923.jpg", "cover": false}, {"id": 34053299, "subtitle": "", "url": "893918786-895.4110937961958f17348ff-c2a4-4801-9752-e43677158bcf-LEAD3P-5934cae9-eafb-4cd2-87af-dde35fc424bf.jpg", "cover": false}, {"id": 34053297, "subtitle": "", "url": "893918786-904.6170487325986f17348ff-c2a4-4801-9752-e43677158bcf-LEAD3P-1ae75e03-0dcc-4ca7-9691-02177e68a1fe.jpg", "cover": false}], "photosCategorizedByRooms": [], "relevantRegions": [], "photospheres": [], "specialConditions": [], "offers": {"closingRate": 0, "shouldHighlightIcon": true, "shouldShowOfferDialog": false, "shouldShowOffers": false, "summary": []}, "status": "publicado", "showUrlHasBeenCopiedSnackbar": false, "isGalleryModalOpen": false, "error": false, "loaded": true, "loading": false, "loadingCategorizedRooms": false, "selectedMedia": "tenant/HouseMedia/PHOTOS", "video": "", "promotions": [], "condominium": {}, "forRent": true, "forSale": true, "salePrice": 899901, "mortgageFirstInstallment": 0, "listings": [{"imovelId": 893918786, "businessContext": "RENT", "status": "publicado", "firstPublicationDate": "2023-01-20T14:48:51.000+0000", "lastPublicationDate": "2023-01-20T14:48:51.000+0000", "listingRentModel": {"listingBusinessContextId": 1429292, "rentalAdministrator": "QUINTOANDAR"}, "ownership": "THIRD_PARTY"}, {"imovelId": 893918786, "businessContext": "SALE", "status": "publicado", "firstPublicationDate": "2023-01-11T02:42:43.000+0000", "lastPublicationDate": "2023-01-11T02:42:43.000+0000", "ownership": "THIRD_PARTY"}], "listingTags": [], "businessContext": "", "regionParameters": {"loaded": false, "loading": false, "RENT": {"visitsEnabled": true, "talkToAgentEnabled": false}, "SALE": {"visitsEnabled": true, "talkToAgentEnabled": false}}, "houseAgent": {"isDialogOpen": false, "alreadyOpenedByQueryParam": false}, "tenantServiceFee": 97, "closingStatus": {"loading": false}, "rentalGuarantee": {"minValue": 937.5, "maxValue": 2812.5}, "reservationAvailability": null, "isPrimaryMarket": false, "macroRegion": {"id": 2740, "name": "SPO 04"}, "suites": 0, "houseVisitStatus": "ACCEPT_NEW", "visitStatusReason": null, "visitsUnavailable": false, "isReserved": false, "allowDirectOffer": true, "lastPublishedDate": "2023-01-20T14:48:51.000Z", "listingPublication": "not_stranded", "rentOnTermination": false, "constructionYear": null, "categories": []}, "markers": {"lat": -23.6365116, "lng": -46.6523461}, "talkToAgent": {"dialog": {"open": false, "questionType": null, "question": ""}, "agentSupport": {}, "error": null, "autoSubmit": false, "loading": false, "submitting": false, "success": false, "hasLoadedAgentInfo": false, "agent": null, "hasLoadedAgentsInRegion": false, "agentsInRegion": null}}}}, "__N_SSP": true}, "page": "/imovel/[houseId]/[[...slug]]", "query": {"houseId": "893918786", "slug": ["alugar", "casa-3-quartos-parque-jabaquara-sao-paulo"]}, "buildId": "gCr3Bg2lYzV9hxZqGibIQ", "runtimeConfig": {"NEXT_PUBLIC_HOME_ADVERTISING_BANNER": "coupon"}, "isFallback": false, "dynamicIds": [61847, 31265, 66435, 77453, 87356, 60899, 41103, 3232, 33207, 72227, 40072, 39327, 19904, 96827], "gssp": true, "customServer": true, "appGip": true, "locale": "pt-BR", "locales": ["pt-BR", "es-MX"], "defaultLocale": "pt-BR", "domainLocales": [{"domain": "www.quintoandar.com.br", "defaultLocale": "pt-BR"}, {"domain": "www.benvi.mx", "defaultLocale": "es-MX"}], "scriptLoader": []}