{"props": {"pageProps": {"initialState": {"route": {"locationBeforeTransitions": {"pathname": "/imovel/893937653/alugar/apartamento-1-quarto-vila-nivi-sao-paulo", "search": "", "hash": "", "action": "POP", "query": {}}, "topLevelRouteName": "house details", "businessContext": "RENT", "favoriteListsBusinessContext": "RENT"}, "router": {"location": {"href": "/", "pathname": "/", "search": "", "hash": ""}}, "progress": {"pendingRequests": -1}, "login": {"response": {}, "user": {"isLoggedIn": false, "id": 0, "agentId": 0, "hashId": "", "sessionId": null, "name": "", "email": "", "maskedEmail": "", "jwt": {"app": "", "firebase": ""}, "phone": {"countryCode": "+55", "areaCode": "", "phoneNumber": ""}, "country": "BR", "channel": "", "isPhoneRegistered": false, "acceptWhatsapp": true, "hasDocument": false, "isPartner": false}, "accountForm": {}, "redirectUrl": "", "isRequestOngoing": false}, "captcha": {"token": "", "hasLoadedRemoteConfig": false, "provider": "", "friction": "low", "unavailableCountriesCode": []}, "supportedCities": [], "inAppMessages": {"biomaSurvey": {"isOpen": false, "formId": null, "data": {"opaque": true}}}, "metaData": {"similar_houses_clicked": []}, "appData": {"device": {"type": "desktop", "isSearchEngineCrawler": false}, "experiments": "X-AB-Test=ab_exposed_filter_sale_desktop:1,ab_exposed_filter_sale_v1:1,ab_exposed_filters:1,ab_load_more_v0:-1,ab_new_house_card_v2:0,ab_new_rent_listing_phase2:0,ab_profiling_create_alert_filters:0,ab_scheduling_step_by_step_v1:1,ab_show_floor_sale:0,ab_street_search_retrieval_v1:0"}, "house": {"houseInfo": {"id": "893937653", "displayId": "1237653", "bedrooms": 1, "city": "S\u00e3o Paulo", "cityId": 39, "bathrooms": 1, "iptu": 0, "amenities": [{"key": "BANHEIRA_DE_HIDROMASSAGEM", "text": "Banheira", "value": "NAO", "optional": false}, {"key": "BOX", "text": "Box", "value": "NAO", "optional": false}, {"key": "VARANDA", "text": "Varanda", "value": "NAO", "optional": false}, {"key": "PISCINA_PRIVATIVA", "text": "Piscina privativa", "value": "NAO", "optional": false}, {"key": "ARMARIOS_EMBUTIDOS_NO_QUARTO", "text": "Arm\u00e1rios no quarto", "value": "NAO", "optional": false}, {"key": "ARMARIOS_NOS_BANHEIROS", "text": "Arm\u00e1rios no banheiro", "value": "NAO", "optional": false}, {"key": "ARMARIOS_NA_COZINHA", "text": "Arm\u00e1rios na cozinha", "value": "NAO", "optional": false}, {"key": "AR_CONDICIONADO", "text": "Ar condicionado", "value": "NAO", "optional": false}, {"key": "CHUVEIRO_A_GAS", "text": "Chuveiro a g\u00e1s", "value": "NAO", "optional": false}, {"key": "QUARTO_DE_SERVICO", "text": "Quarto de servi\u00e7o", "value": "NAO", "optional": false}, {"key": "BANHEIRO_DE_SERVICO", "text": "Banheiro de servi\u00e7o", "value": "NAO", "optional": false}, {"key": "VARANDA_GOURMET", "text": "Varanda gourmet", "value": "NAO", "optional": false}, {"key": "APARTAMENTO_COBERTURA", "text": "Apartamento cobertura", "value": "NAO", "optional": false}, {"key": "QUARTO_EXTRA_REVERSIVEL", "text": "Quarto extra revers\u00edvel", "value": "NAO", "optional": false}, {"key": "FOGAO_INCLUSO", "text": "Fog\u00e3o", "value": "NAO", "optional": false}, {"key": "GELADEIRA_INCLUSO", "text": "Geladeira", "value": "NAO", "optional": false}, {"key": "BANHEIRO_ADAPTADO", "text": "Banheiro adaptado", "value": "NAO", "optional": false}, {"key": "CLOSET", "text": "Closet", "value": "NAO", "optional": false}, {"key": "COZINHA_AMERICANA", "text": "Cozinha americana", "value": "NAO", "optional": false}, {"key": "MESAS_E_CADEIRAS_DE_ESCRITORIO", "text": "Mesas e cadeiras de escrit\u00f3rio", "value": "NAO", "optional": false}, {"key": "JARDIM", "text": "Jardim", "value": "NAO", "optional": false}, {"key": "QUARTOS_E_CORREDORES_COM_PORTAS_AMPLAS", "text": "Quartos e corredores com portas amplas", "value": "SIM", "optional": false}, {"key": "QUINTAL", "text": "Quintal", "value": "NAO", "optional": false}, {"key": "SOMENTE_UMA_CASA_NO_TERRENO", "text": "Somente uma casa no terreno", "value": "NAO", "optional": false}, {"key": "AREA_DE_SERVICO", "text": "\u00c1rea de servi\u00e7o", "value": "SIM", "optional": false}], "comfortCommodities": [{"key": "BANHEIRA_DE_HIDROMASSAGEM", "text": "Banheira", "value": "NAO", "optional": false}, {"key": "PISCINA_PRIVATIVA", "text": "Piscina privativa", "value": "NAO", "optional": false}, {"key": "AR_CONDICIONADO", "text": "Ar condicionado", "value": "NAO", "optional": false}, {"key": "SOL_DA_MANHA", "text": "Sol da manh\u00e3", "value": "SIM", "optional": false}, {"key": "SOL_DA_TARDE", "text": "Sol da tarde", "value": "SIM", "optional": false}, {"key": "CORTINAS_BLACK_OUT", "text": "Cortinas corta luz", "value": "NAO", "optional": false}, {"key": "CORTINAS_DECORATIVAS", "text": "Cortina transl\u00facida", "value": "NAO", "optional": false}, {"key": "JANELA_ANTI_RUIDO", "text": "Janela anti-ru\u00eddo", "value": "NAO", "optional": false}, {"key": "VENTILADOR_DE_TETO", "text": "Ventilador de teto", "value": "NAO", "optional": false}, {"key": "LUMINOSIDADE_NATURAL", "text": "Janelas grandes", "value": "NAO", "optional": false}, {"key": "VISTA_LIVRE", "text": "Vista livre", "value": "NAO", "optional": false}, {"key": "RUA_SILENCIOSA", "text": "Rua silenciosa", "value": "SIM", "optional": false}], "practicalityCommodities": [{"key": "BOX", "text": "Box", "value": "NAO", "optional": false}, {"key": "ARMARIOS_EMBUTIDOS_NO_QUARTO", "text": "Arm\u00e1rios no quarto", "value": "NAO", "optional": false}, {"key": "ARMARIOS_NOS_BANHEIROS", "text": "Arm\u00e1rios no banheiro", "value": "NAO", "optional": false}, {"key": "ARMARIOS_NA_COZINHA", "text": "Arm\u00e1rios na cozinha", "value": "NAO", "optional": false}, {"key": "CHUVEIRO_A_GAS", "text": "Chuveiro a g\u00e1s", "value": "NAO", "optional": false}, {"key": "FOGAO_INCLUSO", "text": "Fog\u00e3o", "value": "NAO", "optional": false}, {"key": "GELADEIRA_INCLUSO", "text": "Geladeira", "value": "NAO", "optional": false}, {"key": "CHUVEIRO_ELETRICO", "text": "Chuveiro el\u00e9trico", "value": "NAO", "optional": false}, {"key": "MICROONDAS", "text": "Microondas", "value": "NAO", "optional": false}, {"key": "SOFA", "text": "Sof\u00e1", "value": "NAO", "optional": false}, {"key": "MAQUINA_DE_LAVAR", "text": "M\u00e1quina de lavar", "value": "NAO", "optional": false}, {"key": "TANQUE", "text": "Tanque", "value": "SIM", "optional": false}, {"key": "REDE_DE_PROTECAO", "text": "Tela nas janelas", "value": "NAO", "optional": false}, {"key": "VARAL_DE_ROUPAS", "text": "Varal de roupas", "value": "NAO", "optional": false}, {"key": "TOMADAS_NOVAS", "text": "Tomadas 3 pinos", "value": "NAO", "optional": false}, {"key": "TELEVISAO", "text": "Televis\u00e3o", "value": "NAO", "optional": false}, {"key": "MESAS_E_CADEIRAS_DE_JANTAR", "text": "Mesas e cadeiras de jantar", "value": "NAO", "optional": false}, {"key": "CHURRASQUEIRA", "text": "Churrasqueira", "value": "NAO", "optional": false}, {"key": "ACESSO_SEM_DEGRAUS", "text": "Acesso sem degraus", "value": "NAO", "optional": false}, {"key": "COOKTOP", "text": "Fog\u00e3o cooktop", "value": "NAO", "optional": false}, {"key": "UTENSILIOS_DE_COZINHA", "text": "Utens\u00edlios de cozinha", "value": "NAO", "optional": false}, {"key": "CAMA_DE_CASAL", "text": "Cama de casal", "value": "NAO", "optional": false}, {"key": "CAMA_DE_SOLTEIRO", "text": "Cama de solteiro", "value": "NAO", "optional": false}, {"key": "ESPELHO_NO_BANHEIRO", "text": "Espelho no banheiro", "value": "NAO", "optional": false}, {"key": "FECHADURA_ELETRONICA", "text": "Fechadura eletr\u00f4nica", "value": "NAO", "optional": false}, {"key": "ENERGIA", "text": "Energia no im\u00f3vel", "value": "NAO", "optional": false}], "area": 108, "installations": [{"key": "PLAYGROUND", "text": "Playground", "value": "NAO"}, {"key": "PISCINA", "text": "Piscina", "value": "NAO"}, {"key": "CHURRASQUEIRA", "text": "Churrasqueira", "value": "NAO"}, {"key": "QUADRA_ESPORTIVA", "text": "Quadra esportiva", "value": "NAO"}, {"key": "ACADEMIA", "text": "Academia", "value": "NAO"}, {"key": "SALAO_DE_FESTAS", "text": "Sal\u00e3o de festas", "value": "NAO"}, {"key": "SAUNA", "text": "Sauna", "value": "NAO"}, {"key": "LAVANDERIA_NO_PREDIO", "text": "Lavanderia no pr\u00e9dio", "value": "NAO"}, {"key": "GAS_ENCANADO", "text": "G\u00e1s encanado", "value": "NAO"}, {"key": "ESPACO_GOURMET_NA_AREA_COMUM", "text": "Espa\u00e7o gourmet na \u00e1rea comum", "value": "NAO"}, {"key": "BRINQUEDOTECA", "text": "Brinquedoteca", "value": "NAO"}, {"key": "CORRIMAO", "text": "Corrim\u00e3o", "value": "NAO"}, {"key": "PISO_TATIL", "text": "Piso t\u00e1til", "value": "NAO"}, {"key": "RAMPAS_DE_ACESSO", "text": "Rampas de acesso", "value": "NAO"}, {"key": "SALAO_DE_JOGOS", "text": "Sal\u00e3o de jogos", "value": "NAO"}, {"key": "VAGA_DE_GARAGEM_ACESSIVEL", "text": "Vaga de garagem acess\u00edvel", "value": "NAO"}, {"key": "AREA_VERDE", "text": "\u00c1rea verde", "value": "NAO"}, {"key": "Elevador", "value": "NAO"}, {"key": "Porteiro24H", "value": "NAO"}], "rentPrice": 8000, "condoPrice": 0, "condoType": "IncluidoNoAluguel", "region": {"name": "Jardim Brasil\u00a0", "hub": {"loading": "UNSET", "enabled": false, "abSecretariat": false, "isPrimaryMarket": false}, "id": 1916}, "type": "Apartamento", "iptuType": "NaoExiste", "totalCost": 8309, "parkingSpaces": 0, "address": {"street": "Rua Doutor Castro Ramos", "neighborhood": "Vila Nivi", "city": "S\u00e3o Paulo", "zipCode": "02252-120", "stateName": "S\u00e3o Paulo", "stateAcronym": "SP", "lat": -23.4772059, "lng": -46.5874545, "countryName": "Brasil", "countryCode": "BR", "country": "Brasil"}, "floor": 8, "homeProtection": 102, "acceptsPets": false, "hasFurniture": false, "isNearSubway": false, "placesNearby": [{"name": "Col\u00e9gio Isaac Newton", "type": "SCHOOL", "slug": "colegio-isaac-newton-jardim-brasil-sao-paulo-sp"}, {"name": "Escola Cepse", "type": "SCHOOL", "slug": "escola-cepse-vila-constanca-sao-paulo-sp-brasil"}, {"name": "Recanto S\u00e3o Camilo - Cuidados Paliativos", "type": "HOSPITAL", "slug": "recanto-sao-camilo-cuidados-paliativos-vila-constanca-sao-paulo-sp-brasil"}, {"name": "Escola Municipal Maria Helena Faria Lima", "type": "SCHOOL", "slug": "escola-municipal-maria-helena-faria-lima-jardim-brasil-sao-paulo-sp"}, {"name": "Escola Professor David R. dos Santos", "type": "SCHOOL", "slug": "escola-professor-david-r-dos-santos-sao-paulo-sp-brasil"}, {"name": "Escola Prof. Luiz Amaral Wagner", "type": "SCHOOL", "slug": "escola-prof-luiz-amaral-wagner-vila-constanca-sao-paulo-sp-brasil"}, {"name": "UBS Ja\u00e7an\u00e3", "type": "HOSPITAL", "slug": "ubs-jacana-vila-constanca-sao-paulo-sp-brasil"}, {"name": "Escola Estadual C\u00f4nego Jo\u00e3o Ligabue", "type": "SCHOOL", "slug": "escola-estadual-conego-joao-ligabue-vila-gustavo-sao-paulo-sp-brasil"}, {"name": "Col\u00e9gio Laura Flor\u00eancio", "type": "SCHOOL", "slug": "colegio-laura-florencio-vila-gustavo-sao-paulo-sp-brasil"}, {"name": "Pra\u00e7a Arlindo Luz", "type": "PARK_OR_GREEN_AREA", "slug": "praca-arlindo-luz-jardim-brasil-sao-paulo-sp-brasil"}, {"name": "Escola Euripedes de Castro", "type": "SCHOOL", "slug": "escola-euripedes-de-castro-sao-paulo-sp-brasil"}, {"name": "Escola I. Pestana", "type": "SCHOOL", "slug": "escola-i-pestana-sao-paulo-sp-brasil"}, {"name": "Col\u00e9gio Poeta Manuel Bandeira", "type": "SCHOOL", "slug": "colegio-poeta-manuel-bandeira-jardim-brasil-sao-paulo-sp"}, {"name": "Col\u00e9gio Santa Catarina", "type": "SCHOOL", "slug": "colegio-santa-catarina-vila-mazzei-sao-paulo-sp-brasil"}, {"name": "UBS Vila Ede", "type": "HOSPITAL", "slug": "ubs-vila-ede-vila-ede-sao-paulo-sp-brasil"}, {"name": "Shop In Box", "type": "SHOPPING_MALL", "slug": "shop-in-box-jardim-brasil-sao-paulo-sp"}, {"name": "Escola Sebasti\u00e3o S. Bueno", "type": "SCHOOL", "slug": "escola-sebastiao-s-bueno-sao-paulo-sp-brasil"}, {"name": "Idioma e inform\u00e1tica", "type": "UNIVERSITY_OR_COLLEGE", "slug": "idioma-e-informatica-vila-gustavo-sao-paulo-sp"}, {"name": "Shopping Metr\u00f4 Tucuruvi", "type": "SHOPPING_MALL", "slug": "shopping-metro-tucuruvi-vila-gustavo-sao-paulo-sp-brasil"}, {"name": "Col\u00e9gio Sales", "type": "SCHOOL", "slug": "colegio-sales-vila-gustavo-sao-paulo-sp-brasil"}, {"name": "Escola Pedro Alexandrino", "type": "SCHOOL", "slug": "escola-pedro-alexandrino-sao-paulo-sp-brasil"}, {"name": "Cinemark Tucuruvi", "type": "MUSEUM_THEATRE_OR_CONCERT_HALL", "slug": "cinemark-tucuruvi-vila-mazzei-sao-paulo-sp"}, {"name": "Ophthal Hospital Especializado", "type": "HOSPITAL", "slug": "ophthal-hospital-especializado-vila-mazzei-sao-paulo-sp-brasil"}, {"name": "Escola Silva Jardim", "type": "SCHOOL", "slug": "escola-silva-jardim-sao-paulo-sp-brasil"}], "photos": [{"id": 34667014, "subtitle": "Sala e Cozinha", "url": "893937653-968.8560965165842IMG0008.jpg", "cover": true}, {"id": 34667010, "subtitle": "Sala e Cozinha", "url": "893937653-761.8978828532684IMG0005.jpg", "cover": false}, {"id": 34667011, "subtitle": "Sala e Cozinha", "url": "893937653-716.3183471773967IMG0006.jpg", "cover": false}, {"id": 34667013, "subtitle": "Sala e Cozinha", "url": "893937653-784.4749153062298IMG0007.jpg", "cover": false}, {"id": 34667005, "subtitle": "Sala e Cozinha", "url": "893937653-626.8634869097646IMG0001.jpg", "cover": false}, {"id": 34667007, "subtitle": "Sala e Cozinha", "url": "893937653-139.63500292884433IMG0002.jpg", "cover": false}, {"id": 34667008, "subtitle": "Sala e Cozinha", "url": "893937653-556.9346734612953IMG0003.jpg", "cover": false}, {"id": 34667009, "subtitle": "Sala e Cozinha", "url": "893937653-478.3800547755198IMG0004.jpg", "cover": false}, {"id": 34667015, "subtitle": "Quarto 1", "url": "893937653-751.082824195322IMG0009.jpg", "cover": false}, {"id": 34667016, "subtitle": "Quarto 1", "url": "893937653-684.0545827825578IMG0010.jpg", "cover": false}, {"id": 34667017, "subtitle": "Quarto 1", "url": "893937653-687.3625079534831IMG0011.jpg", "cover": false}, {"id": 34667018, "subtitle": "Quarto 1", "url": "893937653-783.2976962604008IMG0012.jpg", "cover": false}, {"id": 34667019, "subtitle": "Quarto 2", "url": "893937653-133.66551280477034IMG0013.jpg", "cover": false}, {"id": 34667023, "subtitle": "Quarto 2", "url": "893937653-390.31631341303176IMG0014.jpg", "cover": false}, {"id": 34667027, "subtitle": "Quarto 2", "url": "893937653-297.6052606103264IMG0015.jpg", "cover": false}, {"id": 34667030, "subtitle": "Quarto 2", "url": "893937653-956.1572675959904IMG0016.jpg", "cover": false}, {"id": 34667034, "subtitle": "Banheiro", "url": "893937653-607.9298266752942IMG0017.jpg", "cover": false}, {"id": 34667037, "subtitle": "Banheiro", "url": "893937653-857.4018030250736IMG0018.jpg", "cover": false}, {"id": 34667038, "subtitle": "Banheiro", "url": "893937653-526.3681118701547IMG0019.jpg", "cover": false}, {"id": 34667043, "subtitle": "Banheiro", "url": "893937653-902.0475930398161IMG0020.jpg", "cover": false}, {"id": 34667056, "subtitle": "Fachada com Plaquinha", "url": "893937653-142.3240475024553z5.jpg", "cover": false}], "photosCategorizedByRooms": [], "relevantRegions": [], "photospheres": [], "specialConditions": [], "offers": {"closingRate": 0, "shouldHighlightIcon": true, "shouldShowOfferDialog": false, "shouldShowOffers": false, "summary": []}, "status": "publicado", "showUrlHasBeenCopiedSnackbar": false, "isGalleryModalOpen": false, "error": false, "loaded": true, "loading": false, "loadingCategorizedRooms": false, "selectedMedia": "tenant/HouseMedia/PHOTOS", "video": "", "promotions": [], "condominium": {}, "forRent": true, "forSale": false, "salePrice": 0, "mortgageFirstInstallment": 0, "listings": [{"imovelId": 893937653, "businessContext": "RENT", "status": "publicado", "firstPublicationDate": "2023-01-26T15:25:47.000+0000", "lastPublicationDate": "2023-01-26T15:25:47.000+0000", "listingRentModel": {"listingBusinessContextId": 1437614, "rentalAdministrator": "QUINTOANDAR"}, "ownership": "STANDARD"}], "listingTags": [], "businessContext": "", "regionParameters": {"loaded": false, "loading": false, "RENT": {"visitsEnabled": true, "talkToAgentEnabled": false}, "SALE": {"visitsEnabled": true, "talkToAgentEnabled": false}}, "houseAgent": {"isDialogOpen": false, "alreadyOpenedByQueryParam": false}, "tenantServiceFee": 207, "closingStatus": {"loading": false}, "rentalGuarantee": {"minValue": 2000, "maxValue": 6000}, "reservationAvailability": null, "isPrimaryMarket": false, "macroRegion": {"id": 2710, "name": "SPO 12"}, "suites": 0, "houseVisitStatus": "ACCEPT_NEW", "visitStatusReason": null, "visitsUnavailable": false, "isReserved": false, "allowDirectOffer": true, "lastPublishedDate": "2023-01-26T15:25:47.000Z", "listingPublication": "not_stranded", "rentOnTermination": false, "constructionYear": null, "categories": []}, "markers": {"lat": -23.4772059, "lng": -46.5874545}, "talkToAgent": {"dialog": {"open": false, "questionType": null, "question": ""}, "agentSupport": {}, "error": null, "autoSubmit": false, "loading": false, "submitting": false, "success": false, "hasLoadedAgentInfo": false, "agent": null, "hasLoadedAgentsInRegion": false, "agentsInRegion": null}}}}, "__N_SSP": true}, "page": "/imovel/[houseId]/[[...slug]]", "query": {"houseId": "893937653", "slug": ["alugar", "apartamento-1-quarto-vila-nivi-sao-paulo"]}, "buildId": "gCr3Bg2lYzV9hxZqGibIQ", "runtimeConfig": {"NEXT_PUBLIC_HOME_ADVERTISING_BANNER": "coupon"}, "isFallback": false, "dynamicIds": [61847, 31265, 66435, 77453, 87356, 60899, 41103, 3232, 72227, 40072, 39327, 19904, 96827], "gssp": true, "customServer": true, "appGip": true, "locale": "pt-BR", "locales": ["pt-BR", "es-MX"], "defaultLocale": "pt-BR", "domainLocales": [{"domain": "www.quintoandar.com.br", "defaultLocale": "pt-BR"}, {"domain": "www.benvi.mx", "defaultLocale": "es-MX"}], "scriptLoader": []}