{"props": {"pageProps": {"initialState": {"route": {"locationBeforeTransitions": {"pathname": "/imovel/893920316/alugar/apartamento-2-quartos-bom-retiro-sao-paulo", "search": "", "hash": "", "action": "POP", "query": {}}, "topLevelRouteName": "house details", "businessContext": "RENT", "favoriteListsBusinessContext": "RENT"}, "router": {"location": {"href": "/", "pathname": "/", "search": "", "hash": ""}}, "progress": {"pendingRequests": -1}, "login": {"response": {}, "user": {"isLoggedIn": false, "id": 0, "agentId": 0, "hashId": "", "sessionId": null, "name": "", "email": "", "maskedEmail": "", "jwt": {"app": "", "firebase": ""}, "phone": {"countryCode": "+55", "areaCode": "", "phoneNumber": ""}, "country": "BR", "channel": "", "isPhoneRegistered": false, "acceptWhatsapp": true, "hasDocument": false, "isPartner": false}, "accountForm": {}, "redirectUrl": "", "isRequestOngoing": false}, "captcha": {"token": "", "hasLoadedRemoteConfig": false, "provider": "", "friction": "low", "unavailableCountriesCode": []}, "supportedCities": [], "inAppMessages": {"biomaSurvey": {"isOpen": false, "formId": null, "data": {"opaque": true}}}, "metaData": {"similar_houses_clicked": []}, "appData": {"device": {"type": "desktop", "isSearchEngineCrawler": false}, "experiments": "X-AB-Test=ab_exposed_filter_sale_desktop:1,ab_exposed_filter_sale_v1:1,ab_exposed_filters:1,ab_load_more_v0:-1,ab_new_house_card_v2:0,ab_new_rent_listing_phase2:0,ab_profiling_create_alert_filters:0,ab_scheduling_step_by_step_v1:1,ab_show_floor_sale:0,ab_street_search_retrieval_v1:0"}, "house": {"houseInfo": {"id": "893920316", "displayId": "1220316", "bedrooms": 2, "city": "S\u00e3o Paulo", "bathrooms": 2, "iptu": 3, "amenities": [{"key": "BANHEIRA_DE_HIDROMASSAGEM", "text": "Banheira", "value": "NAO", "optional": false}, {"key": "BOX", "text": "Box", "value": "SIM", "optional": false}, {"key": "VARANDA", "text": "Varanda", "value": "NAO", "optional": false}, {"key": "PISCINA_PRIVATIVA", "text": "Piscina privativa", "value": "NAO", "optional": false}, {"key": "ARMARIOS_EMBUTIDOS_NO_QUARTO", "text": "Arm\u00e1rios no quarto", "value": "SIM", "optional": false}, {"key": "ARMARIOS_NOS_BANHEIROS", "text": "Arm\u00e1rios no banheiro", "value": "SIM", "optional": false}, {"key": "ARMARIOS_NA_COZINHA", "text": "Arm\u00e1rios na cozinha", "value": "SIM", "optional": false}, {"key": "AR_CONDICIONADO", "text": "Ar condicionado", "value": "NAO", "optional": false}, {"key": "CHUVEIRO_A_GAS", "text": "Chuveiro a g\u00e1s", "value": "NAO", "optional": false}, {"key": "QUARTO_DE_SERVICO", "text": "Quarto de servi\u00e7o", "value": "NAO", "optional": false}, {"key": "BANHEIRO_DE_SERVICO", "text": "Banheiro de servi\u00e7o", "value": "SIM", "optional": false}, {"key": "VARANDA_GOURMET", "text": "Varanda gourmet", "value": "NAO", "optional": false}, {"key": "APARTAMENTO_COBERTURA", "text": "Apartamento cobertura", "value": "NAO", "optional": false}, {"key": "QUARTO_EXTRA_REVERSIVEL", "text": "Quarto extra revers\u00edvel", "value": "NAO", "optional": false}, {"key": "FOGAO_INCLUSO", "text": "Fog\u00e3o", "value": "NAO", "optional": false}, {"key": "GELADEIRA_INCLUSO", "text": "Geladeira", "value": "NAO", "optional": false}, {"key": "BANHEIRO_ADAPTADO", "text": "Banheiro adaptado", "value": "NAO", "optional": false}, {"key": "CLOSET", "text": "Closet", "value": "NAO", "optional": false}, {"key": "COZINHA_AMERICANA", "text": "Cozinha americana", "value": "NAO", "optional": false}, {"key": "MESAS_E_CADEIRAS_DE_ESCRITORIO", "text": "Mesas e cadeiras de escrit\u00f3rio", "value": "NAO", "optional": false}, {"key": "JARDIM", "text": "Jardim", "value": "NAO", "optional": false}, {"key": "QUARTOS_E_CORREDORES_COM_PORTAS_AMPLAS", "text": "Quartos e corredores com portas amplas", "value": "SIM", "optional": false}, {"key": "QUINTAL", "text": "Quintal", "value": "NAO", "optional": false}, {"key": "SOMENTE_UMA_CASA_NO_TERRENO", "text": "Somente uma casa no terreno", "value": "NAO", "optional": false}, {"key": "AREA_DE_SERVICO", "text": "\u00c1rea de servi\u00e7o", "value": "SIM", "optional": false}], "comfortCommodities": [{"key": "BANHEIRA_DE_HIDROMASSAGEM", "text": "Banheira", "value": "NAO", "optional": false}, {"key": "PISCINA_PRIVATIVA", "text": "Piscina privativa", "value": "NAO", "optional": false}, {"key": "AR_CONDICIONADO", "text": "Ar condicionado", "value": "NAO", "optional": false}, {"key": "SOL_DA_MANHA", "text": "Sol da manh\u00e3", "value": "SIM", "optional": false}, {"key": "SOL_DA_TARDE", "text": "Sol da tarde", "value": "SIM", "optional": false}, {"key": "CORTINAS_BLACK_OUT", "text": "Cortinas corta luz", "value": "SIM", "optional": false}, {"key": "CORTINAS_DECORATIVAS", "text": "Cortina transl\u00facida", "value": "SIM", "optional": false}, {"key": "JANELA_ANTI_RUIDO", "text": "Janela anti-ru\u00eddo", "value": "SIM", "optional": false}, {"key": "VENTILADOR_DE_TETO", "text": "Ventilador de teto", "value": "NAO", "optional": false}, {"key": "LUMINOSIDADE_NATURAL", "text": "Janelas grandes", "value": "SIM", "optional": false}, {"key": "VISTA_LIVRE", "text": "Vista livre", "value": "SIM", "optional": false}, {"key": "RUA_SILENCIOSA", "text": "Rua silenciosa", "value": "NAO", "optional": false}], "practicalityCommodities": [{"key": "BOX", "text": "Box", "value": "SIM", "optional": false}, {"key": "ARMARIOS_EMBUTIDOS_NO_QUARTO", "text": "Arm\u00e1rios no quarto", "value": "SIM", "optional": false}, {"key": "ARMARIOS_NOS_BANHEIROS", "text": "Arm\u00e1rios no banheiro", "value": "SIM", "optional": false}, {"key": "ARMARIOS_NA_COZINHA", "text": "Arm\u00e1rios na cozinha", "value": "SIM", "optional": false}, {"key": "CHUVEIRO_A_GAS", "text": "Chuveiro a g\u00e1s", "value": "NAO", "optional": false}, {"key": "FOGAO_INCLUSO", "text": "Fog\u00e3o", "value": "NAO", "optional": false}, {"key": "GELADEIRA_INCLUSO", "text": "Geladeira", "value": "NAO", "optional": false}, {"key": "CHUVEIRO_ELETRICO", "text": "Chuveiro el\u00e9trico", "value": "SIM", "optional": false}, {"key": "MICROONDAS", "text": "Microondas", "value": "NAO", "optional": false}, {"key": "SOFA", "text": "Sof\u00e1", "value": "NAO", "optional": false}, {"key": "MAQUINA_DE_LAVAR", "text": "M\u00e1quina de lavar", "value": "NAO", "optional": false}, {"key": "TANQUE", "text": "Tanque", "value": "SIM", "optional": false}, {"key": "REDE_DE_PROTECAO", "text": "Tela nas janelas", "value": "SIM", "optional": false}, {"key": "VARAL_DE_ROUPAS", "text": "Varal de roupas", "value": "SIM", "optional": false}, {"key": "TOMADAS_NOVAS", "text": "Tomadas 3 pinos", "value": "SIM", "optional": false}, {"key": "TELEVISAO", "text": "Televis\u00e3o", "value": "NAO", "optional": false}, {"key": "MESAS_E_CADEIRAS_DE_JANTAR", "text": "Mesas e cadeiras de jantar", "value": "NAO", "optional": false}, {"key": "CHURRASQUEIRA", "text": "Churrasqueira", "value": "SIM", "optional": false}, {"key": "ACESSO_SEM_DEGRAUS", "text": "Acesso sem degraus", "value": "SIM", "optional": false}, {"key": "COOKTOP", "text": "Fog\u00e3o cooktop", "value": "NAO", "optional": false}, {"key": "UTENSILIOS_DE_COZINHA", "text": "Utens\u00edlios de cozinha", "value": "NAO", "optional": false}, {"key": "CAMA_DE_CASAL", "text": "Cama de casal", "value": "SIM", "optional": false}, {"key": "CAMA_DE_SOLTEIRO", "text": "Cama de solteiro", "value": "NAO", "optional": false}, {"key": "ESPELHO_NO_BANHEIRO", "text": "Espelho no banheiro", "value": "SIM", "optional": false}, {"key": "FECHADURA_ELETRONICA", "text": "Fechadura eletr\u00f4nica", "value": "SIM", "optional": false}, {"key": "ENERGIA", "text": "Energia no im\u00f3vel", "value": "SIM", "optional": false}], "area": 99, "installations": [{"key": "PLAYGROUND", "text": "Playground", "value": "NAO"}, {"key": "PISCINA", "text": "Piscina", "value": "NAO"}, {"key": "CHURRASQUEIRA", "text": "Churrasqueira", "value": "NAO"}, {"key": "QUADRA_ESPORTIVA", "text": "Quadra esportiva", "value": "NAO"}, {"key": "ACADEMIA", "text": "Academia", "value": "NAO"}, {"key": "SALAO_DE_FESTAS", "text": "Sal\u00e3o de festas", "value": "SIM"}, {"key": "SAUNA", "text": "Sauna", "value": "NAO"}, {"key": "LAVANDERIA_NO_PREDIO", "text": "Lavanderia no pr\u00e9dio", "value": "NAO"}, {"key": "GAS_ENCANADO", "text": "G\u00e1s encanado", "value": "SIM"}, {"key": "ESPACO_GOURMET_NA_AREA_COMUM", "text": "Espa\u00e7o gourmet na \u00e1rea comum", "value": "SIM"}, {"key": "BRINQUEDOTECA", "text": "Brinquedoteca", "value": "NAO"}, {"key": "CORRIMAO", "text": "Corrim\u00e3o", "value": "NAO"}, {"key": "PISO_TATIL", "text": "Piso t\u00e1til", "value": "NAO"}, {"key": "RAMPAS_DE_ACESSO", "text": "Rampas de acesso", "value": "NAO"}, {"key": "SALAO_DE_JOGOS", "text": "Sal\u00e3o de jogos", "value": "NAO"}, {"key": "VAGA_DE_GARAGEM_ACESSIVEL", "text": "Vaga de garagem acess\u00edvel", "value": "NAO"}, {"key": "AREA_VERDE", "text": "\u00c1rea verde", "value": "NAO"}, {"key": "Elevador", "value": "SIM"}, {"key": "Porteiro24H", "value": "SIM"}], "rentPrice": 2080, "condoPrice": 907, "condoType": "Normal", "region": {"name": "Bom Retiro", "hub": {"loading": "UNSET", "enabled": false, "abSecretariat": false, "isPrimaryMarket": false}, "id": 1299}, "type": "Apartamento", "iptuType": "Normal", "totalCost": 3070, "parkingSpaces": 0, "address": {"street": "Rua Prates", "neighborhood": "Bom Retiro", "city": "S\u00e3o Paulo", "stateName": "S\u00e3o Paulo", "stateAcronym": "SP", "countryName": "Brasil", "countryCode": "BR", "country": "Brasil"}, "floor": 6, "homeProtection": 27, "remarks": "Apartamento localizado no Bom Retiro pr\u00f3ximo \u00e0 esta\u00e7\u00e3o da Luz (Linha amarela e CPTM) da esta\u00e7\u00e3o Tiradentes (Linha Azul). \nUnidade de fundo. O apartamento \u00e9 muito silencioso, iluminado, arejado e possui p\u00e9 direito alto. Dispensa na cozinha\n\nAmbos os quartos com arm\u00e1rio embutido al\u00e9m de um arm\u00e1rio extra no fim do corredor. Cozinha planejada. \n\nA \u00e1rea de servi\u00e7o possui um banheiro e tanque.", "acceptsPets": true, "hasFurniture": false, "isNearSubway": true, "placesNearby": [{"name": "Instituto Dom Bosco", "type": "UNIVERSITY_OR_COLLEGE", "slug": "instituto-dom-bosco-bom-retiro-sao-paulo-sp"}, {"name": "Memorial da Imigra\u00e7\u00e3o Judaica e do Holocausto", "type": "MUSEUM_THEATRE_OR_CONCERT_HALL", "slug": "memorial-da-imigracao-judaica-e-do-holocausto-bom-retiro-sao-paulo-sp"}, {"name": "Casa do Povo", "type": "MUSEUM_THEATRE_OR_CONCERT_HALL", "slug": "casa-do-povo-bom-retiro-sao-paulo-sp"}, {"name": "Pra\u00e7a Coronel Fernando Prestes", "type": "PARK_OR_GREEN_AREA", "slug": "praca-coronel-fernando-prestes-bom-retiro-sao-paulo-sp"}, {"name": "Luz", "type": "ESTACAO_METRO_OU_TREM", "slug": "estacao-da-luz-sao-paulo-sp-brasil"}, {"name": "Lam. Gaucha", "type": "SCHOOL", "slug": "lam-gaucha-sao-paulo-sp-brasil"}, {"name": "Pinacoteca", "type": "MUSEUM_THEATRE_OR_CONCERT_HALL", "slug": "pinacoteca-luz-sao-paulo-sp"}, {"name": "Sala S\u00e3o Paulo", "type": "MUSEUM_THEATRE_OR_CONCERT_HALL", "slug": "sala-sao-paulo-campos-eliseos-sao-paulo-sp"}, {"name": "J\u00falio Prestes", "type": "ESTACAO_METRO_OU_TREM", "slug": "estacao-julio-prestes-sao-paulo-sp"}, {"name": "Casa da Luz", "type": "MUSEUM_THEATRE_OR_CONCERT_HALL", "slug": "casa-da-luz-centro-sao-paulo-sp"}, {"name": "Universidade de M\u00fasica Tom Jobim", "type": "MUSEUM_THEATRE_OR_CONCERT_HALL", "slug": "universidade-de-musica-tom-jobim-centro-sao-paulo-sp"}, {"name": "Luz", "type": "ESTACAO_METRO_OU_TREM", "slug": "luz-centro-sao-paulo-sp"}, {"name": "Museu do Crime", "type": "MUSEUM_THEATRE_OR_CONCERT_HALL", "slug": "museu-do-crime-centro-sao-paulo-sp"}, {"name": "Tiradentes", "type": "ESTACAO_METRO_OU_TREM", "slug": "estacao-tiradentes-sao-paulo-sp"}, {"name": "Examen", "type": "HOSPITAL", "slug": "examen-bom-retiro-sao-paulo-sp"}, {"name": "Museu da Arte Sacra", "type": "MUSEUM_THEATRE_OR_CONCERT_HALL", "slug": "museu-da-arte-sacra-luz-sao-paulo-sp"}, {"name": "ETEC Santa Ifig\u00eania", "type": "UNIVERSITY_OR_COLLEGE", "slug": "etec-santa-ifigenia-centro-sao-paulo-sp"}, {"name": "Shopping Etecompe", "type": "SHOPPING_MALL", "slug": "shopping-etecompe-centro-sao-paulo-sp"}, {"name": "Galeria 490", "type": "SHOPPING_MALL", "slug": "galeria-490-centro-sao-paulo-sp"}, {"name": "Col\u00e9gio Salesiano Liceu Cora\u00e7\u00e3o de Jesus", "type": "SCHOOL", "slug": "colegio-salesiano-liceu-coracao-de-jesus-campos-eliseos-sao-paulo-sp"}, {"name": "Shopping Maravilha", "type": "SHOPPING_MALL", "slug": "shopping-maravilha-centro-sao-paulo-sp"}, {"name": "Sesc Bom Retiro", "type": "MUSEUM_THEATRE_OR_CONCERT_HALL", "slug": "sesc-bom-retiro-campos-eliseos-sao-paulo-sp"}, {"name": "Shopping Intercontinetal", "type": "SHOPPING_MALL", "slug": "shopping-intercontinetal-centro-sao-paulo-sp"}, {"name": "Galeria Continetal", "type": "SHOPPING_MALL", "slug": "galeria-continetal-centro-sao-paulo-sp"}, {"name": "Galeria Aurora", "type": "SHOPPING_MALL", "slug": "galeria-aurora-centro-sao-paulo-sp"}, {"name": "Galeria Cinelli", "type": "SHOPPING_MALL", "slug": "galeria-cinelli-centro-sao-paulo-sp"}, {"name": "Galeria S\u00e3o Paulo", "type": "SHOPPING_MALL", "slug": "galeria-sao-paulo-centro-sao-paulo-sp"}, {"name": "Galeria Del Vecquio", "type": "SHOPPING_MALL", "slug": "galeria-del-vecquio-centro-sao-paulo-sp"}, {"name": "Iphigenia Shopping", "type": "SHOPPING_MALL", "slug": "iphigenia-shopping-centro-sao-paulo-sp"}, {"name": "Shopping 373", "type": "SHOPPING_MALL", "slug": "shopping-373-centro-sao-paulo-sp"}], "photos": [{"id": 34495417, "subtitle": "Sala", "url": "893920316-628.6330641523134MG0001.jpg", "cover": true}, {"id": 34495422, "subtitle": "Sala", "url": "893920316-774.1862830563646MG0002.jpg", "cover": false}, {"id": 34495426, "subtitle": "Sala", "url": "893920316-417.96849128784106MG0003.jpg", "cover": false}, {"id": 34495431, "subtitle": "Sala", "url": "893920316-16.87032169897207MG0004.jpg", "cover": false}, {"id": 34495444, "subtitle": "Sala", "url": "893920316-171.39737724777015MG0009.jpg", "cover": false}, {"id": 34495439, "subtitle": "Sala de Jantar", "url": "893920316-560.9230411517034MG0007.jpg", "cover": false}, {"id": 34495447, "subtitle": "Sala de Jantar", "url": "893920316-905.7230788193851MG0010.jpg", "cover": false}, {"id": 34495438, "subtitle": "Sala de Jantar", "url": "893920316-356.5010043890056MG0006.jpg", "cover": false}, {"id": 34495441, "subtitle": "Sala de Jantar", "url": "893920316-176.14621512797856MG0008.jpg", "cover": false}, {"id": 34495451, "subtitle": "Quarto 1", "url": "893920316-714.9781001113516MG0012.jpg", "cover": false}, {"id": 34495453, "subtitle": "Quarto 1", "url": "893920316-355.3303909197122MG0013.jpg", "cover": false}, {"id": 34495455, "subtitle": "Quarto 1", "url": "893920316-518.8018748972323MG0014.jpg", "cover": false}, {"id": 34495457, "subtitle": "Quarto 1", "url": "893920316-838.7464608544426MG0015.jpg", "cover": false}, {"id": 34495459, "subtitle": "Quarto 2", "url": "893920316-789.9698462402184MG0016.jpg", "cover": false}, {"id": 34495463, "subtitle": "Quarto 2", "url": "893920316-134.80250537479222MG0017.jpg", "cover": false}, {"id": 34495756, "subtitle": "Quarto 2", "url": "893920316-392.7023118567761MG0019.jpg", "cover": false}, {"id": 34495466, "subtitle": "Quarto 2", "url": "893920316-885.8021532483039MG0018.jpg", "cover": false}, {"id": 34495471, "subtitle": "Banheiro", "url": "893920316-662.3380987680983MG0020.jpg", "cover": false}, {"id": 34495473, "subtitle": "Banheiro", "url": "893920316-185.59995132337036MG0021.jpg", "cover": false}, {"id": 34495475, "subtitle": "Banheiro", "url": "893920316-535.1891222808425MG0022.jpg", "cover": false}, {"id": 34495477, "subtitle": "Banheiro", "url": "893920316-220.57783772792772MG0023.jpg", "cover": false}, {"id": 34495480, "subtitle": "Banheiro", "url": "893920316-127.44325088754505MG0024.jpg", "cover": false}, {"id": 34495482, "subtitle": "Cozinha", "url": "893920316-630.1359306537995MG0025.jpg", "cover": false}, {"id": 34495484, "subtitle": "Cozinha", "url": "893920316-233.60917812541913MG0026.jpg", "cover": false}, {"id": 34495488, "subtitle": "Cozinha", "url": "893920316-717.3212042846951MG0027.jpg", "cover": false}, {"id": 34495492, "subtitle": "Cozinha", "url": "893920316-237.77670456342614MG0028.jpg", "cover": false}, {"id": 34495493, "subtitle": "Cozinha", "url": "893920316-709.8988688468738MG0029.jpg", "cover": false}, {"id": 34495495, "subtitle": "Despensa", "url": "893920316-345.32189420744066MG0030.jpg", "cover": false}, {"id": 34495498, "subtitle": "Despensa", "url": "893920316-215.78921829116405MG0031.jpg", "cover": false}, {"id": 34495501, "subtitle": "\u00c1rea de Servi\u00e7o", "url": "893920316-852.7573158400515MG0032.jpg", "cover": false}, {"id": 34495504, "subtitle": "\u00c1rea de Servi\u00e7o", "url": "893920316-96.6507528929833MG0033.jpg", "cover": false}, {"id": 34495506, "subtitle": "\u00c1rea de Servi\u00e7o", "url": "893920316-47.00994732007236MG0034.jpg", "cover": false}, {"id": 34495508, "subtitle": "\u00c1rea de Servi\u00e7o", "url": "893920316-753.3608567773153MG0035.jpg", "cover": false}, {"id": 34495513, "subtitle": "Banheiro de Servi\u00e7o", "url": "893920316-542.6633797071366MG0036.jpg", "cover": false}, {"id": 34495518, "subtitle": "Banheiro de Servi\u00e7o", "url": "893920316-185.70369403767495MG0037.jpg", "cover": false}, {"id": 34495523, "subtitle": "Banheiro de Servi\u00e7o", "url": "893920316-821.479707147906MG0038.jpg", "cover": false}, {"id": 34495527, "subtitle": "Banheiro de Servi\u00e7o", "url": "893920316-264.6280237397357MG0039.jpg", "cover": false}, {"id": 34495830, "subtitle": "Vista do Terra\u00e7o", "url": "893920316-18.853463007010852IMG202301211052101.jpg", "cover": false}, {"id": 34495833, "subtitle": "Terra\u00e7o", "url": "893920316-311.15316448392525IMG202301211053241.jpg", "cover": false}, {"id": 34495838, "subtitle": "Terra\u00e7o", "url": "893920316-255.13145496380474IMG20230121105343.jpg", "cover": false}, {"id": 34495841, "subtitle": "Terra\u00e7o", "url": "893920316-188.25908531344447IMG202301211053521.jpg", "cover": false}, {"id": 34495849, "subtitle": "\u00c1rea comum - Sal\u00e3o de festas", "url": "893920316-49.77081473945633IMG202301211054451.jpg", "cover": false}, {"id": 34495852, "subtitle": "\u00c1rea comum - Sal\u00e3o de festas", "url": "893920316-123.41011661238588IMG20230121105508.jpg", "cover": false}, {"id": 34495855, "subtitle": "Hall de entrada", "url": "893920316-172.04871608598927IMG202301211059471.jpg", "cover": false}, {"id": 34495861, "subtitle": "Fachada e portaria", "url": "893920316-885.7920612871287IMG202301211100351.jpg", "cover": false}, {"id": 34495865, "subtitle": "Fachada e portaria", "url": "893920316-555.8605804512958IMG202301211100541.jpg", "cover": false}, {"id": 34495868, "subtitle": "Fachada", "url": "893920316-61.14691698722985IMG202301211101421.jpg", "cover": false}], "photosCategorizedByRooms": [], "relevantRegions": [], "photospheres": [], "specialConditions": [], "offers": {"closingRate": 0, "shouldHighlightIcon": true, "shouldShowOfferDialog": false, "shouldShowOffers": false, "summary": []}, "status": "despublicado", "showUrlHasBeenCopiedSnackbar": false, "isGalleryModalOpen": false, "error": false, "loaded": true, "loading": false, "loadingCategorizedRooms": false, "selectedMedia": "tenant/HouseMedia/PHOTOS", "video": "", "promotions": [], "condominium": {}, "forRent": true, "forSale": false, "salePrice": 0, "mortgageFirstInstallment": 0, "listings": [{"imovelId": 893920316, "businessContext": "RENT", "status": "despublicado", "statusReason": "ContractDraft", "firstPublicationDate": "2023-01-21T23:32:53.000+0000", "lastPublicationDate": "2023-01-21T23:32:53.000+0000", "listingRentModel": {"listingBusinessContextId": 1415575, "rentalAdministrator": "QUINTOANDAR"}, "ownership": "STANDARD"}], "listingTags": [], "businessContext": "", "regionParameters": {"loaded": false, "loading": false, "RENT": {"visitsEnabled": true, "talkToAgentEnabled": false}, "SALE": {"visitsEnabled": true, "talkToAgentEnabled": false}}, "houseAgent": {"isDialogOpen": false, "alreadyOpenedByQueryParam": false}, "tenantServiceFee": 53, "closingStatus": {"loading": false}, "rentalGuarantee": {"minValue": 520, "maxValue": 1560}, "reservationAvailability": null, "isPrimaryMarket": false, "macroRegion": {"id": 2698, "name": "SPO 08"}, "suites": 0, "houseVisitStatus": "ACCEPT_NEW", "visitsUnavailable": false, "isReserved": false, "lastPublishedDate": "2023-01-21T23:32:53.000Z", "listingPublication": "not_stranded", "rentOnTermination": false, "constructionYear": null, "categories": []}, "markers": {}, "talkToAgent": {"dialog": {"open": false, "questionType": null, "question": ""}, "agentSupport": {}, "error": null, "autoSubmit": false, "loading": false, "submitting": false, "success": false, "hasLoadedAgentInfo": false, "agent": null, "hasLoadedAgentsInRegion": false, "agentsInRegion": null}}}}, "__N_SSP": true}, "page": "/imovel/[houseId]/[[...slug]]", "query": {"houseId": "893920316", "slug": ["alugar", "apartamento-2-quartos-bom-retiro-sao-paulo"]}, "buildId": "gCr3Bg2lYzV9hxZqGibIQ", "runtimeConfig": {"NEXT_PUBLIC_HOME_ADVERTISING_BANNER": "coupon"}, "isFallback": false, "dynamicIds": [61847, 31265, 66435, 77453, 11010, 87356, 60899, 41103, 3232, 72227, 40072, 96827], "gssp": true, "customServer": true, "appGip": true, "locale": "pt-BR", "locales": ["pt-BR", "es-MX"], "defaultLocale": "pt-BR", "domainLocales": [{"domain": "www.quintoandar.com.br", "defaultLocale": "pt-BR"}, {"domain": "www.benvi.mx", "defaultLocale": "es-MX"}], "scriptLoader": []}