{"props": {"pageProps": {"initialState": {"route": {"locationBeforeTransitions": {"pathname": "/imovel/893941333/alugar/apartamento-2-quartos-bela-vista-sao-paulo", "search": "", "hash": "", "action": "POP", "query": {}}, "topLevelRouteName": "house details", "businessContext": "RENT", "favoriteListsBusinessContext": "RENT"}, "router": {"location": {"href": "/", "pathname": "/", "search": "", "hash": ""}}, "progress": {"pendingRequests": -1}, "login": {"response": {}, "user": {"isLoggedIn": false, "id": 0, "agentId": 0, "hashId": "", "sessionId": null, "name": "", "email": "", "maskedEmail": "", "jwt": {"app": "", "firebase": ""}, "phone": {"countryCode": "+55", "areaCode": "", "phoneNumber": ""}, "country": "BR", "channel": "", "isPhoneRegistered": false, "acceptWhatsapp": true, "hasDocument": false, "isPartner": false}, "accountForm": {}, "redirectUrl": "", "isRequestOngoing": false}, "captcha": {"token": "", "hasLoadedRemoteConfig": false, "provider": "", "friction": "low", "unavailableCountriesCode": []}, "supportedCities": [], "inAppMessages": {"biomaSurvey": {"isOpen": false, "formId": null, "data": {"opaque": true}}}, "metaData": {"similar_houses_clicked": []}, "appData": {"device": {"type": "desktop", "isSearchEngineCrawler": false}, "experiments": "X-AB-Test=ab_exposed_filter_sale_desktop:1,ab_exposed_filter_sale_v1:1,ab_exposed_filters:1,ab_load_more_v0:-1,ab_new_house_card_v2:0,ab_new_rent_listing_phase2:0,ab_profiling_create_alert_filters:0,ab_scheduling_step_by_step_v1:1,ab_show_floor_sale:0,ab_street_search_retrieval_v1:0"}, "house": {"houseInfo": {"id": "893941333", "displayId": "1241333", "bedrooms": 2, "city": "S\u00e3o Paulo", "cityId": 39, "bathrooms": 2, "iptu": 9, "amenities": [{"key": "BANHEIRA_DE_HIDROMASSAGEM", "text": "Banheira", "value": "NAO", "optional": false}, {"key": "BOX", "text": "Box", "value": "SIM", "optional": false}, {"key": "VARANDA", "text": "Varanda", "value": "NAO", "optional": false}, {"key": "PISCINA_PRIVATIVA", "text": "Piscina privativa", "value": "NAO", "optional": false}, {"key": "ARMARIOS_EMBUTIDOS_NO_QUARTO", "text": "Arm\u00e1rios no quarto", "value": "SIM", "optional": false}, {"key": "ARMARIOS_NOS_BANHEIROS", "text": "Arm\u00e1rios no banheiro", "value": "SIM", "optional": false}, {"key": "ARMARIOS_NA_COZINHA", "text": "Arm\u00e1rios na cozinha", "value": "SIM", "optional": false}, {"key": "AR_CONDICIONADO", "text": "Ar condicionado", "value": "NAO", "optional": false}, {"key": "CHUVEIRO_A_GAS", "text": "Chuveiro a g\u00e1s", "value": "NAO", "optional": false}, {"key": "QUARTO_DE_SERVICO", "text": "Quarto de servi\u00e7o", "value": "SIM", "optional": false}, {"key": "BANHEIRO_DE_SERVICO", "text": "Banheiro de servi\u00e7o", "value": "SIM", "optional": false}, {"key": "VARANDA_GOURMET", "text": "Varanda gourmet", "value": "NAO", "optional": false}, {"key": "APARTAMENTO_COBERTURA", "text": "Apartamento cobertura", "value": "NAO", "optional": false}, {"key": "QUARTO_EXTRA_REVERSIVEL", "text": "Quarto extra revers\u00edvel", "value": "SIM", "optional": false}, {"key": "FOGAO_INCLUSO", "text": "Fog\u00e3o", "value": "SIM", "optional": false}, {"key": "GELADEIRA_INCLUSO", "text": "Geladeira", "value": "SIM", "optional": false}, {"key": "BANHEIRO_ADAPTADO", "text": "Banheiro adaptado", "value": "NAO", "optional": false}, {"key": "CLOSET", "text": "Closet", "value": "SIM", "optional": false}, {"key": "COZINHA_AMERICANA", "text": "Cozinha americana", "value": "NAO", "optional": false}, {"key": "MESAS_E_CADEIRAS_DE_ESCRITORIO", "text": "Mesas e cadeiras de escrit\u00f3rio", "value": "SIM", "optional": false}, {"key": "JARDIM", "text": "Jardim", "value": "NAO", "optional": false}, {"key": "QUARTOS_E_CORREDORES_COM_PORTAS_AMPLAS", "text": "Quartos e corredores com portas amplas", "value": "SIM", "optional": false}, {"key": "QUINTAL", "text": "Quintal", "value": "NAO", "optional": false}, {"key": "SOMENTE_UMA_CASA_NO_TERRENO", "text": "Somente uma casa no terreno", "value": "NAO", "optional": false}, {"key": "AREA_DE_SERVICO", "text": "\u00c1rea de servi\u00e7o", "value": "SIM", "optional": false}], "comfortCommodities": [{"key": "BANHEIRA_DE_HIDROMASSAGEM", "text": "Banheira", "value": "NAO", "optional": false}, {"key": "PISCINA_PRIVATIVA", "text": "Piscina privativa", "value": "NAO", "optional": false}, {"key": "AR_CONDICIONADO", "text": "Ar condicionado", "value": "NAO", "optional": false}, {"key": "SOL_DA_MANHA", "text": "Sol da manh\u00e3", "value": "SIM", "optional": false}, {"key": "SOL_DA_TARDE", "text": "Sol da tarde", "value": "SIM", "optional": false}, {"key": "CORTINAS_BLACK_OUT", "text": "Cortinas corta luz", "value": "SIM", "optional": false}, {"key": "CORTINAS_DECORATIVAS", "text": "Cortina transl\u00facida", "value": "SIM", "optional": false}, {"key": "JANELA_ANTI_RUIDO", "text": "Janela anti-ru\u00eddo", "value": "SIM", "optional": false}, {"key": "VENTILADOR_DE_TETO", "text": "Ventilador de teto", "value": "SIM", "optional": false}, {"key": "LUMINOSIDADE_NATURAL", "text": "Janelas grandes", "value": "SIM", "optional": false}, {"key": "VISTA_LIVRE", "text": "Vista livre", "value": "SIM", "optional": false}, {"key": "RUA_SILENCIOSA", "text": "Rua silenciosa", "value": "SIM", "optional": false}], "practicalityCommodities": [{"key": "BOX", "text": "Box", "value": "SIM", "optional": false}, {"key": "ARMARIOS_EMBUTIDOS_NO_QUARTO", "text": "Arm\u00e1rios no quarto", "value": "SIM", "optional": false}, {"key": "ARMARIOS_NOS_BANHEIROS", "text": "Arm\u00e1rios no banheiro", "value": "SIM", "optional": false}, {"key": "ARMARIOS_NA_COZINHA", "text": "Arm\u00e1rios na cozinha", "value": "SIM", "optional": false}, {"key": "CHUVEIRO_A_GAS", "text": "Chuveiro a g\u00e1s", "value": "NAO", "optional": false}, {"key": "FOGAO_INCLUSO", "text": "Fog\u00e3o", "value": "SIM", "optional": false}, {"key": "GELADEIRA_INCLUSO", "text": "Geladeira", "value": "SIM", "optional": false}, {"key": "CHUVEIRO_ELETRICO", "text": "Chuveiro el\u00e9trico", "value": "SIM", "optional": false}, {"key": "MICROONDAS", "text": "Microondas", "value": "SIM", "optional": false}, {"key": "SOFA", "text": "Sof\u00e1", "value": "SIM", "optional": false}, {"key": "MAQUINA_DE_LAVAR", "text": "M\u00e1quina de lavar", "value": "SIM", "optional": false}, {"key": "TANQUE", "text": "Tanque", "value": "SIM", "optional": false}, {"key": "REDE_DE_PROTECAO", "text": "Tela nas janelas", "value": "SIM", "optional": false}, {"key": "VARAL_DE_ROUPAS", "text": "Varal de roupas", "value": "SIM", "optional": false}, {"key": "TOMADAS_NOVAS", "text": "Tomadas 3 pinos", "value": "SIM", "optional": false}, {"key": "TELEVISAO", "text": "Televis\u00e3o", "value": "SIM", "optional": false}, {"key": "MESAS_E_CADEIRAS_DE_JANTAR", "text": "Mesas e cadeiras de jantar", "value": "SIM", "optional": false}, {"key": "CHURRASQUEIRA", "text": "Churrasqueira", "value": "SIM", "optional": false}, {"key": "ACESSO_SEM_DEGRAUS", "text": "Acesso sem degraus", "value": "SIM", "optional": false}, {"key": "COOKTOP", "text": "Fog\u00e3o cooktop", "value": "NAO", "optional": false}, {"key": "UTENSILIOS_DE_COZINHA", "text": "Utens\u00edlios de cozinha", "value": "NAO", "optional": false}, {"key": "CAMA_DE_CASAL", "text": "Cama de casal", "value": "SIM", "optional": false}, {"key": "CAMA_DE_SOLTEIRO", "text": "Cama de solteiro", "value": "NAO", "optional": false}, {"key": "ESPELHO_NO_BANHEIRO", "text": "Espelho no banheiro", "value": "SIM", "optional": false}, {"key": "FECHADURA_ELETRONICA", "text": "Fechadura eletr\u00f4nica", "value": "SIM", "optional": false}, {"key": "ENERGIA", "text": "Energia no im\u00f3vel", "value": "SIM", "optional": false}], "area": 90, "installations": [{"key": "PLAYGROUND", "text": "Playground", "value": "NAO"}, {"key": "PISCINA", "text": "Piscina", "value": "NAO"}, {"key": "CHURRASQUEIRA", "text": "Churrasqueira", "value": "SIM"}, {"key": "QUADRA_ESPORTIVA", "text": "Quadra esportiva", "value": "NAO"}, {"key": "ACADEMIA", "text": "Academia", "value": "NAO"}, {"key": "SALAO_DE_FESTAS", "text": "Sal\u00e3o de festas", "value": "SIM"}, {"key": "SAUNA", "text": "Sauna", "value": "NAO"}, {"key": "LAVANDERIA_NO_PREDIO", "text": "Lavanderia no pr\u00e9dio", "value": "NAO"}, {"key": "GAS_ENCANADO", "text": "G\u00e1s encanado", "value": "SIM"}, {"key": "ESPACO_GOURMET_NA_AREA_COMUM", "text": "Espa\u00e7o gourmet na \u00e1rea comum", "value": "SIM"}, {"key": "BRINQUEDOTECA", "text": "Brinquedoteca", "value": "NAO"}, {"key": "CORRIMAO", "text": "Corrim\u00e3o", "value": "SIM"}, {"key": "PISO_TATIL", "text": "Piso t\u00e1til", "value": "SIM"}, {"key": "RAMPAS_DE_ACESSO", "text": "Rampas de acesso", "value": "SIM"}, {"key": "SALAO_DE_JOGOS", "text": "Sal\u00e3o de jogos", "value": "NAO"}, {"key": "VAGA_DE_GARAGEM_ACESSIVEL", "text": "Vaga de garagem acess\u00edvel", "value": "SIM"}, {"key": "AREA_VERDE", "text": "\u00c1rea verde", "value": "SIM"}, {"key": "Elevador", "value": "SIM"}, {"key": "Porteiro24H", "value": "SIM"}], "rentPrice": 3540, "condoPrice": 1150, "condoType": "Normal", "region": {"name": "Bela Vista", "hub": {"loading": "UNSET", "enabled": false, "abSecretariat": false, "isPrimaryMarket": false}, "id": 55}, "type": "Apartamento", "iptuType": "Normal", "totalCost": 4835, "parkingSpaces": 1, "address": {"street": "Rua Doutor Pl\u00ednio Barreto", "neighborhood": "Bela Vista", "city": "S\u00e3o Paulo", "zipCode": "01313-020", "stateName": "S\u00e3o Paulo", "stateAcronym": "SP", "lat": -23.557757, "lng": -46.651662, "countryName": "Brasil", "countryCode": "BR", "country": "Brasil"}, "floor": 11, "homeProtection": 45, "remarks": "Dispon\u00edvel\nBox,  Arm\u00e1rios embutidos nos quartos, Arm\u00e1rios nos banheiros, Arm\u00e1rios na cozinha, Fog\u00e3o incluso, Geladeira inclusa, Lava lou\u00e7a, micro-ondas Closet, Mesas e cadeiras, escrit\u00f3rio, Quartos e corredores com portas amplas, \u00c1rea de servi\u00e7o com freezer e lava roupas\n\nIndispon\u00edvel\nBanheira de hidromassagem, Varanda, Ar condicionado, Chuveiro a g\u00e1s, Apartamento cobertura, Banheiro adaptado, Cozinha americana, Jardim, Quintal, Somente uma casa no terreno", "furniture": "2 televisores digitais, ventilador de teto, lou\u00e7a, panelas e talheres, tv e internet a cabo (a negociar),", "acceptsPets": true, "hasFurniture": true, "isNearSubway": true, "placesNearby": [{"name": "Centro de Pesquisa e Forma\u00e7\u00e3o SESC", "type": "SCHOOL", "slug": "centro-de-pesquisa-e-formacao-sesc-bela-vista-sao-paulo-sp"}, {"name": "Teatro Raul Cortez", "type": "MUSEUM_THEATRE_OR_CONCERT_HALL", "slug": "teatro-raul-cortez-bela-vista-sao-paulo-sp"}, {"name": "Hospital S\u00edrio Liban\u00eas", "type": "HOSPITAL", "slug": "hospital-sirio-libanes-bela-vista-sao-paulo-sp"}, {"name": "14 Bis", "type": "ESTACAO_METRO_OU_TREM", "slug": "estacao-14-bis-bela-vista-sao-paulo-sp"}, {"name": "Espaco Ita\u00fa Cinemas Frei Caneca", "type": "MUSEUM_THEATRE_OR_CONCERT_HALL", "slug": "espaco-itau-cinemas-frei-caneca-consolacao-sao-paulo-sp"}, {"name": "Hospital 9 de Julho", "type": "HOSPITAL", "slug": "hospital-9-de-julho-consolacao-sao-paulo-sp"}, {"name": "Hospital Municipal Infantil Menino Jesus", "type": "HOSPITAL", "slug": "hospital-municipal-infantil-menino-jesus-bela-vista-sao-paulo-sp"}, {"name": "Teatro Augusta", "type": "MUSEUM_THEATRE_OR_CONCERT_HALL", "slug": "teatro-augusta-consolacao-sao-paulo-sp"}, {"name": "Docas Carga e Descarga", "type": "SHOPPING_MALL", "slug": "docas-carga-e-descarga-bela-vista-sao-paulo-sp"}, {"name": "Comedians", "type": "MUSEUM_THEATRE_OR_CONCERT_HALL", "slug": "comedians-consolacao-sao-paulo-sp"}, {"name": "Museu de Arte de S\u00e3o Paulo (MASP)", "type": "MUSEUM_THEATRE_OR_CONCERT_HALL", "slug": "museu-de-arte-de-sao-paulo-masp-bela-vista-sao-paulo-sp"}, {"name": "WA Dan\u00e7as", "type": "SCHOOL", "slug": "wa-dancas-consolacao-sao-paulo-sp"}, {"name": "Clube Atl\u00e9tico S\u00e3o Paulo (SPAC)", "type": "STADIUM", "slug": "clube-atletico-sao-paulo-spac-sao-paulo-sp-brasil"}, {"name": "Trianon - Masp", "type": "ESTACAO_METRO_OU_TREM", "slug": "estacao-trianon-masp-sao-paulo-sp"}, {"name": "Centro Cultural Fiesp", "type": "MUSEUM_THEATRE_OR_CONCERT_HALL", "slug": "centro-cultural-fiesp-jardim-paulista-sao-paulo-sp"}, {"name": "Espa\u00e7o Ita\u00fa de Cinema - Augusta", "type": "MUSEUM_THEATRE_OR_CONCERT_HALL", "slug": "espaco-itau-de-cinema-augusta-consolacao-sao-paulo-sp"}, {"name": "Est\u00fadio Lois Louis", "type": "MUSEUM_THEATRE_OR_CONCERT_HALL", "slug": "estudio-lois-louis-consolacao-sao-paulo-sp"}, {"name": "Espa\u00e7o Ita\u00fa de Cinema - Augusta (anexo)", "type": "MUSEUM_THEATRE_OR_CONCERT_HALL", "slug": "espaco-itau-de-cinema-augusta-anexo-consolacao-sao-paulo-sp"}, {"name": "Objetivo", "type": "SCHOOL", "slug": "objetivo-bela-vista-sao-paulo-sp"}, {"name": "Galeria Le village", "type": "SHOPPING_MALL", "slug": "galeria-le-village-consolacao-sao-paulo-sp"}, {"name": "UAM - Anhembi Morumbi - Campus Paulista", "type": "UNIVERSITY_OR_COLLEGE", "slug": "anhembi-morumbi-paulista-1-sao-paulo-sp"}, {"name": "Escola Paulista da Magistratura", "type": "UNIVERSITY_OR_COLLEGE", "slug": "escola-paulista-da-magistratura-consolacao-sao-paulo-sp"}, {"name": "C\u00e1sper L\u00edbero", "type": "UNIVERSITY_OR_COLLEGE", "slug": "casper-libero-paulista-sao-paulo-sp"}, {"name": "Shopping Market Paulista", "type": "SHOPPING_MALL", "slug": "shopping-market-paulista-jardim-paulista-sao-paulo-sp"}, {"name": "Higien\u00f3polis-Mackenzie", "type": "ESTACAO_METRO_OU_TREM", "slug": "estacao-higienopolis-mackenzie-linha-6-consolacao-sao-paulo-sp"}, {"name": "Galeria da Augusta", "type": "SHOPPING_MALL", "slug": "galeria-da-augusta-consolacao-sao-paulo-sp"}, {"name": "Faculdade C\u00e1sper L\u00edbero", "type": "UNIVERSITY_OR_COLLEGE", "slug": "faculdade-casper-libero-bela-vista-sao-paulo-sp"}, {"name": "Bela Vista", "type": "ESTACAO_METRO_OU_TREM", "slug": "estacao-bela-vista-bela-vista-sao-paulo-sp"}, {"name": "Unip", "type": "UNIVERSITY_OR_COLLEGE", "slug": "unip-bela-vista-sao-paulo-sp"}, {"name": "Top Center Shopping", "type": "SHOPPING_MALL", "slug": "top-center-shopping-bela-vista-sao-paulo-sp"}], "availabilityType": "IMMEDIATE", "photos": [{"id": 34937465, "subtitle": "Sala", "url": "893941333-105.61472234647817DSC08178.JPG", "cover": true}, {"id": 34937466, "subtitle": "Sala", "url": "893941333-871.4210528563626DSC08179.JPG", "cover": false}, {"id": 34937467, "subtitle": "Sala Sala", "url": "893941333-644.6606411040273DSC08180.JPG", "cover": false}, {"id": 34937468, "subtitle": "Sala", "url": "893941333-105.48496175221223DSC08181.JPG", "cover": false}, {"id": 34937469, "subtitle": "Sala", "url": "893941333-612.4752152882046DSC08182.JPG", "cover": false}, {"id": 34937504, "subtitle": "Sala", "url": "893941333-495.1595070125595DSC08207.JPG", "cover": false}, {"id": 34937508, "subtitle": "Sala", "url": "893941333-800.8010381806574DSC08208.JPG", "cover": false}, {"id": 34937510, "subtitle": "Sala", "url": "893941333-722.5351908520229DSC08209.JPG", "cover": false}, {"id": 34937513, "subtitle": "Sala", "url": "893941333-677.4286768792595DSC08210.JPG", "cover": false}, {"id": 34937518, "subtitle": "Sala", "url": "893941333-624.0459378307593DSC08212.JPG", "cover": false}, {"id": 34937516, "subtitle": "Sala", "url": "893941333-926.9792325799808DSC08211.JPG", "cover": false}, {"id": 34937470, "subtitle": "Sala", "url": "893941333-125.40169878068718DSC08183.JPG", "cover": false}, {"id": 34937471, "subtitle": "Sala", "url": "893941333-574.102409428138DSC08184.JPG", "cover": false}, {"id": 34937472, "subtitle": "Sala", "url": "893941333-35.39674488864164DSC08185.JPG", "cover": false}, {"id": 34937473, "subtitle": "Corredor", "url": "893941333-688.1321528347577DSC08186.JPG", "cover": false}, {"id": 34937485, "subtitle": "Quarto ", "url": "893941333-506.8653135799168DSC08198.JPG", "cover": false}, {"id": 34937486, "subtitle": "Quarto ", "url": "893941333-510.16632879257605DSC08199.JPG", "cover": false}, {"id": 34937487, "subtitle": "Quarto ", "url": "893941333-374.26923663988345DSC08200.JPG", "cover": false}, {"id": 34937522, "subtitle": "Quarto 2", "url": "893941333-623.5090625955108DSC08213.JPG", "cover": false}, {"id": 34937524, "subtitle": "Quarto 2", "url": "893941333-776.9558785597607DSC08214.JPG", "cover": false}, {"id": 34937525, "subtitle": "Quarto 2", "url": "893941333-350.43222952548734DSC08215.JPG", "cover": false}, {"id": 34937526, "subtitle": "Quarto 2", "url": "893941333-516.3223771248606DSC08216.JPG", "cover": false}, {"id": 34937527, "subtitle": "Quarto 2", "url": "893941333-387.79952408243525DSC08217.JPG", "cover": false}, {"id": 34937488, "subtitle": "Banheiro ", "url": "893941333-696.1098739640116DSC08202.JPG", "cover": false}, {"id": 34937489, "subtitle": "Banheiro ", "url": "893941333-276.1803278124678DSC08203.JPG", "cover": false}, {"id": 34937491, "subtitle": "Banheiro ", "url": "893941333-90.86956132410052DSC08204.JPG", "cover": false}, {"id": 34937492, "subtitle": "Banheiro ", "url": "893941333-626.3595724614989DSC08205.JPG", "cover": false}, {"id": 34937493, "subtitle": "Banheiro ", "url": "893941333-123.49547163508379DSC08206.JPG", "cover": false}, {"id": 34937474, "subtitle": "Cozinha ", "url": "893941333-867.2409067797784DSC08187.JPG", "cover": false}, {"id": 34937475, "subtitle": "Cozinha ", "url": "893941333-945.5229303899858DSC08188.JPG", "cover": false}, {"id": 34937476, "subtitle": "Cozinha ", "url": "893941333-823.9809008156332DSC08189.JPG", "cover": false}, {"id": 34937477, "subtitle": "Cozinha ", "url": "893941333-895.1188397830663DSC08190.JPG", "cover": false}, {"id": 34937478, "subtitle": "Cozinha ", "url": "893941333-617.3391218506468DSC08191.JPG", "cover": false}, {"id": 34937480, "subtitle": "\u00c1rea de Servi\u00e7o", "url": "893941333-965.1535241967505DSC08193.JPG", "cover": false}, {"id": 34937479, "subtitle": "\u00c1rea de Servi\u00e7o", "url": "893941333-835.1992340628486DSC08192.JPG", "cover": false}, {"id": 34937481, "subtitle": "\u00c1rea de Servi\u00e7o", "url": "893941333-463.542106507157DSC08194.JPG", "cover": false}, {"id": 34937482, "subtitle": "Banheiro de Servi\u00e7o", "url": "893941333-44.712421375000865DSC08195.JPG", "cover": false}, {"id": 34937484, "subtitle": "Banheiro de Servi\u00e7o", "url": "893941333-751.3188158528943DSC08197.JPG", "cover": false}, {"id": 34937483, "subtitle": "Banheiro de Servi\u00e7o", "url": "893941333-525.2482295553889DSC08196.JPG", "cover": false}, {"id": 34937528, "subtitle": "Fachada", "url": "893941333-925.6000289456512DSC08218.JPG", "cover": false}], "photosCategorizedByRooms": [], "relevantRegions": [], "photospheres": [], "specialConditions": [], "offers": {"closingRate": 0, "shouldHighlightIcon": true, "shouldShowOfferDialog": false, "shouldShowOffers": false, "summary": []}, "status": "publicado", "showUrlHasBeenCopiedSnackbar": false, "isGalleryModalOpen": false, "error": false, "loaded": true, "loading": false, "loadingCategorizedRooms": false, "selectedMedia": "tenant/HouseMedia/PHOTOS", "video": "", "promotions": [], "condominium": {"hashId": "6knzsy5jgk", "name": "Pl\u00ednio barreto", "slug": "plinio-barreto-bela-vista-sao-paulo", "address": "R. Dr. Pl\u00ednio Barreto", "constructionYear": 1970}, "forRent": true, "forSale": false, "salePrice": 0, "mortgageFirstInstallment": 0, "listings": [{"imovelId": 893941333, "businessContext": "RENT", "status": "publicado", "firstPublicationDate": "2023-02-01T12:57:37.000+0000", "lastPublicationDate": "2023-02-01T12:57:37.000+0000", "listingRentModel": {"listingBusinessContextId": 1442187, "rentalAdministrator": "QUINTOANDAR"}, "ownership": "STANDARD"}], "listingTags": [], "businessContext": "", "regionParameters": {"loaded": false, "loading": false, "RENT": {"visitsEnabled": true, "talkToAgentEnabled": false}, "SALE": {"visitsEnabled": true, "talkToAgentEnabled": false}}, "houseAgent": {"isDialogOpen": false, "alreadyOpenedByQueryParam": false}, "tenantServiceFee": 91, "closingStatus": {"loading": false}, "rentalGuarantee": {"minValue": 885, "maxValue": 2655}, "reservationAvailability": null, "isPrimaryMarket": false, "macroRegion": {"id": 2726, "name": "SPO 11"}, "suites": 0, "allowsCustomOffer": true, "displayCustomOfferPreference": false, "houseVisitStatus": "ACCEPT_NEW", "visitStatusReason": null, "visitsUnavailable": false, "isReserved": false, "allowDirectOffer": true, "lastPublishedDate": "2023-02-01T12:57:37.000Z", "listingPublication": "not_stranded", "rentOnTermination": false, "constructionYear": 1970, "categories": []}, "markers": {"lat": -23.557757, "lng": -46.651662}, "talkToAgent": {"dialog": {"open": false, "questionType": null, "question": ""}, "agentSupport": {}, "error": null, "autoSubmit": false, "loading": false, "submitting": false, "success": false, "hasLoadedAgentInfo": false, "agent": null, "hasLoadedAgentsInRegion": false, "agentsInRegion": null}}}}, "__N_SSP": true}, "page": "/imovel/[houseId]/[[...slug]]", "query": {"houseId": "893941333", "slug": ["alugar", "apartamento-2-quartos-bela-vista-sao-paulo"]}, "buildId": "gCr3Bg2lYzV9hxZqGibIQ", "runtimeConfig": {"NEXT_PUBLIC_HOME_ADVERTISING_BANNER": "coupon"}, "isFallback": false, "dynamicIds": [61847, 31265, 66435, 77453, 87356, 60899, 41103, 3232, 72227, 40072, 39327, 19904, 96827], "gssp": true, "customServer": true, "appGip": true, "locale": "pt-BR", "locales": ["pt-BR", "es-MX"], "defaultLocale": "pt-BR", "domainLocales": [{"domain": "www.quintoandar.com.br", "defaultLocale": "pt-BR"}, {"domain": "www.benvi.mx", "defaultLocale": "es-MX"}], "scriptLoader": []}