{"props": {"pageProps": {"initialState": {"route": {"locationBeforeTransitions": {"pathname": "/imovel/893938414/alugar/casa-3-quartos-pinheiros-sao-paulo", "search": "", "hash": "", "action": "POP", "query": {}}, "topLevelRouteName": "house details", "businessContext": "RENT", "favoriteListsBusinessContext": "RENT"}, "router": {"location": {"href": "/", "pathname": "/", "search": "", "hash": ""}}, "progress": {"pendingRequests": -1}, "login": {"response": {}, "user": {"isLoggedIn": false, "id": 0, "agentId": 0, "hashId": "", "sessionId": null, "name": "", "email": "", "maskedEmail": "", "jwt": {"app": "", "firebase": ""}, "phone": {"countryCode": "+55", "areaCode": "", "phoneNumber": ""}, "country": "BR", "channel": "", "isPhoneRegistered": false, "acceptWhatsapp": true, "hasDocument": false, "isPartner": false}, "accountForm": {}, "redirectUrl": "", "isRequestOngoing": false}, "captcha": {"token": "", "hasLoadedRemoteConfig": false, "provider": "", "friction": "low", "unavailableCountriesCode": []}, "supportedCities": [], "inAppMessages": {"biomaSurvey": {"isOpen": false, "formId": null, "data": {"opaque": true}}}, "metaData": {"similar_houses_clicked": []}, "appData": {"device": {"type": "desktop", "isSearchEngineCrawler": false}, "experiments": "X-AB-Test=ab_exposed_filter_sale_desktop:1,ab_exposed_filter_sale_v1:1,ab_exposed_filters:1,ab_load_more_v0:-1,ab_new_house_card_v2:0,ab_new_rent_listing_phase2:0,ab_profiling_create_alert_filters:0,ab_scheduling_step_by_step_v1:1,ab_show_floor_sale:0,ab_street_search_retrieval_v1:0"}, "house": {"houseInfo": {"id": "893938414", "displayId": "1238414", "bedrooms": 3, "city": "S\u00e3o Paulo", "cityId": 39, "bathrooms": 4, "iptu": 750, "amenities": [{"key": "BANHEIRA_DE_HIDROMASSAGEM", "text": "Banheira", "value": "NAO", "optional": false}, {"key": "BOX", "text": "Box", "value": "SIM", "optional": false}, {"key": "VARANDA", "text": "Varanda", "value": "SIM", "optional": false}, {"key": "PISCINA_PRIVATIVA", "text": "Piscina privativa", "value": "SIM", "optional": false}, {"key": "ARMARIOS_EMBUTIDOS_NO_QUARTO", "text": "Arm\u00e1rios no quarto", "value": "SIM", "optional": false}, {"key": "ARMARIOS_NOS_BANHEIROS", "text": "Arm\u00e1rios no banheiro", "value": "SIM", "optional": false}, {"key": "ARMARIOS_NA_COZINHA", "text": "Arm\u00e1rios na cozinha", "value": "SIM", "optional": false}, {"key": "AR_CONDICIONADO", "text": "Ar condicionado", "value": "SIM", "optional": false}, {"key": "CHUVEIRO_A_GAS", "text": "Chuveiro a g\u00e1s", "value": "NAO", "optional": false}, {"key": "QUARTO_DE_SERVICO", "text": "Quarto de servi\u00e7o", "value": "SIM", "optional": false}, {"key": "BANHEIRO_DE_SERVICO", "text": "Banheiro de servi\u00e7o", "value": "SIM", "optional": false}, {"key": "VARANDA_GOURMET", "text": "Varanda gourmet", "value": "SIM", "optional": false}, {"key": "APARTAMENTO_COBERTURA", "text": "Apartamento cobertura", "value": "NAO", "optional": false}, {"key": "QUARTO_EXTRA_REVERSIVEL", "text": "Quarto extra revers\u00edvel", "value": "SIM", "optional": false}, {"key": "FOGAO_INCLUSO", "text": "Fog\u00e3o", "value": "NAO", "optional": false}, {"key": "GELADEIRA_INCLUSO", "text": "Geladeira", "value": "NAO", "optional": false}, {"key": "BANHEIRO_ADAPTADO", "text": "Banheiro adaptado", "value": "NAO", "optional": false}, {"key": "CLOSET", "text": "Closet", "value": "SIM", "optional": false}, {"key": "COZINHA_AMERICANA", "text": "Cozinha americana", "value": "NAO", "optional": false}, {"key": "MESAS_E_CADEIRAS_DE_ESCRITORIO", "text": "Mesas e cadeiras de escrit\u00f3rio", "value": "NAO", "optional": false}, {"key": "JARDIM", "text": "Jardim", "value": "SIM", "optional": false}, {"key": "QUARTOS_E_CORREDORES_COM_PORTAS_AMPLAS", "text": "Quartos e corredores com portas amplas", "value": "SIM", "optional": false}, {"key": "QUINTAL", "text": "Quintal", "value": "SIM", "optional": false}, {"key": "SOMENTE_UMA_CASA_NO_TERRENO", "text": "Somente uma casa no terreno", "value": "SIM", "optional": false}, {"key": "AREA_DE_SERVICO", "text": "\u00c1rea de servi\u00e7o", "value": "SIM", "optional": false}], "comfortCommodities": [{"key": "BANHEIRA_DE_HIDROMASSAGEM", "text": "Banheira", "value": "NAO", "optional": false}, {"key": "PISCINA_PRIVATIVA", "text": "Piscina privativa", "value": "SIM", "optional": false}, {"key": "AR_CONDICIONADO", "text": "Ar condicionado", "value": "SIM", "optional": false}, {"key": "SOL_DA_MANHA", "text": "Sol da manh\u00e3", "value": "SIM", "optional": false}, {"key": "SOL_DA_TARDE", "text": "Sol da tarde", "value": "SIM", "optional": false}, {"key": "CORTINAS_BLACK_OUT", "text": "Cortinas corta luz", "value": "SIM", "optional": false}, {"key": "CORTINAS_DECORATIVAS", "text": "Cortina transl\u00facida", "value": "SIM", "optional": false}, {"key": "JANELA_ANTI_RUIDO", "text": "Janela anti-ru\u00eddo", "value": "SIM", "optional": false}, {"key": "VENTILADOR_DE_TETO", "text": "Ventilador de teto", "value": "NAO", "optional": false}, {"key": "LUMINOSIDADE_NATURAL", "text": "Janelas grandes", "value": "SIM", "optional": false}, {"key": "VISTA_LIVRE", "text": "Vista livre", "value": "NAO", "optional": false}, {"key": "RUA_SILENCIOSA", "text": "Rua silenciosa", "value": "SIM", "optional": false}], "practicalityCommodities": [{"key": "BOX", "text": "Box", "value": "SIM", "optional": false}, {"key": "ARMARIOS_EMBUTIDOS_NO_QUARTO", "text": "Arm\u00e1rios no quarto", "value": "SIM", "optional": false}, {"key": "ARMARIOS_NOS_BANHEIROS", "text": "Arm\u00e1rios no banheiro", "value": "SIM", "optional": false}, {"key": "ARMARIOS_NA_COZINHA", "text": "Arm\u00e1rios na cozinha", "value": "SIM", "optional": false}, {"key": "CHUVEIRO_A_GAS", "text": "Chuveiro a g\u00e1s", "value": "NAO", "optional": false}, {"key": "FOGAO_INCLUSO", "text": "Fog\u00e3o", "value": "NAO", "optional": false}, {"key": "GELADEIRA_INCLUSO", "text": "Geladeira", "value": "NAO", "optional": false}, {"key": "CHUVEIRO_ELETRICO", "text": "Chuveiro el\u00e9trico", "value": "SIM", "optional": false}, {"key": "MICROONDAS", "text": "Microondas", "value": "NAO", "optional": false}, {"key": "SOFA", "text": "Sof\u00e1", "value": "NAO", "optional": false}, {"key": "MAQUINA_DE_LAVAR", "text": "M\u00e1quina de lavar", "value": "NAO", "optional": false}, {"key": "TANQUE", "text": "Tanque", "value": "SIM", "optional": false}, {"key": "REDE_DE_PROTECAO", "text": "Tela nas janelas", "value": "SIM", "optional": false}, {"key": "VARAL_DE_ROUPAS", "text": "Varal de roupas", "value": "SIM", "optional": false}, {"key": "TOMADAS_NOVAS", "text": "Tomadas 3 pinos", "value": "SIM", "optional": false}, {"key": "TELEVISAO", "text": "Televis\u00e3o", "value": "NAO", "optional": false}, {"key": "MESAS_E_CADEIRAS_DE_JANTAR", "text": "Mesas e cadeiras de jantar", "value": "NAO", "optional": false}, {"key": "CHURRASQUEIRA", "text": "Churrasqueira", "value": "SIM", "optional": false}, {"key": "ACESSO_SEM_DEGRAUS", "text": "Acesso sem degraus", "value": "SIM", "optional": false}, {"key": "COOKTOP", "text": "Fog\u00e3o cooktop", "value": "NAO", "optional": false}, {"key": "UTENSILIOS_DE_COZINHA", "text": "Utens\u00edlios de cozinha", "value": "NAO", "optional": false}, {"key": "CAMA_DE_CASAL", "text": "Cama de casal", "value": "NAO", "optional": false}, {"key": "CAMA_DE_SOLTEIRO", "text": "Cama de solteiro", "value": "NAO", "optional": false}, {"key": "ESPELHO_NO_BANHEIRO", "text": "Espelho no banheiro", "value": "SIM", "optional": false}, {"key": "FECHADURA_ELETRONICA", "text": "Fechadura eletr\u00f4nica", "value": "SIM", "optional": false}, {"key": "ENERGIA", "text": "Energia no im\u00f3vel", "value": "SIM", "optional": false}], "area": 240, "installations": [{"key": "PLAYGROUND", "text": "Playground", "value": "NAO"}, {"key": "PISCINA", "text": "Piscina", "value": "NAO"}, {"key": "CHURRASQUEIRA", "text": "Churrasqueira", "value": "NAO"}, {"key": "QUADRA_ESPORTIVA", "text": "Quadra esportiva", "value": "NAO"}, {"key": "ACADEMIA", "text": "Academia", "value": "NAO"}, {"key": "SALAO_DE_FESTAS", "text": "Sal\u00e3o de festas", "value": "NAO"}, {"key": "SAUNA", "text": "Sauna", "value": "NAO"}, {"key": "LAVANDERIA_NO_PREDIO", "text": "Lavanderia no pr\u00e9dio", "value": "NAO"}, {"key": "GAS_ENCANADO", "text": "G\u00e1s encanado", "value": "SIM"}, {"key": "ESPACO_GOURMET_NA_AREA_COMUM", "text": "Espa\u00e7o gourmet na \u00e1rea comum", "value": "SIM"}, {"key": "BRINQUEDOTECA", "text": "Brinquedoteca", "value": "NAO"}, {"key": "CORRIMAO", "text": "Corrim\u00e3o", "value": "NAO"}, {"key": "PISO_TATIL", "text": "Piso t\u00e1til", "value": "NAO"}, {"key": "RAMPAS_DE_ACESSO", "text": "Rampas de acesso", "value": "NAO"}, {"key": "SALAO_DE_JOGOS", "text": "Sal\u00e3o de jogos", "value": "NAO"}, {"key": "VAGA_DE_GARAGEM_ACESSIVEL", "text": "Vaga de garagem acess\u00edvel", "value": "SIM"}, {"key": "AREA_VERDE", "text": "\u00c1rea verde", "value": "SIM"}, {"key": "Elevador", "value": "NAO"}, {"key": "Porteiro24H", "value": "NAO"}], "rentPrice": 14530, "condoPrice": 0, "condoType": "IncluidoNoAluguel", "region": {"name": "Pinheiros", "hub": {"loading": "UNSET", "enabled": false, "abSecretariat": false, "isPrimaryMarket": false}, "id": 61}, "type": "Casa", "iptuType": "Normal", "totalCost": 15897, "parkingSpaces": 3, "address": {"street": "Rua Belmiro Braga", "neighborhood": "Pinheiros", "city": "S\u00e3o Paulo", "zipCode": "05432-020", "stateName": "S\u00e3o Paulo", "stateAcronym": "SP", "lat": -23.5600297, "lng": -46.6872542, "countryName": "Brasil", "countryCode": "BR", "country": "Brasil"}, "homeProtection": 241, "remarks": "Casa com 3 quartos, 1 deles sendo su\u00edte com enorme closet e varanda, 1 vaga de descoberta e 2 cobertas. Casa perto do P\u00e3o de A\u00e7\u00facar.", "acceptsPets": true, "hasFurniture": false, "isNearSubway": true, "placesNearby": [{"name": "Centro Cultural Rio Verde", "type": "MUSEUM_THEATRE_OR_CONCERT_HALL", "slug": "centro-cultural-rio-verde-pinheiros-sao-paulo-sp"}, {"name": "Centro Brit\u00e2nico", "type": "SCHOOL", "slug": "centro-britanico-pinheiros-sao-paulo-sp"}, {"name": "Espa\u00e7o Contraponto", "type": "MUSEUM_THEATRE_OR_CONCERT_HALL", "slug": "espaco-contraponto-pinheiros-sao-paulo-sp"}, {"name": "Eduardo Fernandes", "type": "MUSEUM_THEATRE_OR_CONCERT_HALL", "slug": "eduardo-fernandes-pinheiros-sao-paulo-sp"}, {"name": "Cine Sala", "type": "MUSEUM_THEATRE_OR_CONCERT_HALL", "slug": "cine-sala-pinheiros-sao-paulo-sp"}, {"name": "ArtShot", "type": "MUSEUM_THEATRE_OR_CONCERT_HALL", "slug": "artshot-vila-madalena-sao-paulo-sp"}, {"name": "Galeria 36", "type": "SHOPPING_MALL", "slug": "galeria-36-pinheiros-sao-paulo-sp"}, {"name": "DeRose Method Vila Madalena", "type": "UNIVERSITY_OR_COLLEGE", "slug": "derose-method-vila-madalena-vila-madalena-sao-paulo-sp"}, {"name": "E.E Fern\u00e3o Dias Paes", "type": "SCHOOL", "slug": "ee-fernao-dias-paes-pinheiros-sao-paulo-sp"}, {"name": "WIzard", "type": "SCHOOL", "slug": "wizard-pinheiros-sao-paulo-sp"}, {"name": "Fradique Coutinho", "type": "ESTACAO_METRO_OU_TREM", "slug": "estacao-fradique-coutinho-sao-paulo-sp"}, {"name": "A CASA", "type": "MUSEUM_THEATRE_OR_CONCERT_HALL", "slug": "a-casa-vila-madalena-sao-paulo-sp"}, {"name": "Instituto Tomie Ohtake", "type": "MUSEUM_THEATRE_OR_CONCERT_HALL", "slug": "instituto-tomie-ohtake-pinheiros-sao-paulo-sp"}, {"name": "Teatro CETIP", "type": "MUSEUM_THEATRE_OR_CONCERT_HALL", "slug": "teatro-cetip-pinheiros-sao-paulo-sp"}, {"name": "E.E Godofredo Furtado", "type": "SCHOOL", "slug": "ee-godofredo-furtado-pinheiros-sao-paulo-sp"}, {"name": "Instituto Mindset", "type": "UNIVERSITY_OR_COLLEGE", "slug": "instituto-mindset-pinheiros-sao-paulo-sp"}, {"name": "Col\u00e9gio Oswald de Andrade \u2013 Unidade Girassol", "type": "SCHOOL", "slug": "colegio-oswald-de-andrade-unidade-girassol-vila-madalena-sao-paulo-sp"}, {"name": "Esquilinho Jardim Escola", "type": "SCHOOL", "slug": "esquilinho-jardim-escola-vila-madalena-sao-paulo-sp"}, {"name": "Unip", "type": "UNIVERSITY_OR_COLLEGE", "slug": "unip-pinheiros-sao-paulo-sp"}, {"name": "Faculdade Sumar\u00e9 Matriz", "type": "UNIVERSITY_OR_COLLEGE", "slug": "faculdade-sumare-matriz-sumare-sao-paulo-sp-brasil"}, {"name": "Nilton Travesso Oficina de Atores", "type": "UNIVERSITY_OR_COLLEGE", "slug": "nilton-travesso-oficina-de-atores-pinheiros-sao-paulo-sp"}, {"name": "Centro Brit\u00e2nico", "type": "SCHOOL", "slug": "centro-britanico-vila-madalena-sao-paulo-sp"}, {"name": "Pra\u00e7a Gast\u00e3o Vidigal", "type": "PARK_OR_GREEN_AREA", "slug": "praca-gastao-vidigal-jardim-paulistano-sao-paulo-sp-brasil"}, {"name": "Col\u00e9gio Objetivo", "type": "SCHOOL", "slug": "colegio-objetivo-pinheiros-sao-paulo-sp"}, {"name": "St. Paul's School", "type": "SCHOOL", "slug": "st-paul's-school-jardim-paulistano-sao-paulo-sp-brasil"}, {"name": "Cl\u00ednica M\u00e9dica Dr. David Uip", "type": "HOSPITAL", "slug": "clinica-medica-dr-david-uip-jardim-america-sao-paulo-sp-brasil"}, {"name": "Centro Universit\u00e1rio Sumar\u00e9", "type": "UNIVERSITY_OR_COLLEGE", "slug": "centro-universitario-sumare-sumare-sao-paulo-sp-brasil"}, {"name": "Unibes Centro Cultural", "type": "MUSEUM_THEATRE_OR_CONCERT_HALL", "slug": "unibes-centro-cultural-pinheiros-sao-paulo-sp"}, {"name": "Galeria de Arte Andr\u00e9", "type": "MUSEUM_THEATRE_OR_CONCERT_HALL", "slug": "galeria-de-arte-andre-jardim-paulista-sao-paulo-sp"}, {"name": "Wizard", "type": "SCHOOL", "slug": "wizard-jardim-paulista-sao-paulo-sp"}], "availabilityType": "IMMEDIATE", "photos": [{"id": 34753805, "subtitle": "Sala", "url": "893938414-367.9258584498968EOSR6671.JPG", "cover": true}, {"id": 34753785, "subtitle": "Sala", "url": "893938414-53.265617958202725EOSR6668.JPG", "cover": false}, {"id": 34753791, "subtitle": "Sala", "url": "893938414-188.9834022630106EOSR6669.JPG", "cover": false}, {"id": 34753796, "subtitle": "Sala", "url": "893938414-296.90863857907743EOSR6670.JPG", "cover": false}, {"id": 34753855, "subtitle": "Sala", "url": "893938414-24.363114834480058EOSR6672.JPG", "cover": false}, {"id": 34753936, "subtitle": "Quarto 1", "url": "893938414-351.1361750166171EOSR6629.JPG", "cover": false}, {"id": 34753939, "subtitle": "Quarto 1", "url": "893938414-819.8761035578547EOSR6632.JPG", "cover": false}, {"id": 34753942, "subtitle": "Quarto 1", "url": "893938414-457.8768147596849EOSR6633.JPG", "cover": false}, {"id": 34753945, "subtitle": "Quarto 1", "url": "893938414-986.4853651085299EOSR6635.JPG", "cover": false}, {"id": 34753949, "subtitle": "Varanda do Quarto 1", "url": "893938414-930.1465745040347EOSR6636.JPG", "cover": false}, {"id": 34753951, "subtitle": "Varanda do Quarto 1", "url": "893938414-280.47506100982764EOSR6637.JPG", "cover": false}, {"id": 34753962, "subtitle": "Quarto 2", "url": "893938414-394.9567260296901EOSR6642.JPG", "cover": false}, {"id": 34753953, "subtitle": "Quarto 2", "url": "893938414-212.19043776111056EOSR6638.JPG", "cover": false}, {"id": 34753956, "subtitle": "Quarto 2", "url": "893938414-591.5404919665568EOSR6639.JPG", "cover": false}, {"id": 34753959, "subtitle": "Quarto 2", "url": "893938414-117.28269690929993EOSR6641.JPG", "cover": false}, {"id": 34753977, "subtitle": "Su\u00edte", "url": "893938414-253.38411071087586EOSR6649.JPG", "cover": false}, {"id": 34753993, "subtitle": "Su\u00edte", "url": "893938414-90.36622582475395EOSR6650.JPG", "cover": false}, {"id": 34754018, "subtitle": "Su\u00edte", "url": "893938414-651.2506076187397EOSR6651.JPG", "cover": false}, {"id": 34754074, "subtitle": "Su\u00edte", "url": "893938414-81.5491787755428EOSR6653.JPG", "cover": false}, {"id": 34754109, "subtitle": "Closet da su\u00edte", "url": "893938414-14.490314469028487EOSR6655.JPG", "cover": false}, {"id": 34754118, "subtitle": "Banheiro da Su\u00edte", "url": "893938414-559.2095906993146EOSR6658.JPG", "cover": false}, {"id": 34754121, "subtitle": "Banheiro da Su\u00edte", "url": "893938414-808.3731984216936EOSR6659.JPG", "cover": false}, {"id": 34754124, "subtitle": "Banheiro da Su\u00edte", "url": "893938414-770.6747995232496EOSR6660.JPG", "cover": false}, {"id": 34754129, "subtitle": "Banheiro da Su\u00edte", "url": "893938414-933.2841905896596EOSR6661.JPG", "cover": false}, {"id": 34754162, "subtitle": "Escrit\u00f3rio", "url": "893938414-71.99652077431185EOSR6684.JPG", "cover": false}, {"id": 34754164, "subtitle": "Escrit\u00f3rio", "url": "893938414-893.2852706062438EOSR6685.JPG", "cover": false}, {"id": 34754165, "subtitle": "Escrit\u00f3rio", "url": "893938414-512.5228010217261EOSR6686.JPG", "cover": false}, {"id": 34754169, "subtitle": "Escrit\u00f3rio", "url": "893938414-832.5511954980668EOSR6687.JPG", "cover": false}, {"id": 34754171, "subtitle": "Banheiro do Escrit\u00f3rio", "url": "893938414-874.4697897342328EOSR6689.JPG", "cover": false}, {"id": 34754174, "subtitle": "Banheiro do Escrit\u00f3rio", "url": "893938414-830.2517511373574EOSR6690.JPG", "cover": false}, {"id": 34754176, "subtitle": "Banheiro do Escrit\u00f3rio", "url": "893938414-146.35224253610357EOSR6691.JPG", "cover": false}, {"id": 34754179, "subtitle": "Banheiro do Escrit\u00f3rio", "url": "893938414-434.64245454758566EOSR6692.JPG", "cover": false}, {"id": 34754213, "subtitle": "Banheiro", "url": "893938414-484.3134891240114EOSR6643.JPG", "cover": false}, {"id": 34754215, "subtitle": "Banheiro", "url": "893938414-160.39957450409935EOSR6644.JPG", "cover": false}, {"id": 34754218, "subtitle": "Banheiro", "url": "893938414-318.9326515216354EOSR6645.JPG", "cover": false}, {"id": 34754221, "subtitle": "Banheiro", "url": "893938414-191.9125053297439EOSR6646.JPG", "cover": false}, {"id": 34754222, "subtitle": "Lavabo", "url": "893938414-456.22061134775424EOSR6662.JPG", "cover": false}, {"id": 34754225, "subtitle": "Lavabo", "url": "893938414-976.0179522254708EOSR6663.JPG", "cover": false}, {"id": 34754228, "subtitle": "Lavabo", "url": "893938414-833.3145254199721EOSR6664.JPG", "cover": false}, {"id": 34754230, "subtitle": "Lavabo", "url": "893938414-113.56511303196982EOSR6666.JPG", "cover": false}, {"id": 34754301, "subtitle": "Corredor", "url": "893938414-570.1692904430682EOSR6647.JPG", "cover": false}, {"id": 34754307, "subtitle": "Escada", "url": "893938414-560.0336274262729EOSR6648.JPG", "cover": false}, {"id": 34754325, "subtitle": "Cozinha", "url": "893938414-217.16601633202427EOSR6699.JPG", "cover": false}, {"id": 34754310, "subtitle": "Cozinha", "url": "893938414-526.9873558802776EOSR6695.JPG", "cover": false}, {"id": 34754315, "subtitle": "Cozinha", "url": "893938414-191.64111953744356EOSR6696.JPG", "cover": false}, {"id": 34754320, "subtitle": "Cozinha", "url": "893938414-193.34510651162117EOSR6698.JPG", "cover": false}, {"id": 34754524, "subtitle": "\u00c1rea de Servi\u00e7o", "url": "893938414-990.3754487268944EOSR6680.JPG", "cover": false}, {"id": 34754530, "subtitle": "\u00c1rea de Servi\u00e7o", "url": "893938414-484.26888488044017EOSR6681.JPG", "cover": false}, {"id": 34754536, "subtitle": "\u00c1rea de Servi\u00e7o", "url": "893938414-95.71020611319014EOSR6682.JPG", "cover": false}, {"id": 34754543, "subtitle": "\u00c1rea de Servi\u00e7o", "url": "893938414-389.2438462821319EOSR6683.JPG", "cover": false}, {"id": 34754635, "subtitle": "Quintal", "url": "893938414-965.7268480501008EOSR6673.JPG", "cover": false}, {"id": 34754637, "subtitle": "Quintal", "url": "893938414-485.26063194560373EOSR6674.JPG", "cover": false}, {"id": 34754639, "subtitle": "Quintal", "url": "893938414-160.2548010467586EOSR6676.JPG", "cover": false}, {"id": 34754644, "subtitle": "Quintal", "url": "893938414-540.6440462991892EOSR6700.JPG", "cover": false}, {"id": 34754647, "subtitle": "Garagem", "url": "893938414-775.5520907474807EOSR6701.JPG", "cover": false}, {"id": 34754649, "subtitle": "Garagem", "url": "893938414-996.3797988470676EOSR6702.JPG", "cover": false}, {"id": 34754666, "subtitle": "Fachada", "url": "893938414-227.56529621773745EOSR6704.JPG", "cover": false}], "photosCategorizedByRooms": [], "relevantRegions": [], "photospheres": [], "specialConditions": ["Exclusivity"], "offers": {"closingRate": 0, "shouldHighlightIcon": true, "shouldShowOfferDialog": false, "shouldShowOffers": false, "summary": []}, "status": "publicado", "showUrlHasBeenCopiedSnackbar": false, "isGalleryModalOpen": false, "error": false, "loaded": true, "loading": false, "loadingCategorizedRooms": false, "selectedMedia": "tenant/HouseMedia/PHOTOS", "video": "", "promotions": [], "condominium": {}, "forRent": true, "forSale": true, "salePrice": 2300000, "mortgageFirstInstallment": 0, "listings": [{"imovelId": 893938414, "businessContext": "RENT", "status": "publicado", "firstPublicationDate": "2023-01-28T02:23:29.000+0000", "lastPublicationDate": "2023-01-28T02:23:29.000+0000", "listingRentModel": {"listingBusinessContextId": 1438592, "rentalAdministrator": "QUINTOANDAR"}, "ownership": "STANDARD"}, {"imovelId": 893938414, "businessContext": "SALE", "status": "publicado", "firstPublicationDate": "2023-01-28T02:23:29.000+0000", "lastPublicationDate": "2023-01-28T02:23:29.000+0000", "ownership": "STANDARD"}], "listingTags": [], "businessContext": "", "regionParameters": {"loaded": false, "loading": false, "RENT": {"visitsEnabled": true, "talkToAgentEnabled": false}, "SALE": {"visitsEnabled": true, "talkToAgentEnabled": false}}, "houseAgent": {"isDialogOpen": false, "alreadyOpenedByQueryParam": false}, "tenantServiceFee": 376, "closingStatus": {"loading": false}, "rentalGuarantee": {"minValue": 3632.5, "maxValue": 10897.5}, "reservationAvailability": null, "isPrimaryMarket": false, "macroRegion": {"id": 2737, "name": "SPO 07"}, "suites": 1, "allowsCustomOffer": false, "displayCustomOfferPreference": true, "houseVisitStatus": "ACCEPT_NEW", "visitStatusReason": null, "visitsUnavailable": false, "isReserved": false, "allowDirectOffer": true, "lastPublishedDate": "2023-01-28T02:23:29.000Z", "listingPublication": "not_stranded", "rentOnTermination": false, "constructionYear": null, "categories": []}, "markers": {"lat": -23.5600297, "lng": -46.6872542}, "talkToAgent": {"dialog": {"open": false, "questionType": null, "question": ""}, "agentSupport": {}, "error": null, "autoSubmit": false, "loading": false, "submitting": false, "success": false, "hasLoadedAgentInfo": false, "agent": null, "hasLoadedAgentsInRegion": false, "agentsInRegion": null}}}}, "__N_SSP": true}, "page": "/imovel/[houseId]/[[...slug]]", "query": {"houseId": "893938414", "slug": ["alugar", "casa-3-quartos-pinheiros-sao-paulo"]}, "buildId": "gCr3Bg2lYzV9hxZqGibIQ", "runtimeConfig": {"NEXT_PUBLIC_HOME_ADVERTISING_BANNER": "coupon"}, "isFallback": false, "dynamicIds": [61847, 31265, 66435, 77453, 87356, 60899, 41103, 3232, 33207, 72227, 40072, 39327, 19904, 96827], "gssp": true, "customServer": true, "appGip": true, "locale": "pt-BR", "locales": ["pt-BR", "es-MX"], "defaultLocale": "pt-BR", "domainLocales": [{"domain": "www.quintoandar.com.br", "defaultLocale": "pt-BR"}, {"domain": "www.benvi.mx", "defaultLocale": "es-MX"}], "scriptLoader": []}