{"props": {"pageProps": {"initialState": {"route": {"locationBeforeTransitions": {"pathname": "/imovel/893966736/alugar/apartamento-2-quartos-vila-mariana-sao-paulo", "search": "", "hash": "", "action": "POP", "query": {}}, "topLevelRouteName": "house details", "businessContext": "RENT", "favoriteListsBusinessContext": "RENT"}, "router": {"location": {"href": "/", "pathname": "/", "search": "", "hash": ""}}, "progress": {"pendingRequests": -1}, "login": {"response": {}, "user": {"isLoggedIn": false, "id": 0, "agentId": 0, "hashId": "", "sessionId": null, "name": "", "email": "", "maskedEmail": "", "jwt": {"app": "", "firebase": ""}, "phone": {"countryCode": "+55", "areaCode": "", "phoneNumber": ""}, "country": "BR", "channel": "", "isPhoneRegistered": false, "acceptWhatsapp": true, "hasDocument": false, "isPartner": false}, "accountForm": {}, "redirectUrl": "", "isRequestOngoing": false}, "captcha": {"token": "", "hasLoadedRemoteConfig": false, "provider": "", "friction": "low", "unavailableCountriesCode": []}, "supportedCities": [], "inAppMessages": {"biomaSurvey": {"isOpen": false, "formId": null, "data": {"opaque": true}}}, "metaData": {"similar_houses_clicked": []}, "appData": {"device": {"type": "desktop", "isSearchEngineCrawler": false}, "experiments": "X-AB-Test=ab_exposed_filter_sale_desktop:1,ab_exposed_filter_sale_v1:1,ab_exposed_filters:1,ab_load_more_v0:-1,ab_new_house_card_v2:0,ab_new_rent_listing_phase2:0,ab_profiling_create_alert_filters:0,ab_scheduling_step_by_step_v1:1,ab_show_floor_sale:0,ab_street_search_retrieval_v1:0"}, "house": {"houseInfo": {"id": "893966736", "displayId": "1266736", "bedrooms": 2, "city": "S\u00e3o Paulo", "cityId": 39, "bathrooms": 1, "iptu": 0, "amenities": [{"key": "BANHEIRA_DE_HIDROMASSAGEM", "text": "Banheira", "value": "NAO", "optional": false}, {"key": "BOX", "text": "Box", "value": "NAO", "optional": false}, {"key": "VARANDA", "text": "Varanda", "value": "SIM", "optional": false}, {"key": "PISCINA_PRIVATIVA", "text": "Piscina privativa", "value": "NAO", "optional": false}, {"key": "ARMARIOS_EMBUTIDOS_NO_QUARTO", "text": "Arm\u00e1rios no quarto", "value": "SIM", "optional": false}, {"key": "ARMARIOS_NOS_BANHEIROS", "text": "Arm\u00e1rios no banheiro", "value": "SIM", "optional": false}, {"key": "ARMARIOS_NA_COZINHA", "text": "Arm\u00e1rios na cozinha", "value": "NAO", "optional": false}, {"key": "AR_CONDICIONADO", "text": "Ar condicionado", "value": "NAO", "optional": false}, {"key": "CHUVEIRO_A_GAS", "text": "Chuveiro a g\u00e1s", "value": "NAO", "optional": false}, {"key": "QUARTO_DE_SERVICO", "text": "Quarto de servi\u00e7o", "value": "NAO", "optional": false}, {"key": "BANHEIRO_DE_SERVICO", "text": "Banheiro de servi\u00e7o", "value": "NAO", "optional": false}, {"key": "VARANDA_GOURMET", "text": "Varanda gourmet", "value": "NAO", "optional": false}, {"key": "APARTAMENTO_COBERTURA", "text": "Apartamento cobertura", "value": "NAO", "optional": false}, {"key": "QUARTO_EXTRA_REVERSIVEL", "text": "Quarto extra revers\u00edvel", "value": "NAO", "optional": false}, {"key": "FOGAO_INCLUSO", "text": "Fog\u00e3o", "value": "NAO", "optional": false}, {"key": "GELADEIRA_INCLUSO", "text": "Geladeira", "value": "NAO", "optional": false}, {"key": "BANHEIRO_ADAPTADO", "text": "Banheiro adaptado", "value": "NAO", "optional": false}, {"key": "CLOSET", "text": "Closet", "value": "NAO", "optional": false}, {"key": "COZINHA_AMERICANA", "text": "Cozinha americana", "value": "NAO", "optional": false}, {"key": "MESAS_E_CADEIRAS_DE_ESCRITORIO", "text": "Mesas e cadeiras de escrit\u00f3rio", "value": "NAO", "optional": false}, {"key": "JARDIM", "text": "Jardim", "value": "NAO", "optional": false}, {"key": "QUARTOS_E_CORREDORES_COM_PORTAS_AMPLAS", "text": "Quartos e corredores com portas amplas", "value": "SIM", "optional": false}, {"key": "QUINTAL", "text": "Quintal", "value": "NAO", "optional": false}, {"key": "SOMENTE_UMA_CASA_NO_TERRENO", "text": "Somente uma casa no terreno", "value": "NAO", "optional": false}, {"key": "AREA_DE_SERVICO", "text": "\u00c1rea de servi\u00e7o", "value": "SIM", "optional": false}], "comfortCommodities": [{"key": "BANHEIRA_DE_HIDROMASSAGEM", "text": "Banheira", "value": "NAO", "optional": false}, {"key": "PISCINA_PRIVATIVA", "text": "Piscina privativa", "value": "NAO", "optional": false}, {"key": "AR_CONDICIONADO", "text": "Ar condicionado", "value": "NAO", "optional": false}, {"key": "SOL_DA_MANHA", "text": "Sol da manh\u00e3", "value": "SIM", "optional": false}, {"key": "SOL_DA_TARDE", "text": "Sol da tarde", "value": "SIM", "optional": false}, {"key": "CORTINAS_BLACK_OUT", "text": "Cortinas corta luz", "value": "NAO", "optional": false}, {"key": "CORTINAS_DECORATIVAS", "text": "Cortina transl\u00facida", "value": "NAO", "optional": false}, {"key": "JANELA_ANTI_RUIDO", "text": "Janela anti-ru\u00eddo", "value": "NAO", "optional": false}, {"key": "VENTILADOR_DE_TETO", "text": "Ventilador de teto", "value": "NAO", "optional": false}, {"key": "LUMINOSIDADE_NATURAL", "text": "Janelas grandes", "value": "SIM", "optional": false}, {"key": "VISTA_LIVRE", "text": "Vista livre", "value": "SIM", "optional": false}, {"key": "RUA_SILENCIOSA", "text": "Rua silenciosa", "value": "NAO", "optional": false}], "practicalityCommodities": [{"key": "BOX", "text": "Box", "value": "NAO", "optional": false}, {"key": "ARMARIOS_EMBUTIDOS_NO_QUARTO", "text": "Arm\u00e1rios no quarto", "value": "SIM", "optional": false}, {"key": "ARMARIOS_NOS_BANHEIROS", "text": "Arm\u00e1rios no banheiro", "value": "SIM", "optional": false}, {"key": "ARMARIOS_NA_COZINHA", "text": "Arm\u00e1rios na cozinha", "value": "NAO", "optional": false}, {"key": "CHUVEIRO_A_GAS", "text": "Chuveiro a g\u00e1s", "value": "NAO", "optional": false}, {"key": "FOGAO_INCLUSO", "text": "Fog\u00e3o", "value": "NAO", "optional": false}, {"key": "GELADEIRA_INCLUSO", "text": "Geladeira", "value": "NAO", "optional": false}, {"key": "CHUVEIRO_ELETRICO", "text": "Chuveiro el\u00e9trico", "value": "NAO", "optional": false}, {"key": "MICROONDAS", "text": "Microondas", "value": "NAO", "optional": false}, {"key": "SOFA", "text": "Sof\u00e1", "value": "NAO", "optional": false}, {"key": "MAQUINA_DE_LAVAR", "text": "M\u00e1quina de lavar", "value": "NAO", "optional": false}, {"key": "TANQUE", "text": "Tanque", "value": "SIM", "optional": false}, {"key": "REDE_DE_PROTECAO", "text": "Tela nas janelas", "value": "NAO", "optional": false}, {"key": "VARAL_DE_ROUPAS", "text": "Varal de roupas", "value": "NAO", "optional": false}, {"key": "TOMADAS_NOVAS", "text": "Tomadas 3 pinos", "value": "NAO", "optional": false}, {"key": "TELEVISAO", "text": "Televis\u00e3o", "value": "NAO", "optional": false}, {"key": "MESAS_E_CADEIRAS_DE_JANTAR", "text": "Mesas e cadeiras de jantar", "value": "NAO", "optional": false}, {"key": "CHURRASQUEIRA", "text": "Churrasqueira", "value": "NAO", "optional": false}, {"key": "ACESSO_SEM_DEGRAUS", "text": "Acesso sem degraus", "value": "NAO", "optional": false}, {"key": "COOKTOP", "text": "Fog\u00e3o cooktop", "value": "NAO", "optional": false}, {"key": "UTENSILIOS_DE_COZINHA", "text": "Utens\u00edlios de cozinha", "value": "NAO", "optional": false}, {"key": "CAMA_DE_CASAL", "text": "Cama de casal", "value": "NAO", "optional": false}, {"key": "CAMA_DE_SOLTEIRO", "text": "Cama de solteiro", "value": "NAO", "optional": false}, {"key": "ESPELHO_NO_BANHEIRO", "text": "Espelho no banheiro", "value": "NAO", "optional": false}, {"key": "FECHADURA_ELETRONICA", "text": "Fechadura eletr\u00f4nica", "value": "NAO", "optional": false}, {"key": "ENERGIA", "text": "Energia no im\u00f3vel", "value": "NAO", "optional": false}], "area": 100, "installations": [{"key": "PLAYGROUND", "text": "Playground", "value": "NAO"}, {"key": "PISCINA", "text": "Piscina", "value": "NAO"}, {"key": "CHURRASQUEIRA", "text": "Churrasqueira", "value": "NAO"}, {"key": "QUADRA_ESPORTIVA", "text": "Quadra esportiva", "value": "NAO"}, {"key": "ACADEMIA", "text": "Academia", "value": "NAO"}, {"key": "SALAO_DE_FESTAS", "text": "Sal\u00e3o de festas", "value": "NAO"}, {"key": "SAUNA", "text": "Sauna", "value": "NAO"}, {"key": "LAVANDERIA_NO_PREDIO", "text": "Lavanderia no pr\u00e9dio", "value": "NAO"}, {"key": "GAS_ENCANADO", "text": "G\u00e1s encanado", "value": "NAO"}, {"key": "ESPACO_GOURMET_NA_AREA_COMUM", "text": "Espa\u00e7o gourmet na \u00e1rea comum", "value": "NAO"}, {"key": "BRINQUEDOTECA", "text": "Brinquedoteca", "value": "NAO"}, {"key": "CORRIMAO", "text": "Corrim\u00e3o", "value": "SIM"}, {"key": "PISO_TATIL", "text": "Piso t\u00e1til", "value": "NAO"}, {"key": "RAMPAS_DE_ACESSO", "text": "Rampas de acesso", "value": "NAO"}, {"key": "SALAO_DE_JOGOS", "text": "Sal\u00e3o de jogos", "value": "NAO"}, {"key": "VAGA_DE_GARAGEM_ACESSIVEL", "text": "Vaga de garagem acess\u00edvel", "value": "NAO"}, {"key": "AREA_VERDE", "text": "\u00c1rea verde", "value": "NAO"}, {"key": "Elevador", "value": "NAO"}, {"key": "Porteiro24H", "value": "NAO"}], "rentPrice": 2500, "condoPrice": 0, "condoType": "NaoExiste", "region": {"name": "Vila Mariana", "hub": {"loading": "UNSET", "enabled": false, "abSecretariat": false, "isPrimaryMarket": false}, "id": 51}, "type": "Apartamento", "iptuType": "NaoExiste", "totalCost": 2596, "parkingSpaces": 0, "address": {"street": "Avenida Lins de Vasconcelos", "neighborhood": "Vila Mariana", "city": "S\u00e3o Paulo", "zipCode": "04112-001", "stateName": "S\u00e3o Paulo", "stateAcronym": "SP", "lat": -23.5830563, "lng": -46.6276463, "countryName": "Brasil", "countryCode": "BR", "country": "Brasil"}, "floor": 1, "homeProtection": 32, "remarks": "", "acceptsPets": false, "hasFurniture": false, "isNearSubway": false, "placesNearby": [{"name": "Prandiano", "type": "MUSEUM_THEATRE_OR_CONCERT_HALL", "slug": "prandiano-vila-mariana-sao-paulo-sp"}, {"name": "Parque da Aclima\u00e7\u00e3o", "type": "PARK_OR_GREEN_AREA", "slug": "parque-da-aclimacao-sao-paulo-sp-brasil"}, {"name": "CNA", "type": "SCHOOL", "slug": "cna-vila-mariana-sao-paulo-sp"}, {"name": "Lycee Pasteur", "type": "SCHOOL", "slug": "lycee-pasteur-vila-mariana-sao-paulo-sp"}, {"name": "Instituto de Medicina F\u00edsica e de Reabilita\u00e7\u00e3o", "type": "HOSPITAL", "slug": "instituto-de-medicina-fisica-e-de-reabilitacao-vila-mariana-sao-paulo-sp"}, {"name": "EMEI D. Ana Rosa de Ara\u00fajo", "type": "SCHOOL", "slug": "emei-d-ana-rosa-de-araujo-vila-mariana-sao-paulo-sp"}, {"name": "Centro de Eventos Vila Mariana", "type": "MUSEUM_THEATRE_OR_CONCERT_HALL", "slug": "centro-de-eventos-vila-mariana-vila-mariana-sao-paulo-sp"}, {"name": "Hospedaria de Cuidados Palhat", "type": "HOSPITAL", "slug": "hospedaria-de-cuidados-palhat-aclimacao-sao-paulo-sp"}, {"name": "Universidade Paulistana", "type": "UNIVERSITY_OR_COLLEGE", "slug": "universidade-paulistana-vila-mariana-sao-paulo-sp"}, {"name": "Col\u00e9gio Etapa S\u00e3o Paulo", "type": "SCHOOL", "slug": "colegio-etapa-sao-paulo-vila-mariana-sao-paulo-sp"}, {"name": "EEPG Lazar Segall", "type": "SCHOOL", "slug": "eepg-lazar-segall-vila-mariana-sao-paulo-sp"}, {"name": "Belas Artes - Campus 1, 2", "type": "UNIVERSITY_OR_COLLEGE", "slug": "belas-artes-unidade-1-alvaro-alvim-sao-paulo-sp"}, {"name": "Col\u00e9gio Benjamin Constant", "type": "SCHOOL", "slug": "colegio-benjamin-constant-vila-mariana-sao-paulo-sp"}, {"name": "Hospital Santa Cruz", "type": "HOSPITAL", "slug": "hospital-santa-cruz-sao-paulo-sp-brasil"}, {"name": "Educand\u00e1rio Cardeal Motta", "type": "SCHOOL", "slug": "educandario-cardeal-motta-ipiranga-sao-paulo-sp"}, {"name": "Centro de Refer\u00eancia e Treinamento DST/Aids-SP", "type": "HOSPITAL", "slug": "centro-de-referencia-e-treinamento-dst-aids-sp-vila-mariana-sao-paulo-sp"}, {"name": "Hospital S\u00e3o Camilo Ipiranga", "type": "HOSPITAL", "slug": "hospital-sao-camilo-ipiranga-ipiranga-sao-paulo-sp"}, {"name": "Sesc Vila Mariana", "type": "MUSEUM_THEATRE_OR_CONCERT_HALL", "slug": "sesc-vila-mariana-vila-mariana-sao-paulo-sp"}, {"name": "Col\u00e9gio Esta\u00e7\u00e3o Fundamental", "type": "SCHOOL", "slug": "colegio-estacao-fundamental-vila-mariana-sao-paulo-sp"}, {"name": "Col\u00e9gio Cristo Rei", "type": "SCHOOL", "slug": "colegio-cristo-rei-vila-mariana-sao-paulo-sp"}, {"name": "Col\u00e9gio Bandeirantes", "type": "SCHOOL", "slug": "colegio-bandeirantes-vila-mariana-sao-paulo-sp"}, {"name": "Hcor", "type": "HOSPITAL", "slug": "hcor-paraiso-sao-paulo-sp"}, {"name": "Centro Cultural S\u00e3o Paulo", "type": "MUSEUM_THEATRE_OR_CONCERT_HALL", "slug": "centro-cultural-sao-paulo-aclimacao-sao-paulo-sp"}, {"name": "Aqu\u00e1rio de S\u00e3o Paulo", "type": "PARK_OR_GREEN_AREA", "slug": "aquario-de-sao-paulo-sao-paulo-sp-brasil"}, {"name": "Col\u00e9gio Nova Gera\u00e7\u00e3o", "type": "SCHOOL", "slug": "colegio-nova-geracao-aclimacao-sao-paulo-sp"}, {"name": "Escola Mundial de L\u00ednguas", "type": "SCHOOL", "slug": "escola-mundial-de-linguas-vila-mariana-sao-paulo-sp"}], "photos": [{"id": 35687522, "subtitle": "Sala", "url": "893966736-713.2200808664398IMG0880.jpg", "cover": true}, {"id": 35687524, "subtitle": "Sala", "url": "893966736-474.0448201310333IMG0881.jpg", "cover": false}, {"id": 35687527, "subtitle": "Sala", "url": "893966736-273.82837482094345IMG0882.jpg", "cover": false}, {"id": 35687529, "subtitle": "Sala", "url": "893966736-64.14546435275037IMG0883.jpg", "cover": false}, {"id": 35687531, "subtitle": "Sala", "url": "893966736-521.0452875562029IMG0884.jpg", "cover": false}, {"id": 35687533, "subtitle": "Quarto 1", "url": "893966736-880.4690717740701IMG0885.jpg", "cover": false}, {"id": 35687535, "subtitle": "Quarto 1", "url": "893966736-610.5161141605133IMG0886.jpg", "cover": false}, {"id": 35687537, "subtitle": "Quarto 1", "url": "893966736-160.13779765301263IMG0887.jpg", "cover": false}, {"id": 35687539, "subtitle": "Quarto 1", "url": "893966736-414.6870570373904IMG0888.jpg", "cover": false}, {"id": 35687541, "subtitle": "Quarto 2", "url": "893966736-174.587496227974IMG0889.jpg", "cover": false}, {"id": 35687543, "subtitle": "Quarto 2", "url": "893966736-155.7052379310212IMG0890.jpg", "cover": false}, {"id": 35687549, "subtitle": "Quarto 2", "url": "893966736-196.94719649880176IMG0891.jpg", "cover": false}, {"id": 35687554, "subtitle": "Quarto 2", "url": "893966736-661.9728366020962IMG0892.jpg", "cover": false}, {"id": 35687561, "subtitle": "Varanda dos Quartos 1 e 2", "url": "893966736-615.3554973684554IMG0893.jpg", "cover": false}, {"id": 35687568, "subtitle": "Varanda dos Quartos 1 e 2", "url": "893966736-850.5664745285636IMG0894.jpg", "cover": false}, {"id": 35687575, "subtitle": "Varanda dos Quartos 1 e 2", "url": "893966736-429.1710775887062IMG0895.jpg", "cover": false}, {"id": 35687584, "subtitle": "Varanda dos Quartos 1 e 2", "url": "893966736-512.9729642580586IMG0896.jpg", "cover": false}, {"id": 35687592, "subtitle": "Banheiro", "url": "893966736-857.3872826847091IMG0897.jpg", "cover": false}, {"id": 35687600, "subtitle": "Banheiro", "url": "893966736-73.22512820283778IMG0898.jpg", "cover": false}, {"id": 35687609, "subtitle": "Banheiro", "url": "893966736-779.3812434683792IMG0899.jpg", "cover": false}, {"id": 35687617, "subtitle": "Banheiro", "url": "893966736-333.12998719744655IMG0900.jpg", "cover": false}, {"id": 35687623, "subtitle": "Banheiro", "url": "893966736-81.12949881364962IMG0901.jpg", "cover": false}, {"id": 35687627, "subtitle": "Cozinha", "url": "893966736-394.0907279376541IMG0902.jpg", "cover": false}, {"id": 35687630, "subtitle": "Cozinha", "url": "893966736-876.5729968594754IMG0903.jpg", "cover": false}, {"id": 35687633, "subtitle": "Cozinha", "url": "893966736-862.4687401664248IMG0904.jpg", "cover": false}, {"id": 35687634, "subtitle": "Cozinha", "url": "893966736-339.70167708752564IMG0905.jpg", "cover": false}, {"id": 35687636, "subtitle": "Cozinha", "url": "893966736-145.4632432659897IMG0906.jpg", "cover": false}, {"id": 35687639, "subtitle": "\u00c1rea de Servi\u00e7o", "url": "893966736-295.73363771688156IMG0907.jpg", "cover": false}, {"id": 35687641, "subtitle": "\u00c1rea de Servi\u00e7o", "url": "893966736-675.2846548143378IMG0908.jpg", "cover": false}, {"id": 35687643, "subtitle": "\u00c1rea de Servi\u00e7o", "url": "893966736-425.3908016688772IMG0909.jpg", "cover": false}, {"id": 35687645, "subtitle": "\u00c1rea de Servi\u00e7o", "url": "893966736-493.2208807020615IMG0910.jpg", "cover": false}, {"id": 35687646, "subtitle": "Fachada", "url": "893966736-773.7793245921588IMG0912.jpg", "cover": false}], "photosCategorizedByRooms": [], "relevantRegions": [], "photospheres": [], "specialConditions": [], "offers": {"closingRate": 0, "shouldHighlightIcon": true, "shouldShowOfferDialog": false, "shouldShowOffers": false, "summary": []}, "status": "publicado", "showUrlHasBeenCopiedSnackbar": false, "isGalleryModalOpen": false, "error": false, "loaded": true, "loading": false, "loadingCategorizedRooms": false, "selectedMedia": "tenant/HouseMedia/PHOTOS", "video": "", "promotions": [], "condominium": {}, "forRent": true, "forSale": false, "salePrice": 0, "mortgageFirstInstallment": 0, "listings": [{"imovelId": 893966736, "businessContext": "RENT", "status": "publicado", "firstPublicationDate": "2023-02-23T16:43:01.000+0000", "lastPublicationDate": "2023-02-23T16:43:01.000+0000", "listingRentModel": {"listingBusinessContextId": 1474081, "rentalAdministrator": "QUINTOANDAR"}, "houseAgents": [{"name": "Marcos Castanheda", "id": 3216901, "relationType": "KEY_HOLDER"}], "keyHolderAgent": {"id": 1271694, "agentId": 9127, "name": "Oberdan Ferreira Lima"}, "ownership": "STANDARD"}], "listingTags": [], "businessContext": "", "regionParameters": {"loaded": false, "loading": false, "RENT": {"visitsEnabled": true, "talkToAgentEnabled": false}, "SALE": {"visitsEnabled": true, "talkToAgentEnabled": false}}, "houseAgent": {"isDialogOpen": false, "alreadyOpenedByQueryParam": false}, "tenantServiceFee": 64, "closingStatus": {"loading": false}, "rentalGuarantee": {"minValue": 625, "maxValue": 1875}, "reservationAvailability": null, "isPrimaryMarket": false, "macroRegion": {"id": 2728, "name": "SPO 03"}, "suites": 0, "allowsCustomOffer": true, "displayCustomOfferPreference": true, "houseVisitStatus": "ACCEPT_NEW", "visitStatusReason": null, "visitsUnavailable": false, "isReserved": false, "allowDirectOffer": true, "lastPublishedDate": "2023-02-23T16:43:01.000Z", "listingPublication": "not_stranded", "rentOnTermination": false, "constructionYear": null, "categories": []}, "markers": {"lat": -23.5830563, "lng": -46.6276463}, "talkToAgent": {"dialog": {"open": false, "questionType": null, "question": ""}, "agentSupport": {}, "error": null, "autoSubmit": false, "loading": false, "submitting": false, "success": false, "hasLoadedAgentInfo": false, "agent": null, "hasLoadedAgentsInRegion": false, "agentsInRegion": null}}}}, "__N_SSP": true}, "page": "/imovel/[houseId]/[[...slug]]", "query": {"houseId": "893966736", "slug": ["alugar", "apartamento-2-quartos-vila-mariana-sao-paulo"]}, "buildId": "gCr3Bg2lYzV9hxZqGibIQ", "runtimeConfig": {"NEXT_PUBLIC_HOME_ADVERTISING_BANNER": "coupon"}, "isFallback": false, "dynamicIds": [61847, 31265, 66435, 77453, 87356, 60899, 41103, 3232, 72227, 40072, 39327, 19904, 96827], "gssp": true, "customServer": true, "appGip": true, "locale": "pt-BR", "locales": ["pt-BR", "es-MX"], "defaultLocale": "pt-BR", "domainLocales": [{"domain": "www.quintoandar.com.br", "defaultLocale": "pt-BR"}, {"domain": "www.benvi.mx", "defaultLocale": "es-MX"}], "scriptLoader": []}