{"props": {"pageProps": {"initialState": {"route": {"locationBeforeTransitions": {"pathname": "/imovel/893929200/alugar/apartamento-0-quartos-vila-formosa-sao-paulo", "search": "", "hash": "", "action": "POP", "query": {}}, "topLevelRouteName": "house details", "businessContext": "RENT", "favoriteListsBusinessContext": "RENT"}, "router": {"location": {"href": "/", "pathname": "/", "search": "", "hash": ""}}, "progress": {"pendingRequests": -1}, "login": {"response": {}, "user": {"isLoggedIn": false, "id": 0, "agentId": 0, "hashId": "", "sessionId": null, "name": "", "email": "", "maskedEmail": "", "jwt": {"app": "", "firebase": ""}, "phone": {"countryCode": "+55", "areaCode": "", "phoneNumber": ""}, "country": "BR", "channel": "", "isPhoneRegistered": false, "acceptWhatsapp": true, "hasDocument": false, "isPartner": false}, "accountForm": {}, "redirectUrl": "", "isRequestOngoing": false}, "captcha": {"token": "", "hasLoadedRemoteConfig": false, "provider": "", "friction": "low", "unavailableCountriesCode": []}, "supportedCities": [], "inAppMessages": {"biomaSurvey": {"isOpen": false, "formId": null, "data": {"opaque": true}}}, "metaData": {"similar_houses_clicked": []}, "appData": {"device": {"type": "desktop", "isSearchEngineCrawler": false}, "experiments": "X-AB-Test=ab_exposed_filter_sale_desktop:1,ab_exposed_filter_sale_v1:1,ab_exposed_filters:1,ab_load_more_v0:-1,ab_new_house_card_v2:0,ab_new_rent_listing_phase2:0,ab_profiling_create_alert_filters:0,ab_scheduling_step_by_step_v1:1,ab_show_floor_sale:0,ab_street_search_retrieval_v1:0"}, "house": {"houseInfo": {"id": "893929200", "displayId": "1229200", "bedrooms": 0, "city": "S\u00e3o Paulo", "cityId": 39, "bathrooms": 1, "iptu": 16, "amenities": [{"key": "BANHEIRA_DE_HIDROMASSAGEM", "text": "Banheira", "value": "NAO", "optional": false}, {"key": "BOX", "text": "Box", "value": "SIM", "optional": false}, {"key": "VARANDA", "text": "Varanda", "value": "NAO", "optional": false}, {"key": "PISCINA_PRIVATIVA", "text": "Piscina privativa", "value": "SIM", "optional": false}, {"key": "ARMARIOS_EMBUTIDOS_NO_QUARTO", "text": "Arm\u00e1rios no quarto", "value": "NAO", "optional": false}, {"key": "ARMARIOS_NOS_BANHEIROS", "text": "Arm\u00e1rios no banheiro", "value": "SIM", "optional": false}, {"key": "ARMARIOS_NA_COZINHA", "text": "Arm\u00e1rios na cozinha", "value": "SIM", "optional": false}, {"key": "AR_CONDICIONADO", "text": "Ar condicionado", "value": "NAO", "optional": false}, {"key": "CHUVEIRO_A_GAS", "text": "Chuveiro a g\u00e1s", "value": "NAO", "optional": false}, {"key": "QUARTO_DE_SERVICO", "text": "Quarto de servi\u00e7o", "value": "SIM", "optional": false}, {"key": "BANHEIRO_DE_SERVICO", "text": "Banheiro de servi\u00e7o", "value": "SIM", "optional": false}, {"key": "VARANDA_GOURMET", "text": "Varanda gourmet", "value": "SIM", "optional": false}, {"key": "APARTAMENTO_COBERTURA", "text": "Apartamento cobertura", "value": "NAO", "optional": false}, {"key": "QUARTO_EXTRA_REVERSIVEL", "text": "Quarto extra revers\u00edvel", "value": "SIM", "optional": false}, {"key": "FOGAO_INCLUSO", "text": "Fog\u00e3o", "value": "NAO", "optional": false}, {"key": "GELADEIRA_INCLUSO", "text": "Geladeira", "value": "NAO", "optional": false}, {"key": "BANHEIRO_ADAPTADO", "text": "Banheiro adaptado", "value": "NAO", "optional": false}, {"key": "CLOSET", "text": "Closet", "value": "NAO", "optional": false}, {"key": "COZINHA_AMERICANA", "text": "Cozinha americana", "value": "NAO", "optional": false}, {"key": "MESAS_E_CADEIRAS_DE_ESCRITORIO", "text": "Mesas e cadeiras de escrit\u00f3rio", "value": "NAO", "optional": false}, {"key": "JARDIM", "text": "Jardim", "value": "NAO", "optional": false}, {"key": "QUARTOS_E_CORREDORES_COM_PORTAS_AMPLAS", "text": "Quartos e corredores com portas amplas", "value": "NAO", "optional": false}, {"key": "QUINTAL", "text": "Quintal", "value": "NAO", "optional": false}, {"key": "SOMENTE_UMA_CASA_NO_TERRENO", "text": "Somente uma casa no terreno", "value": "NAO", "optional": false}, {"key": "AREA_DE_SERVICO", "text": "\u00c1rea de servi\u00e7o", "value": "SIM", "optional": false}], "comfortCommodities": [{"key": "BANHEIRA_DE_HIDROMASSAGEM", "text": "Banheira", "value": "NAO", "optional": false}, {"key": "PISCINA_PRIVATIVA", "text": "Piscina privativa", "value": "SIM", "optional": false}, {"key": "AR_CONDICIONADO", "text": "Ar condicionado", "value": "NAO", "optional": false}, {"key": "SOL_DA_MANHA", "text": "Sol da manh\u00e3", "value": "SIM", "optional": false}, {"key": "SOL_DA_TARDE", "text": "Sol da tarde", "value": "SIM", "optional": false}, {"key": "CORTINAS_BLACK_OUT", "text": "Cortinas corta luz", "value": "SIM", "optional": false}, {"key": "CORTINAS_DECORATIVAS", "text": "Cortina transl\u00facida", "value": "SIM", "optional": false}, {"key": "JANELA_ANTI_RUIDO", "text": "Janela anti-ru\u00eddo", "value": "SIM", "optional": false}, {"key": "VENTILADOR_DE_TETO", "text": "Ventilador de teto", "value": "NAO", "optional": false}, {"key": "LUMINOSIDADE_NATURAL", "text": "Janelas grandes", "value": "SIM", "optional": false}, {"key": "VISTA_LIVRE", "text": "Vista livre", "value": "SIM", "optional": false}, {"key": "RUA_SILENCIOSA", "text": "Rua silenciosa", "value": "SIM", "optional": false}], "practicalityCommodities": [{"key": "BOX", "text": "Box", "value": "SIM", "optional": false}, {"key": "ARMARIOS_EMBUTIDOS_NO_QUARTO", "text": "Arm\u00e1rios no quarto", "value": "NAO", "optional": false}, {"key": "ARMARIOS_NOS_BANHEIROS", "text": "Arm\u00e1rios no banheiro", "value": "SIM", "optional": false}, {"key": "ARMARIOS_NA_COZINHA", "text": "Arm\u00e1rios na cozinha", "value": "SIM", "optional": false}, {"key": "CHUVEIRO_A_GAS", "text": "Chuveiro a g\u00e1s", "value": "NAO", "optional": false}, {"key": "FOGAO_INCLUSO", "text": "Fog\u00e3o", "value": "NAO", "optional": false}, {"key": "GELADEIRA_INCLUSO", "text": "Geladeira", "value": "NAO", "optional": false}, {"key": "CHUVEIRO_ELETRICO", "text": "Chuveiro el\u00e9trico", "value": "SIM", "optional": false}, {"key": "MICROONDAS", "text": "Microondas", "value": "NAO", "optional": false}, {"key": "SOFA", "text": "Sof\u00e1", "value": "NAO", "optional": false}, {"key": "MAQUINA_DE_LAVAR", "text": "M\u00e1quina de lavar", "value": "NAO", "optional": false}, {"key": "TANQUE", "text": "Tanque", "value": "SIM", "optional": false}, {"key": "REDE_DE_PROTECAO", "text": "Tela nas janelas", "value": "SIM", "optional": false}, {"key": "VARAL_DE_ROUPAS", "text": "Varal de roupas", "value": "SIM", "optional": false}, {"key": "TOMADAS_NOVAS", "text": "Tomadas 3 pinos", "value": "SIM", "optional": false}, {"key": "TELEVISAO", "text": "Televis\u00e3o", "value": "NAO", "optional": false}, {"key": "MESAS_E_CADEIRAS_DE_JANTAR", "text": "Mesas e cadeiras de jantar", "value": "NAO", "optional": false}, {"key": "CHURRASQUEIRA", "text": "Churrasqueira", "value": "SIM", "optional": false}, {"key": "ACESSO_SEM_DEGRAUS", "text": "Acesso sem degraus", "value": "SIM", "optional": false}, {"key": "COOKTOP", "text": "Fog\u00e3o cooktop", "value": "NAO", "optional": false}, {"key": "UTENSILIOS_DE_COZINHA", "text": "Utens\u00edlios de cozinha", "value": "NAO", "optional": false}, {"key": "CAMA_DE_CASAL", "text": "Cama de casal", "value": "NAO", "optional": false}, {"key": "CAMA_DE_SOLTEIRO", "text": "Cama de solteiro", "value": "NAO", "optional": false}, {"key": "ESPELHO_NO_BANHEIRO", "text": "Espelho no banheiro", "value": "SIM", "optional": false}, {"key": "FECHADURA_ELETRONICA", "text": "Fechadura eletr\u00f4nica", "value": "SIM", "optional": false}, {"key": "ENERGIA", "text": "Energia no im\u00f3vel", "value": "SIM", "optional": false}], "area": 38, "installations": [{"key": "PLAYGROUND", "text": "Playground", "value": "NAO"}, {"key": "PISCINA", "text": "Piscina", "value": "NAO"}, {"key": "CHURRASQUEIRA", "text": "Churrasqueira", "value": "NAO"}, {"key": "QUADRA_ESPORTIVA", "text": "Quadra esportiva", "value": "NAO"}, {"key": "ACADEMIA", "text": "Academia", "value": "NAO"}, {"key": "SALAO_DE_FESTAS", "text": "Sal\u00e3o de festas", "value": "NAO"}, {"key": "SAUNA", "text": "Sauna", "value": "NAO"}, {"key": "LAVANDERIA_NO_PREDIO", "text": "Lavanderia no pr\u00e9dio", "value": "NAO"}, {"key": "GAS_ENCANADO", "text": "G\u00e1s encanado", "value": "SIM"}, {"key": "ESPACO_GOURMET_NA_AREA_COMUM", "text": "Espa\u00e7o gourmet na \u00e1rea comum", "value": "SIM"}, {"key": "BRINQUEDOTECA", "text": "Brinquedoteca", "value": "NAO"}, {"key": "CORRIMAO", "text": "Corrim\u00e3o", "value": "NAO"}, {"key": "PISO_TATIL", "text": "Piso t\u00e1til", "value": "NAO"}, {"key": "RAMPAS_DE_ACESSO", "text": "Rampas de acesso", "value": "NAO"}, {"key": "SALAO_DE_JOGOS", "text": "Sal\u00e3o de jogos", "value": "NAO"}, {"key": "VAGA_DE_GARAGEM_ACESSIVEL", "text": "Vaga de garagem acess\u00edvel", "value": "NAO"}, {"key": "AREA_VERDE", "text": "\u00c1rea verde", "value": "NAO"}, {"key": "Elevador", "value": "SIM"}, {"key": "Porteiro24H", "value": "NAO"}], "rentPrice": 1450, "condoPrice": 230, "condoType": "Normal", "region": {"name": "Vila Carr\u00e3o", "hub": {"loading": "UNSET", "enabled": false, "abSecretariat": false, "isPrimaryMarket": false}, "id": 1306}, "type": "Apartamento", "iptuType": "Normal", "totalCost": 1752, "parkingSpaces": 0, "address": {"street": "Rua Pret\u00f3ria", "neighborhood": "Vila Formosa", "city": "S\u00e3o Paulo", "zipCode": "03416-000", "stateName": "S\u00e3o Paulo", "stateAcronym": "SP", "lat": -23.5594345, "lng": -46.5520632, "countryName": "Brasil", "countryCode": "BR", "country": "Brasil"}, "floor": 2, "homeProtection": 19, "remarks": "Apartamento novo, dotado de varanda gourmet com fechamento de vidro. Acabamentos de primeira linha em todos os ambientes, bancadas de granito, box de vidro, gabinetes de marcenaria na cozinha e banheiro. Condom\u00ednio com elevador, sal\u00e3o de festas, churrasqueira e portaria eletr\u00f4nica com acesso via tag. Taxa de condom\u00ednio com conta de \u00e1gua inclusa.\nIPTU a ser atualizado pela Prefeitura.", "acceptsPets": true, "hasFurniture": false, "isNearSubway": false, "placesNearby": [{"name": "Col\u00e9gio Alvorada", "type": "SCHOOL", "slug": "colegio-alvorada-vila-formosa-sao-paulo-sp"}, {"name": "Shopping An\u00e1lia Franco", "type": "SHOPPING_MALL", "slug": "shopping-analia-franco-tatuape-sao-paulo-sp"}, {"name": "Senac Idiomas", "type": "UNIVERSITY_OR_COLLEGE", "slug": "senac-idiomas-jardim-analia-franco-sao-paulo-sp"}, {"name": "Espa\u00e7o Cultural Tatuap\u00e9", "type": "UNIVERSITY_OR_COLLEGE", "slug": "espaco-cultural-tatuape-tatuape-sao-paulo-sp"}, {"name": "Wise Up An\u00e1lia Franco", "type": "UNIVERSITY_OR_COLLEGE", "slug": "wise-up-analia-franco-jardim-analia-franco-sao-paulo-sp"}, {"name": "Escola Santa Marina", "type": "SCHOOL", "slug": "escola-santa-marina-vila-carrao-sao-paulo-sp"}, {"name": "Rede Decis\u00e3o", "type": "SCHOOL", "slug": "rede-decisao-vila-invernada-sao-paulo-sp-brasil"}, {"name": "Col\u00e9gio Luterano de S\u00e3o Paulo", "type": "SCHOOL", "slug": "colegio-luterano-de-sao-paulo-vila-invernada-sao-paulo-sp-brasil"}, {"name": "Escola P\u00fablica Estadual Anna Teixeira Prado Zacharias", "type": "SCHOOL", "slug": "escola-publica-estadual-anna-teixeira-prado-zacharias-chacara-mafalda-sao-paulo-sp-brasil"}, {"name": "SESI \u2013 Vila Carr\u00e3o", "type": "SCHOOL", "slug": "sesi-vila-carrao-vila-carrao-sao-paulo-sp"}, {"name": "Col\u00e9gio Framtid", "type": "SCHOOL", "slug": "colegio-framtid-chacara-mafalda-sao-paulo-sp-brasil"}, {"name": "Escola Estadual Isa\u00ed Lairner", "type": "SCHOOL", "slug": "escola-estadual-isai-lairner-vila-invernada-sao-paulo-sp-brasil"}, {"name": "Zoopaloo Buffet", "type": "MUSEUM_THEATRE_OR_CONCERT_HALL", "slug": "zoopaloo-buffet-tatuape-sao-paulo-sp"}, {"name": "Leste Cor Centro M\u00e9dico", "type": "HOSPITAL", "slug": "leste-cor-centro-medico-chacara-mafalda-sao-paulo-sp-brasil"}], "availabilityType": "IMMEDIATE", "photos": [{"id": 34592492, "subtitle": "Sala/Quarto", "url": "893929200-95.88368920882051IMG8972.jpg", "cover": true}, {"id": 34592495, "subtitle": "Sala/Quarto", "url": "893929200-203.83937340216696IMG8974.jpg", "cover": false}, {"id": 34592497, "subtitle": "Sala/Quarto", "url": "893929200-471.0915542985355IMG8975.jpg", "cover": false}, {"id": 34592500, "subtitle": "Sala/Quarto", "url": "893929200-303.10588673441396IMG8976.jpg", "cover": false}, {"id": 34592501, "subtitle": "Banheiro", "url": "893929200-484.2638140869674IMG8977.jpg", "cover": false}, {"id": 34592503, "subtitle": "Banheiro", "url": "893929200-161.6210459155424IMG8979.jpg", "cover": false}, {"id": 34592506, "subtitle": "Banheiro", "url": "893929200-380.99004169540365IMG8980.jpg", "cover": false}, {"id": 34592508, "subtitle": "Banheiro", "url": "893929200-21.419983030201205IMG8981.jpg", "cover": false}, {"id": 34592509, "subtitle": "Banheiro", "url": "893929200-915.3406281459659IMG8982.jpg", "cover": false}, {"id": 34592512, "subtitle": "Cozinha", "url": "893929200-302.56896440721926IMG8984.jpg", "cover": false}, {"id": 34592514, "subtitle": "Cozinha", "url": "893929200-622.5439822442869IMG8985.jpg", "cover": false}, {"id": 34592515, "subtitle": "Cozinha", "url": "893929200-554.9194313912808IMG8988.jpg", "cover": false}, {"id": 34592518, "subtitle": "Lavanderia", "url": "893929200-632.5699657770741IMG8989.jpg", "cover": false}, {"id": 34592522, "subtitle": "Lavanderia", "url": "893929200-814.4379066719423IMG8990.jpg", "cover": false}, {"id": 34592526, "subtitle": "Lavanderia", "url": "893929200-920.9731929129567IMG8991.jpg", "cover": false}, {"id": 34592528, "subtitle": "Lavanderia", "url": "893929200-285.19402037914574IMG8992.jpg", "cover": false}, {"id": 34592531, "subtitle": "Lavanderia", "url": "893929200-107.08200818222579IMG8993.jpg", "cover": false}, {"id": 34592534, "subtitle": "Lavanderia", "url": "893929200-124.33478142068944IMG8994.jpg", "cover": false}, {"id": 34592538, "subtitle": "Fachada", "url": "893929200-323.93767710645193IMG9184.jpg", "cover": false}, {"id": 34592542, "subtitle": "Fachada", "url": "893929200-177.47085255657413IMG9187.jpg", "cover": false}], "photosCategorizedByRooms": [], "relevantRegions": [], "photospheres": [], "specialConditions": [], "offers": {"closingRate": 0, "shouldHighlightIcon": true, "shouldShowOfferDialog": false, "shouldShowOffers": false, "summary": []}, "status": "publicado", "showUrlHasBeenCopiedSnackbar": false, "isGalleryModalOpen": false, "error": false, "loaded": true, "loading": false, "loadingCategorizedRooms": false, "selectedMedia": "tenant/HouseMedia/PHOTOS", "video": "", "promotions": [], "condominium": {}, "forRent": true, "forSale": false, "salePrice": 0, "mortgageFirstInstallment": 0, "listings": [{"imovelId": 893929200, "businessContext": "RENT", "status": "publicado", "firstPublicationDate": "2023-01-24T22:10:15.000+0000", "lastPublicationDate": "2023-01-24T22:10:15.000+0000", "listingRentModel": {"listingBusinessContextId": 1426879, "rentalAdministrator": "QUINTOANDAR"}, "ownership": "STANDARD"}], "listingTags": [], "businessContext": "", "regionParameters": {"loaded": false, "loading": false, "RENT": {"visitsEnabled": true, "talkToAgentEnabled": false}, "SALE": {"visitsEnabled": true, "talkToAgentEnabled": false}}, "houseAgent": {"isDialogOpen": false, "alreadyOpenedByQueryParam": false}, "tenantServiceFee": 37, "closingStatus": {"loading": false}, "rentalGuarantee": {"minValue": 362.5, "maxValue": 1087.5}, "reservationAvailability": null, "isPrimaryMarket": false, "macroRegion": {"id": 2741, "name": "SPO01"}, "suites": 0, "houseVisitStatus": "ACCEPT_NEW", "visitStatusReason": null, "visitsUnavailable": false, "isReserved": false, "allowDirectOffer": true, "lastPublishedDate": "2023-01-24T22:10:15.000Z", "listingPublication": "not_stranded", "rentOnTermination": false, "constructionYear": null, "categories": []}, "markers": {"lat": -23.5594345, "lng": -46.5520632}, "talkToAgent": {"dialog": {"open": false, "questionType": null, "question": ""}, "agentSupport": {}, "error": null, "autoSubmit": false, "loading": false, "submitting": false, "success": false, "hasLoadedAgentInfo": false, "agent": null, "hasLoadedAgentsInRegion": false, "agentsInRegion": null}}}}, "__N_SSP": true}, "page": "/imovel/[houseId]/[[...slug]]", "query": {"houseId": "893929200", "slug": ["alugar", "apartamento-0-quartos-vila-formosa-sao-paulo"]}, "buildId": "gCr3Bg2lYzV9hxZqGibIQ", "runtimeConfig": {"NEXT_PUBLIC_HOME_ADVERTISING_BANNER": "coupon"}, "isFallback": false, "dynamicIds": [61847, 31265, 66435, 77453, 87356, 60899, 41103, 3232, 72227, 40072, 39327, 19904, 96827], "gssp": true, "customServer": true, "appGip": true, "locale": "pt-BR", "locales": ["pt-BR", "es-MX"], "defaultLocale": "pt-BR", "domainLocales": [{"domain": "www.quintoandar.com.br", "defaultLocale": "pt-BR"}, {"domain": "www.benvi.mx", "defaultLocale": "es-MX"}], "scriptLoader": []}