{"props": {"pageProps": {"initialState": {"route": {"locationBeforeTransitions": {"pathname": "/imovel/893975361/alugar/apartamento-3-quartos-vila-olimpia-sao-paulo", "search": "", "hash": "", "action": "POP", "query": {}}, "topLevelRouteName": "house details", "businessContext": "RENT", "favoriteListsBusinessContext": "RENT"}, "router": {"location": {"href": "/", "pathname": "/", "search": "", "hash": ""}}, "progress": {"pendingRequests": -1}, "login": {"response": {}, "user": {"isLoggedIn": false, "id": 0, "agentId": 0, "hashId": "", "sessionId": null, "name": "", "email": "", "maskedEmail": "", "jwt": {"app": "", "firebase": ""}, "phone": {"countryCode": "+55", "areaCode": "", "phoneNumber": ""}, "country": "BR", "channel": "", "isPhoneRegistered": false, "acceptWhatsapp": true, "hasDocument": false, "isPartner": false}, "accountForm": {}, "redirectUrl": "", "isRequestOngoing": false}, "captcha": {"token": "", "hasLoadedRemoteConfig": false, "provider": "", "friction": "low", "unavailableCountriesCode": []}, "supportedCities": [], "inAppMessages": {"biomaSurvey": {"isOpen": false, "formId": null, "data": {"opaque": true}}}, "metaData": {"similar_houses_clicked": []}, "appData": {"device": {"type": "desktop", "isSearchEngineCrawler": false}, "experiments": "X-AB-Test=ab_exposed_filter_sale_desktop:1,ab_exposed_filter_sale_v1:1,ab_exposed_filters:1,ab_load_more_v0:-1,ab_new_house_card_v2:0,ab_new_rent_listing_phase2:0,ab_profiling_create_alert_filters:0,ab_scheduling_step_by_step_v1:1,ab_show_floor_sale:0,ab_street_search_retrieval_v1:0"}, "house": {"houseInfo": {"id": "893975361", "displayId": "1275361", "bedrooms": 3, "city": "S\u00e3o Paulo", "cityId": 39, "bathrooms": 2, "iptu": 301, "amenities": [{"key": "BANHEIRA_DE_HIDROMASSAGEM", "text": "Banheira", "value": "NAO", "optional": false}, {"key": "BOX", "text": "Box", "value": "SIM", "optional": false}, {"key": "VARANDA", "text": "Varanda", "value": "SIM", "optional": false}, {"key": "PISCINA_PRIVATIVA", "text": "Piscina privativa", "value": "NAO", "optional": false}, {"key": "ARMARIOS_EMBUTIDOS_NO_QUARTO", "text": "Arm\u00e1rios no quarto", "value": "SIM", "optional": false}, {"key": "ARMARIOS_NOS_BANHEIROS", "text": "Arm\u00e1rios no banheiro", "value": "SIM", "optional": false}, {"key": "ARMARIOS_NA_COZINHA", "text": "Arm\u00e1rios na cozinha", "value": "SIM", "optional": false}, {"key": "AR_CONDICIONADO", "text": "Ar condicionado", "value": "SIM", "optional": false}, {"key": "CHUVEIRO_A_GAS", "text": "Chuveiro a g\u00e1s", "value": "SIM", "optional": false}, {"key": "QUARTO_DE_SERVICO", "text": "Quarto de servi\u00e7o", "value": "NAO", "optional": false}, {"key": "BANHEIRO_DE_SERVICO", "text": "Banheiro de servi\u00e7o", "value": "NAO", "optional": false}, {"key": "VARANDA_GOURMET", "text": "Varanda gourmet", "value": "NAO", "optional": false}, {"key": "APARTAMENTO_COBERTURA", "text": "Apartamento cobertura", "value": "NAO", "optional": false}, {"key": "QUARTO_EXTRA_REVERSIVEL", "text": "Quarto extra revers\u00edvel", "value": "NAO", "optional": false}, {"key": "FOGAO_INCLUSO", "text": "Fog\u00e3o", "value": "NAO", "optional": false}, {"key": "GELADEIRA_INCLUSO", "text": "Geladeira", "value": "NAO", "optional": false}, {"key": "BANHEIRO_ADAPTADO", "text": "Banheiro adaptado", "value": "NAO", "optional": false}, {"key": "CLOSET", "text": "Closet", "value": "NAO", "optional": false}, {"key": "COZINHA_AMERICANA", "text": "Cozinha americana", "value": "SIM", "optional": false}, {"key": "MESAS_E_CADEIRAS_DE_ESCRITORIO", "text": "Mesas e cadeiras de escrit\u00f3rio", "value": "NAO", "optional": false}, {"key": "JARDIM", "text": "Jardim", "value": "NAO", "optional": false}, {"key": "QUARTOS_E_CORREDORES_COM_PORTAS_AMPLAS", "text": "Quartos e corredores com portas amplas", "value": "NAO", "optional": false}, {"key": "QUINTAL", "text": "Quintal", "value": "NAO", "optional": false}, {"key": "SOMENTE_UMA_CASA_NO_TERRENO", "text": "Somente uma casa no terreno", "value": "NAO", "optional": false}, {"key": "AREA_DE_SERVICO", "text": "\u00c1rea de servi\u00e7o", "value": "SIM", "optional": false}], "comfortCommodities": [{"key": "BANHEIRA_DE_HIDROMASSAGEM", "text": "Banheira", "value": "NAO", "optional": false}, {"key": "PISCINA_PRIVATIVA", "text": "Piscina privativa", "value": "NAO", "optional": false}, {"key": "AR_CONDICIONADO", "text": "Ar condicionado", "value": "SIM", "optional": false}, {"key": "SOL_DA_MANHA", "text": "Sol da manh\u00e3", "value": "NAO", "optional": false}, {"key": "SOL_DA_TARDE", "text": "Sol da tarde", "value": "SIM", "optional": false}, {"key": "CORTINAS_BLACK_OUT", "text": "Cortinas corta luz", "value": "NAO", "optional": false}, {"key": "CORTINAS_DECORATIVAS", "text": "Cortina transl\u00facida", "value": "NAO", "optional": false}, {"key": "JANELA_ANTI_RUIDO", "text": "Janela anti-ru\u00eddo", "value": "NAO", "optional": false}, {"key": "VENTILADOR_DE_TETO", "text": "Ventilador de teto", "value": "SIM", "optional": false}, {"key": "LUMINOSIDADE_NATURAL", "text": "Janelas grandes", "value": "SIM", "optional": false}, {"key": "VISTA_LIVRE", "text": "Vista livre", "value": "SIM", "optional": false}, {"key": "RUA_SILENCIOSA", "text": "Rua silenciosa", "value": "NAO", "optional": false}], "practicalityCommodities": [{"key": "BOX", "text": "Box", "value": "SIM", "optional": false}, {"key": "ARMARIOS_EMBUTIDOS_NO_QUARTO", "text": "Arm\u00e1rios no quarto", "value": "SIM", "optional": false}, {"key": "ARMARIOS_NOS_BANHEIROS", "text": "Arm\u00e1rios no banheiro", "value": "SIM", "optional": false}, {"key": "ARMARIOS_NA_COZINHA", "text": "Arm\u00e1rios na cozinha", "value": "SIM", "optional": false}, {"key": "CHUVEIRO_A_GAS", "text": "Chuveiro a g\u00e1s", "value": "SIM", "optional": false}, {"key": "FOGAO_INCLUSO", "text": "Fog\u00e3o", "value": "NAO", "optional": false}, {"key": "GELADEIRA_INCLUSO", "text": "Geladeira", "value": "NAO", "optional": false}, {"key": "CHUVEIRO_ELETRICO", "text": "Chuveiro el\u00e9trico", "value": "NAO", "optional": false}, {"key": "MICROONDAS", "text": "Microondas", "value": "NAO", "optional": false}, {"key": "SOFA", "text": "Sof\u00e1", "value": "NAO", "optional": false}, {"key": "MAQUINA_DE_LAVAR", "text": "M\u00e1quina de lavar", "value": "NAO", "optional": false}, {"key": "TANQUE", "text": "Tanque", "value": "SIM", "optional": false}, {"key": "REDE_DE_PROTECAO", "text": "Tela nas janelas", "value": "NAO", "optional": false}, {"key": "VARAL_DE_ROUPAS", "text": "Varal de roupas", "value": "NAO", "optional": false}, {"key": "TOMADAS_NOVAS", "text": "Tomadas 3 pinos", "value": "NAO", "optional": false}, {"key": "TELEVISAO", "text": "Televis\u00e3o", "value": "NAO", "optional": false}, {"key": "MESAS_E_CADEIRAS_DE_JANTAR", "text": "Mesas e cadeiras de jantar", "value": "NAO", "optional": false}, {"key": "CHURRASQUEIRA", "text": "Churrasqueira", "value": "NAO", "optional": false}, {"key": "ACESSO_SEM_DEGRAUS", "text": "Acesso sem degraus", "value": "NAO", "optional": false}, {"key": "COOKTOP", "text": "Fog\u00e3o cooktop", "value": "NAO", "optional": false}, {"key": "UTENSILIOS_DE_COZINHA", "text": "Utens\u00edlios de cozinha", "value": "NAO", "optional": false}, {"key": "CAMA_DE_CASAL", "text": "Cama de casal", "value": "NAO", "optional": false}, {"key": "CAMA_DE_SOLTEIRO", "text": "Cama de solteiro", "value": "NAO", "optional": false}, {"key": "ESPELHO_NO_BANHEIRO", "text": "Espelho no banheiro", "value": "NAO", "optional": false}, {"key": "FECHADURA_ELETRONICA", "text": "Fechadura eletr\u00f4nica", "value": "NAO", "optional": false}, {"key": "ENERGIA", "text": "Energia no im\u00f3vel", "value": "NAO", "optional": false}], "area": 89, "installations": [{"key": "PLAYGROUND", "text": "Playground", "value": "NAO"}, {"key": "PISCINA", "text": "Piscina", "value": "NAO"}, {"key": "CHURRASQUEIRA", "text": "Churrasqueira", "value": "NAO"}, {"key": "QUADRA_ESPORTIVA", "text": "Quadra esportiva", "value": "NAO"}, {"key": "ACADEMIA", "text": "Academia", "value": "NAO"}, {"key": "SALAO_DE_FESTAS", "text": "Sal\u00e3o de festas", "value": "SIM"}, {"key": "SAUNA", "text": "Sauna", "value": "NAO"}, {"key": "LAVANDERIA_NO_PREDIO", "text": "Lavanderia no pr\u00e9dio", "value": "NAO"}, {"key": "GAS_ENCANADO", "text": "G\u00e1s encanado", "value": "NAO"}, {"key": "ESPACO_GOURMET_NA_AREA_COMUM", "text": "Espa\u00e7o gourmet na \u00e1rea comum", "value": "NAO"}, {"key": "BRINQUEDOTECA", "text": "Brinquedoteca", "value": "NAO"}, {"key": "CORRIMAO", "text": "Corrim\u00e3o", "value": "SIM"}, {"key": "PISO_TATIL", "text": "Piso t\u00e1til", "value": "NAO"}, {"key": "RAMPAS_DE_ACESSO", "text": "Rampas de acesso", "value": "NAO"}, {"key": "SALAO_DE_JOGOS", "text": "Sal\u00e3o de jogos", "value": "NAO"}, {"key": "VAGA_DE_GARAGEM_ACESSIVEL", "text": "Vaga de garagem acess\u00edvel", "value": "NAO"}, {"key": "AREA_VERDE", "text": "\u00c1rea verde", "value": "SIM"}, {"key": "Elevador", "value": "SIM"}, {"key": "Porteiro24H", "value": "SIM"}], "rentPrice": 6300, "condoPrice": 1316, "condoType": "Normal", "region": {"name": "Vila Ol\u00edmpia", "hub": {"loading": "UNSET", "enabled": false, "abSecretariat": false, "isPrimaryMarket": false}, "id": 45}, "type": "Apartamento", "iptuType": "Normal", "totalCost": 8160, "parkingSpaces": 1, "address": {"street": "Rua Alvorada", "neighborhood": "Vila Ol\u00edmpia", "city": "S\u00e3o Paulo", "zipCode": "04550-004", "stateName": "S\u00e3o Paulo", "stateAcronym": "SP", "lat": -23.5975865, "lng": -46.6827202, "countryName": "Brasil", "countryCode": "BR", "country": "Brasil"}, "floor": 4, "homeProtection": 80, "remarks": "Todo reformado. \nExcelente localiza\u00e7\u00e3o com escolas, escritorios e academias e Shopping Vila Olimpia.", "acceptsPets": false, "hasFurniture": false, "isNearSubway": false, "placesNearby": [{"name": "DeRose Method Vila Ol\u00edmpia", "type": "UNIVERSITY_OR_COLLEGE", "slug": "derose-method-vila-olimpia-vila-olimpia-sao-paulo-sp"}, {"name": "Shopping Vila Ol\u00edmpia", "type": "SHOPPING_MALL", "slug": "shopping-vila-olimpia-vila-olimpia-sao-paulo-sp"}, {"name": "Insper", "type": "UNIVERSITY_OR_COLLEGE", "slug": "insper-vila-olimpia-sao-paulo-sp"}, {"name": "Universidade Anhembi-Morumbi", "type": "SCHOOL", "slug": "universidade-anhembi-morumbi-vila-olimpia-sao-paulo-sp"}, {"name": "Shopping JK Iguatemi", "type": "SHOPPING_MALL", "slug": "shopping-jk-iguatemi-vila-olimpia-sao-paulo-sp"}, {"name": "FMU", "type": "UNIVERSITY_OR_COLLEGE", "slug": "fmu-vila-nova-conceicao-sao-paulo-sp-brasil"}, {"name": "Teatro Vento Forte", "type": "MUSEUM_THEATRE_OR_CONCERT_HALL", "slug": "teatro-vento-forte-itaim-bibi-sao-paulo-sp"}, {"name": "Col\u00e9gio da Companhia de Maria", "type": "SCHOOL", "slug": "colegio-da-companhia-de-maria-vila-nova-conceicao-sao-paulo-sp-brasil"}, {"name": "Parque do Povo", "type": "PARK_OR_GREEN_AREA", "slug": "parque-do-povo-pinheiros-sao-paulo-sp"}, {"name": "Grupo Escolar Martim Francisco", "type": "SCHOOL", "slug": "grupo-escolar-martim-francisco-vila-nova-conceicao-sao-paulo-sp-brasil"}, {"name": "DeRose Method Berrini", "type": "UNIVERSITY_OR_COLLEGE", "slug": "derose-method-berrini-brooklin-sao-paulo-sp"}, {"name": "Pra\u00e7a Pereira Coutinho", "type": "PARK_OR_GREEN_AREA", "slug": "praca-pereira-coutinho-vila-nova-conceicao-sao-paulo-sp-brasil"}, {"name": "Shopping Cidade Jardim", "type": "SHOPPING_MALL", "slug": "shopping-cidade-jardim-cidade-jardim-sao-paulo-sp-brasil"}, {"name": "Diko Pataca", "type": "SCHOOL", "slug": "diko-pataca-brooklin-sao-paulo-sp"}, {"name": "DeRose Method Moema", "type": "UNIVERSITY_OR_COLLEGE", "slug": "derose-method-moema-moema-sao-paulo-sp"}, {"name": "Atelier Hideko Honma", "type": "MUSEUM_THEATRE_OR_CONCERT_HALL", "slug": "atelier-hideko-honma-moema-sao-paulo-sp"}, {"name": "DeRose Method Itaim", "type": "UNIVERSITY_OR_COLLEGE", "slug": "derose-method-itaim-itaim-bibi-sao-paulo-sp"}, {"name": "Hospital do Cora\u00e7\u00e3o", "type": "HOSPITAL", "slug": "hospital-do-coracao-jardim-europa-sao-paulo-sp-brasil"}, {"name": "DeRose Method Vila Nova Concei\u00e7\u00e3o", "type": "UNIVERSITY_OR_COLLEGE", "slug": "derose-method-vila-nova-conceicao-vila-nova-conceicao-sao-paulo-sp"}, {"name": "Hospital Sancta Maggiore", "type": "HOSPITAL", "slug": "hospital-sancta-maggiore-itaim-bibi-sao-paulo-sp"}, {"name": "Museu da Casa Brasileira (MCB)", "type": "MUSEUM_THEATRE_OR_CONCERT_HALL", "slug": "museu-da-casa-brasileira-mcb-jardim-europa-sao-paulo-sp-brasil"}], "photos": [{"id": 35890291, "subtitle": "Sala", "url": "893975361-716.64250055687681Sala6.jpg", "cover": true}, {"id": 35890286, "subtitle": "Sala", "url": "893975361-922.71689215334631Sala1.jpg", "cover": false}, {"id": 35890287, "subtitle": "Sala", "url": "893975361-331.39267850762331Sala2.jpg", "cover": false}, {"id": 35890288, "subtitle": "Sala", "url": "893975361-619.65266992475431Sala3.jpg", "cover": false}, {"id": 35890289, "subtitle": "Sala", "url": "893975361-274.636035647168971Sala4.jpg", "cover": false}, {"id": 35890290, "subtitle": "Sala", "url": "893975361-982.93285909933231Sala5.jpg", "cover": false}, {"id": 35890292, "subtitle": "Sala", "url": "893975361-691.70152103394531Sala7.jpg", "cover": false}, {"id": 35890293, "subtitle": "Sala", "url": "893975361-875.43565226237161Sala8.jpg", "cover": false}, {"id": 35890294, "subtitle": "Varanda", "url": "893975361-370.775017286728261Sala9.jpg", "cover": false}, {"id": 35890295, "subtitle": "Varanda", "url": "893975361-920.90028938117211Sala10.jpg", "cover": false}, {"id": 35890296, "subtitle": "Varanda", "url": "893975361-492.50933689049391Sala11.jpg", "cover": false}, {"id": 35890297, "subtitle": "Varanda", "url": "893975361-392.93300924116581Sala12.jpg", "cover": false}, {"id": 35890298, "subtitle": "Varanda", "url": "893975361-823.62804788508251Sala13.jpg", "cover": false}, {"id": 35890299, "subtitle": "Varanda", "url": "893975361-198.05116870174511Sala14.jpg", "cover": false}, {"id": 35890300, "subtitle": "Quarto", "url": "893975361-666.94280175902962Cor1.jpg", "cover": false}, {"id": 35890301, "subtitle": "Quarto", "url": "893975361-638.76180918228872Cor2.jpg", "cover": false}, {"id": 35890302, "subtitle": "Quarto", "url": "893975361-365.39116862392642Q11.jpg", "cover": false}, {"id": 35890303, "subtitle": "Quarto", "url": "893975361-551.95686787845782Q12.jpg", "cover": false}, {"id": 35890304, "subtitle": "Quarto", "url": "893975361-791.35009120425622Q13.jpg", "cover": false}, {"id": 35890305, "subtitle": "Quarto", "url": "893975361-160.137005505059932Q14.jpg", "cover": false}, {"id": 35890306, "subtitle": "Quarto", "url": "893975361-355.69050591310552Q15.jpg", "cover": false}, {"id": 35890307, "subtitle": "Quarto", "url": "893975361-821.69089413696512Q16.jpg", "cover": false}, {"id": 35890308, "subtitle": "Quarto", "url": "893975361-77.913264110629272Q21.jpg", "cover": false}, {"id": 35890309, "subtitle": "Quarto", "url": "893975361-159.472124245912062Q22.jpg", "cover": false}, {"id": 35890310, "subtitle": "Quarto", "url": "893975361-977.27290693093492Q23.jpg", "cover": false}, {"id": 35890311, "subtitle": "Quarto", "url": "893975361-44.760179526459172Q24.jpg", "cover": false}, {"id": 35890312, "subtitle": "Quarto", "url": "893975361-438.28638839461692Q25.jpg", "cover": false}, {"id": 35890313, "subtitle": "Quarto", "url": "893975361-8.1869672139477392Q26.jpg", "cover": false}, {"id": 35890314, "subtitle": "Quarto", "url": "893975361-332.98810586653932Q27.jpg", "cover": false}, {"id": 35890315, "subtitle": "Quarto", "url": "893975361-144.6768778782552Q31.jpg", "cover": false}, {"id": 35890316, "subtitle": "Quarto", "url": "893975361-95.129615827432292Q32.jpg", "cover": false}, {"id": 35890317, "subtitle": "Quarto", "url": "893975361-7.38031283135331952Q33.jpg", "cover": false}, {"id": 35890318, "subtitle": "Quarto", "url": "893975361-809.99864346468422Q34.jpg", "cover": false}, {"id": 35890319, "subtitle": "Quarto", "url": "893975361-282.41617463404892Q35.jpg", "cover": false}, {"id": 35890320, "subtitle": "Quarto", "url": "893975361-251.28598636473232Q36.jpg", "cover": false}, {"id": 35890321, "subtitle": "Banheiro", "url": "893975361-513.85811008714673BS11.jpg", "cover": false}, {"id": 35890322, "subtitle": "Banheiro", "url": "893975361-84.404534532021463BS12.jpg", "cover": false}, {"id": 35890323, "subtitle": "Banheiro", "url": "893975361-709.34417569369243BS13.jpg", "cover": false}, {"id": 35890324, "subtitle": "Banheiro", "url": "893975361-391.369130408762773BS14.jpg", "cover": false}, {"id": 35890325, "subtitle": "Banheiro", "url": "893975361-115.656517565074553BS15.jpg", "cover": false}, {"id": 35890326, "subtitle": "Banheiro", "url": "893975361-14.338050604246313BS21.jpg", "cover": false}, {"id": 35890327, "subtitle": "Banheiro", "url": "893975361-701.3717519867463BS22.jpg", "cover": false}, {"id": 35890328, "subtitle": "Banheiro", "url": "893975361-522.59322351139283BS23.jpg", "cover": false}, {"id": 35890329, "subtitle": "Banheiro", "url": "893975361-849.04210883700473BS24.jpg", "cover": false}, {"id": 35890330, "subtitle": "Banheiro", "url": "893975361-259.05454670884613BS25.jpg", "cover": false}, {"id": 35890331, "subtitle": "Cozinha", "url": "893975361-111.39627687174984Coz1.jpg", "cover": false}, {"id": 35890332, "subtitle": "Cozinha", "url": "893975361-356.86055488435824Coz2.jpg", "cover": false}, {"id": 35890333, "subtitle": "Cozinha", "url": "893975361-128.543311766777044Coz4.jpg", "cover": false}, {"id": 35890334, "subtitle": "Cozinha", "url": "893975361-312.84323272319974Coz5.jpg", "cover": false}, {"id": 35890335, "subtitle": "Cozinha", "url": "893975361-586.13561385635724Coz6.jpg", "cover": false}, {"id": 35890336, "subtitle": "Cozinha", "url": "893975361-594.58618840452074Coz7.jpg", "cover": false}, {"id": 35890337, "subtitle": "Cozinha", "url": "893975361-978.58684918168224Coz8.jpg", "cover": false}, {"id": 35890338, "subtitle": "Cozinha", "url": "893975361-144.052115304323174Coz9.jpg", "cover": false}, {"id": 35890339, "subtitle": "\u00c1rea de servi\u00e7o", "url": "893975361-51.1439882206480265AS1.jpg", "cover": false}, {"id": 35890546, "subtitle": "\u00c1rea de servi\u00e7o", "url": "893975361-990.36078052425515AS2.jpg", "cover": false}, {"id": 35890547, "subtitle": "\u00c1rea de servi\u00e7o", "url": "893975361-890.84254788463925AS3.jpg", "cover": false}, {"id": 35890548, "subtitle": "\u00c1rea de servi\u00e7o", "url": "893975361-524.68345078649325AS4.jpg", "cover": false}, {"id": 35890549, "subtitle": "\u00c1rea de servi\u00e7o", "url": "893975361-983.94964652702665AS5.jpg", "cover": false}, {"id": 35890550, "subtitle": "\u00c1rea de servi\u00e7o", "url": "893975361-207.544837094092546DS.jpg", "cover": false}, {"id": 35890551, "subtitle": "\u00c1rea comum do pr\u00e9dio - brinquedoteca", "url": "893975361-240.553546938835587AC1.jpg", "cover": false}, {"id": 35890552, "subtitle": "\u00c1rea comum do pr\u00e9dio - brinquedoteca", "url": "893975361-288.57991338687057AC2.jpg", "cover": false}, {"id": 35890553, "subtitle": "\u00c1rea comum do pr\u00e9dio - sal\u00e3o de festas", "url": "893975361-370.443733490947757AC3.jpg", "cover": false}, {"id": 35890554, "subtitle": "\u00c1rea comum do pr\u00e9dio - sal\u00e3o de festas", "url": "893975361-750.65906236934877AC4.jpg", "cover": false}, {"id": 35890556, "subtitle": "\u00c1rea comum do pr\u00e9dio - sal\u00e3o de festas", "url": "893975361-927.46002650415937AC5.jpg", "cover": false}, {"id": 35890557, "subtitle": "\u00c1rea comum do pr\u00e9dio - sal\u00e3o de festas", "url": "893975361-663.8732534744477AC6.jpg", "cover": false}, {"id": 35890558, "subtitle": "\u00c1rea comum do pr\u00e9dio - sal\u00e3o de festas", "url": "893975361-475.042359328693757AC8.jpg", "cover": false}, {"id": 35890559, "subtitle": "\u00c1rea comum do pr\u00e9dio - sal\u00e3o de festas", "url": "893975361-953.52062944215467AC9.jpg", "cover": false}, {"id": 35890560, "subtitle": "\u00c1rea comum do pr\u00e9dio", "url": "893975361-175.734053381480187AC10.jpg", "cover": false}, {"id": 35890561, "subtitle": "Fachada", "url": "893975361-19.3554401856732568Fa.jpg", "cover": false}], "photosCategorizedByRooms": [], "relevantRegions": [], "photospheres": [], "specialConditions": ["Exclusivity"], "offers": {"closingRate": 0, "shouldHighlightIcon": true, "shouldShowOfferDialog": false, "shouldShowOffers": false, "summary": []}, "status": "publicado", "showUrlHasBeenCopiedSnackbar": false, "isGalleryModalOpen": false, "error": false, "loaded": true, "loading": false, "loadingCategorizedRooms": false, "selectedMedia": "tenant/HouseMedia/PHOTOS", "video": "", "promotions": [], "condominium": {"hashId": "9d37sm0mwp", "name": "Piemonte", "slug": "piemonte-vila-olimpia-sao-paulo", "address": "R. Alvorada", "constructionYear": 1990}, "forRent": true, "forSale": false, "salePrice": 0, "mortgageFirstInstallment": 0, "listings": [{"imovelId": 893975361, "businessContext": "RENT", "status": "publicado", "firstPublicationDate": "2023-02-28T04:41:12.000+0000", "lastPublicationDate": "2023-02-28T04:41:12.000+0000", "listingRentModel": {"listingBusinessContextId": 1484411, "rentalAdministrator": "QUINTOANDAR"}, "ownership": "STANDARD"}], "listingTags": [], "businessContext": "", "regionParameters": {"loaded": false, "loading": false, "RENT": {"visitsEnabled": true, "talkToAgentEnabled": false}, "SALE": {"visitsEnabled": true, "talkToAgentEnabled": false}}, "houseAgent": {"isDialogOpen": false, "alreadyOpenedByQueryParam": false}, "tenantServiceFee": 163, "closingStatus": {"loading": false}, "rentalGuarantee": {"minValue": 1575, "maxValue": 4725}, "reservationAvailability": null, "isPrimaryMarket": false, "macroRegion": {"id": 2720, "name": "SPO 06"}, "suites": 0, "houseVisitStatus": "ACCEPT_NEW", "visitStatusReason": null, "visitsUnavailable": false, "isReserved": false, "allowDirectOffer": true, "lastPublishedDate": "2023-02-28T04:41:12.000Z", "listingPublication": "not_stranded", "rentOnTermination": false, "constructionYear": 1990, "categories": []}, "markers": {"lat": -23.5975865, "lng": -46.6827202}, "talkToAgent": {"dialog": {"open": false, "questionType": null, "question": ""}, "agentSupport": {}, "error": null, "autoSubmit": false, "loading": false, "submitting": false, "success": false, "hasLoadedAgentInfo": false, "agent": null, "hasLoadedAgentsInRegion": false, "agentsInRegion": null}}}}, "__N_SSP": true}, "page": "/imovel/[houseId]/[[...slug]]", "query": {"houseId": "893975361", "slug": ["alugar", "apartamento-3-quartos-vila-olimpia-sao-paulo"]}, "buildId": "gCr3Bg2lYzV9hxZqGibIQ", "runtimeConfig": {"NEXT_PUBLIC_HOME_ADVERTISING_BANNER": "coupon"}, "isFallback": false, "dynamicIds": [61847, 31265, 66435, 77453, 87356, 60899, 41103, 3232, 72227, 40072, 39327, 19904, 96827], "gssp": true, "customServer": true, "appGip": true, "locale": "pt-BR", "locales": ["pt-BR", "es-MX"], "defaultLocale": "pt-BR", "domainLocales": [{"domain": "www.quintoandar.com.br", "defaultLocale": "pt-BR"}, {"domain": "www.benvi.mx", "defaultLocale": "es-MX"}], "scriptLoader": []}