{"props": {"pageProps": {"initialState": {"route": {"locationBeforeTransitions": {"pathname": "/imovel/893925994/alugar/casa-3-quartos-cidade-moncoes-sao-paulo", "search": "", "hash": "", "action": "POP", "query": {}}, "topLevelRouteName": "house details", "businessContext": "RENT", "favoriteListsBusinessContext": "RENT"}, "router": {"location": {"href": "/", "pathname": "/", "search": "", "hash": ""}}, "progress": {"pendingRequests": -1}, "login": {"response": {}, "user": {"isLoggedIn": false, "id": 0, "agentId": 0, "hashId": "", "sessionId": null, "name": "", "email": "", "maskedEmail": "", "jwt": {"app": "", "firebase": ""}, "phone": {"countryCode": "+55", "areaCode": "", "phoneNumber": ""}, "country": "BR", "channel": "", "isPhoneRegistered": false, "acceptWhatsapp": true, "hasDocument": false, "isPartner": false}, "accountForm": {}, "redirectUrl": "", "isRequestOngoing": false}, "captcha": {"token": "", "hasLoadedRemoteConfig": false, "provider": "", "friction": "low", "unavailableCountriesCode": []}, "supportedCities": [], "inAppMessages": {"biomaSurvey": {"isOpen": false, "formId": null, "data": {"opaque": true}}}, "metaData": {"similar_houses_clicked": []}, "appData": {"device": {"type": "desktop", "isSearchEngineCrawler": false}, "experiments": "X-AB-Test=ab_exposed_filter_sale_desktop:1,ab_exposed_filter_sale_v1:1,ab_exposed_filters:1,ab_load_more_v0:-1,ab_new_house_card_v2:0,ab_new_rent_listing_phase2:0,ab_profiling_create_alert_filters:0,ab_scheduling_step_by_step_v1:1,ab_show_floor_sale:0,ab_street_search_retrieval_v1:0"}, "house": {"houseInfo": {"id": "893925994", "displayId": "1225994", "bedrooms": 3, "city": "S\u00e3o Paulo", "cityId": 39, "bathrooms": 3, "iptu": 610, "amenities": [{"key": "BANHEIRA_DE_HIDROMASSAGEM", "text": "Banheira", "value": "NAO", "optional": false}, {"key": "BOX", "text": "Box", "value": "SIM", "optional": false}, {"key": "VARANDA", "text": "Varanda", "value": "NAO", "optional": false}, {"key": "PISCINA_PRIVATIVA", "text": "Piscina privativa", "value": "NAO", "optional": false}, {"key": "ARMARIOS_EMBUTIDOS_NO_QUARTO", "text": "Arm\u00e1rios no quarto", "value": "SIM", "optional": false}, {"key": "ARMARIOS_NOS_BANHEIROS", "text": "Arm\u00e1rios no banheiro", "value": "SIM", "optional": false}, {"key": "ARMARIOS_NA_COZINHA", "text": "Arm\u00e1rios na cozinha", "value": "SIM", "optional": false}, {"key": "AR_CONDICIONADO", "text": "Ar condicionado", "value": "SIM", "optional": false}, {"key": "CHUVEIRO_A_GAS", "text": "Chuveiro a g\u00e1s", "value": "NAO", "optional": false}, {"key": "QUARTO_DE_SERVICO", "text": "Quarto de servi\u00e7o", "value": "SIM", "optional": false}, {"key": "BANHEIRO_DE_SERVICO", "text": "Banheiro de servi\u00e7o", "value": "SIM", "optional": false}, {"key": "VARANDA_GOURMET", "text": "Varanda gourmet", "value": "NAO", "optional": false}, {"key": "APARTAMENTO_COBERTURA", "text": "Apartamento cobertura", "value": "NAO", "optional": false}, {"key": "QUARTO_EXTRA_REVERSIVEL", "text": "Quarto extra revers\u00edvel", "value": "NAO", "optional": false}, {"key": "FOGAO_INCLUSO", "text": "Fog\u00e3o", "value": "NAO", "optional": false}, {"key": "GELADEIRA_INCLUSO", "text": "Geladeira", "value": "NAO", "optional": false}, {"key": "BANHEIRO_ADAPTADO", "text": "Banheiro adaptado", "value": "SIM", "optional": false}, {"key": "CLOSET", "text": "Closet", "value": "NAO", "optional": false}, {"key": "COZINHA_AMERICANA", "text": "Cozinha americana", "value": "SIM", "optional": false}, {"key": "MESAS_E_CADEIRAS_DE_ESCRITORIO", "text": "Mesas e cadeiras de escrit\u00f3rio", "value": "NAO", "optional": false}, {"key": "JARDIM", "text": "Jardim", "value": "NAO", "optional": false}, {"key": "QUARTOS_E_CORREDORES_COM_PORTAS_AMPLAS", "text": "Quartos e corredores com portas amplas", "value": "SIM", "optional": false}, {"key": "QUINTAL", "text": "Quintal", "value": "SIM", "optional": false}, {"key": "SOMENTE_UMA_CASA_NO_TERRENO", "text": "Somente uma casa no terreno", "value": "NAO", "optional": false}, {"key": "AREA_DE_SERVICO", "text": "\u00c1rea de servi\u00e7o", "value": "SIM", "optional": false}], "comfortCommodities": [{"key": "BANHEIRA_DE_HIDROMASSAGEM", "text": "Banheira", "value": "NAO", "optional": false}, {"key": "PISCINA_PRIVATIVA", "text": "Piscina privativa", "value": "NAO", "optional": false}, {"key": "AR_CONDICIONADO", "text": "Ar condicionado", "value": "SIM", "optional": false}, {"key": "SOL_DA_MANHA", "text": "Sol da manh\u00e3", "value": "SIM", "optional": false}, {"key": "SOL_DA_TARDE", "text": "Sol da tarde", "value": "SIM", "optional": false}, {"key": "CORTINAS_BLACK_OUT", "text": "Cortinas corta luz", "value": "SIM", "optional": false}, {"key": "CORTINAS_DECORATIVAS", "text": "Cortina transl\u00facida", "value": "SIM", "optional": false}, {"key": "JANELA_ANTI_RUIDO", "text": "Janela anti-ru\u00eddo", "value": "SIM", "optional": false}, {"key": "VENTILADOR_DE_TETO", "text": "Ventilador de teto", "value": "SIM", "optional": false}, {"key": "LUMINOSIDADE_NATURAL", "text": "Janelas grandes", "value": "SIM", "optional": false}, {"key": "VISTA_LIVRE", "text": "Vista livre", "value": "SIM", "optional": false}, {"key": "RUA_SILENCIOSA", "text": "Rua silenciosa", "value": "SIM", "optional": false}], "practicalityCommodities": [{"key": "BOX", "text": "Box", "value": "SIM", "optional": false}, {"key": "ARMARIOS_EMBUTIDOS_NO_QUARTO", "text": "Arm\u00e1rios no quarto", "value": "SIM", "optional": false}, {"key": "ARMARIOS_NOS_BANHEIROS", "text": "Arm\u00e1rios no banheiro", "value": "SIM", "optional": false}, {"key": "ARMARIOS_NA_COZINHA", "text": "Arm\u00e1rios na cozinha", "value": "SIM", "optional": false}, {"key": "CHUVEIRO_A_GAS", "text": "Chuveiro a g\u00e1s", "value": "NAO", "optional": false}, {"key": "FOGAO_INCLUSO", "text": "Fog\u00e3o", "value": "NAO", "optional": false}, {"key": "GELADEIRA_INCLUSO", "text": "Geladeira", "value": "NAO", "optional": false}, {"key": "CHUVEIRO_ELETRICO", "text": "Chuveiro el\u00e9trico", "value": "SIM", "optional": false}, {"key": "MICROONDAS", "text": "Microondas", "value": "NAO", "optional": false}, {"key": "SOFA", "text": "Sof\u00e1", "value": "NAO", "optional": false}, {"key": "MAQUINA_DE_LAVAR", "text": "M\u00e1quina de lavar", "value": "NAO", "optional": false}, {"key": "TANQUE", "text": "Tanque", "value": "NAO", "optional": false}, {"key": "REDE_DE_PROTECAO", "text": "Tela nas janelas", "value": "SIM", "optional": false}, {"key": "VARAL_DE_ROUPAS", "text": "Varal de roupas", "value": "NAO", "optional": false}, {"key": "TOMADAS_NOVAS", "text": "Tomadas 3 pinos", "value": "NAO", "optional": false}, {"key": "TELEVISAO", "text": "Televis\u00e3o", "value": "NAO", "optional": false}, {"key": "MESAS_E_CADEIRAS_DE_JANTAR", "text": "Mesas e cadeiras de jantar", "value": "NAO", "optional": false}, {"key": "CHURRASQUEIRA", "text": "Churrasqueira", "value": "SIM", "optional": false}, {"key": "ACESSO_SEM_DEGRAUS", "text": "Acesso sem degraus", "value": "SIM", "optional": false}, {"key": "COOKTOP", "text": "Fog\u00e3o cooktop", "value": "NAO", "optional": false}, {"key": "UTENSILIOS_DE_COZINHA", "text": "Utens\u00edlios de cozinha", "value": "NAO", "optional": false}, {"key": "CAMA_DE_CASAL", "text": "Cama de casal", "value": "NAO", "optional": false}, {"key": "CAMA_DE_SOLTEIRO", "text": "Cama de solteiro", "value": "NAO", "optional": false}, {"key": "ESPELHO_NO_BANHEIRO", "text": "Espelho no banheiro", "value": "SIM", "optional": false}, {"key": "FECHADURA_ELETRONICA", "text": "Fechadura eletr\u00f4nica", "value": "NAO", "optional": false}, {"key": "ENERGIA", "text": "Energia no im\u00f3vel", "value": "SIM", "optional": false}], "area": 200, "installations": [{"key": "PLAYGROUND", "text": "Playground", "value": "NAO"}, {"key": "PISCINA", "text": "Piscina", "value": "NAO"}, {"key": "CHURRASQUEIRA", "text": "Churrasqueira", "value": "NAO"}, {"key": "QUADRA_ESPORTIVA", "text": "Quadra esportiva", "value": "NAO"}, {"key": "ACADEMIA", "text": "Academia", "value": "NAO"}, {"key": "SALAO_DE_FESTAS", "text": "Sal\u00e3o de festas", "value": "SIM"}, {"key": "SAUNA", "text": "Sauna", "value": "NAO"}, {"key": "LAVANDERIA_NO_PREDIO", "text": "Lavanderia no pr\u00e9dio", "value": "SIM"}, {"key": "GAS_ENCANADO", "text": "G\u00e1s encanado", "value": "SIM"}, {"key": "ESPACO_GOURMET_NA_AREA_COMUM", "text": "Espa\u00e7o gourmet na \u00e1rea comum", "value": "SIM"}, {"key": "BRINQUEDOTECA", "text": "Brinquedoteca", "value": "NAO"}, {"key": "CORRIMAO", "text": "Corrim\u00e3o", "value": "NAO"}, {"key": "PISO_TATIL", "text": "Piso t\u00e1til", "value": "NAO"}, {"key": "RAMPAS_DE_ACESSO", "text": "Rampas de acesso", "value": "NAO"}, {"key": "SALAO_DE_JOGOS", "text": "Sal\u00e3o de jogos", "value": "NAO"}, {"key": "VAGA_DE_GARAGEM_ACESSIVEL", "text": "Vaga de garagem acess\u00edvel", "value": "SIM"}, {"key": "AREA_VERDE", "text": "\u00c1rea verde", "value": "NAO"}, {"key": "Elevador", "value": "NAO"}, {"key": "Porteiro24H", "value": "NAO"}], "rentPrice": 6500, "condoPrice": 0, "condoType": "NaoExiste", "region": {"name": "Brooklin", "hub": {"loading": "UNSET", "enabled": false, "abSecretariat": false, "isPrimaryMarket": false}, "id": 42}, "type": "Casa", "iptuType": "Normal", "totalCost": 7386, "parkingSpaces": 2, "address": {"street": "Rua Pensilv\u00e2nia", "neighborhood": "Cidade Mon\u00e7\u00f5es", "city": "S\u00e3o Paulo", "zipCode": "04564-004", "stateName": "S\u00e3o Paulo", "stateAcronym": "SP", "lat": -23.6080668, "lng": -46.6910078, "countryName": "Brasil", "countryCode": "BR", "country": "Brasil"}, "homeProtection": 108, "remarks": "Ampla casa no Brooklin Novo com 200m\u00b2 de area construida , 03 dormitorios sendo um suite. Ar condicionado na suite e tambem em outro quarto , garage para 02 carros e portao automatico, quintal,edicula com area de servico,quarto e banheiro. Esta localizada nas proximidades da Av. Luiz Carlos Berrini,possuindo nas imediacoes restaurantes,onibus,e estacao de metro e na regiao o shopping Morumbi e o Market Place .", "furniture": "02 lustres pendentes (sala de estar e jantar),01 lustre om 03 lampadas (quarto de casal), 03 lustres nos corredores, luminarias com lampadas fluorescentes em todos as demais dependencias, 01 arandela externa, aparelhos de ar condicionado em 02 quartos,01 ventilador de teto com lampadas em outro quarto,02 chuveiros Jet Turbo da Lorenzetti com ducha, , exaustor e toneira eletrica na cozinha.", "acceptsPets": true, "hasFurniture": false, "isNearSubway": true, "placesNearby": [{"name": "DeRose Method Berrini", "type": "UNIVERSITY_OR_COLLEGE", "slug": "derose-method-berrini-brooklin-sao-paulo-sp"}, {"name": "Berrini", "type": "ESTACAO_METRO_OU_TREM", "slug": "estacao-berrini-sao-paulo-sp"}, {"name": "Terminal E.T. \u00c1gua Espraiada", "type": "BUS_TERMINAL_STATION", "slug": "terminal-e-t-agua-espraiada-cidade-moncoes-sao-paulo-sp"}, {"name": "Escola M. Dias", "type": "SCHOOL", "slug": "escola-m-dias-sao-paulo-sp-brasil"}, {"name": "Diko Pataca", "type": "SCHOOL", "slug": "diko-pataca-brooklin-sao-paulo-sp"}, {"name": "Shopping Cidade Jardim", "type": "SHOPPING_MALL", "slug": "shopping-cidade-jardim-cidade-jardim-sao-paulo-sp-brasil"}, {"name": "DeRose Method Brooklin", "type": "UNIVERSITY_OR_COLLEGE", "slug": "derose-method-brooklin-brooklin-sao-paulo-sp"}, {"name": "Shopping Vila Ol\u00edmpia", "type": "SHOPPING_MALL", "slug": "shopping-vila-olimpia-vila-olimpia-sao-paulo-sp"}, {"name": "Col\u00e9gio Objetivo Morumbi", "type": "SCHOOL", "slug": "colegio-objetivo-morumbi-real-parque-sao-paulo-sp"}, {"name": "Teatro Vivo", "type": "MUSEUM_THEATRE_OR_CONCERT_HALL", "slug": "teatro-vivo-brooklin-sao-paulo-sp"}, {"name": "UAM - Anhembi Morumbi", "type": "UNIVERSITY_OR_COLLEGE", "slug": "anhembi-morumbi-jaceru-morumbi-sao-paulo-sp"}, {"name": "Business School S\u00e3o Paulo", "type": "UNIVERSITY_OR_COLLEGE", "slug": "business-school-sao-paulo-brooklin-sao-paulo-sp"}, {"name": "Beat\u00edssima Virgem Maria", "type": "SCHOOL", "slug": "beatissima-virgem-maria-brooklin-sao-paulo-sp"}, {"name": "Escolinha das Ac\u00e1cias", "type": "SCHOOL", "slug": "escolinha-das-acacias-brooklin-sao-paulo-sp"}, {"name": "Shopping JK Iguatemi", "type": "SHOPPING_MALL", "slug": "shopping-jk-iguatemi-vila-olimpia-sao-paulo-sp"}, {"name": "Universidade Anhembi-Morumbi", "type": "SCHOOL", "slug": "universidade-anhembi-morumbi-vila-olimpia-sao-paulo-sp"}, {"name": "DeRose Method Vila Ol\u00edmpia", "type": "UNIVERSITY_OR_COLLEGE", "slug": "derose-method-vila-olimpia-vila-olimpia-sao-paulo-sp"}, {"name": "Shopping Morumbi", "type": "SHOPPING_MALL", "slug": "shopping-morumbi-jardim-das-acacias-sao-paulo-sp"}, {"name": "Insper", "type": "UNIVERSITY_OR_COLLEGE", "slug": "insper-vila-olimpia-sao-paulo-sp"}, {"name": "Reserva Ecol\u00f3gica do Morumbi", "type": "PARK_OR_GREEN_AREA", "slug": "reserva-ecologica-do-morumbi-cidade-jardim-sao-paulo-sp-brasil"}, {"name": "Hospital Evaldo Foz", "type": "HOSPITAL", "slug": "hospital-evaldo-foz-sao-paulo-sp-brasil"}], "availabilityType": "IMMEDIATE", "photos": [{"id": 34336412, "subtitle": "Sala", "url": "893925994-540.9337826665986DSC0601.JPG", "cover": true}, {"id": 34336411, "subtitle": "Sala", "url": "893925994-187.46401436137972DSC0600.JPG", "cover": false}, {"id": 34336410, "subtitle": "Sala", "url": "893925994-248.2302927477038DSC0599.JPG", "cover": false}, {"id": 34336413, "subtitle": "Sala", "url": "893925994-304.8358951787953DSC0602.JPG", "cover": false}, {"id": 34336415, "subtitle": "Sala", "url": "893925994-641.6566055778944DSC0603.JPG", "cover": false}, {"id": 34336408, "subtitle": "Vista", "url": "893925994-988.1025166308237DSC0597.JPG", "cover": false}, {"id": 34336431, "subtitle": "Su\u00edte 01", "url": "893925994-650.7870786529796DSC0610.JPG", "cover": false}, {"id": 34336435, "subtitle": "Su\u00edte 01", "url": "893925994-616.7305921874109DSC0612.JPG", "cover": false}, {"id": 34336437, "subtitle": "Su\u00edte 01", "url": "893925994-378.40435297809705DSC0613.JPG", "cover": false}, {"id": 34336425, "subtitle": "Corredor", "url": "893925994-43.545529419343865DSC0608.JPG", "cover": false}, {"id": 34336409, "subtitle": "Garagem", "url": "893925994-439.99744742403766DSC0598.JPG", "cover": false}, {"id": 34336417, "subtitle": "Corredor", "url": "893925994-102.28734229609682DSC0604.JPG", "cover": false}, {"id": 34336419, "subtitle": "Lavabo", "url": "893925994-943.3225435759381DSC0605.JPG", "cover": false}, {"id": 34336420, "subtitle": "Lavabo", "url": "893925994-41.85046573157236DSC0606.JPG", "cover": false}, {"id": 34336424, "subtitle": "Escada", "url": "893925994-362.38413810371827DSC0607.JPG", "cover": false}, {"id": 34336427, "subtitle": "Corredor", "url": "893925994-559.9903772641463DSC0609.JPG", "cover": false}, {"id": 34336432, "subtitle": "Su\u00edte 01", "url": "893925994-786.4836614377258DSC0611.JPG", "cover": false}, {"id": 34336439, "subtitle": "Su\u00edte 01", "url": "893925994-121.35339507762744DSC0614.JPG", "cover": false}, {"id": 34336442, "subtitle": "Su\u00edte 01", "url": "893925994-137.1166216013091DSC0615.JPG", "cover": false}, {"id": 34336446, "subtitle": "Su\u00edte 01", "url": "893925994-897.5939393572801DSC0616.JPG", "cover": false}, {"id": 34336447, "subtitle": "Su\u00edte 01", "url": "893925994-88.53426251214469DSC0617.JPG", "cover": false}, {"id": 34336450, "subtitle": "Su\u00edte 01", "url": "893925994-839.716756463212DSC0618.JPG", "cover": false}, {"id": 34336453, "subtitle": "Banheiro Su\u00edte 01", "url": "893925994-694.715632714384DSC0620.JPG", "cover": false}, {"id": 34336454, "subtitle": "Banheiro Su\u00edte 01", "url": "893925994-819.5426651940567DSC0621.JPG", "cover": false}, {"id": 34336455, "subtitle": "Banheiro Su\u00edte 01", "url": "893925994-992.3647116748933DSC0622.JPG", "cover": false}, {"id": 34336458, "subtitle": "Banheiro Su\u00edte 01", "url": "893925994-500.65796339058875DSC0623.JPG", "cover": false}, {"id": 34336462, "subtitle": "Quarto 02", "url": "893925994-660.7877090181732DSC0624.JPG", "cover": false}, {"id": 34336465, "subtitle": "Quarto 02", "url": "893925994-11.215186766309504DSC0625.JPG", "cover": false}, {"id": 34336467, "subtitle": "Quarto 02", "url": "893925994-857.1608700176222DSC0626.JPG", "cover": false}, {"id": 34336469, "subtitle": "Quarto 02", "url": "893925994-752.3460516599165DSC0627.JPG", "cover": false}, {"id": 34336472, "subtitle": "Quarto 02", "url": "893925994-136.3546673833651DSC0628.JPG", "cover": false}, {"id": 34336473, "subtitle": "Quarto 02", "url": "893925994-577.7274823768612DSC0629.JPG", "cover": false}, {"id": 34336476, "subtitle": "Quarto 02", "url": "893925994-327.1080753424616DSC0630.JPG", "cover": false}, {"id": 34336481, "subtitle": "Banheiro 02", "url": "893925994-86.57490760801012DSC0631.JPG", "cover": false}, {"id": 34336482, "subtitle": "Banheiro 02", "url": "893925994-630.6982585957599DSC0632.JPG", "cover": false}, {"id": 34336485, "subtitle": "Banheiro 02", "url": "893925994-236.72347369380685DSC0633.JPG", "cover": false}, {"id": 34336488, "subtitle": "Banheiro 02", "url": "893925994-245.66211028134788DSC0634.JPG", "cover": false}, {"id": 34336501, "subtitle": "Banheiro 02", "url": "893925994-776.2145344689044DSC0639.JPG", "cover": false}, {"id": 34336504, "subtitle": "Banheiro 02", "url": "893925994-122.97479131192502DSC0640.JPG", "cover": false}, {"id": 34336508, "subtitle": "Banheiro 02", "url": "893925994-622.8175695312063DSC0641.JPG", "cover": false}, {"id": 34336510, "subtitle": "Quarto 03", "url": "893925994-96.58971433033692DSC0642.JPG", "cover": false}, {"id": 34336513, "subtitle": "Quarto 03", "url": "893925994-650.5420862821169DSC0643.JPG", "cover": false}, {"id": 34336516, "subtitle": "Quarto 03", "url": "893925994-249.4619300757347DSC0644.JPG", "cover": false}, {"id": 34336518, "subtitle": "Quarto 03", "url": "893925994-313.665245717196DSC0645.JPG", "cover": false}, {"id": 34336520, "subtitle": "Quarto 03", "url": "893925994-322.3008789912848DSC0646.JPG", "cover": false}, {"id": 34336523, "subtitle": "Sala de Jantar", "url": "893925994-626.7375570866262DSC0647.JPG", "cover": false}, {"id": 34336526, "subtitle": "Sala de Jantar", "url": "893925994-397.00914353021756DSC0648.JPG", "cover": false}, {"id": 34336529, "subtitle": "Sala de Jantar", "url": "893925994-515.2574460777189DSC0649.JPG", "cover": false}, {"id": 34336531, "subtitle": "Sala de Jantar", "url": "893925994-957.8200409922891DSC0650.JPG", "cover": false}, {"id": 34336533, "subtitle": "Sala de Jantar", "url": "893925994-102.22911191908368DSC0651.JPG", "cover": false}, {"id": 34336538, "subtitle": "Sala de Jantar", "url": "893925994-233.94610033010733DSC0652.JPG", "cover": false}, {"id": 34336540, "subtitle": "Cozinha", "url": "893925994-104.02010549261188DSC0653.JPG", "cover": false}, {"id": 34336543, "subtitle": "Cozinha", "url": "893925994-669.2535079182695DSC0654.JPG", "cover": false}, {"id": 34336547, "subtitle": "Cozinha", "url": "893925994-404.11993421450774DSC0655.JPG", "cover": false}, {"id": 34336548, "subtitle": "Cozinha", "url": "893925994-99.82683832359984DSC0656.JPG", "cover": false}, {"id": 34336550, "subtitle": "Cozinha", "url": "893925994-658.7068362492112DSC0657.JPG", "cover": false}, {"id": 34336553, "subtitle": "Quintal", "url": "893925994-485.49239619424156DSC0658.JPG", "cover": false}, {"id": 34336555, "subtitle": "Quintal", "url": "893925994-481.7369180709926DSC0659.JPG", "cover": false}, {"id": 34336558, "subtitle": "Lavanderia", "url": "893925994-965.0873405806528DSC0660.JPG", "cover": false}, {"id": 34336559, "subtitle": "Lavanderia", "url": "893925994-502.47255390237154DSC0661.JPG", "cover": false}, {"id": 34336562, "subtitle": "Lavanderia", "url": "893925994-31.49191353946934DSC0662.JPG", "cover": false}, {"id": 34336564, "subtitle": "Lavanderia", "url": "893925994-927.4985966335743DSC0663.JPG", "cover": false}, {"id": 34336567, "subtitle": "Lavanderia", "url": "893925994-336.04038337843025DSC0664.JPG", "cover": false}, {"id": 34336569, "subtitle": "Quarto de Servi\u00e7os", "url": "893925994-862.7141686616969DSC0665.JPG", "cover": false}, {"id": 34336570, "subtitle": "Quarto de Servi\u00e7os", "url": "893925994-481.4497417888887DSC0666.JPG", "cover": false}, {"id": 34336573, "subtitle": "Quarto de Servi\u00e7os", "url": "893925994-974.3981225600062DSC0667.JPG", "cover": false}, {"id": 34336577, "subtitle": "Quarto de Servi\u00e7os", "url": "893925994-135.2249401740796DSC0668.JPG", "cover": false}, {"id": 34336405, "subtitle": "Garagem", "url": "893925994-514.6307441173257DSC0594.JPG", "cover": false}, {"id": 34336407, "subtitle": "Garagem", "url": "893925994-729.3537942495038DSC0596.JPG", "cover": false}, {"id": 34336579, "subtitle": "Quarto de Servi\u00e7os", "url": "893925994-90.94213959695463DSC0669.JPG", "cover": false}, {"id": 34336406, "subtitle": "Garagem", "url": "893925994-510.82158159441946DSC0595.JPG", "cover": false}, {"id": 34336582, "subtitle": "Quarto de Servi\u00e7os", "url": "893925994-995.2739576015437DSC0670.JPG", "cover": false}, {"id": 34336584, "subtitle": "Casa vista dos fundos", "url": "893925994-609.056047358485DSC0671.JPG", "cover": false}, {"id": 34336586, "subtitle": "Casa vista dos fundos", "url": "893925994-967.0242942935822DSC0672.JPG", "cover": false}, {"id": 34336588, "subtitle": "Corredor", "url": "893925994-110.68508480113604DSC0673.JPG", "cover": false}, {"id": 34336591, "subtitle": "Corredor", "url": "893925994-705.8373148782938DSC0674.JPG", "cover": false}, {"id": 34336595, "subtitle": "Fachada", "url": "893925994-982.6607077474303DSC0678.JPG", "cover": false}, {"id": 34336598, "subtitle": "Fachada", "url": "893925994-538.637467260059DSC0680.JPG", "cover": false}], "photosCategorizedByRooms": [], "relevantRegions": [], "photospheres": [], "specialConditions": [], "offers": {"closingRate": 0, "shouldHighlightIcon": true, "shouldShowOfferDialog": false, "shouldShowOffers": false, "summary": []}, "status": "publicado", "showUrlHasBeenCopiedSnackbar": false, "isGalleryModalOpen": false, "error": false, "loaded": true, "loading": false, "loadingCategorizedRooms": false, "selectedMedia": "tenant/HouseMedia/PHOTOS", "video": "", "promotions": [], "condominium": {}, "forRent": true, "forSale": false, "salePrice": 0, "mortgageFirstInstallment": 0, "listings": [{"imovelId": 893925994, "businessContext": "RENT", "status": "publicado", "firstPublicationDate": "2023-01-18T17:39:01.000+0000", "lastPublicationDate": "2023-01-18T17:39:01.000+0000", "listingRentModel": {"listingBusinessContextId": 1422752, "rentalAdministrator": "QUINTOANDAR"}, "houseAgents": [{"name": "Epifania  Melo Gomes ", "id": 3084545, "relationType": "KEY_HOLDER"}], "keyHolderAgent": {"id": 3084545, "agentId": 6744, "name": "Epifania  Melo Gomes "}, "ownership": "STANDARD"}], "listingTags": [], "businessContext": "", "regionParameters": {"loaded": false, "loading": false, "RENT": {"visitsEnabled": true, "talkToAgentEnabled": false}, "SALE": {"visitsEnabled": true, "talkToAgentEnabled": false}}, "houseAgent": {"isDialogOpen": false, "alreadyOpenedByQueryParam": false}, "tenantServiceFee": 168, "closingStatus": {"loading": false}, "rentalGuarantee": {"minValue": 1625, "maxValue": 4875}, "reservationAvailability": null, "isPrimaryMarket": false, "macroRegion": {"id": 2723, "name": "SPO 05"}, "suites": 1, "allowsCustomOffer": false, "displayCustomOfferPreference": false, "houseVisitStatus": "ACCEPT_NEW", "visitStatusReason": null, "visitsUnavailable": false, "isReserved": false, "allowDirectOffer": true, "lastPublishedDate": "2023-01-18T17:39:01.000Z", "listingPublication": "not_stranded", "rentOnTermination": false, "constructionYear": null, "categories": []}, "markers": {"lat": -23.6080668, "lng": -46.6910078}, "talkToAgent": {"dialog": {"open": false, "questionType": null, "question": ""}, "agentSupport": {}, "error": null, "autoSubmit": false, "loading": false, "submitting": false, "success": false, "hasLoadedAgentInfo": false, "agent": null, "hasLoadedAgentsInRegion": false, "agentsInRegion": null}}}}, "__N_SSP": true}, "page": "/imovel/[houseId]/[[...slug]]", "query": {"houseId": "893925994", "slug": ["alugar", "casa-3-quartos-cidade-moncoes-sao-paulo"]}, "buildId": "gCr3Bg2lYzV9hxZqGibIQ", "runtimeConfig": {"NEXT_PUBLIC_HOME_ADVERTISING_BANNER": "coupon"}, "isFallback": false, "dynamicIds": [61847, 31265, 66435, 77453, 87356, 60899, 41103, 3232, 72227, 40072, 39327, 19904, 96827], "gssp": true, "customServer": true, "appGip": true, "locale": "pt-BR", "locales": ["pt-BR", "es-MX"], "defaultLocale": "pt-BR", "domainLocales": [{"domain": "www.quintoandar.com.br", "defaultLocale": "pt-BR"}, {"domain": "www.benvi.mx", "defaultLocale": "es-MX"}], "scriptLoader": []}