{"props": {"pageProps": {"initialState": {"route": {"locationBeforeTransitions": {"pathname": "/imovel/893977510/alugar/apartamento-3-quartos-itaim-bibi-sao-paulo", "search": "", "hash": "", "action": "POP", "query": {}}, "topLevelRouteName": "house details", "businessContext": "RENT", "favoriteListsBusinessContext": "RENT"}, "router": {"location": {"href": "/", "pathname": "/", "search": "", "hash": ""}}, "progress": {"pendingRequests": -1}, "login": {"response": {}, "user": {"isLoggedIn": false, "id": 0, "agentId": 0, "hashId": "", "sessionId": null, "name": "", "email": "", "maskedEmail": "", "jwt": {"app": "", "firebase": ""}, "phone": {"countryCode": "+55", "areaCode": "", "phoneNumber": ""}, "country": "BR", "channel": "", "isPhoneRegistered": false, "acceptWhatsapp": true, "hasDocument": false, "isPartner": false}, "accountForm": {}, "redirectUrl": "", "isRequestOngoing": false}, "captcha": {"token": "", "hasLoadedRemoteConfig": false, "provider": "", "friction": "low", "unavailableCountriesCode": []}, "supportedCities": [], "inAppMessages": {"biomaSurvey": {"isOpen": false, "formId": null, "data": {"opaque": true}}}, "metaData": {"similar_houses_clicked": []}, "appData": {"device": {"type": "desktop", "isSearchEngineCrawler": false}, "experiments": "X-AB-Test=ab_exposed_filter_sale_desktop:1,ab_exposed_filter_sale_v1:1,ab_exposed_filters:1,ab_load_more_v0:-1,ab_new_house_card_v2:0,ab_new_rent_listing_phase2:0,ab_profiling_create_alert_filters:0,ab_scheduling_step_by_step_v1:1,ab_show_floor_sale:0,ab_street_search_retrieval_v1:0"}, "house": {"houseInfo": {"id": "893977510", "displayId": "1277510", "bedrooms": 3, "city": "S\u00e3o Paulo", "cityId": 39, "bathrooms": 2, "iptu": 331, "amenities": [{"key": "BANHEIRA_DE_HIDROMASSAGEM", "text": "Banheira", "value": "NAO", "optional": false}, {"key": "BOX", "text": "Box", "value": "SIM", "optional": false}, {"key": "VARANDA", "text": "Varanda", "value": "NAO", "optional": false}, {"key": "PISCINA_PRIVATIVA", "text": "Piscina privativa", "value": "NAO", "optional": false}, {"key": "ARMARIOS_EMBUTIDOS_NO_QUARTO", "text": "Arm\u00e1rios no quarto", "value": "SIM", "optional": false}, {"key": "ARMARIOS_NOS_BANHEIROS", "text": "Arm\u00e1rios no banheiro", "value": "SIM", "optional": false}, {"key": "ARMARIOS_NA_COZINHA", "text": "Arm\u00e1rios na cozinha", "value": "SIM", "optional": false}, {"key": "AR_CONDICIONADO", "text": "Ar condicionado", "value": "SIM", "optional": false}, {"key": "CHUVEIRO_A_GAS", "text": "Chuveiro a g\u00e1s", "value": "SIM", "optional": false}, {"key": "QUARTO_DE_SERVICO", "text": "Quarto de servi\u00e7o", "value": "NAO", "optional": false}, {"key": "BANHEIRO_DE_SERVICO", "text": "Banheiro de servi\u00e7o", "value": "NAO", "optional": false}, {"key": "VARANDA_GOURMET", "text": "Varanda gourmet", "value": "NAO", "optional": false}, {"key": "APARTAMENTO_COBERTURA", "text": "Apartamento cobertura", "value": "NAO", "optional": false}, {"key": "QUARTO_EXTRA_REVERSIVEL", "text": "Quarto extra revers\u00edvel", "value": "NAO", "optional": false}, {"key": "FOGAO_INCLUSO", "text": "Fog\u00e3o", "value": "SIM", "optional": false}, {"key": "GELADEIRA_INCLUSO", "text": "Geladeira", "value": "NAO", "optional": false}, {"key": "BANHEIRO_ADAPTADO", "text": "Banheiro adaptado", "value": "NAO", "optional": false}, {"key": "CLOSET", "text": "Closet", "value": "NAO", "optional": false}, {"key": "COZINHA_AMERICANA", "text": "Cozinha americana", "value": "NAO", "optional": false}, {"key": "MESAS_E_CADEIRAS_DE_ESCRITORIO", "text": "Mesas e cadeiras de escrit\u00f3rio", "value": "NAO", "optional": false}, {"key": "JARDIM", "text": "Jardim", "value": "NAO", "optional": false}, {"key": "QUARTOS_E_CORREDORES_COM_PORTAS_AMPLAS", "text": "Quartos e corredores com portas amplas", "value": "SIM", "optional": false}, {"key": "QUINTAL", "text": "Quintal", "value": "NAO", "optional": false}, {"key": "SOMENTE_UMA_CASA_NO_TERRENO", "text": "Somente uma casa no terreno", "value": "NAO", "optional": false}, {"key": "AREA_DE_SERVICO", "text": "\u00c1rea de servi\u00e7o", "value": "SIM", "optional": false}], "comfortCommodities": [{"key": "BANHEIRA_DE_HIDROMASSAGEM", "text": "Banheira", "value": "NAO", "optional": false}, {"key": "PISCINA_PRIVATIVA", "text": "Piscina privativa", "value": "NAO", "optional": false}, {"key": "AR_CONDICIONADO", "text": "Ar condicionado", "value": "SIM", "optional": false}, {"key": "SOL_DA_MANHA", "text": "Sol da manh\u00e3", "value": "NAO", "optional": false}, {"key": "SOL_DA_TARDE", "text": "Sol da tarde", "value": "SIM", "optional": false}, {"key": "CORTINAS_BLACK_OUT", "text": "Cortinas corta luz", "value": "NAO", "optional": false}, {"key": "CORTINAS_DECORATIVAS", "text": "Cortina transl\u00facida", "value": "NAO", "optional": false}, {"key": "JANELA_ANTI_RUIDO", "text": "Janela anti-ru\u00eddo", "value": "NAO", "optional": false}, {"key": "VENTILADOR_DE_TETO", "text": "Ventilador de teto", "value": "NAO", "optional": false}, {"key": "LUMINOSIDADE_NATURAL", "text": "Janelas grandes", "value": "SIM", "optional": false}, {"key": "VISTA_LIVRE", "text": "Vista livre", "value": "SIM", "optional": false}, {"key": "RUA_SILENCIOSA", "text": "Rua silenciosa", "value": "NAO", "optional": false}], "practicalityCommodities": [{"key": "BOX", "text": "Box", "value": "SIM", "optional": false}, {"key": "ARMARIOS_EMBUTIDOS_NO_QUARTO", "text": "Arm\u00e1rios no quarto", "value": "SIM", "optional": false}, {"key": "ARMARIOS_NOS_BANHEIROS", "text": "Arm\u00e1rios no banheiro", "value": "SIM", "optional": false}, {"key": "ARMARIOS_NA_COZINHA", "text": "Arm\u00e1rios na cozinha", "value": "SIM", "optional": false}, {"key": "CHUVEIRO_A_GAS", "text": "Chuveiro a g\u00e1s", "value": "SIM", "optional": false}, {"key": "FOGAO_INCLUSO", "text": "Fog\u00e3o", "value": "SIM", "optional": false}, {"key": "GELADEIRA_INCLUSO", "text": "Geladeira", "value": "NAO", "optional": false}, {"key": "CHUVEIRO_ELETRICO", "text": "Chuveiro el\u00e9trico", "value": "NAO", "optional": false}, {"key": "MICROONDAS", "text": "Microondas", "value": "NAO", "optional": false}, {"key": "SOFA", "text": "Sof\u00e1", "value": "NAO", "optional": false}, {"key": "MAQUINA_DE_LAVAR", "text": "M\u00e1quina de lavar", "value": "NAO", "optional": false}, {"key": "TANQUE", "text": "Tanque", "value": "SIM", "optional": false}, {"key": "REDE_DE_PROTECAO", "text": "Tela nas janelas", "value": "NAO", "optional": false}, {"key": "VARAL_DE_ROUPAS", "text": "Varal de roupas", "value": "NAO", "optional": false}, {"key": "TOMADAS_NOVAS", "text": "Tomadas 3 pinos", "value": "NAO", "optional": false}, {"key": "TELEVISAO", "text": "Televis\u00e3o", "value": "NAO", "optional": false}, {"key": "MESAS_E_CADEIRAS_DE_JANTAR", "text": "Mesas e cadeiras de jantar", "value": "NAO", "optional": false}, {"key": "CHURRASQUEIRA", "text": "Churrasqueira", "value": "NAO", "optional": false}, {"key": "ACESSO_SEM_DEGRAUS", "text": "Acesso sem degraus", "value": "NAO", "optional": false}, {"key": "COOKTOP", "text": "Fog\u00e3o cooktop", "value": "NAO", "optional": false}, {"key": "UTENSILIOS_DE_COZINHA", "text": "Utens\u00edlios de cozinha", "value": "NAO", "optional": false}, {"key": "CAMA_DE_CASAL", "text": "Cama de casal", "value": "NAO", "optional": false}, {"key": "CAMA_DE_SOLTEIRO", "text": "Cama de solteiro", "value": "NAO", "optional": false}, {"key": "ESPELHO_NO_BANHEIRO", "text": "Espelho no banheiro", "value": "NAO", "optional": false}, {"key": "FECHADURA_ELETRONICA", "text": "Fechadura eletr\u00f4nica", "value": "NAO", "optional": false}, {"key": "ENERGIA", "text": "Energia no im\u00f3vel", "value": "NAO", "optional": false}], "area": 128, "installations": [{"key": "PLAYGROUND", "text": "Playground", "value": "SIM"}, {"key": "PISCINA", "text": "Piscina", "value": "NAO"}, {"key": "CHURRASQUEIRA", "text": "Churrasqueira", "value": "NAO"}, {"key": "QUADRA_ESPORTIVA", "text": "Quadra esportiva", "value": "NAO"}, {"key": "ACADEMIA", "text": "Academia", "value": "SIM"}, {"key": "SALAO_DE_FESTAS", "text": "Sal\u00e3o de festas", "value": "SIM"}, {"key": "SAUNA", "text": "Sauna", "value": "NAO"}, {"key": "LAVANDERIA_NO_PREDIO", "text": "Lavanderia no pr\u00e9dio", "value": "NAO"}, {"key": "GAS_ENCANADO", "text": "G\u00e1s encanado", "value": "NAO"}, {"key": "ESPACO_GOURMET_NA_AREA_COMUM", "text": "Espa\u00e7o gourmet na \u00e1rea comum", "value": "NAO"}, {"key": "BRINQUEDOTECA", "text": "Brinquedoteca", "value": "SIM"}, {"key": "CORRIMAO", "text": "Corrim\u00e3o", "value": "SIM"}, {"key": "PISO_TATIL", "text": "Piso t\u00e1til", "value": "NAO"}, {"key": "RAMPAS_DE_ACESSO", "text": "Rampas de acesso", "value": "SIM"}, {"key": "SALAO_DE_JOGOS", "text": "Sal\u00e3o de jogos", "value": "NAO"}, {"key": "VAGA_DE_GARAGEM_ACESSIVEL", "text": "Vaga de garagem acess\u00edvel", "value": "SIM"}, {"key": "AREA_VERDE", "text": "\u00c1rea verde", "value": "SIM"}, {"key": "Elevador", "value": "SIM"}, {"key": "Porteiro24H", "value": "SIM"}], "rentPrice": 6000, "condoPrice": 1870, "condoType": "Normal", "region": {"name": "Itaim Bibi", "hub": {"loading": "UNSET", "enabled": false, "abSecretariat": false, "isPrimaryMarket": false}, "id": 58}, "type": "Apartamento", "iptuType": "Normal", "totalCost": 8433, "parkingSpaces": 2, "address": {"street": "Rua Jap\u00e3o", "neighborhood": "Itaim Bibi", "city": "S\u00e3o Paulo", "zipCode": "04530-070", "stateName": "S\u00e3o Paulo", "stateAcronym": "SP", "lat": -23.5781525, "lng": -46.6734017, "countryName": "Brasil", "countryCode": "BR", "country": "Brasil"}, "floor": 8, "homeProtection": 77, "remarks": "", "acceptsPets": true, "hasFurniture": false, "isNearSubway": false, "placesNearby": [{"name": "C\u00e9lia Helena Centro de Artes e Educa\u00e7\u00e3o", "type": "UNIVERSITY_OR_COLLEGE", "slug": "celia-helena-centro-de-artes-e-educacao-jardim-paulista-sao-paulo-sp"}, {"name": "Escola Estadual Ludovina Credidio Peixoto", "type": "SCHOOL", "slug": "escola-estadual-ludovina-credidio-peixoto-itaim-bibi-sao-paulo-sp"}, {"name": "DeRose Method Itaim", "type": "UNIVERSITY_OR_COLLEGE", "slug": "derose-method-itaim-itaim-bibi-sao-paulo-sp"}, {"name": "MuBE (Museu Brasileiro da Escultura e Ecologia)", "type": "MUSEUM_THEATRE_OR_CONCERT_HALL", "slug": "mube-museu-brasileiro-da-escultura-e-ecologia-jardim-europa-sao-paulo-sp-brasil"}, {"name": "Hospital Sancta Maggiore", "type": "HOSPITAL", "slug": "hospital-sancta-maggiore-itaim-bibi-sao-paulo-sp"}, {"name": "Hospital S\u00edrio Liban\u00eas Jardins", "type": "HOSPITAL", "slug": "hospital-sirio-libanes-jardins-jardim-america-sao-paulo-sp-brasil"}, {"name": "Amil Sa\u00fade", "type": "HOSPITAL", "slug": "amil-saude-jardim-america-sao-paulo-sp-brasil"}, {"name": "Pra\u00e7a Adolfo Bloch", "type": "PARK_OR_GREEN_AREA", "slug": "praca-adolfo-bloch-jardim-america-sao-paulo-sp-brasil"}, {"name": "Let's Code", "type": "SCHOOL", "slug": "let's-code-jardim-europa-sao-paulo-sp"}, {"name": "Col\u00e9gio Madre Alix", "type": "SCHOOL", "slug": "colegio-madre-alix-jardim-paulistano-sao-paulo-sp-brasil"}, {"name": "Hospital do Cora\u00e7\u00e3o", "type": "HOSPITAL", "slug": "hospital-do-coracao-jardim-europa-sao-paulo-sp-brasil"}, {"name": "St. Paul's School", "type": "SCHOOL", "slug": "st-paul's-school-jardim-paulistano-sao-paulo-sp-brasil"}, {"name": "Museu da Casa Brasileira (MCB)", "type": "MUSEUM_THEATRE_OR_CONCERT_HALL", "slug": "museu-da-casa-brasileira-mcb-jardim-europa-sao-paulo-sp-brasil"}, {"name": "Escola Louren\u00e7o Castanho", "type": "SCHOOL", "slug": "escola-lourenco-castanho-vila-nova-conceicao-sao-paulo-sp-brasil"}, {"name": "Pra\u00e7a Gast\u00e3o Vidigal", "type": "PARK_OR_GREEN_AREA", "slug": "praca-gastao-vidigal-jardim-paulistano-sao-paulo-sp-brasil"}, {"name": "Cl\u00ednica M\u00e9dica Dr. David Uip", "type": "HOSPITAL", "slug": "clinica-medica-dr-david-uip-jardim-america-sao-paulo-sp-brasil"}, {"name": "Teatro Proc\u00f3pio Ferreira", "type": "MUSEUM_THEATRE_OR_CONCERT_HALL", "slug": "teatro-procopio-ferreira-jardim-paulista-sao-paulo-sp"}, {"name": "Shopping Jardins S\u00e3o Paulo", "type": "SHOPPING_MALL", "slug": "shopping-jardins-sao-paulo-jardim-paulista-sao-paulo-sp"}, {"name": "Grupo Escolar Martim Francisco", "type": "SCHOOL", "slug": "grupo-escolar-martim-francisco-vila-nova-conceicao-sao-paulo-sp-brasil"}, {"name": "Cinemark", "type": "MUSEUM_THEATRE_OR_CONCERT_HALL", "slug": "cinemark-jardim-europa-sao-paulo-sp"}, {"name": "Galeria Melissa Sao Paulo", "type": "MUSEUM_THEATRE_OR_CONCERT_HALL", "slug": "galeria-melissa-sao-paulo-jardim-paulista-sao-paulo-sp"}, {"name": "DeRose Method Vila Nova Concei\u00e7\u00e3o", "type": "UNIVERSITY_OR_COLLEGE", "slug": "derose-method-vila-nova-conceicao-vila-nova-conceicao-sao-paulo-sp"}, {"name": "Pra\u00e7a Pereira Coutinho", "type": "PARK_OR_GREEN_AREA", "slug": "praca-pereira-coutinho-vila-nova-conceicao-sao-paulo-sp-brasil"}, {"name": "Centro Mercantil Jardim Am\u00e9rica", "type": "SHOPPING_MALL", "slug": "centro-mercantil-jardim-america-jardim-paulista-sao-paulo-sp"}, {"name": "Galeria de Arte Andr\u00e9", "type": "MUSEUM_THEATRE_OR_CONCERT_HALL", "slug": "galeria-de-arte-andre-jardim-paulista-sao-paulo-sp"}, {"name": "Wizard", "type": "SCHOOL", "slug": "wizard-jardim-paulista-sao-paulo-sp"}, {"name": "Teatro Vento Forte", "type": "MUSEUM_THEATRE_OR_CONCERT_HALL", "slug": "teatro-vento-forte-itaim-bibi-sao-paulo-sp"}, {"name": "Shopping Vitrine Iguatemi", "type": "SHOPPING_MALL", "slug": "shopping-vitrine-iguatemi-jardim-paulistano-sao-paulo-sp"}, {"name": "Escola Dom Ratinho", "type": "SCHOOL", "slug": "escola-dom-ratinho-jardim-paulista-sao-paulo-sp"}, {"name": "Baro Galeria", "type": "MUSEUM_THEATRE_OR_CONCERT_HALL", "slug": "baro-galeria-jardim-paulista-sao-paulo-sp"}], "photos": [{"id": 35993216, "subtitle": "Sala", "url": "893977510-180.88024549409343IMG4954.JPG", "cover": true}, {"id": 35993219, "subtitle": "Sala", "url": "893977510-30.754069555210428IMG4955.JPG", "cover": false}, {"id": 35993221, "subtitle": "Sala", "url": "893977510-78.77413413502742IMG4956.JPG", "cover": false}, {"id": 35993224, "subtitle": "Sala", "url": "893977510-366.20483057890186IMG4957.JPG", "cover": false}, {"id": 35993230, "subtitle": "Sala", "url": "893977510-814.0198517092576IMG4959.JPG", "cover": false}, {"id": 35993234, "subtitle": "Sala", "url": "893977510-963.7143129645428IMG4960.JPG", "cover": false}, {"id": 35993226, "subtitle": "Sala", "url": "893977510-488.25849213276575IMG4958.JPG", "cover": false}, {"id": 35993239, "subtitle": "Vista", "url": "893977510-396.42193329419405IMG4961.JPG", "cover": false}, {"id": 35993240, "subtitle": "Quarto 1", "url": "893977510-769.0837913651711IMG4962.JPG", "cover": false}, {"id": 35993241, "subtitle": "Quarto 1", "url": "893977510-906.4356290802803IMG4963.JPG", "cover": false}, {"id": 35993243, "subtitle": "Quarto 1", "url": "893977510-13.284274495300785IMG4964.JPG", "cover": false}, {"id": 35993246, "subtitle": "Quarto 1", "url": "893977510-555.0763313132392IMG4965.JPG", "cover": false}, {"id": 35993248, "subtitle": "Quarto 1", "url": "893977510-684.6851268791874IMG4966.JPG", "cover": false}, {"id": 35993250, "subtitle": "Vista", "url": "893977510-885.3339495936494IMG4967.JPG", "cover": false}, {"id": 35993251, "subtitle": "Quarto 2", "url": "893977510-789.4305372192599IMG4968.JPG", "cover": false}, {"id": 35993254, "subtitle": "Quarto 2", "url": "893977510-925.3934141880624IMG4969.JPG", "cover": false}, {"id": 35993256, "subtitle": "Quarto 2", "url": "893977510-452.486411132305IMG4970.JPG", "cover": false}, {"id": 35993260, "subtitle": "Quarto 2", "url": "893977510-555.1784202981758IMG4971.JPG", "cover": false}, {"id": 35993264, "subtitle": "Quarto 2", "url": "893977510-372.21389644690464IMG4972.JPG", "cover": false}, {"id": 35993265, "subtitle": "Quarto 2", "url": "893977510-862.0557855321562IMG4973.JPG", "cover": false}, {"id": 35993269, "subtitle": "Vista", "url": "893977510-617.7883147272843IMG4975.JPG", "cover": false}, {"id": 35993273, "subtitle": "Su\u00edte", "url": "893977510-661.9378922199115IMG4976.JPG", "cover": false}, {"id": 35993275, "subtitle": "Su\u00edte", "url": "893977510-536.5422290503235IMG4977.JPG", "cover": false}, {"id": 35993279, "subtitle": "Su\u00edte", "url": "893977510-770.7706092816809IMG4978.JPG", "cover": false}, {"id": 35993283, "subtitle": "Su\u00edte", "url": "893977510-192.4180907742914IMG4979.JPG", "cover": false}, {"id": 35993285, "subtitle": "Su\u00edte", "url": "893977510-350.2309792023758IMG4980.JPG", "cover": false}, {"id": 35993290, "subtitle": "Vista", "url": "893977510-672.6430886477447IMG4981.JPG", "cover": false}, {"id": 35993299, "subtitle": "Banheiro da Su\u00edte", "url": "893977510-871.0244655783633IMG4982.JPG", "cover": false}, {"id": 35993305, "subtitle": "Banheiro da Su\u00edte", "url": "893977510-306.87324524734873IMG4983.JPG", "cover": false}, {"id": 35993312, "subtitle": "Banheiro da Su\u00edte", "url": "893977510-921.8029936470986IMG4985.JPG", "cover": false}, {"id": 35993320, "subtitle": "Banheiro da Su\u00edte", "url": "893977510-335.917872283796IMG4986.JPG", "cover": false}, {"id": 35993324, "subtitle": "Banheiro da Su\u00edte", "url": "893977510-614.4928431566982IMG4987.JPG", "cover": false}, {"id": 35993329, "subtitle": "Banheiro", "url": "893977510-520.5306484724372IMG4988.JPG", "cover": false}, {"id": 35993334, "subtitle": "Banheiro", "url": "893977510-9.906649398424339IMG4989.JPG", "cover": false}, {"id": 35993343, "subtitle": "Banheiro", "url": "893977510-822.2042292122674IMG4990.JPG", "cover": false}, {"id": 35993354, "subtitle": "Banheiro", "url": "893977510-729.5332758460326IMG4991.JPG", "cover": false}, {"id": 35993371, "subtitle": "Banheiro", "url": "893977510-808.5853855353218IMG4992.JPG", "cover": false}, {"id": 35993385, "subtitle": "Banheiro", "url": "893977510-935.3683637893818IMG4993.JPG", "cover": false}, {"id": 35993393, "subtitle": "Cozinha", "url": "893977510-224.99313794125686IMG4994.JPG", "cover": false}, {"id": 35993401, "subtitle": "Cozinha", "url": "893977510-912.1028719761632IMG4995.JPG", "cover": false}, {"id": 35993409, "subtitle": "Cozinha", "url": "893977510-434.15650264438256IMG4996.JPG", "cover": false}, {"id": 35993420, "subtitle": "Cozinha", "url": "893977510-615.2183776790571IMG4997.JPG", "cover": false}, {"id": 35993430, "subtitle": "Cozinha", "url": "893977510-789.1005206396486IMG4998.JPG", "cover": false}, {"id": 35993436, "subtitle": "Cozinha", "url": "893977510-282.7101703715985IMG4999.JPG", "cover": false}, {"id": 35993443, "subtitle": "\u00c1rea de Servi\u00e7o", "url": "893977510-247.42228857577152IMG5001.JPG", "cover": false}, {"id": 35993450, "subtitle": "\u00c1rea de Servi\u00e7o", "url": "893977510-251.9409385747139IMG5002.JPG", "cover": false}, {"id": 35993460, "subtitle": "\u00c1rea de Servi\u00e7o", "url": "893977510-26.28545251579062IMG5003.JPG", "cover": false}, {"id": 35993464, "subtitle": "\u00c1rea de Servi\u00e7o", "url": "893977510-304.5100132452712IMG5004.JPG", "cover": false}, {"id": 35993470, "subtitle": "\u00c1rea de Servi\u00e7o", "url": "893977510-435.1094825235722IMG5005.JPG", "cover": false}, {"id": 35993476, "subtitle": "\u00c1rea de Servi\u00e7o", "url": "893977510-782.2479367307851IMG5006.JPG", "cover": false}, {"id": 35993483, "subtitle": "Quarto de Servi\u00e7o", "url": "893977510-561.1649798537609IMG5007.JPG", "cover": false}, {"id": 35993488, "subtitle": "Quarto de Servi\u00e7o", "url": "893977510-598.7758546209697IMG5008.JPG", "cover": false}, {"id": 35993492, "subtitle": "Quarto de Servi\u00e7o", "url": "893977510-779.7775248255953IMG5009.JPG", "cover": false}, {"id": 35993495, "subtitle": "Quarto de Servi\u00e7o", "url": "893977510-179.89197431847748IMG5010.JPG", "cover": false}, {"id": 35993500, "subtitle": "Quarto de Servi\u00e7o", "url": "893977510-795.8380981781439IMG5011.JPG", "cover": false}, {"id": 35993503, "subtitle": "Banheiro de Servi\u00e7o", "url": "893977510-43.54219463618758IMG5012.JPG", "cover": false}, {"id": 35993507, "subtitle": "Banheiro de Servi\u00e7o", "url": "893977510-754.8246770566233IMG5013.JPG", "cover": false}, {"id": 35993513, "subtitle": "Banheiro de Servi\u00e7o", "url": "893977510-57.7091239576597IMG5014.JPG", "cover": false}, {"id": 35993518, "subtitle": "Banheiro de Servi\u00e7o", "url": "893977510-571.7559287909855IMG5015.JPG", "cover": false}, {"id": 35993526, "subtitle": "Banheiro de Servi\u00e7o", "url": "893977510-23.259082408855992IMG5016.JPG", "cover": false}, {"id": 35993529, "subtitle": "Brinquedoteca", "url": "893977510-745.2745082404571IMG5018.JPG", "cover": false}, {"id": 35993532, "subtitle": "Brinquedoteca", "url": "893977510-770.7518460135326IMG5019.JPG", "cover": false}, {"id": 35993535, "subtitle": "Playground", "url": "893977510-933.4178075288505IMG5020.JPG", "cover": false}, {"id": 35993536, "subtitle": "\u00c1rea externa", "url": "893977510-34.626967161270336IMG5021.JPG", "cover": false}, {"id": 35993538, "subtitle": "Sal\u00e3o de Festas", "url": "893977510-371.20725335880735IMG5022.JPG", "cover": false}, {"id": 35993541, "subtitle": "Sal\u00e3o de Festas", "url": "893977510-314.62904789823665IMG5024.JPG", "cover": false}, {"id": 35993543, "subtitle": "Sal\u00e3o de Festas", "url": "893977510-204.27053925471117IMG5026.JPG", "cover": false}, {"id": 35993539, "subtitle": "\u00c1rea externa", "url": "893977510-735.2236612094359IMG5023.JPG", "cover": false}, {"id": 35993542, "subtitle": "Hall", "url": "893977510-515.9006822000781IMG5025.JPG", "cover": false}, {"id": 35993544, "subtitle": "Academia", "url": "893977510-594.9552851381419IMG5027.JPG", "cover": false}, {"id": 35993548, "subtitle": "Academia", "url": "893977510-582.8691314027243IMG5028.JPG", "cover": false}, {"id": 35993551, "subtitle": "Fachada", "url": "893977510-647.1903139764594IMG5029.JPG", "cover": false}, {"id": 35993554, "subtitle": "Fachada", "url": "893977510-555.6071920925749IMG5030.JPG", "cover": false}], "photosCategorizedByRooms": [], "relevantRegions": [], "photospheres": [], "specialConditions": [], "offers": {"closingRate": 0, "shouldHighlightIcon": true, "shouldShowOfferDialog": false, "shouldShowOffers": false, "summary": []}, "status": "publicado", "showUrlHasBeenCopiedSnackbar": false, "isGalleryModalOpen": false, "error": false, "loaded": true, "loading": false, "loadingCategorizedRooms": false, "selectedMedia": "tenant/HouseMedia/PHOTOS", "video": "", "promotions": [], "condominium": {"hashId": "wk27s9v1p6", "name": "Venezia", "slug": "venezia-itaim-bibi-sao-paulo", "address": "Rua Jap\u00e3o"}, "forRent": true, "forSale": false, "salePrice": 0, "mortgageFirstInstallment": 0, "listings": [{"imovelId": 893977510, "businessContext": "RENT", "status": "publicado", "firstPublicationDate": "2023-03-02T01:57:08.000+0000", "lastPublicationDate": "2023-03-02T01:57:08.000+0000", "listingRentModel": {"listingBusinessContextId": 1487202, "rentalAdministrator": "QUINTOANDAR"}, "ownership": "STANDARD"}], "listingTags": [], "businessContext": "", "regionParameters": {"loaded": false, "loading": false, "RENT": {"visitsEnabled": true, "talkToAgentEnabled": false}, "SALE": {"visitsEnabled": true, "talkToAgentEnabled": false}}, "houseAgent": {"isDialogOpen": false, "alreadyOpenedByQueryParam": false}, "tenantServiceFee": 155, "closingStatus": {"loading": false}, "rentalGuarantee": {"minValue": 1500, "maxValue": 4500}, "reservationAvailability": null, "isPrimaryMarket": false, "macroRegion": {"id": 2720, "name": "SPO 06"}, "suites": 1, "houseVisitStatus": "ACCEPT_NEW", "visitStatusReason": null, "visitsUnavailable": false, "isReserved": false, "allowDirectOffer": true, "lastPublishedDate": "2023-03-02T01:57:08.000Z", "listingPublication": "not_stranded", "rentOnTermination": false, "constructionYear": null, "categories": []}, "markers": {"lat": -23.5781525, "lng": -46.6734017}, "talkToAgent": {"dialog": {"open": false, "questionType": null, "question": ""}, "agentSupport": {}, "error": null, "autoSubmit": false, "loading": false, "submitting": false, "success": false, "hasLoadedAgentInfo": false, "agent": null, "hasLoadedAgentsInRegion": false, "agentsInRegion": null}}}}, "__N_SSP": true}, "page": "/imovel/[houseId]/[[...slug]]", "query": {"houseId": "893977510", "slug": ["alugar", "apartamento-3-quartos-itaim-bibi-sao-paulo"]}, "buildId": "gCr3Bg2lYzV9hxZqGibIQ", "runtimeConfig": {"NEXT_PUBLIC_HOME_ADVERTISING_BANNER": "coupon"}, "isFallback": false, "dynamicIds": [61847, 31265, 66435, 77453, 87356, 60899, 41103, 3232, 72227, 40072, 39327, 19904, 96827], "gssp": true, "customServer": true, "appGip": true, "locale": "pt-BR", "locales": ["pt-BR", "es-MX"], "defaultLocale": "pt-BR", "domainLocales": [{"domain": "www.quintoandar.com.br", "defaultLocale": "pt-BR"}, {"domain": "www.benvi.mx", "defaultLocale": "es-MX"}], "scriptLoader": []}