{"props": {"pageProps": {"initialState": {"route": {"locationBeforeTransitions": {"pathname": "/imovel/893920288/alugar/casa-3-quartos-alto-da-mooca-sao-paulo", "search": "", "hash": "", "action": "POP", "query": {}}, "topLevelRouteName": "house details", "businessContext": "RENT", "favoriteListsBusinessContext": "RENT"}, "router": {"location": {"href": "/", "pathname": "/", "search": "", "hash": ""}}, "progress": {"pendingRequests": -1}, "login": {"response": {}, "user": {"isLoggedIn": false, "id": 0, "agentId": 0, "hashId": "", "sessionId": null, "name": "", "email": "", "maskedEmail": "", "jwt": {"app": "", "firebase": ""}, "phone": {"countryCode": "+55", "areaCode": "", "phoneNumber": ""}, "country": "BR", "channel": "", "isPhoneRegistered": false, "acceptWhatsapp": true, "hasDocument": false, "isPartner": false}, "accountForm": {}, "redirectUrl": "", "isRequestOngoing": false}, "captcha": {"token": "", "hasLoadedRemoteConfig": false, "provider": "", "friction": "low", "unavailableCountriesCode": []}, "supportedCities": [], "inAppMessages": {"biomaSurvey": {"isOpen": false, "formId": null, "data": {"opaque": true}}}, "metaData": {"similar_houses_clicked": []}, "appData": {"device": {"type": "desktop", "isSearchEngineCrawler": false}, "experiments": "X-AB-Test=ab_exposed_filter_sale_desktop:1,ab_exposed_filter_sale_v1:1,ab_exposed_filters:1,ab_load_more_v0:-1,ab_new_house_card_v2:0,ab_new_rent_listing_phase2:0,ab_profiling_create_alert_filters:0,ab_scheduling_step_by_step_v1:1,ab_show_floor_sale:0,ab_street_search_retrieval_v1:0"}, "house": {"houseInfo": {"id": "893920288", "displayId": "1220288", "bedrooms": 3, "city": "S\u00e3o Paulo", "cityId": 39, "bathrooms": 5, "iptu": 300, "amenities": [{"key": "BANHEIRA_DE_HIDROMASSAGEM", "text": "Banheira", "value": "NAO", "optional": false}, {"key": "BOX", "text": "Box", "value": "SIM", "optional": false}, {"key": "VARANDA", "text": "Varanda", "value": "SIM", "optional": false}, {"key": "PISCINA_PRIVATIVA", "text": "Piscina privativa", "value": "SIM", "optional": false}, {"key": "ARMARIOS_EMBUTIDOS_NO_QUARTO", "text": "Arm\u00e1rios no quarto", "value": "SIM", "optional": false}, {"key": "ARMARIOS_NOS_BANHEIROS", "text": "Arm\u00e1rios no banheiro", "value": "SIM", "optional": false}, {"key": "ARMARIOS_NA_COZINHA", "text": "Arm\u00e1rios na cozinha", "value": "SIM", "optional": false}, {"key": "AR_CONDICIONADO", "text": "Ar condicionado", "value": "SIM", "optional": false}, {"key": "CHUVEIRO_A_GAS", "text": "Chuveiro a g\u00e1s", "value": "NAO", "optional": false}, {"key": "QUARTO_DE_SERVICO", "text": "Quarto de servi\u00e7o", "value": "SIM", "optional": false}, {"key": "BANHEIRO_DE_SERVICO", "text": "Banheiro de servi\u00e7o", "value": "SIM", "optional": false}, {"key": "VARANDA_GOURMET", "text": "Varanda gourmet", "value": "SIM", "optional": false}, {"key": "APARTAMENTO_COBERTURA", "text": "Apartamento cobertura", "value": "NAO", "optional": false}, {"key": "QUARTO_EXTRA_REVERSIVEL", "text": "Quarto extra revers\u00edvel", "value": "SIM", "optional": false}, {"key": "FOGAO_INCLUSO", "text": "Fog\u00e3o", "value": "SIM", "optional": false}, {"key": "GELADEIRA_INCLUSO", "text": "Geladeira", "value": "NAO", "optional": false}, {"key": "BANHEIRO_ADAPTADO", "text": "Banheiro adaptado", "value": "NAO", "optional": false}, {"key": "CLOSET", "text": "Closet", "value": "SIM", "optional": false}, {"key": "COZINHA_AMERICANA", "text": "Cozinha americana", "value": "NAO", "optional": false}, {"key": "MESAS_E_CADEIRAS_DE_ESCRITORIO", "text": "Mesas e cadeiras de escrit\u00f3rio", "value": "SIM", "optional": false}, {"key": "JARDIM", "text": "Jardim", "value": "SIM", "optional": false}, {"key": "QUARTOS_E_CORREDORES_COM_PORTAS_AMPLAS", "text": "Quartos e corredores com portas amplas", "value": "SIM", "optional": false}, {"key": "QUINTAL", "text": "Quintal", "value": "SIM", "optional": false}, {"key": "SOMENTE_UMA_CASA_NO_TERRENO", "text": "Somente uma casa no terreno", "value": "SIM", "optional": false}, {"key": "AREA_DE_SERVICO", "text": "\u00c1rea de servi\u00e7o", "value": "SIM", "optional": false}], "comfortCommodities": [{"key": "BANHEIRA_DE_HIDROMASSAGEM", "text": "Banheira", "value": "NAO", "optional": false}, {"key": "PISCINA_PRIVATIVA", "text": "Piscina privativa", "value": "SIM", "optional": false}, {"key": "AR_CONDICIONADO", "text": "Ar condicionado", "value": "SIM", "optional": false}, {"key": "SOL_DA_MANHA", "text": "Sol da manh\u00e3", "value": "SIM", "optional": false}, {"key": "SOL_DA_TARDE", "text": "Sol da tarde", "value": "SIM", "optional": false}, {"key": "CORTINAS_BLACK_OUT", "text": "Cortinas corta luz", "value": "SIM", "optional": false}, {"key": "CORTINAS_DECORATIVAS", "text": "Cortina transl\u00facida", "value": "SIM", "optional": false}, {"key": "JANELA_ANTI_RUIDO", "text": "Janela anti-ru\u00eddo", "value": "SIM", "optional": false}, {"key": "VENTILADOR_DE_TETO", "text": "Ventilador de teto", "value": "SIM", "optional": false}, {"key": "LUMINOSIDADE_NATURAL", "text": "Janelas grandes", "value": "SIM", "optional": false}, {"key": "VISTA_LIVRE", "text": "Vista livre", "value": "SIM", "optional": false}, {"key": "RUA_SILENCIOSA", "text": "Rua silenciosa", "value": "SIM", "optional": false}], "practicalityCommodities": [{"key": "BOX", "text": "Box", "value": "SIM", "optional": false}, {"key": "ARMARIOS_EMBUTIDOS_NO_QUARTO", "text": "Arm\u00e1rios no quarto", "value": "SIM", "optional": false}, {"key": "ARMARIOS_NOS_BANHEIROS", "text": "Arm\u00e1rios no banheiro", "value": "SIM", "optional": false}, {"key": "ARMARIOS_NA_COZINHA", "text": "Arm\u00e1rios na cozinha", "value": "SIM", "optional": false}, {"key": "CHUVEIRO_A_GAS", "text": "Chuveiro a g\u00e1s", "value": "NAO", "optional": false}, {"key": "FOGAO_INCLUSO", "text": "Fog\u00e3o", "value": "SIM", "optional": false}, {"key": "GELADEIRA_INCLUSO", "text": "Geladeira", "value": "NAO", "optional": false}, {"key": "CHUVEIRO_ELETRICO", "text": "Chuveiro el\u00e9trico", "value": "SIM", "optional": false}, {"key": "MICROONDAS", "text": "Microondas", "value": "SIM", "optional": false}, {"key": "SOFA", "text": "Sof\u00e1", "value": "SIM", "optional": false}, {"key": "MAQUINA_DE_LAVAR", "text": "M\u00e1quina de lavar", "value": "SIM", "optional": false}, {"key": "TANQUE", "text": "Tanque", "value": "SIM", "optional": false}, {"key": "REDE_DE_PROTECAO", "text": "Tela nas janelas", "value": "SIM", "optional": false}, {"key": "VARAL_DE_ROUPAS", "text": "Varal de roupas", "value": "SIM", "optional": false}, {"key": "TOMADAS_NOVAS", "text": "Tomadas 3 pinos", "value": "SIM", "optional": false}, {"key": "TELEVISAO", "text": "Televis\u00e3o", "value": "NAO", "optional": false}, {"key": "MESAS_E_CADEIRAS_DE_JANTAR", "text": "Mesas e cadeiras de jantar", "value": "SIM", "optional": false}, {"key": "CHURRASQUEIRA", "text": "Churrasqueira", "value": "SIM", "optional": false}, {"key": "ACESSO_SEM_DEGRAUS", "text": "Acesso sem degraus", "value": "SIM", "optional": false}, {"key": "COOKTOP", "text": "Fog\u00e3o cooktop", "value": "NAO", "optional": false}, {"key": "UTENSILIOS_DE_COZINHA", "text": "Utens\u00edlios de cozinha", "value": "NAO", "optional": false}, {"key": "CAMA_DE_CASAL", "text": "Cama de casal", "value": "SIM", "optional": false}, {"key": "CAMA_DE_SOLTEIRO", "text": "Cama de solteiro", "value": "SIM", "optional": false}, {"key": "ESPELHO_NO_BANHEIRO", "text": "Espelho no banheiro", "value": "SIM", "optional": false}, {"key": "FECHADURA_ELETRONICA", "text": "Fechadura eletr\u00f4nica", "value": "SIM", "optional": false}, {"key": "ENERGIA", "text": "Energia no im\u00f3vel", "value": "SIM", "optional": false}], "area": 200, "installations": [{"key": "PLAYGROUND", "text": "Playground", "value": "NAO"}, {"key": "PISCINA", "text": "Piscina", "value": "SIM"}, {"key": "CHURRASQUEIRA", "text": "Churrasqueira", "value": "SIM"}, {"key": "QUADRA_ESPORTIVA", "text": "Quadra esportiva", "value": "NAO"}, {"key": "ACADEMIA", "text": "Academia", "value": "SIM"}, {"key": "SALAO_DE_FESTAS", "text": "Sal\u00e3o de festas", "value": "NAO"}, {"key": "SAUNA", "text": "Sauna", "value": "NAO"}, {"key": "LAVANDERIA_NO_PREDIO", "text": "Lavanderia no pr\u00e9dio", "value": "SIM"}, {"key": "GAS_ENCANADO", "text": "G\u00e1s encanado", "value": "SIM"}, {"key": "ESPACO_GOURMET_NA_AREA_COMUM", "text": "Espa\u00e7o gourmet na \u00e1rea comum", "value": "SIM"}, {"key": "BRINQUEDOTECA", "text": "Brinquedoteca", "value": "SIM"}, {"key": "CORRIMAO", "text": "Corrim\u00e3o", "value": "SIM"}, {"key": "PISO_TATIL", "text": "Piso t\u00e1til", "value": "NAO"}, {"key": "RAMPAS_DE_ACESSO", "text": "Rampas de acesso", "value": "NAO"}, {"key": "SALAO_DE_JOGOS", "text": "Sal\u00e3o de jogos", "value": "SIM"}, {"key": "VAGA_DE_GARAGEM_ACESSIVEL", "text": "Vaga de garagem acess\u00edvel", "value": "SIM"}, {"key": "AREA_VERDE", "text": "\u00c1rea verde", "value": "SIM"}, {"key": "Elevador", "value": "NAO"}, {"key": "Porteiro24H", "value": "NAO"}], "rentPrice": 7310, "condoPrice": 0, "condoType": "NaoExiste", "region": {"name": "Bel\u00e9m", "hub": {"loading": "UNSET", "enabled": false, "abSecretariat": false, "isPrimaryMarket": false}, "id": 1303}, "type": "Casa", "iptuType": "Normal", "totalCost": 7920, "parkingSpaces": 3, "address": {"street": "Rua Gua\u00e7ui", "neighborhood": "Alto da Mooca", "city": "S\u00e3o Paulo", "zipCode": "03178-180", "stateName": "S\u00e3o Paulo", "stateAcronym": "SP", "lat": -23.5530749, "lng": -46.5860364, "countryName": "Brasil", "countryCode": "BR", "country": "Brasil"}, "homeProtection": 121, "remarks": "Im\u00f3vel localizado na Mooca em uma rua muito tranquila e perto de com\u00e9rcio, escolas, hospital infantil e bancos. O im\u00f3vel \u00e9 assobradado e toma sol o dia inteiro. A garagem serve perfeitamente para 4 ve\u00edculos de porte m\u00e9dio. As nossas janelas s\u00e3o todas gradeadas e possui uma ed\u00edcula no fundo da casa.  A casa possui um jardim na \u00e1rea do fundo e uma lareira na sala principal. Possui, al\u00e9m da piscina, uma \u00e1rea gourmet com churrasqueira e forno \u00e0 lenha.", "acceptsPets": true, "hasFurniture": true, "isNearSubway": false, "placesNearby": [{"name": "Escola de Idiomas", "type": "SCHOOL", "slug": "escola-de-idiomas-mooca-sao-paulo-sp"}, {"name": "Faculdade Teol\u00f3gica de Ci\u00eancias Humanas e Sociais Logos (FAETEL)", "type": "UNIVERSITY_OR_COLLEGE", "slug": "faculdade-teologica-de-ciencias-humanas-e-sociais-logos-faetel-sao-leopoldo-rs"}, {"name": "Hospital Avicena", "type": "HOSPITAL", "slug": "hospital-avicena-belem-sao-paulo-sp"}, {"name": "Colegio S\u00e3o Jos\u00e9", "type": "SCHOOL", "slug": "colegio-sao-jose-belem-sao-paulo-sp"}, {"name": "Silvio Romero Plaza", "type": "SHOPPING_MALL", "slug": "silvio-romero-plaza-tatuape-sao-paulo-sp"}, {"name": "DeRose Method An\u00e1lia Franco", "type": "UNIVERSITY_OR_COLLEGE", "slug": "derose-method-analia-franco-jardim-analia-franco-sao-paulo-sp"}, {"name": "Teatro Municipal da Mooca Arthur Azevedo", "type": "MUSEUM_THEATRE_OR_CONCERT_HALL", "slug": "teatro-municipal-da-mooca-arthur-azevedo-mooca-sao-paulo-sp"}, {"name": "Yazigi", "type": "SCHOOL", "slug": "yazigi-mooca-sao-paulo-sp"}, {"name": "Col\u00e9gio Amorim Tatuap\u00e9", "type": "SCHOOL", "slug": "colegio-amorim-tatuape-vila-gomes-cardim-sao-paulo-sp"}, {"name": "Shopping Metr\u00f4 Tatuap\u00e9", "type": "SHOPPING_MALL", "slug": "shopping-metro-tatuape-tatuape-sao-paulo-sp"}], "availabilityType": "IMMEDIATE", "photos": [{"id": 34131705, "subtitle": "Sala", "url": "893920288-911.7913868055019Foto.jpg", "cover": true}, {"id": 34131725, "subtitle": "Sala", "url": "893920288-954.1316351078682Foto2.jpg", "cover": false}, {"id": 34131727, "subtitle": "Sala", "url": "893920288-594.3528797022425Foto3.jpg", "cover": false}, {"id": 34131730, "subtitle": "Sala", "url": "893920288-950.377387340426Foto4.jpg", "cover": false}, {"id": 34131736, "subtitle": "Sala", "url": "893920288-480.0585523906776Foto5.jpg", "cover": false}, {"id": 34131747, "subtitle": "Quarto 1 - Su\u00edte", "url": "893920288-242.34017447761568Foto7.jpg", "cover": false}, {"id": 34131750, "subtitle": "Quarto 1 - Su\u00edte", "url": "893920288-796.226815917621Foto8.jpg", "cover": false}, {"id": 34131759, "subtitle": "Quarto 1 - Su\u00edte", "url": "893920288-780.1972711959454Foto9.jpg", "cover": false}, {"id": 34131763, "subtitle": "Quarto 1 - Su\u00edte", "url": "893920288-923.3932815115638Foto10.jpg", "cover": false}, {"id": 34131770, "subtitle": "Banheiro da Su\u00edte 1", "url": "893920288-266.0959513541389Foto11.jpg", "cover": false}, {"id": 34131775, "subtitle": "Banheiro da Su\u00edte 1", "url": "893920288-953.8905010875162Foto12.jpg", "cover": false}, {"id": 34131778, "subtitle": "Banheiro da Su\u00edte 1", "url": "893920288-633.6054191944702Foto13.jpg", "cover": false}, {"id": 34131781, "subtitle": "Banheiro da Su\u00edte 1", "url": "893920288-203.29999018575705Foto14.jpg", "cover": false}, {"id": 34131783, "subtitle": "Banheiro da Su\u00edte 1", "url": "893920288-489.6586669389872Foto15.jpg", "cover": false}, {"id": 34131787, "subtitle": "Quarto 2 - Su\u00edte", "url": "893920288-824.2588776030907Foto16.jpg", "cover": false}, {"id": 34131789, "subtitle": "Quarto 2 - Su\u00edte", "url": "893920288-757.4513336169925Foto17.jpg", "cover": false}, {"id": 34131792, "subtitle": "Quarto 2 - Su\u00edte", "url": "893920288-5.067946752444374Foto18.jpg", "cover": false}, {"id": 34131794, "subtitle": "Quarto 2 - Su\u00edte", "url": "893920288-131.97612943287874Foto19.jpg", "cover": false}, {"id": 34131797, "subtitle": "Banheiro da Su\u00edte 2", "url": "893920288-468.2069362223832Foto20.jpg", "cover": false}, {"id": 34131800, "subtitle": "Banheiro da Su\u00edte 2", "url": "893920288-851.6179910417743Foto21.jpg", "cover": false}, {"id": 34131802, "subtitle": "Banheiro da Su\u00edte 2", "url": "893920288-808.5200683472772Foto22.jpg", "cover": false}, {"id": 34131804, "subtitle": "Banheiro da Su\u00edte 2", "url": "893920288-867.9935291557902Foto23.jpg", "cover": false}, {"id": 34131808, "subtitle": "Banheiro da Su\u00edte 2", "url": "893920288-433.1211629409377Foto24.jpg", "cover": false}, {"id": 34131810, "subtitle": "Quarto 3 - Su\u00edte", "url": "893920288-244.68035085128048Foto25.jpg", "cover": false}, {"id": 34131811, "subtitle": "Quarto 3 - Su\u00edte", "url": "893920288-551.4341402280637Foto26.jpg", "cover": false}, {"id": 34131813, "subtitle": "Quarto 3 - Su\u00edte", "url": "893920288-945.0847342642531Foto27.jpg", "cover": false}, {"id": 34131814, "subtitle": "Quarto 3 - Su\u00edte", "url": "893920288-151.7320047776518Foto28.jpg", "cover": false}, {"id": 34131816, "subtitle": "Quarto 3 - Su\u00edte", "url": "893920288-967.3449099236449Foto29.jpg", "cover": false}, {"id": 34131817, "subtitle": "Quarto 3 - Closet", "url": "893920288-24.35803448072804Foto30.jpg", "cover": false}, {"id": 34131818, "subtitle": "Quarto 3 - Closet", "url": "893920288-429.1217944649216Foto31.jpg", "cover": false}, {"id": 34131820, "subtitle": "Quarto 3 - Closet", "url": "893920288-265.93560848907947Foto32.jpg", "cover": false}, {"id": 34131821, "subtitle": "Quarto 3 - Closet", "url": "893920288-863.5288926796981Foto33.jpg", "cover": false}, {"id": 34131822, "subtitle": "Quarto 3 - Closet", "url": "893920288-171.49822696165919Foto34.jpg", "cover": false}, {"id": 34131824, "subtitle": "Banheiro da Su\u00edte 3", "url": "893920288-800.253920125926Foto35.jpg", "cover": false}, {"id": 34131826, "subtitle": "Banheiro da Su\u00edte 3", "url": "893920288-44.3935512458421Foto36.jpg", "cover": false}, {"id": 34131830, "subtitle": "Banheiro da Su\u00edte 3", "url": "893920288-422.311349304587Foto37.jpg", "cover": false}, {"id": 34131832, "subtitle": "Banheiro da Su\u00edte 3", "url": "893920288-250.779133349904Foto38.jpg", "cover": false}, {"id": 34131837, "subtitle": "Banheiro da Su\u00edte 3", "url": "893920288-812.4385820663229Foto39.jpg", "cover": false}, {"id": 34131840, "subtitle": "Banheiro da Su\u00edte 3", "url": "893920288-375.7762914982037Foto40.jpg", "cover": false}, {"id": 34131844, "subtitle": "Sala 2", "url": "893920288-527.813904569733Foto41.jpg", "cover": false}, {"id": 34131849, "subtitle": "Sala 2", "url": "893920288-906.9643383105068Foto42.jpg", "cover": false}, {"id": 34131853, "subtitle": "Sala 2", "url": "893920288-379.3830276877026Foto43.jpg", "cover": false}, {"id": 34131857, "subtitle": "Sala 2", "url": "893920288-947.4386920371886Foto44.jpg", "cover": false}, {"id": 34131864, "subtitle": "Sala 2", "url": "893920288-221.95012826428407Foto45.jpg", "cover": false}, {"id": 34131868, "subtitle": "Sala 2", "url": "893920288-246.66952486098037Foto46.jpg", "cover": false}, {"id": 34131885, "subtitle": "Sala de TV", "url": "893920288-692.8118679308163Foto48.jpg", "cover": false}, {"id": 34131908, "subtitle": "Sala de TV", "url": "893920288-937.1457784065607Foto49.jpg", "cover": false}, {"id": 34131912, "subtitle": "Sala de TV", "url": "893920288-423.4298776661488Foto50.jpg", "cover": false}, {"id": 34131915, "subtitle": "Sala de TV", "url": "893920288-510.201365428411Foto51.jpg", "cover": false}, {"id": 34131922, "subtitle": "Sala de TV", "url": "893920288-981.365921777511Foto52.jpg", "cover": false}, {"id": 34131925, "subtitle": "Sala de TV", "url": "893920288-995.7152302242939Foto53.jpg", "cover": false}, {"id": 34131930, "subtitle": "Sala de TV", "url": "893920288-987.1462499310721Foto54.jpg", "cover": false}, {"id": 34131945, "subtitle": "Varanda com piscina e churrasqueira", "url": "893920288-149.37976153005295Foto55.jpg", "cover": false}, {"id": 34131947, "subtitle": "Varanda com piscina e churrasqueira", "url": "893920288-957.4052158154816Foto56.jpg", "cover": false}, {"id": 34131953, "subtitle": "Varanda com piscina e churrasqueira", "url": "893920288-334.6650734361567Foto57.jpg", "cover": false}, {"id": 34131957, "subtitle": "Varanda com piscina e churrasqueira", "url": "893920288-297.96506231636965Foto58.jpg", "cover": false}, {"id": 34131990, "subtitle": "Varanda com piscina e churrasqueira", "url": "893920288-240.33278919841038Foto59.jpg", "cover": false}, {"id": 34131998, "subtitle": "Varanda com piscina e churrasqueira", "url": "893920288-214.26077900656136Foto60.jpg", "cover": false}, {"id": 34131999, "subtitle": "Varanda com piscina e churrasqueira", "url": "893920288-430.2283799403994Foto61.jpg", "cover": false}, {"id": 34132004, "subtitle": "Varanda com piscina e churrasqueira", "url": "893920288-782.2795284136Foto62.jpg", "cover": false}, {"id": 34132009, "subtitle": "Varanda com piscina e churrasqueira", "url": "893920288-79.48262497986846Foto63.jpg", "cover": false}, {"id": 34132013, "subtitle": "Varanda com piscina e churrasqueira", "url": "893920288-253.44890534491148Foto64.jpg", "cover": false}, {"id": 34132018, "subtitle": "Varanda com piscina e churrasqueira", "url": "893920288-309.834404568294Foto65.jpg", "cover": false}, {"id": 34132024, "subtitle": "Varanda com piscina e churrasqueira", "url": "893920288-394.2048987220974Foto66.jpg", "cover": false}, {"id": 34132030, "subtitle": "Varanda com piscina e churrasqueira", "url": "893920288-9.690594937955321Foto67.jpg", "cover": false}, {"id": 34132036, "subtitle": "Varanda com piscina e churrasqueira", "url": "893920288-84.94404137588707Foto68.jpg", "cover": false}, {"id": 34132040, "subtitle": "Banheiro da Varanda", "url": "893920288-352.8172867379931Foto69.jpg", "cover": false}, {"id": 34132045, "subtitle": "Banheiro da Varanda", "url": "893920288-505.3843131374569Foto70.jpg", "cover": false}, {"id": 34132049, "subtitle": "Banheiro da Varanda", "url": "893920288-30.788212389965985Foto71.jpg", "cover": false}, {"id": 34132054, "subtitle": "Banheiro da Varanda", "url": "893920288-991.570226607768Foto72.jpg", "cover": false}, {"id": 34132058, "subtitle": "Banheiro da Varanda", "url": "893920288-336.76869375962895Foto73.jpg", "cover": false}, {"id": 34132062, "subtitle": "Banheiro da Varanda", "url": "893920288-203.03981801757288Foto74.jpg", "cover": false}, {"id": 34132077, "subtitle": "Lavabo", "url": "893920288-178.5705397818247Foto75.jpg", "cover": false}, {"id": 34132079, "subtitle": "Lavabo", "url": "893920288-959.5727468414717Foto76.jpg", "cover": false}, {"id": 34132082, "subtitle": "Lavabo", "url": "893920288-440.80007817298815Foto77.jpg", "cover": false}, {"id": 34132085, "subtitle": "Lavabo", "url": "893920288-607.3125072346872Foto78.jpg", "cover": false}, {"id": 34132088, "subtitle": "Lavabo", "url": "893920288-765.1117396936426Foto79.jpg", "cover": false}, {"id": 34132093, "subtitle": "Lavabo", "url": "893920288-621.4961190219658Foto80.jpg", "cover": false}, {"id": 34132095, "subtitle": "Cozinha", "url": "893920288-564.9719441654516Foto81.jpg", "cover": false}, {"id": 34132098, "subtitle": "Cozinha", "url": "893920288-437.01049410017714Foto82.jpg", "cover": false}, {"id": 34132101, "subtitle": "Cozinha", "url": "893920288-314.16127801617813Foto83.jpg", "cover": false}, {"id": 34132102, "subtitle": "Cozinha", "url": "893920288-818.977599248901Foto84.jpg", "cover": false}, {"id": 34132104, "subtitle": "Quintal", "url": "893920288-404.11400163134647Foto85.jpg", "cover": false}, {"id": 34132107, "subtitle": "Quintal", "url": "893920288-129.83004925520046Foto86.jpg", "cover": false}, {"id": 34132110, "subtitle": "Quintal", "url": "893920288-856.0450025249213Foto87.jpg", "cover": false}, {"id": 34132113, "subtitle": "Quintal", "url": "893920288-917.1762483918694Foto88.jpg", "cover": false}, {"id": 34132116, "subtitle": "Quintal", "url": "893920288-924.6331755590904Foto89.jpg", "cover": false}, {"id": 34132118, "subtitle": "Quintal", "url": "893920288-821.5326171015655Foto90.jpg", "cover": false}, {"id": 34132120, "subtitle": "Quintal", "url": "893920288-291.6235333809341Foto91.jpg", "cover": false}, {"id": 34132122, "subtitle": "Quintal", "url": "893920288-484.15811896480864Foto92.jpg", "cover": false}, {"id": 34132125, "subtitle": "Quintal", "url": "893920288-736.6289113468978Foto93.jpg", "cover": false}, {"id": 34132128, "subtitle": "Sala 3", "url": "893920288-451.27332979967105Foto94.jpg", "cover": false}, {"id": 34132131, "subtitle": "Sala 3", "url": "893920288-870.7610174791474Foto95.jpg", "cover": false}, {"id": 34132133, "subtitle": "Sala 3", "url": "893920288-516.9480014747543Foto96.jpg", "cover": false}, {"id": 34132136, "subtitle": "Sala 3", "url": "893920288-332.0710146146059Foto97.jpg", "cover": false}, {"id": 34132137, "subtitle": "Sala 3", "url": "893920288-533.363276060945Foto98.jpg", "cover": false}, {"id": 34132140, "subtitle": "Sala 3", "url": "893920288-767.3835108699875Foto99.jpg", "cover": false}, {"id": 34132141, "subtitle": "Sala 3", "url": "893920288-419.407449668903Foto100.jpg", "cover": false}, {"id": 34132143, "subtitle": "Sala 3", "url": "893920288-349.4494892810286Foto101.jpg", "cover": false}, {"id": 34132144, "subtitle": "Lavanderia", "url": "893920288-932.2424773965641Foto102.jpg", "cover": false}, {"id": 34132146, "subtitle": "Lavanderia", "url": "893920288-271.20887919410444Foto103.jpg", "cover": false}, {"id": 34132147, "subtitle": "Lavanderia", "url": "893920288-648.5137820076641Foto104.jpg", "cover": false}, {"id": 34132149, "subtitle": "Lavanderia", "url": "893920288-962.522507269343Foto105.jpg", "cover": false}, {"id": 34132150, "subtitle": "Lavanderia", "url": "893920288-329.69941980458316Foto106.jpg", "cover": false}, {"id": 34132151, "subtitle": "Lavanderia", "url": "893920288-348.521918226661Foto107.jpg", "cover": false}, {"id": 34132152, "subtitle": "Garagem", "url": "893920288-563.7196935048167Foto108.jpg", "cover": false}, {"id": 34132153, "subtitle": "Garagem", "url": "893920288-704.8193309240035Foto109.jpg", "cover": false}, {"id": 34132155, "subtitle": "Garagem", "url": "893920288-140.34297449142886Foto110.jpg", "cover": false}, {"id": 34132156, "subtitle": "Garagem", "url": "893920288-618.3370088214225Foto111.jpg", "cover": false}, {"id": 34132157, "subtitle": "Garagem", "url": "893920288-462.96805900099093Foto112.jpg", "cover": false}, {"id": 34132158, "subtitle": "Garagem", "url": "893920288-879.5087894691351Foto113.jpg", "cover": false}, {"id": 34132159, "subtitle": "Garagem", "url": "893920288-892.3395072695945Foto114.jpg", "cover": false}, {"id": 34132162, "subtitle": "Fachada", "url": "893920288-38.34912815526004Foto116.jpg", "cover": false}, {"id": 34132163, "subtitle": "Fachada", "url": "893920288-517.3816286908772Foto117.jpg", "cover": false}, {"id": 34132161, "subtitle": "Fachada", "url": "893920288-673.1952568860277Foto115.jpg", "cover": false}, {"id": 34132164, "subtitle": "Fachada", "url": "893920288-162.543697880568Foto118.jpg", "cover": false}], "photosCategorizedByRooms": [], "relevantRegions": [], "photospheres": [], "specialConditions": [], "offers": {"closingRate": 0, "shouldHighlightIcon": true, "shouldShowOfferDialog": false, "shouldShowOffers": false, "summary": []}, "status": "publicado", "showUrlHasBeenCopiedSnackbar": false, "isGalleryModalOpen": false, "error": false, "loaded": true, "loading": false, "loadingCategorizedRooms": false, "selectedMedia": "tenant/HouseMedia/PHOTOS", "video": "", "promotions": [], "condominium": {}, "forRent": true, "forSale": false, "salePrice": 0, "mortgageFirstInstallment": 0, "listings": [{"imovelId": 893920288, "businessContext": "RENT", "status": "publicado", "firstPublicationDate": "2023-01-12T22:04:32.000+0000", "lastPublicationDate": "2023-01-12T22:04:32.000+0000", "listingRentModel": {"listingBusinessContextId": 1415532, "rentalAdministrator": "QUINTOANDAR"}, "ownership": "STANDARD"}], "listingTags": [], "businessContext": "", "regionParameters": {"loaded": false, "loading": false, "RENT": {"visitsEnabled": true, "talkToAgentEnabled": false}, "SALE": {"visitsEnabled": true, "talkToAgentEnabled": false}}, "houseAgent": {"isDialogOpen": false, "alreadyOpenedByQueryParam": false}, "tenantServiceFee": 189, "closingStatus": {"loading": false}, "rentalGuarantee": {"minValue": 1827.5, "maxValue": 5482.5}, "reservationAvailability": null, "isPrimaryMarket": false, "macroRegion": {"id": 1307, "name": "Tatuap\u00e9"}, "suites": 3, "allowsCustomOffer": true, "displayCustomOfferPreference": false, "houseVisitStatus": "ACCEPT_NEW", "visitStatusReason": null, "visitsUnavailable": false, "isReserved": false, "allowDirectOffer": true, "lastPublishedDate": "2023-01-12T22:04:32.000Z", "listingPublication": "not_stranded", "rentOnTermination": false, "constructionYear": null, "categories": []}, "markers": {"lat": -23.5530749, "lng": -46.5860364}, "talkToAgent": {"dialog": {"open": false, "questionType": null, "question": ""}, "agentSupport": {}, "error": null, "autoSubmit": false, "loading": false, "submitting": false, "success": false, "hasLoadedAgentInfo": false, "agent": null, "hasLoadedAgentsInRegion": false, "agentsInRegion": null}}}}, "__N_SSP": true}, "page": "/imovel/[houseId]/[[...slug]]", "query": {"houseId": "893920288", "slug": ["alugar", "casa-3-quartos-alto-da-mooca-sao-paulo"]}, "buildId": "gCr3Bg2lYzV9hxZqGibIQ", "runtimeConfig": {"NEXT_PUBLIC_HOME_ADVERTISING_BANNER": "coupon"}, "isFallback": false, "dynamicIds": [61847, 31265, 66435, 77453, 87356, 60899, 41103, 3232, 72227, 40072, 39327, 19904, 96827], "gssp": true, "customServer": true, "appGip": true, "locale": "pt-BR", "locales": ["pt-BR", "es-MX"], "defaultLocale": "pt-BR", "domainLocales": [{"domain": "www.quintoandar.com.br", "defaultLocale": "pt-BR"}, {"domain": "www.benvi.mx", "defaultLocale": "es-MX"}], "scriptLoader": []}