{"props": {"pageProps": {"initialState": {"route": {"locationBeforeTransitions": {"pathname": "/imovel/893972284/alugar/apartamento-4-quartos-vila-brasilio-machado-sao-paulo", "search": "", "hash": "", "action": "POP", "query": {}}, "topLevelRouteName": "house details", "businessContext": "RENT", "favoriteListsBusinessContext": "RENT"}, "router": {"location": {"href": "/", "pathname": "/", "search": "", "hash": ""}}, "progress": {"pendingRequests": -1}, "login": {"response": {}, "user": {"isLoggedIn": false, "id": 0, "agentId": 0, "hashId": "", "sessionId": null, "name": "", "email": "", "maskedEmail": "", "jwt": {"app": "", "firebase": ""}, "phone": {"countryCode": "+55", "areaCode": "", "phoneNumber": ""}, "country": "BR", "channel": "", "isPhoneRegistered": false, "acceptWhatsapp": true, "hasDocument": false, "isPartner": false}, "accountForm": {}, "redirectUrl": "", "isRequestOngoing": false}, "captcha": {"token": "", "hasLoadedRemoteConfig": false, "provider": "", "friction": "low", "unavailableCountriesCode": []}, "supportedCities": [], "inAppMessages": {"biomaSurvey": {"isOpen": false, "formId": null, "data": {"opaque": true}}}, "metaData": {"similar_houses_clicked": []}, "appData": {"device": {"type": "desktop", "isSearchEngineCrawler": false}, "experiments": "X-AB-Test=ab_exposed_filter_sale_desktop:1,ab_exposed_filter_sale_v1:1,ab_exposed_filters:1,ab_load_more_v0:-1,ab_new_house_card_v2:0,ab_new_rent_listing_phase2:0,ab_profiling_create_alert_filters:0,ab_scheduling_step_by_step_v1:1,ab_show_floor_sale:0,ab_street_search_retrieval_v1:0"}, "house": {"houseInfo": {"id": "893972284", "displayId": "1272284", "bedrooms": 4, "city": "S\u00e3o Paulo", "cityId": 39, "bathrooms": 3, "iptu": 241, "amenities": [{"key": "BANHEIRA_DE_HIDROMASSAGEM", "text": "Banheira", "value": "NAO", "optional": false}, {"key": "BOX", "text": "Box", "value": "SIM", "optional": false}, {"key": "VARANDA", "text": "Varanda", "value": "SIM", "optional": false}, {"key": "PISCINA_PRIVATIVA", "text": "Piscina privativa", "value": "NAO", "optional": false}, {"key": "ARMARIOS_EMBUTIDOS_NO_QUARTO", "text": "Arm\u00e1rios no quarto", "value": "SIM", "optional": false}, {"key": "ARMARIOS_NOS_BANHEIROS", "text": "Arm\u00e1rios no banheiro", "value": "SIM", "optional": false}, {"key": "ARMARIOS_NA_COZINHA", "text": "Arm\u00e1rios na cozinha", "value": "SIM", "optional": false}, {"key": "AR_CONDICIONADO", "text": "Ar condicionado", "value": "NAO", "optional": false}, {"key": "CHUVEIRO_A_GAS", "text": "Chuveiro a g\u00e1s", "value": "SIM", "optional": false}, {"key": "QUARTO_DE_SERVICO", "text": "Quarto de servi\u00e7o", "value": "NAO", "optional": false}, {"key": "BANHEIRO_DE_SERVICO", "text": "Banheiro de servi\u00e7o", "value": "NAO", "optional": false}, {"key": "VARANDA_GOURMET", "text": "Varanda gourmet", "value": "NAO", "optional": false}, {"key": "APARTAMENTO_COBERTURA", "text": "Apartamento cobertura", "value": "NAO", "optional": false}, {"key": "QUARTO_EXTRA_REVERSIVEL", "text": "Quarto extra revers\u00edvel", "value": "NAO", "optional": false}, {"key": "FOGAO_INCLUSO", "text": "Fog\u00e3o", "value": "SIM", "optional": false}, {"key": "GELADEIRA_INCLUSO", "text": "Geladeira", "value": "SIM", "optional": false}, {"key": "BANHEIRO_ADAPTADO", "text": "Banheiro adaptado", "value": "NAO", "optional": false}, {"key": "CLOSET", "text": "Closet", "value": "NAO", "optional": false}, {"key": "COZINHA_AMERICANA", "text": "Cozinha americana", "value": "NAO", "optional": false}, {"key": "MESAS_E_CADEIRAS_DE_ESCRITORIO", "text": "Mesas e cadeiras de escrit\u00f3rio", "value": "NAO", "optional": false}, {"key": "JARDIM", "text": "Jardim", "value": "NAO", "optional": false}, {"key": "QUARTOS_E_CORREDORES_COM_PORTAS_AMPLAS", "text": "Quartos e corredores com portas amplas", "value": "SIM", "optional": false}, {"key": "QUINTAL", "text": "Quintal", "value": "NAO", "optional": false}, {"key": "SOMENTE_UMA_CASA_NO_TERRENO", "text": "Somente uma casa no terreno", "value": "NAO", "optional": false}, {"key": "AREA_DE_SERVICO", "text": "\u00c1rea de servi\u00e7o", "value": "SIM", "optional": false}], "comfortCommodities": [{"key": "BANHEIRA_DE_HIDROMASSAGEM", "text": "Banheira", "value": "NAO", "optional": false}, {"key": "PISCINA_PRIVATIVA", "text": "Piscina privativa", "value": "NAO", "optional": false}, {"key": "AR_CONDICIONADO", "text": "Ar condicionado", "value": "NAO", "optional": false}, {"key": "SOL_DA_MANHA", "text": "Sol da manh\u00e3", "value": "SIM", "optional": false}, {"key": "SOL_DA_TARDE", "text": "Sol da tarde", "value": "NAO", "optional": false}, {"key": "CORTINAS_BLACK_OUT", "text": "Cortinas corta luz", "value": "NAO", "optional": false}, {"key": "CORTINAS_DECORATIVAS", "text": "Cortina transl\u00facida", "value": "NAO", "optional": false}, {"key": "JANELA_ANTI_RUIDO", "text": "Janela anti-ru\u00eddo", "value": "NAO", "optional": false}, {"key": "VENTILADOR_DE_TETO", "text": "Ventilador de teto", "value": "SIM", "optional": false}, {"key": "LUMINOSIDADE_NATURAL", "text": "Janelas grandes", "value": "SIM", "optional": false}, {"key": "VISTA_LIVRE", "text": "Vista livre", "value": "SIM", "optional": false}, {"key": "RUA_SILENCIOSA", "text": "Rua silenciosa", "value": "SIM", "optional": false}], "practicalityCommodities": [{"key": "BOX", "text": "Box", "value": "SIM", "optional": false}, {"key": "ARMARIOS_EMBUTIDOS_NO_QUARTO", "text": "Arm\u00e1rios no quarto", "value": "SIM", "optional": false}, {"key": "ARMARIOS_NOS_BANHEIROS", "text": "Arm\u00e1rios no banheiro", "value": "SIM", "optional": false}, {"key": "ARMARIOS_NA_COZINHA", "text": "Arm\u00e1rios na cozinha", "value": "SIM", "optional": false}, {"key": "CHUVEIRO_A_GAS", "text": "Chuveiro a g\u00e1s", "value": "SIM", "optional": false}, {"key": "FOGAO_INCLUSO", "text": "Fog\u00e3o", "value": "SIM", "optional": false}, {"key": "GELADEIRA_INCLUSO", "text": "Geladeira", "value": "SIM", "optional": false}, {"key": "CHUVEIRO_ELETRICO", "text": "Chuveiro el\u00e9trico", "value": "NAO", "optional": false}, {"key": "MICROONDAS", "text": "Microondas", "value": "SIM", "optional": false}, {"key": "SOFA", "text": "Sof\u00e1", "value": "SIM", "optional": false}, {"key": "MAQUINA_DE_LAVAR", "text": "M\u00e1quina de lavar", "value": "SIM", "optional": false}, {"key": "TANQUE", "text": "Tanque", "value": "SIM", "optional": false}, {"key": "REDE_DE_PROTECAO", "text": "Tela nas janelas", "value": "NAO", "optional": false}, {"key": "VARAL_DE_ROUPAS", "text": "Varal de roupas", "value": "NAO", "optional": false}, {"key": "TOMADAS_NOVAS", "text": "Tomadas 3 pinos", "value": "NAO", "optional": false}, {"key": "TELEVISAO", "text": "Televis\u00e3o", "value": "NAO", "optional": false}, {"key": "MESAS_E_CADEIRAS_DE_JANTAR", "text": "Mesas e cadeiras de jantar", "value": "NAO", "optional": false}, {"key": "CHURRASQUEIRA", "text": "Churrasqueira", "value": "NAO", "optional": false}, {"key": "ACESSO_SEM_DEGRAUS", "text": "Acesso sem degraus", "value": "NAO", "optional": false}, {"key": "COOKTOP", "text": "Fog\u00e3o cooktop", "value": "NAO", "optional": false}, {"key": "UTENSILIOS_DE_COZINHA", "text": "Utens\u00edlios de cozinha", "value": "NAO", "optional": false}, {"key": "CAMA_DE_CASAL", "text": "Cama de casal", "value": "NAO", "optional": false}, {"key": "CAMA_DE_SOLTEIRO", "text": "Cama de solteiro", "value": "NAO", "optional": false}, {"key": "ESPELHO_NO_BANHEIRO", "text": "Espelho no banheiro", "value": "NAO", "optional": false}, {"key": "FECHADURA_ELETRONICA", "text": "Fechadura eletr\u00f4nica", "value": "NAO", "optional": false}, {"key": "ENERGIA", "text": "Energia no im\u00f3vel", "value": "NAO", "optional": false}], "area": 103, "installations": [{"key": "PLAYGROUND", "text": "Playground", "value": "SIM"}, {"key": "PISCINA", "text": "Piscina", "value": "SIM"}, {"key": "CHURRASQUEIRA", "text": "Churrasqueira", "value": "NAO"}, {"key": "QUADRA_ESPORTIVA", "text": "Quadra esportiva", "value": "SIM"}, {"key": "ACADEMIA", "text": "Academia", "value": "SIM"}, {"key": "SALAO_DE_FESTAS", "text": "Sal\u00e3o de festas", "value": "SIM"}, {"key": "SAUNA", "text": "Sauna", "value": "SIM"}, {"key": "LAVANDERIA_NO_PREDIO", "text": "Lavanderia no pr\u00e9dio", "value": "NAO"}, {"key": "GAS_ENCANADO", "text": "G\u00e1s encanado", "value": "NAO"}, {"key": "ESPACO_GOURMET_NA_AREA_COMUM", "text": "Espa\u00e7o gourmet na \u00e1rea comum", "value": "NAO"}, {"key": "BRINQUEDOTECA", "text": "Brinquedoteca", "value": "SIM"}, {"key": "CORRIMAO", "text": "Corrim\u00e3o", "value": "SIM"}, {"key": "PISO_TATIL", "text": "Piso t\u00e1til", "value": "NAO"}, {"key": "RAMPAS_DE_ACESSO", "text": "Rampas de acesso", "value": "NAO"}, {"key": "SALAO_DE_JOGOS", "text": "Sal\u00e3o de jogos", "value": "SIM"}, {"key": "VAGA_DE_GARAGEM_ACESSIVEL", "text": "Vaga de garagem acess\u00edvel", "value": "SIM"}, {"key": "AREA_VERDE", "text": "\u00c1rea verde", "value": "SIM"}, {"key": "Elevador", "value": "SIM"}, {"key": "Porteiro24H", "value": "SIM"}], "rentPrice": 5000, "condoPrice": 866, "condoType": "Normal", "region": {"name": "Bosque da Sa\u00fade", "hub": {"loading": "UNSET", "enabled": false, "abSecretariat": false, "isPrimaryMarket": false}, "id": 1346}, "type": "Apartamento", "iptuType": "Normal", "totalCost": 6300, "parkingSpaces": 3, "address": {"street": "Rua C\u00f4nego Jos\u00e9 Norberto", "neighborhood": "Vila Bras\u00edlio Machado", "city": "S\u00e3o Paulo", "zipCode": "04288-080", "stateName": "S\u00e3o Paulo", "stateAcronym": "SP", "lat": -23.6098255, "lng": -46.6132665, "countryName": "Brasil", "countryCode": "BR", "country": "Brasil"}, "floor": 25, "homeProtection": 64, "remarks": "Apartamento espa\u00e7oso, com 4 dormit\u00f3rios, sendo um deles um escrit\u00f3rio totalmente montado! Apartamento no 25o andar, com um vista linda, livre. Como diferencial, s\u00e3o 3 vagas de garagem para maior conforto.", "acceptsPets": true, "hasFurniture": true, "isNearSubway": true, "placesNearby": [{"name": "Alto do Ipiranga", "type": "ESTACAO_METRO_OU_TREM", "slug": "alto-do-ipiranga-ipiranga-sao-paulo-sp"}, {"name": "Col\u00e9gio Nova Gera\u00e7\u00e3o", "type": "SCHOOL", "slug": "colegio-nova-geracao-bosque-da-saude-sao-paulo-sp"}, {"name": "Escola Eduque", "type": "SCHOOL", "slug": "escola-eduque-bosque-da-saude-sao-paulo-sp"}, {"name": "Col\u00e9gio Ideal SP", "type": "SCHOOL", "slug": "colegio-ideal-sp-sacoma-sao-paulo-sp"}, {"name": "DeRose Method Plaza Sul", "type": "UNIVERSITY_OR_COLLEGE", "slug": "derose-method-plaza-sul-bosque-da-saude-sao-paulo-sp"}, {"name": "Aqu\u00e1rio de S\u00e3o Paulo", "type": "PARK_OR_GREEN_AREA", "slug": "aquario-de-sao-paulo-sao-paulo-sp-brasil"}, {"name": "Shopping Plaza Sul", "type": "SHOPPING_MALL", "slug": "shopping-plaza-sul-jardim-da-saude-sao-paulo-sp"}, {"name": "Pontif\u00edcia Universidade Cat\u00f3lica de S\u00e3o Paulo- Campus Ipiranga", "type": "UNIVERSITY_OR_COLLEGE", "slug": "pontificia-universidade-catolica-de-sao-paulo-campus-ipiranga-ipiranga-sao-paulo-sp"}, {"name": "SENAI \u2013 FATEC Conde Jos\u00e9 Vicente de Azevedo", "type": "SCHOOL", "slug": "senai-fatec-conde-jose-vicente-de-azevedo-ipiranga-sao-paulo-sp"}], "availabilityType": "IMMEDIATE", "photos": [{"id": 35828070, "subtitle": "Sala", "url": "893972284-879.7036635480898IMG0081.jpg", "cover": true}, {"id": 35828078, "subtitle": "Sala", "url": "893972284-295.97000819239184IMG0082.jpg", "cover": false}, {"id": 35828083, "subtitle": "Sala", "url": "893972284-236.02623492871356IMG0083.jpg", "cover": false}, {"id": 35828089, "subtitle": "Sala", "url": "893972284-539.4225059730243IMG0084.jpg", "cover": false}, {"id": 35828093, "subtitle": "Sala", "url": "893972284-821.3294464412735IMG0085.jpg", "cover": false}, {"id": 35828099, "subtitle": "Varanda", "url": "893972284-467.2130920756068IMG0086.jpg", "cover": false}, {"id": 35828105, "subtitle": "Varanda", "url": "893972284-873.8522786570097IMG0087.jpg", "cover": false}, {"id": 35828113, "subtitle": "Varanda", "url": "893972284-243.69420981664237IMG0088.jpg", "cover": false}, {"id": 35828126, "subtitle": "Suite ", "url": "893972284-176.6689367457549IMG0090.jpg", "cover": false}, {"id": 35828132, "subtitle": "Suite ", "url": "893972284-519.2313288496692IMG0091.jpg", "cover": false}, {"id": 35828139, "subtitle": "Suite ", "url": "893972284-423.590797703977IMG0092.jpg", "cover": false}, {"id": 35828120, "subtitle": "Suite ", "url": "893972284-683.5883883873682IMG0089.jpg", "cover": false}, {"id": 35828144, "subtitle": "Banheiro Suite", "url": "893972284-522.5127611326076IMG0093.jpg", "cover": false}, {"id": 35828147, "subtitle": "Banheiro Suite", "url": "893972284-719.784100844522IMG0094.jpg", "cover": false}, {"id": 35828149, "subtitle": "Banheiro Suite", "url": "893972284-78.9224279076145IMG0095.jpg", "cover": false}, {"id": 35828151, "subtitle": "Banheiro Suite", "url": "893972284-786.1711275492155IMG0096.jpg", "cover": false}, {"id": 35828153, "subtitle": "Quarto 1", "url": "893972284-871.3007894176459IMG0097.jpg", "cover": false}, {"id": 35828155, "subtitle": "Quarto 1", "url": "893972284-928.2118982518707IMG0098.jpg", "cover": false}, {"id": 35828157, "subtitle": "Quarto 1", "url": "893972284-88.82794708214736IMG0099.jpg", "cover": false}, {"id": 35828158, "subtitle": "Quarto 1", "url": "893972284-426.9072748721948IMG0100.jpg", "cover": false}, {"id": 35828160, "subtitle": "Quarto 1", "url": "893972284-186.81457101054755IMG0101.jpg", "cover": false}, {"id": 35828161, "subtitle": "Escritorio", "url": "893972284-928.2282743229707IMG0102.jpg", "cover": false}, {"id": 35828162, "subtitle": "Escritorio", "url": "893972284-235.43051019197492IMG0103.jpg", "cover": false}, {"id": 35828163, "subtitle": "Escritorio", "url": "893972284-977.9323527028503IMG0104.jpg", "cover": false}, {"id": 35828164, "subtitle": "Escritorio", "url": "893972284-359.9405205956792IMG0105.jpg", "cover": false}, {"id": 35828165, "subtitle": "Escritorio", "url": "893972284-904.9634570808984IMG0106.jpg", "cover": false}, {"id": 35828166, "subtitle": "Quarto 2", "url": "893972284-846.549859310108IMG0107.jpg", "cover": false}, {"id": 35828167, "subtitle": "Quarto 2", "url": "893972284-478.7569972513788IMG0108.jpg", "cover": false}, {"id": 35828168, "subtitle": "Quarto 2", "url": "893972284-834.4115929699154IMG0109.jpg", "cover": false}, {"id": 35828169, "subtitle": "Quarto 2", "url": "893972284-867.9898778149384IMG0110.jpg", "cover": false}, {"id": 35828170, "subtitle": "Quarto 2", "url": "893972284-326.8930369449254IMG0111.jpg", "cover": false}, {"id": 35828171, "subtitle": "Banheiro", "url": "893972284-910.8689448675914IMG0112.jpg", "cover": false}, {"id": 35828172, "subtitle": "Banheiro", "url": "893972284-501.30646264357017IMG0113.jpg", "cover": false}, {"id": 35828173, "subtitle": "Banheiro", "url": "893972284-900.0693678500893IMG0114.jpg", "cover": false}, {"id": 35828174, "subtitle": "Banheiro", "url": "893972284-417.95165014261624IMG0115.jpg", "cover": false}, {"id": 35828175, "subtitle": "Corredor", "url": "893972284-473.09206001295104IMG0116.jpg", "cover": false}, {"id": 35828176, "subtitle": "Corredor", "url": "893972284-353.1816496900745IMG0117.jpg", "cover": false}, {"id": 35828177, "subtitle": "Cozinha", "url": "893972284-52.550397387532534IMG0118.jpg", "cover": false}, {"id": 35828178, "subtitle": "Cozinha", "url": "893972284-883.3201529806802IMG0119.jpg", "cover": false}, {"id": 35828179, "subtitle": "Cozinha", "url": "893972284-644.2113492401555IMG0120.jpg", "cover": false}, {"id": 35828180, "subtitle": "Cozinha", "url": "893972284-876.8341960309144IMG0121.jpg", "cover": false}, {"id": 35828181, "subtitle": "Cozinha", "url": "893972284-529.8508752957769IMG0122.jpg", "cover": false}, {"id": 35828182, "subtitle": "Area de Servi\u00e7os", "url": "893972284-104.02819978160738IMG0123.jpg", "cover": false}, {"id": 35828183, "subtitle": "Area de Servi\u00e7os", "url": "893972284-49.10779049201608IMG0124.jpg", "cover": false}, {"id": 35828184, "subtitle": "Area de Servi\u00e7os", "url": "893972284-281.8697326700651IMG0125.jpg", "cover": false}, {"id": 35828185, "subtitle": "Area de Servi\u00e7os", "url": "893972284-125.55674987474652IMG0126.jpg", "cover": false}, {"id": 35828186, "subtitle": "Area de Servi\u00e7os", "url": "893972284-89.84482623359946IMG0127.jpg", "cover": false}, {"id": 35828187, "subtitle": "Banheiro De Servi\u00e7os", "url": "893972284-707.4585454042304IMG0128.jpg", "cover": false}, {"id": 35828188, "subtitle": "Banheiro De Servi\u00e7os", "url": "893972284-543.9190946644756IMG0129.jpg", "cover": false}, {"id": 35828189, "subtitle": "Banheiro De Servi\u00e7os", "url": "893972284-957.8006492769621IMG0130.jpg", "cover": false}, {"id": 35828190, "subtitle": "Banheiro De Servi\u00e7os", "url": "893972284-925.8657249742932IMG0131.jpg", "cover": false}, {"id": 35828191, "subtitle": "Quarto de Servi\u00e7os", "url": "893972284-27.76893655021384IMG0132.jpg", "cover": false}, {"id": 35828192, "subtitle": "Quarto de Servi\u00e7os", "url": "893972284-348.5917996224752IMG0133.jpg", "cover": false}, {"id": 35828193, "subtitle": "Quarto de Servi\u00e7os", "url": "893972284-405.9218646996571IMG0134.jpg", "cover": false}, {"id": 35828194, "subtitle": "Quarto de Servi\u00e7os", "url": "893972284-247.86695467146157IMG0135.jpg", "cover": false}, {"id": 35828195, "subtitle": "Brinquedoteca", "url": "893972284-437.00562453359146IMG0140.jpg", "cover": false}, {"id": 35828196, "subtitle": "Brinquedoteca", "url": "893972284-924.6440717377321IMG0141.jpg", "cover": false}, {"id": 35828197, "subtitle": "Jardim", "url": "893972284-213.91437827397175IMG0143.jpg", "cover": false}, {"id": 35828198, "subtitle": "Quadra", "url": "893972284-962.6116065289247IMG3679.jpg", "cover": false}, {"id": 35828199, "subtitle": "Caminhada", "url": "893972284-159.4309830856957IMG3680.jpg", "cover": false}, {"id": 35828200, "subtitle": "Academia", "url": "893972284-79.69069442036647IMG3681.jpg", "cover": false}, {"id": 35828201, "subtitle": "\u00c1rea comum - Piscina", "url": "893972284-708.0543647496211IMG3682.jpg", "cover": false}, {"id": 35828202, "subtitle": "Sal\u00e3o de festas", "url": "893972284-265.94926839885613IMG3687.jpg", "cover": false}, {"id": 35828204, "subtitle": "Fachada", "url": "893972284-80.00445273969592IMG3689.jpg", "cover": false}, {"id": 35828207, "subtitle": "Fachada", "url": "893972284-975.4281275082915IMG3690.jpg", "cover": false}], "photosCategorizedByRooms": [], "relevantRegions": [], "photospheres": [], "specialConditions": ["Exclusivity"], "offers": {"closingRate": 0, "shouldHighlightIcon": true, "shouldShowOfferDialog": false, "shouldShowOffers": false, "summary": []}, "status": "publicado", "showUrlHasBeenCopiedSnackbar": false, "isGalleryModalOpen": false, "error": false, "loaded": true, "loading": false, "loadingCategorizedRooms": false, "selectedMedia": "tenant/HouseMedia/PHOTOS", "video": "", "promotions": [], "condominium": {}, "forRent": true, "forSale": false, "salePrice": 0, "mortgageFirstInstallment": 0, "listings": [{"imovelId": 893972284, "businessContext": "RENT", "status": "publicado", "firstPublicationDate": "2023-02-26T01:46:32.000+0000", "lastPublicationDate": "2023-02-26T01:46:32.000+0000", "listingRentModel": {"listingBusinessContextId": 1480512, "rentalAdministrator": "QUINTOANDAR"}, "ownership": "STANDARD"}], "listingTags": [], "businessContext": "", "regionParameters": {"loaded": false, "loading": false, "RENT": {"visitsEnabled": true, "talkToAgentEnabled": false}, "SALE": {"visitsEnabled": true, "talkToAgentEnabled": false}}, "houseAgent": {"isDialogOpen": false, "alreadyOpenedByQueryParam": false}, "tenantServiceFee": 129, "closingStatus": {"loading": false}, "rentalGuarantee": {"minValue": 1250, "maxValue": 3750}, "reservationAvailability": null, "isPrimaryMarket": false, "macroRegion": {"id": 2728, "name": "SPO 03"}, "suites": 1, "houseVisitStatus": "ACCEPT_NEW", "visitStatusReason": null, "visitsUnavailable": false, "isReserved": false, "allowDirectOffer": true, "lastPublishedDate": "2023-02-26T01:46:32.000Z", "listingPublication": "not_stranded", "rentOnTermination": false, "constructionYear": null, "categories": []}, "markers": {"lat": -23.6098255, "lng": -46.6132665}, "talkToAgent": {"dialog": {"open": false, "questionType": null, "question": ""}, "agentSupport": {}, "error": null, "autoSubmit": false, "loading": false, "submitting": false, "success": false, "hasLoadedAgentInfo": false, "agent": null, "hasLoadedAgentsInRegion": false, "agentsInRegion": null}}}}, "__N_SSP": true}, "page": "/imovel/[houseId]/[[...slug]]", "query": {"houseId": "893972284", "slug": ["alugar", "apartamento-4-quartos-vila-brasilio-machado-sao-paulo"]}, "buildId": "gCr3Bg2lYzV9hxZqGibIQ", "runtimeConfig": {"NEXT_PUBLIC_HOME_ADVERTISING_BANNER": "coupon"}, "isFallback": false, "dynamicIds": [61847, 31265, 66435, 77453, 87356, 60899, 41103, 3232, 72227, 40072, 39327, 19904, 96827], "gssp": true, "customServer": true, "appGip": true, "locale": "pt-BR", "locales": ["pt-BR", "es-MX"], "defaultLocale": "pt-BR", "domainLocales": [{"domain": "www.quintoandar.com.br", "defaultLocale": "pt-BR"}, {"domain": "www.benvi.mx", "defaultLocale": "es-MX"}], "scriptLoader": []}