{"props": {"pageProps": {"initialState": {"route": {"locationBeforeTransitions": {"pathname": "/imovel/893908139/alugar/apartamento-2-quartos-vila-mariana-sao-paulo", "search": "", "hash": "", "action": "POP", "query": {}}, "topLevelRouteName": "house details", "businessContext": "RENT", "favoriteListsBusinessContext": "RENT"}, "router": {"location": {"href": "/", "pathname": "/", "search": "", "hash": ""}}, "progress": {"pendingRequests": -1}, "login": {"response": {}, "user": {"isLoggedIn": false, "id": 0, "agentId": 0, "hashId": "", "sessionId": null, "name": "", "email": "", "maskedEmail": "", "jwt": {"app": "", "firebase": ""}, "phone": {"countryCode": "+55", "areaCode": "", "phoneNumber": ""}, "country": "BR", "channel": "", "isPhoneRegistered": false, "acceptWhatsapp": true, "hasDocument": false, "isPartner": false}, "accountForm": {}, "redirectUrl": "", "isRequestOngoing": false}, "captcha": {"token": "", "hasLoadedRemoteConfig": false, "provider": "", "friction": "low", "unavailableCountriesCode": []}, "supportedCities": [], "inAppMessages": {"biomaSurvey": {"isOpen": false, "formId": null, "data": {"opaque": true}}}, "metaData": {"similar_houses_clicked": []}, "appData": {"device": {"type": "desktop", "isSearchEngineCrawler": false}, "experiments": "X-AB-Test=ab_exposed_filter_sale_desktop:1,ab_exposed_filter_sale_v1:1,ab_exposed_filters:1,ab_load_more_v0:-1,ab_new_house_card_v2:0,ab_new_rent_listing_phase2:0,ab_profiling_create_alert_filters:0,ab_scheduling_step_by_step_v1:1,ab_show_floor_sale:0,ab_street_search_retrieval_v1:0"}, "house": {"houseInfo": {"id": "893908139", "displayId": "1208139", "bedrooms": 2, "city": "S\u00e3o Paulo", "cityId": 39, "bathrooms": 2, "iptu": 292, "amenities": [{"key": "BANHEIRA_DE_HIDROMASSAGEM", "text": "Banheira", "value": "SIM", "optional": false}, {"key": "BOX", "text": "Box", "value": "SIM", "optional": false}, {"key": "VARANDA", "text": "Varanda", "value": "SIM", "optional": false}, {"key": "PISCINA_PRIVATIVA", "text": "Piscina privativa", "value": "SIM", "optional": false}, {"key": "ARMARIOS_EMBUTIDOS_NO_QUARTO", "text": "Arm\u00e1rios no quarto", "value": "SIM", "optional": false}, {"key": "ARMARIOS_NOS_BANHEIROS", "text": "Arm\u00e1rios no banheiro", "value": "SIM", "optional": false}, {"key": "ARMARIOS_NA_COZINHA", "text": "Arm\u00e1rios na cozinha", "value": "SIM", "optional": false}, {"key": "AR_CONDICIONADO", "text": "Ar condicionado", "value": "SIM", "optional": false}, {"key": "CHUVEIRO_A_GAS", "text": "Chuveiro a g\u00e1s", "value": "SIM", "optional": false}, {"key": "QUARTO_DE_SERVICO", "text": "Quarto de servi\u00e7o", "value": "SIM", "optional": false}, {"key": "BANHEIRO_DE_SERVICO", "text": "Banheiro de servi\u00e7o", "value": "SIM", "optional": false}, {"key": "VARANDA_GOURMET", "text": "Varanda gourmet", "value": "SIM", "optional": false}, {"key": "APARTAMENTO_COBERTURA", "text": "Apartamento cobertura", "value": "SIM", "optional": false}, {"key": "QUARTO_EXTRA_REVERSIVEL", "text": "Quarto extra revers\u00edvel", "value": "SIM", "optional": false}, {"key": "FOGAO_INCLUSO", "text": "Fog\u00e3o", "value": "NAO", "optional": false}, {"key": "GELADEIRA_INCLUSO", "text": "Geladeira", "value": "SIM", "optional": false}, {"key": "BANHEIRO_ADAPTADO", "text": "Banheiro adaptado", "value": "NAO", "optional": false}, {"key": "CLOSET", "text": "Closet", "value": "SIM", "optional": false}, {"key": "COZINHA_AMERICANA", "text": "Cozinha americana", "value": "SIM", "optional": false}, {"key": "MESAS_E_CADEIRAS_DE_ESCRITORIO", "text": "Mesas e cadeiras de escrit\u00f3rio", "value": "NAO", "optional": false}, {"key": "JARDIM", "text": "Jardim", "value": "SIM", "optional": false}, {"key": "QUARTOS_E_CORREDORES_COM_PORTAS_AMPLAS", "text": "Quartos e corredores com portas amplas", "value": "NAO", "optional": false}, {"key": "QUINTAL", "text": "Quintal", "value": "SIM", "optional": false}, {"key": "SOMENTE_UMA_CASA_NO_TERRENO", "text": "Somente uma casa no terreno", "value": "NAO", "optional": false}, {"key": "AREA_DE_SERVICO", "text": "\u00c1rea de servi\u00e7o", "value": "SIM", "optional": false}], "comfortCommodities": [{"key": "BANHEIRA_DE_HIDROMASSAGEM", "text": "Banheira", "value": "SIM", "optional": false}, {"key": "PISCINA_PRIVATIVA", "text": "Piscina privativa", "value": "SIM", "optional": false}, {"key": "AR_CONDICIONADO", "text": "Ar condicionado", "value": "SIM", "optional": false}, {"key": "SOL_DA_MANHA", "text": "Sol da manh\u00e3", "value": "SIM", "optional": false}, {"key": "SOL_DA_TARDE", "text": "Sol da tarde", "value": "SIM", "optional": false}, {"key": "CORTINAS_BLACK_OUT", "text": "Cortinas corta luz", "value": "SIM", "optional": false}, {"key": "CORTINAS_DECORATIVAS", "text": "Cortina transl\u00facida", "value": "SIM", "optional": false}, {"key": "JANELA_ANTI_RUIDO", "text": "Janela anti-ru\u00eddo", "value": "SIM", "optional": false}, {"key": "VENTILADOR_DE_TETO", "text": "Ventilador de teto", "value": "NAO", "optional": false}, {"key": "LUMINOSIDADE_NATURAL", "text": "Janelas grandes", "value": "SIM", "optional": false}, {"key": "VISTA_LIVRE", "text": "Vista livre", "value": "SIM", "optional": false}, {"key": "RUA_SILENCIOSA", "text": "Rua silenciosa", "value": "SIM", "optional": false}], "practicalityCommodities": [{"key": "BOX", "text": "Box", "value": "SIM", "optional": false}, {"key": "ARMARIOS_EMBUTIDOS_NO_QUARTO", "text": "Arm\u00e1rios no quarto", "value": "SIM", "optional": false}, {"key": "ARMARIOS_NOS_BANHEIROS", "text": "Arm\u00e1rios no banheiro", "value": "SIM", "optional": false}, {"key": "ARMARIOS_NA_COZINHA", "text": "Arm\u00e1rios na cozinha", "value": "SIM", "optional": false}, {"key": "CHUVEIRO_A_GAS", "text": "Chuveiro a g\u00e1s", "value": "SIM", "optional": false}, {"key": "FOGAO_INCLUSO", "text": "Fog\u00e3o", "value": "NAO", "optional": false}, {"key": "GELADEIRA_INCLUSO", "text": "Geladeira", "value": "SIM", "optional": false}, {"key": "CHUVEIRO_ELETRICO", "text": "Chuveiro el\u00e9trico", "value": "SIM", "optional": false}, {"key": "MICROONDAS", "text": "Microondas", "value": "NAO", "optional": false}, {"key": "SOFA", "text": "Sof\u00e1", "value": "SIM", "optional": false}, {"key": "MAQUINA_DE_LAVAR", "text": "M\u00e1quina de lavar", "value": "NAO", "optional": false}, {"key": "TANQUE", "text": "Tanque", "value": "SIM", "optional": false}, {"key": "REDE_DE_PROTECAO", "text": "Tela nas janelas", "value": "SIM", "optional": false}, {"key": "VARAL_DE_ROUPAS", "text": "Varal de roupas", "value": "SIM", "optional": false}, {"key": "TOMADAS_NOVAS", "text": "Tomadas 3 pinos", "value": "SIM", "optional": false}, {"key": "TELEVISAO", "text": "Televis\u00e3o", "value": "SIM", "optional": false}, {"key": "MESAS_E_CADEIRAS_DE_JANTAR", "text": "Mesas e cadeiras de jantar", "value": "SIM", "optional": false}, {"key": "CHURRASQUEIRA", "text": "Churrasqueira", "value": "SIM", "optional": false}, {"key": "ACESSO_SEM_DEGRAUS", "text": "Acesso sem degraus", "value": "SIM", "optional": false}, {"key": "COOKTOP", "text": "Fog\u00e3o cooktop", "value": "SIM", "optional": false}, {"key": "UTENSILIOS_DE_COZINHA", "text": "Utens\u00edlios de cozinha", "value": "SIM", "optional": false}, {"key": "CAMA_DE_CASAL", "text": "Cama de casal", "value": "SIM", "optional": false}, {"key": "CAMA_DE_SOLTEIRO", "text": "Cama de solteiro", "value": "SIM", "optional": false}, {"key": "ESPELHO_NO_BANHEIRO", "text": "Espelho no banheiro", "value": "SIM", "optional": false}, {"key": "FECHADURA_ELETRONICA", "text": "Fechadura eletr\u00f4nica", "value": "SIM", "optional": false}, {"key": "ENERGIA", "text": "Energia no im\u00f3vel", "value": "SIM", "optional": false}], "area": 160, "installations": [{"key": "PLAYGROUND", "text": "Playground", "value": "SIM"}, {"key": "PISCINA", "text": "Piscina", "value": "SIM"}, {"key": "CHURRASQUEIRA", "text": "Churrasqueira", "value": "SIM"}, {"key": "QUADRA_ESPORTIVA", "text": "Quadra esportiva", "value": "NAO"}, {"key": "ACADEMIA", "text": "Academia", "value": "SIM"}, {"key": "SALAO_DE_FESTAS", "text": "Sal\u00e3o de festas", "value": "SIM"}, {"key": "SAUNA", "text": "Sauna", "value": "SIM"}, {"key": "LAVANDERIA_NO_PREDIO", "text": "Lavanderia no pr\u00e9dio", "value": "NAO"}, {"key": "GAS_ENCANADO", "text": "G\u00e1s encanado", "value": "SIM"}, {"key": "ESPACO_GOURMET_NA_AREA_COMUM", "text": "Espa\u00e7o gourmet na \u00e1rea comum", "value": "SIM"}, {"key": "BRINQUEDOTECA", "text": "Brinquedoteca", "value": "NAO"}, {"key": "CORRIMAO", "text": "Corrim\u00e3o", "value": "SIM"}, {"key": "PISO_TATIL", "text": "Piso t\u00e1til", "value": "NAO"}, {"key": "RAMPAS_DE_ACESSO", "text": "Rampas de acesso", "value": "NAO"}, {"key": "SALAO_DE_JOGOS", "text": "Sal\u00e3o de jogos", "value": "SIM"}, {"key": "VAGA_DE_GARAGEM_ACESSIVEL", "text": "Vaga de garagem acess\u00edvel", "value": "SIM"}, {"key": "AREA_VERDE", "text": "\u00c1rea verde", "value": "SIM"}, {"key": "Elevador", "value": "SIM"}, {"key": "Porteiro24H", "value": "SIM"}], "rentPrice": 8720, "condoPrice": 1800, "condoType": "Normal", "region": {"name": "Vila Mariana", "hub": {"loading": "UNSET", "enabled": false, "abSecretariat": false, "isPrimaryMarket": false}, "id": 51}, "type": "Apartamento", "iptuType": "Normal", "totalCost": 10923, "parkingSpaces": 2, "address": {"street": "Rua Rino Pieralini", "neighborhood": "Vila Mariana", "city": "S\u00e3o Paulo", "zipCode": "04017-010", "stateName": "S\u00e3o Paulo", "stateAcronym": "SP", "lat": -23.5882373, "lng": -46.6366734, "countryName": "Brasil", "countryCode": "BR", "country": "Brasil"}, "floor": 8, "homeProtection": 111, "remarks": "Cobertura Duplex, em Rua fechada e pr\u00f3ximo ao metr\u00f4 Vila Mariana ", "acceptsPets": true, "hasFurniture": true, "isNearSubway": true, "placesNearby": [{"name": "Universidade Paulistana", "type": "UNIVERSITY_OR_COLLEGE", "slug": "universidade-paulistana-vila-mariana-sao-paulo-sp"}, {"name": "Vila Mariana", "type": "ESTACAO_METRO_OU_TREM", "slug": "estacao-vila-mariana-sao-paulo-sp"}, {"name": "CNA", "type": "SCHOOL", "slug": "cna-vila-mariana-sao-paulo-sp"}, {"name": "Belas Artes - Campus 1, 2", "type": "UNIVERSITY_OR_COLLEGE", "slug": "belas-artes-unidade-1-alvaro-alvim-sao-paulo-sp"}, {"name": "Centro de Eventos Vila Mariana", "type": "MUSEUM_THEATRE_OR_CONCERT_HALL", "slug": "centro-de-eventos-vila-mariana-vila-mariana-sao-paulo-sp"}, {"name": "Terminal Ana Rosa", "type": "BUS_TERMINAL_STATION", "slug": "terminal-ana-rosa-vila-mariana-sao-paulo-sp"}, {"name": "Ana Rosa", "type": "ESTACAO_METRO_OU_TREM", "slug": "ana-rosa-vila-mariana-sao-paulo-sp"}, {"name": "EEPG Lazar Segall", "type": "SCHOOL", "slug": "eepg-lazar-segall-vila-mariana-sao-paulo-sp"}, {"name": "Prandiano", "type": "MUSEUM_THEATRE_OR_CONCERT_HALL", "slug": "prandiano-vila-mariana-sao-paulo-sp"}, {"name": "Ch\u00e1cara Klabin", "type": "ESTACAO_METRO_OU_TREM", "slug": "estacao-chacara-klabin-sao-paulo-sp"}, {"name": "Lycee Pasteur", "type": "SCHOOL", "slug": "lycee-pasteur-vila-mariana-sao-paulo-sp"}, {"name": "Col\u00e9gio Cristo Rei", "type": "SCHOOL", "slug": "colegio-cristo-rei-vila-mariana-sao-paulo-sp"}, {"name": "EMEI D. Ana Rosa de Ara\u00fajo", "type": "SCHOOL", "slug": "emei-d-ana-rosa-de-araujo-vila-mariana-sao-paulo-sp"}, {"name": "Instituto de Medicina F\u00edsica e de Reabilita\u00e7\u00e3o", "type": "HOSPITAL", "slug": "instituto-de-medicina-fisica-e-de-reabilitacao-vila-mariana-sao-paulo-sp"}, {"name": "Centro de Refer\u00eancia e Treinamento DST/Aids-SP", "type": "HOSPITAL", "slug": "centro-de-referencia-e-treinamento-dst-aids-sp-vila-mariana-sao-paulo-sp"}, {"name": "Col\u00e9gio Etapa S\u00e3o Paulo", "type": "SCHOOL", "slug": "colegio-etapa-sao-paulo-vila-mariana-sao-paulo-sp"}, {"name": "Sesc Vila Mariana", "type": "MUSEUM_THEATRE_OR_CONCERT_HALL", "slug": "sesc-vila-mariana-vila-mariana-sao-paulo-sp"}, {"name": "Hospital Santa Cruz", "type": "HOSPITAL", "slug": "hospital-santa-cruz-sao-paulo-sp-brasil"}, {"name": "Col\u00e9gio Benjamin Constant", "type": "SCHOOL", "slug": "colegio-benjamin-constant-vila-mariana-sao-paulo-sp"}, {"name": "DeRose Method Vila Mariana", "type": "UNIVERSITY_OR_COLLEGE", "slug": "derose-method-vila-mariana-vila-clementino-sao-paulo-sp"}, {"name": "Col\u00e9gio Marista", "type": "SCHOOL", "slug": "colegio-marista-vila-mariana-sao-paulo-sp"}, {"name": "Shopping Santa Cruz", "type": "SHOPPING_MALL", "slug": "shopping-santa-cruz-vila-mariana-sao-paulo-sp"}, {"name": "Incenna Escola de Teatro, TV e Cinema", "type": "UNIVERSITY_OR_COLLEGE", "slug": "incenna-escola-de-teatro-tv-e-cinema-vila-mariana-sao-paulo-sp"}, {"name": "Col\u00e9gio Esta\u00e7\u00e3o Fundamental", "type": "SCHOOL", "slug": "colegio-estacao-fundamental-vila-mariana-sao-paulo-sp"}, {"name": "Escola Paulista de Medicina - UNIFESP", "type": "UNIVERSITY_OR_COLLEGE", "slug": "unifesp-medicina-sao-paulo-sp"}, {"name": "Escola Mundial de L\u00ednguas", "type": "SCHOOL", "slug": "escola-mundial-de-linguas-vila-mariana-sao-paulo-sp"}, {"name": "Planeta Inseto", "type": "PARK_OR_GREEN_AREA", "slug": "planeta-inseto-sao-paulo-sp-brasil"}, {"name": "Col\u00e9gio Bandeirantes", "type": "SCHOOL", "slug": "colegio-bandeirantes-vila-mariana-sao-paulo-sp"}, {"name": "UNIFESP", "type": "UNIVERSITY_OR_COLLEGE", "slug": "unifesp-vila-clementino-sao-paulo-sp"}, {"name": "Belas Artes - Campus 3", "type": "UNIVERSITY_OR_COLLEGE", "slug": "belas-artes-unidade-3-jose-antonio-coelho-sao-paulo-sp"}], "availabilityType": "IMMEDIATE", "photos": [{"id": 34897435, "subtitle": "Sala", "url": "893908139-996.5507481609385foto1.jpg", "cover": true}, {"id": 34897436, "subtitle": "Sala", "url": "893908139-118.39774722021012foto2.jpg", "cover": false}, {"id": 34897437, "subtitle": "Sala", "url": "893908139-23.72847998808836foto3.jpg", "cover": false}, {"id": 34897438, "subtitle": "Sala", "url": "893908139-5.560546593710414foto4.jpg", "cover": false}, {"id": 34897439, "subtitle": "Sala", "url": "893908139-97.63940914478731foto5.jpg", "cover": false}, {"id": 34897440, "subtitle": "Vista da sala", "url": "893908139-859.1363353087775foto6.jpg", "cover": false}, {"id": 34897441, "subtitle": "Cozinha", "url": "893908139-781.2432076923192foto7.jpg", "cover": false}, {"id": 34897442, "subtitle": "Cozinha", "url": "893908139-183.00479224443512foto8.jpg", "cover": false}, {"id": 34897443, "subtitle": "Cozinha", "url": "893908139-362.9357995383219foto9.jpg", "cover": false}, {"id": 34897444, "subtitle": "Cozinha", "url": "893908139-54.07113601107305foto10.jpg", "cover": false}, {"id": 34897445, "subtitle": "Cozinha", "url": "893908139-473.8979727518514foto11.jpg", "cover": false}, {"id": 34897446, "subtitle": "Su\u00edte 1", "url": "893908139-73.17146228665095foto12.jpg", "cover": false}, {"id": 34897447, "subtitle": "Su\u00edte 1", "url": "893908139-978.4907947542614foto13.jpg", "cover": false}, {"id": 34897448, "subtitle": "Su\u00edte 1", "url": "893908139-486.12299046545206foto14.jpg", "cover": false}, {"id": 34897449, "subtitle": "Su\u00edte 1", "url": "893908139-480.5354864322172foto15.jpg", "cover": false}, {"id": 34897450, "subtitle": "Ar condicionado", "url": "893908139-837.6763787773812foto16.jpg", "cover": false}, {"id": 34897451, "subtitle": "Banheiro da su\u00edte 1", "url": "893908139-699.3337010425716foto17.jpg", "cover": false}, {"id": 34897452, "subtitle": "Banheiro da su\u00edte 1", "url": "893908139-342.15609085113243foto18.jpg", "cover": false}, {"id": 34897453, "subtitle": "Banheiro da su\u00edte 1", "url": "893908139-580.1853814054907foto19.jpg", "cover": false}, {"id": 34897454, "subtitle": "Banheiro da su\u00edte 1", "url": "893908139-326.33787933057346foto20.jpg", "cover": false}, {"id": 34897455, "subtitle": "Banheiro da su\u00edte 1", "url": "893908139-148.316927771863foto21.jpg", "cover": false}, {"id": 34897456, "subtitle": "Banheiro da su\u00edte 1", "url": "893908139-681.3976968033957foto22.jpg", "cover": false}, {"id": 34897457, "subtitle": "Su\u00edte 2", "url": "893908139-49.086649469359145foto23.jpg", "cover": false}, {"id": 34897458, "subtitle": "Su\u00edte 2", "url": "893908139-829.110099670714foto24.jpg", "cover": false}, {"id": 34897459, "subtitle": "Su\u00edte 2", "url": "893908139-524.0757517300507foto25.jpg", "cover": false}, {"id": 34897460, "subtitle": "Su\u00edte 2", "url": "893908139-852.764523662891foto26.jpg", "cover": false}, {"id": 34897461, "subtitle": "Ar condicionado", "url": "893908139-131.91293884988875foto27.jpg", "cover": false}, {"id": 34897462, "subtitle": "Vista da su\u00edte 2", "url": "893908139-260.11363180774714foto28.jpg", "cover": false}, {"id": 34897463, "subtitle": "Banheiro da su\u00edte 2", "url": "893908139-810.0690791808473foto29.jpg", "cover": false}, {"id": 34897464, "subtitle": "Banheiro da su\u00edte 2", "url": "893908139-72.04729667461562foto30.jpg", "cover": false}, {"id": 34897465, "subtitle": "Banheiro da su\u00edte 2", "url": "893908139-763.5887032524416foto31.jpg", "cover": false}, {"id": 34897466, "subtitle": "Banheiro da su\u00edte 2", "url": "893908139-248.73325471938358foto32.jpg", "cover": false}, {"id": 34897467, "subtitle": "Banheiro da su\u00edte 2", "url": "893908139-266.4747038613654foto33.jpg", "cover": false}, {"id": 34897468, "subtitle": "Banheiro da su\u00edte 2", "url": "893908139-639.4680148089021foto34.jpg", "cover": false}, {"id": 34897470, "subtitle": "Banheiro da su\u00edte 2", "url": "893908139-772.2637870253932foto35.jpg", "cover": false}, {"id": 34897473, "subtitle": "Banheiro da su\u00edte 2", "url": "893908139-186.82864218490823foto36.jpg", "cover": false}, {"id": 34897475, "subtitle": "Closet da su\u00edte 2", "url": "893908139-563.9963991538912foto37.jpg", "cover": false}, {"id": 34897476, "subtitle": "Closet da su\u00edte 2", "url": "893908139-374.1552740723004foto38.jpg", "cover": false}, {"id": 34897477, "subtitle": "Closet da su\u00edte 2", "url": "893908139-621.8993878708236foto39.jpg", "cover": false}, {"id": 34897478, "subtitle": "Closet da su\u00edte 2", "url": "893908139-251.57247589897324foto40.jpg", "cover": false}, {"id": 34897498, "subtitle": "Sala de tv", "url": "893908139-49.04023851882155foto41.jpg", "cover": false}, {"id": 34897499, "subtitle": "Sala de tv", "url": "893908139-37.93983227148057foto42.jpg", "cover": false}, {"id": 34897501, "subtitle": "Sala de tv", "url": "893908139-423.8486198274657foto43.jpg", "cover": false}, {"id": 34897502, "subtitle": "Sala de tv", "url": "893908139-432.77834574994955foto44.jpg", "cover": false}, {"id": 34897666, "subtitle": "Lavabo", "url": "893908139-105.20305742783209foto48.jpg", "cover": false}, {"id": 34897663, "subtitle": "Lavabo", "url": "893908139-912.3732688803319foto45.jpg", "cover": false}, {"id": 34897664, "subtitle": "Lavabo", "url": "893908139-601.7402729721085foto46.jpg", "cover": false}, {"id": 34897665, "subtitle": "Lavabo", "url": "893908139-473.6236077339223foto47.jpg", "cover": false}, {"id": 34897667, "subtitle": "Varanda", "url": "893908139-124.01257527388177foto49.jpg", "cover": false}, {"id": 34897668, "subtitle": "Varanda", "url": "893908139-425.8179055824898foto50.jpg", "cover": false}, {"id": 34897669, "subtitle": "Varanda", "url": "893908139-994.9419415385471foto51.jpg", "cover": false}, {"id": 34897670, "subtitle": "Varanda", "url": "893908139-218.7454554489491foto52.jpg", "cover": false}, {"id": 34897671, "subtitle": "Varanda", "url": "893908139-62.95895353255388foto53.jpg", "cover": false}, {"id": 34897672, "subtitle": "Varanda", "url": "893908139-136.24541591427186foto54.jpg", "cover": false}, {"id": 34897674, "subtitle": "Pia", "url": "893908139-986.36215724497foto56.jpg", "cover": false}, {"id": 34897673, "subtitle": "Vista", "url": "893908139-502.3202525214525foto55.jpg", "cover": false}, {"id": 34897676, "subtitle": "Lavanderia", "url": "893908139-461.6490023196015foto57.jpg", "cover": false}, {"id": 34897682, "subtitle": "Lavanderia", "url": "893908139-568.9979566201458foto59.jpg", "cover": false}, {"id": 34897685, "subtitle": "Lavanderia", "url": "893908139-43.153658271855356foto60.jpg", "cover": false}, {"id": 34897686, "subtitle": "Lavanderia", "url": "893908139-230.74750836760614foto61.jpg", "cover": false}, {"id": 34897691, "subtitle": "Hall de entrada", "url": "893908139-318.5305328913336foto62.jpg", "cover": false}, {"id": 34897693, "subtitle": "Playground", "url": "893908139-453.08657348957246foto63.jpg", "cover": false}, {"id": 34897695, "subtitle": "Academia", "url": "893908139-131.4711270194372foto64.jpg", "cover": false}, {"id": 34897696, "subtitle": "Piscina", "url": "893908139-819.6881736146363foto65.jpg", "cover": false}, {"id": 34897698, "subtitle": "Sala de jogos", "url": "893908139-589.9113705956461foto66.jpg", "cover": false}, {"id": 34897699, "subtitle": "Sal\u00e3o de festas", "url": "893908139-435.47899495435826foto67.jpg", "cover": false}, {"id": 34897700, "subtitle": "Sal\u00e3o de festas", "url": "893908139-638.5409137466643foto68.jpg", "cover": false}, {"id": 34897701, "subtitle": "Sal\u00e3o de festas", "url": "893908139-80.06851317871089foto69.jpg", "cover": false}, {"id": 34897702, "subtitle": "Sauna", "url": "893908139-899.6190608475417foto70.jpg", "cover": false}, {"id": 34897703, "subtitle": "Brinquedoteca", "url": "893908139-61.287180965805874foto71.jpg", "cover": false}, {"id": 34897704, "subtitle": "Churrasqueira", "url": "893908139-106.40969785340282foto72.jpg", "cover": false}, {"id": 34897705, "subtitle": "Churrasqueira", "url": "893908139-468.3239542909329foto73.jpg", "cover": false}, {"id": 34897718, "subtitle": "Fachada", "url": "893908139-279.46180718215896foto74.jpg", "cover": false}, {"id": 34897719, "subtitle": "Fachada", "url": "893908139-976.260683683559foto75.jpg", "cover": false}, {"id": 34897720, "subtitle": "Fachada", "url": "893908139-666.1274370107158foto76.jpg", "cover": false}], "photosCategorizedByRooms": [], "relevantRegions": [], "photospheres": [], "specialConditions": ["Exclusivity"], "offers": {"closingRate": 0, "shouldHighlightIcon": true, "shouldShowOfferDialog": false, "shouldShowOffers": false, "summary": []}, "status": "publicado", "showUrlHasBeenCopiedSnackbar": false, "isGalleryModalOpen": false, "error": false, "loaded": true, "loading": false, "loadingCategorizedRooms": false, "selectedMedia": "tenant/HouseMedia/PHOTOS", "video": "", "promotions": [], "condominium": {"hashId": "8kojslgjed", "name": "Palmas de Mariana", "slug": "palmas-de-mariana-vila-mariana-sao-paulo", "address": "R. Rino Pieralini"}, "forRent": true, "forSale": true, "salePrice": 1750000, "mortgageFirstInstallment": 0, "listings": [{"imovelId": 893908139, "businessContext": "RENT", "status": "publicado", "firstPublicationDate": "2023-02-16T14:56:50.000+0000", "lastPublicationDate": "2023-02-16T14:56:50.000+0000", "listingRentModel": {"listingBusinessContextId": 1469839, "rentalAdministrator": "QUINTOANDAR"}, "ownership": "STANDARD"}, {"imovelId": 893908139, "businessContext": "SALE", "status": "publicado", "firstPublicationDate": "2023-01-05T20:19:23.000+0000", "lastPublicationDate": "2023-01-05T20:19:23.000+0000", "ownership": "STANDARD"}], "listingTags": [], "businessContext": "", "regionParameters": {"loaded": false, "loading": false, "RENT": {"visitsEnabled": true, "talkToAgentEnabled": false}, "SALE": {"visitsEnabled": true, "talkToAgentEnabled": false}}, "houseAgent": {"isDialogOpen": false, "alreadyOpenedByQueryParam": false}, "tenantServiceFee": 226, "closingStatus": {"loading": false}, "rentalGuarantee": {"minValue": 2180, "maxValue": 6540}, "reservationAvailability": null, "isPrimaryMarket": false, "macroRegion": {"id": 2728, "name": "SPO 03"}, "suites": 2, "houseVisitStatus": "ACCEPT_NEW", "visitStatusReason": null, "visitsUnavailable": false, "isReserved": false, "allowDirectOffer": true, "lastPublishedDate": "2023-02-16T14:56:50.000Z", "listingPublication": "not_stranded", "rentOnTermination": false, "constructionYear": null, "categories": []}, "markers": {"lat": -23.5882373, "lng": -46.6366734}, "talkToAgent": {"dialog": {"open": false, "questionType": null, "question": ""}, "agentSupport": {}, "error": null, "autoSubmit": false, "loading": false, "submitting": false, "success": false, "hasLoadedAgentInfo": false, "agent": null, "hasLoadedAgentsInRegion": false, "agentsInRegion": null}}}}, "__N_SSP": true}, "page": "/imovel/[houseId]/[[...slug]]", "query": {"houseId": "893908139", "slug": ["alugar", "apartamento-2-quartos-vila-mariana-sao-paulo"]}, "buildId": "gCr3Bg2lYzV9hxZqGibIQ", "runtimeConfig": {"NEXT_PUBLIC_HOME_ADVERTISING_BANNER": "coupon"}, "isFallback": false, "dynamicIds": [61847, 31265, 66435, 77453, 87356, 60899, 41103, 3232, 33207, 72227, 40072, 39327, 19904, 96827], "gssp": true, "customServer": true, "appGip": true, "locale": "pt-BR", "locales": ["pt-BR", "es-MX"], "defaultLocale": "pt-BR", "domainLocales": [{"domain": "www.quintoandar.com.br", "defaultLocale": "pt-BR"}, {"domain": "www.benvi.mx", "defaultLocale": "es-MX"}], "scriptLoader": []}