{"props": {"pageProps": {"initialState": {"route": {"locationBeforeTransitions": {"pathname": "/imovel/893945923/alugar/apartamento-1-quarto-cerqueira-cesar-sao-paulo", "search": "", "hash": "", "action": "POP", "query": {}}, "topLevelRouteName": "house details", "businessContext": "RENT", "favoriteListsBusinessContext": "RENT"}, "router": {"location": {"href": "/", "pathname": "/", "search": "", "hash": ""}}, "progress": {"pendingRequests": -1}, "login": {"response": {}, "user": {"isLoggedIn": false, "id": 0, "agentId": 0, "hashId": "", "sessionId": null, "name": "", "email": "", "maskedEmail": "", "jwt": {"app": "", "firebase": ""}, "phone": {"countryCode": "+55", "areaCode": "", "phoneNumber": ""}, "country": "BR", "channel": "", "isPhoneRegistered": false, "acceptWhatsapp": true, "hasDocument": false, "isPartner": false}, "accountForm": {}, "redirectUrl": "", "isRequestOngoing": false}, "captcha": {"token": "", "hasLoadedRemoteConfig": false, "provider": "", "friction": "low", "unavailableCountriesCode": []}, "supportedCities": [], "inAppMessages": {"biomaSurvey": {"isOpen": false, "formId": null, "data": {"opaque": true}}}, "metaData": {"similar_houses_clicked": []}, "appData": {"device": {"type": "desktop", "isSearchEngineCrawler": false}, "experiments": "X-AB-Test=ab_exposed_filter_sale_desktop:1,ab_exposed_filter_sale_v1:1,ab_exposed_filters:1,ab_load_more_v0:-1,ab_new_house_card_v2:0,ab_new_rent_listing_phase2:0,ab_profiling_create_alert_filters:0,ab_scheduling_step_by_step_v1:1,ab_show_floor_sale:0,ab_street_search_retrieval_v1:0"}, "house": {"houseInfo": {"id": "893945923", "displayId": "1245923", "bedrooms": 1, "city": "S\u00e3o Paulo", "cityId": 39, "bathrooms": 3, "iptu": 350, "amenities": [{"key": "BANHEIRA_DE_HIDROMASSAGEM", "text": "Banheira", "value": "NAO", "optional": false}, {"key": "BOX", "text": "Box", "value": "NAO", "optional": false}, {"key": "VARANDA", "text": "Varanda", "value": "NAO", "optional": false}, {"key": "PISCINA_PRIVATIVA", "text": "Piscina privativa", "value": "NAO", "optional": false}, {"key": "ARMARIOS_EMBUTIDOS_NO_QUARTO", "text": "Arm\u00e1rios no quarto", "value": "NAO", "optional": false}, {"key": "ARMARIOS_NOS_BANHEIROS", "text": "Arm\u00e1rios no banheiro", "value": "NAO", "optional": false}, {"key": "ARMARIOS_NA_COZINHA", "text": "Arm\u00e1rios na cozinha", "value": "NAO", "optional": false}, {"key": "AR_CONDICIONADO", "text": "Ar condicionado", "value": "NAO", "optional": false}, {"key": "CHUVEIRO_A_GAS", "text": "Chuveiro a g\u00e1s", "value": "NAO", "optional": false}, {"key": "QUARTO_DE_SERVICO", "text": "Quarto de servi\u00e7o", "value": "NAO", "optional": false}, {"key": "BANHEIRO_DE_SERVICO", "text": "Banheiro de servi\u00e7o", "value": "NAO", "optional": false}, {"key": "VARANDA_GOURMET", "text": "Varanda gourmet", "value": "NAO", "optional": false}, {"key": "APARTAMENTO_COBERTURA", "text": "Apartamento cobertura", "value": "NAO", "optional": false}, {"key": "QUARTO_EXTRA_REVERSIVEL", "text": "Quarto extra revers\u00edvel", "value": "NAO", "optional": false}, {"key": "FOGAO_INCLUSO", "text": "Fog\u00e3o", "value": "NAO", "optional": false}, {"key": "GELADEIRA_INCLUSO", "text": "Geladeira", "value": "NAO", "optional": false}, {"key": "BANHEIRO_ADAPTADO", "text": "Banheiro adaptado", "value": "NAO", "optional": false}, {"key": "CLOSET", "text": "Closet", "value": "NAO", "optional": false}, {"key": "COZINHA_AMERICANA", "text": "Cozinha americana", "value": "NAO", "optional": false}, {"key": "MESAS_E_CADEIRAS_DE_ESCRITORIO", "text": "Mesas e cadeiras de escrit\u00f3rio", "value": "NAO", "optional": false}, {"key": "JARDIM", "text": "Jardim", "value": "NAO", "optional": false}, {"key": "QUARTOS_E_CORREDORES_COM_PORTAS_AMPLAS", "text": "Quartos e corredores com portas amplas", "value": "NAO", "optional": false}, {"key": "QUINTAL", "text": "Quintal", "value": "NAO", "optional": false}, {"key": "SOMENTE_UMA_CASA_NO_TERRENO", "text": "Somente uma casa no terreno", "value": "NAO", "optional": false}, {"key": "AREA_DE_SERVICO", "text": "\u00c1rea de servi\u00e7o", "value": "NAO", "optional": false}], "comfortCommodities": [{"key": "BANHEIRA_DE_HIDROMASSAGEM", "text": "Banheira", "value": "NAO", "optional": false}, {"key": "PISCINA_PRIVATIVA", "text": "Piscina privativa", "value": "NAO", "optional": false}, {"key": "AR_CONDICIONADO", "text": "Ar condicionado", "value": "NAO", "optional": false}, {"key": "SOL_DA_MANHA", "text": "Sol da manh\u00e3", "value": "NAO", "optional": false}, {"key": "SOL_DA_TARDE", "text": "Sol da tarde", "value": "NAO", "optional": false}, {"key": "CORTINAS_BLACK_OUT", "text": "Cortinas corta luz", "value": "NAO", "optional": false}, {"key": "CORTINAS_DECORATIVAS", "text": "Cortina transl\u00facida", "value": "NAO", "optional": false}, {"key": "JANELA_ANTI_RUIDO", "text": "Janela anti-ru\u00eddo", "value": "NAO", "optional": false}, {"key": "VENTILADOR_DE_TETO", "text": "Ventilador de teto", "value": "NAO", "optional": false}, {"key": "LUMINOSIDADE_NATURAL", "text": "Janelas grandes", "value": "NAO", "optional": false}, {"key": "VISTA_LIVRE", "text": "Vista livre", "value": "NAO", "optional": false}, {"key": "RUA_SILENCIOSA", "text": "Rua silenciosa", "value": "NAO", "optional": false}], "practicalityCommodities": [{"key": "BOX", "text": "Box", "value": "NAO", "optional": false}, {"key": "ARMARIOS_EMBUTIDOS_NO_QUARTO", "text": "Arm\u00e1rios no quarto", "value": "NAO", "optional": false}, {"key": "ARMARIOS_NOS_BANHEIROS", "text": "Arm\u00e1rios no banheiro", "value": "NAO", "optional": false}, {"key": "ARMARIOS_NA_COZINHA", "text": "Arm\u00e1rios na cozinha", "value": "NAO", "optional": false}, {"key": "CHUVEIRO_A_GAS", "text": "Chuveiro a g\u00e1s", "value": "NAO", "optional": false}, {"key": "FOGAO_INCLUSO", "text": "Fog\u00e3o", "value": "NAO", "optional": false}, {"key": "GELADEIRA_INCLUSO", "text": "Geladeira", "value": "NAO", "optional": false}, {"key": "CHUVEIRO_ELETRICO", "text": "Chuveiro el\u00e9trico", "value": "NAO", "optional": false}, {"key": "MICROONDAS", "text": "Microondas", "value": "NAO", "optional": false}, {"key": "SOFA", "text": "Sof\u00e1", "value": "NAO", "optional": false}, {"key": "MAQUINA_DE_LAVAR", "text": "M\u00e1quina de lavar", "value": "NAO", "optional": false}, {"key": "TANQUE", "text": "Tanque", "value": "NAO", "optional": false}, {"key": "REDE_DE_PROTECAO", "text": "Tela nas janelas", "value": "NAO", "optional": false}, {"key": "VARAL_DE_ROUPAS", "text": "Varal de roupas", "value": "NAO", "optional": false}, {"key": "TOMADAS_NOVAS", "text": "Tomadas 3 pinos", "value": "NAO", "optional": false}, {"key": "TELEVISAO", "text": "Televis\u00e3o", "value": "NAO", "optional": false}, {"key": "MESAS_E_CADEIRAS_DE_JANTAR", "text": "Mesas e cadeiras de jantar", "value": "NAO", "optional": false}, {"key": "CHURRASQUEIRA", "text": "Churrasqueira", "value": "NAO", "optional": false}, {"key": "ACESSO_SEM_DEGRAUS", "text": "Acesso sem degraus", "value": "NAO", "optional": false}, {"key": "COOKTOP", "text": "Fog\u00e3o cooktop", "value": "NAO", "optional": false}, {"key": "UTENSILIOS_DE_COZINHA", "text": "Utens\u00edlios de cozinha", "value": "NAO", "optional": false}, {"key": "CAMA_DE_CASAL", "text": "Cama de casal", "value": "NAO", "optional": false}, {"key": "CAMA_DE_SOLTEIRO", "text": "Cama de solteiro", "value": "NAO", "optional": false}, {"key": "ESPELHO_NO_BANHEIRO", "text": "Espelho no banheiro", "value": "NAO", "optional": false}, {"key": "FECHADURA_ELETRONICA", "text": "Fechadura eletr\u00f4nica", "value": "NAO", "optional": false}, {"key": "ENERGIA", "text": "Energia no im\u00f3vel", "value": "NAO", "optional": false}], "area": 95, "installations": [{"key": "PLAYGROUND", "text": "Playground", "value": "NAO_INFORMADO"}, {"key": "PISCINA", "text": "Piscina", "value": "SIM"}, {"key": "CHURRASQUEIRA", "text": "Churrasqueira", "value": "NAO_INFORMADO"}, {"key": "QUADRA_ESPORTIVA", "text": "Quadra esportiva", "value": "NAO_INFORMADO"}, {"key": "ACADEMIA", "text": "Academia", "value": "NAO_INFORMADO"}, {"key": "SALAO_DE_FESTAS", "text": "Sal\u00e3o de festas", "value": "NAO_INFORMADO"}, {"key": "SAUNA", "text": "Sauna", "value": "NAO_INFORMADO"}, {"key": "LAVANDERIA_NO_PREDIO", "text": "Lavanderia no pr\u00e9dio", "value": "NAO_INFORMADO"}, {"key": "GAS_ENCANADO", "text": "G\u00e1s encanado", "value": "NAO_INFORMADO"}, {"key": "ESPACO_GOURMET_NA_AREA_COMUM", "text": "Espa\u00e7o gourmet na \u00e1rea comum", "value": "NAO_INFORMADO"}, {"key": "BRINQUEDOTECA", "text": "Brinquedoteca", "value": "NAO_INFORMADO"}, {"key": "CORRIMAO", "text": "Corrim\u00e3o", "value": "NAO_INFORMADO"}, {"key": "PISO_TATIL", "text": "Piso t\u00e1til", "value": "NAO_INFORMADO"}, {"key": "RAMPAS_DE_ACESSO", "text": "Rampas de acesso", "value": "NAO_INFORMADO"}, {"key": "SALAO_DE_JOGOS", "text": "Sal\u00e3o de jogos", "value": "NAO_INFORMADO"}, {"key": "VAGA_DE_GARAGEM_ACESSIVEL", "text": "Vaga de garagem acess\u00edvel", "value": "NAO_INFORMADO"}, {"key": "AREA_VERDE", "text": "\u00c1rea verde", "value": "NAO_INFORMADO"}, {"key": "Elevador", "value": "NAO"}, {"key": "Porteiro24H", "value": "NAO"}], "rentPrice": 12490, "condoPrice": 1350, "condoType": "Normal", "region": {"name": "Jardim Paulista", "hub": {"loading": "UNSET", "enabled": false, "abSecretariat": false, "isPrimaryMarket": false}, "id": 56}, "type": "Apartamento", "iptuType": "Normal", "totalCost": 14349, "parkingSpaces": 1, "address": {"street": "Rua da Consola\u00e7\u00e3o", "neighborhood": "Cerqueira C\u00e9sar", "city": "S\u00e3o Paulo", "zipCode": "01416-001", "stateName": "S\u00e3o Paulo", "stateAcronym": "SP", "lat": -23.5600131, "lng": -46.6673654, "countryName": "Brasil", "countryCode": "BR", "country": "Brasil"}, "floor": 11, "homeProtection": 159, "remarks": "* Rede QuintoAndar * Publicado por Imobili\u00e1ria Membro: voc\u00ea tem acesso a mais op\u00e7\u00f5es de im\u00f3veis, com a mesma experi\u00eancia de loca\u00e7\u00e3o e suporte do QuintoAndar e com a administra\u00e7\u00e3o contratual pela imobili\u00e1ria membro.\n\nApartamento em Cerqueira C\u00e9sar...", "acceptsPets": false, "hasFurniture": false, "isNearSubway": true, "placesNearby": [{"name": "Escola Infantil jardins", "type": "SCHOOL", "slug": "escola-infantil-jardins-jardim-paulista-sao-paulo-sp"}, {"name": "Incor", "type": "HOSPITAL", "slug": "incor-pinheiros-sao-paulo-sp"}, {"name": "Shopping Galeria Virine Augusta", "type": "SHOPPING_MALL", "slug": "shopping-galeria-virine-augusta-jardim-paulista-sao-paulo-sp"}, {"name": "Baro Galeria", "type": "MUSEUM_THEATRE_OR_CONCERT_HALL", "slug": "baro-galeria-jardim-paulista-sao-paulo-sp"}, {"name": "Incor \u2013 Instituto do Cora\u00e7\u00e3o", "type": "HOSPITAL", "slug": "incor-instituto-do-coracao-cerqueira-cesar-sao-paulo-sp"}, {"name": "Arte brasileira", "type": "MUSEUM_THEATRE_OR_CONCERT_HALL", "slug": "arte-brasileira-jardim-paulista-sao-paulo-sp"}, {"name": "Hospital das Cl\u00ednicas S\u00e3o Paulo", "type": "HOSPITAL", "slug": "hospital-das-clinicas-sao-paulo-cerqueira-cesar-sao-paulo-sp"}, {"name": "DeROSE Method Jardins - Sede Central", "type": "UNIVERSITY_OR_COLLEGE", "slug": "derose-method-jardins-sede-central-jardim-paulista-sao-paulo-sp"}, {"name": "Galeria Melissa Sao Paulo", "type": "MUSEUM_THEATRE_OR_CONCERT_HALL", "slug": "galeria-melissa-sao-paulo-jardim-paulista-sao-paulo-sp"}, {"name": "Centro Mercantil Jardim Am\u00e9rica", "type": "SHOPPING_MALL", "slug": "centro-mercantil-jardim-america-jardim-paulista-sao-paulo-sp"}, {"name": "Oscar freire", "type": "ESTACAO_METRO_OU_TREM", "slug": "estacao-oscar-freire-sao-paulo-sp"}, {"name": "CineSesc", "type": "MUSEUM_THEATRE_OR_CONCERT_HALL", "slug": "cinesesc-cerqueira-cesar-sao-paulo-sp"}, {"name": "Teatro Proc\u00f3pio Ferreira", "type": "MUSEUM_THEATRE_OR_CONCERT_HALL", "slug": "teatro-procopio-ferreira-jardim-paulista-sao-paulo-sp"}, {"name": "Teatro Central da Medicina", "type": "MUSEUM_THEATRE_OR_CONCERT_HALL", "slug": "teatro-central-da-medicina-pinheiros-sao-paulo-sp"}, {"name": "Dam\u00e1sio", "type": "UNIVERSITY_OR_COLLEGE", "slug": "damasio-jardim-paulista-sao-paulo-sp"}, {"name": "FMUSP - Faculdade Medicina USP", "type": "UNIVERSITY_OR_COLLEGE", "slug": "fmusp-usp-pinheiros-sao-paulo-sp"}, {"name": "Ibmec", "type": "UNIVERSITY_OR_COLLEGE", "slug": "ibmec-jardim-paulista-sao-paulo-sp"}, {"name": "Casa S\u00e9rgio Buarque de Holanda", "type": "MUSEUM_THEATRE_OR_CONCERT_HALL", "slug": "casa-sergio-buarque-de-holanda-pacaembu-sao-paulo-sp-brasil"}, {"name": "Alumni - Cursos de ingl\u00eas", "type": "SCHOOL", "slug": "alumni-cursos-de-ingles-jardim-paulista-sao-paulo-sp"}, {"name": "Cl\u00ednicas", "type": "ESTACAO_METRO_OU_TREM", "slug": "estacao-clinicas-sao-paulo-sp"}, {"name": "Consola\u00e7\u00e3o", "type": "ESTACAO_METRO_OU_TREM", "slug": "estacao-consolacao-sao-paulo-sp"}, {"name": "Paulista Mall", "type": "SHOPPING_MALL", "slug": "paulista-mall-consolacao-sao-paulo-sp"}, {"name": "Paulista", "type": "ESTACAO_METRO_OU_TREM", "slug": "estacao-paulista-sao-paulo-sp"}, {"name": "Wizard", "type": "SCHOOL", "slug": "wizard-jardim-paulista-sao-paulo-sp"}, {"name": "Faculdade Mundial", "type": "UNIVERSITY_OR_COLLEGE", "slug": "faculdade-mundial-consolacao-sao-paulo-sp"}, {"name": "Col\u00e9gio S\u00e3o Lu\u00eds", "type": "SCHOOL", "slug": "colegio-sao-luis-consolacao-sao-paulo-sp"}, {"name": "Conjunto Nacional", "type": "SHOPPING_MALL", "slug": "conjunto-nacional-jardim-paulista-sao-paulo-sp"}, {"name": "Galeria de Arte Andr\u00e9", "type": "MUSEUM_THEATRE_OR_CONCERT_HALL", "slug": "galeria-de-arte-andre-jardim-paulista-sao-paulo-sp"}, {"name": "Shopping Market Paulista", "type": "SHOPPING_MALL", "slug": "shopping-market-paulista-jardim-paulista-sao-paulo-sp"}, {"name": "UAM - Anhembi Morumbi - Campus Paulista", "type": "UNIVERSITY_OR_COLLEGE", "slug": "anhembi-morumbi-paulista-1-sao-paulo-sp"}], "availabilityType": "IMMEDIATE", "photos": [{"id": 34900962, "subtitle": null, "url": "893945923-444.0800111951243SH76461041.jpg", "cover": true}, {"id": 34900965, "subtitle": null, "url": "893945923-153.17079256051858SH764610451.jpg", "cover": false}, {"id": 34900964, "subtitle": null, "url": "893945923-431.80207599411835SH76461044.jpg", "cover": false}, {"id": 34900955, "subtitle": null, "url": "893945923-135.3221857142678SH76461035.jpg", "cover": false}, {"id": 34900957, "subtitle": null, "url": "893945923-945.3399462534258SH764610381.jpg", "cover": false}, {"id": 34900953, "subtitle": null, "url": "893945923-110.81203918243654SH76461033.jpg", "cover": false}, {"id": 34900915, "subtitle": null, "url": "893945923-20.5904097800248SH76461046.jpg", "cover": false}, {"id": 34900916, "subtitle": null, "url": "893945923-649.6713075275488SH622002.jpg", "cover": false}, {"id": 34900918, "subtitle": null, "url": "893945923-64.98700535065637SH622003.jpg", "cover": false}, {"id": 34900919, "subtitle": null, "url": "893945923-718.5993210002001SH76461002.jpg", "cover": false}, {"id": 34900920, "subtitle": null, "url": "893945923-877.8488950405056SH764610031.jpg", "cover": false}, {"id": 34900922, "subtitle": null, "url": "893945923-414.23353444567465SH764610041.jpg", "cover": false}, {"id": 34900923, "subtitle": null, "url": "893945923-777.8768252203107SH764610051.jpg", "cover": false}, {"id": 34900925, "subtitle": null, "url": "893945923-786.6289925740194SH764610061.jpg", "cover": false}, {"id": 34900926, "subtitle": null, "url": "893945923-600.0892775220011SH76461007.jpg", "cover": false}, {"id": 34900927, "subtitle": null, "url": "893945923-978.6435926351231SH764610081.jpg", "cover": false}, {"id": 34900928, "subtitle": null, "url": "893945923-276.15904347081374SH764610091.jpg", "cover": false}, {"id": 34900930, "subtitle": null, "url": "893945923-394.3516317844603SH76461010.jpg", "cover": false}, {"id": 34900931, "subtitle": null, "url": "893945923-526.4273953895846SH764610111.jpg", "cover": false}, {"id": 34900932, "subtitle": null, "url": "893945923-534.7622076758911SH76461013.jpg", "cover": false}, {"id": 34900933, "subtitle": null, "url": "893945923-155.49072410061638SH764610142.jpg", "cover": false}, {"id": 34900936, "subtitle": null, "url": "893945923-200.75768253949278SH764610151.jpg", "cover": false}, {"id": 34900937, "subtitle": null, "url": "893945923-513.3853225921926SH764610161.jpg", "cover": false}, {"id": 34900938, "subtitle": null, "url": "893945923-354.16598210735737SH764610171.jpg", "cover": false}, {"id": 34900939, "subtitle": null, "url": "893945923-558.9026049087853SH764610181.jpg", "cover": false}, {"id": 34900940, "subtitle": null, "url": "893945923-676.9937957589149SH76461019.jpg", "cover": false}, {"id": 34900941, "subtitle": null, "url": "893945923-885.1963199134797SH764610201.jpg", "cover": false}, {"id": 34900943, "subtitle": null, "url": "893945923-147.05309582063074SH764610211.jpg", "cover": false}, {"id": 34900944, "subtitle": null, "url": "893945923-249.75794510007555SH764610221.jpg", "cover": false}, {"id": 34900946, "subtitle": null, "url": "893945923-412.51737191060636SH76461023.jpg", "cover": false}, {"id": 34900947, "subtitle": null, "url": "893945923-743.036470202671SH764610251.jpg", "cover": false}, {"id": 34900948, "subtitle": null, "url": "893945923-166.03286878497548SH76461026.jpg", "cover": false}, {"id": 34900949, "subtitle": null, "url": "893945923-104.93978694148053SH76461028.jpg", "cover": false}, {"id": 34900950, "subtitle": null, "url": "893945923-830.3139571327569SH764610291.jpg", "cover": false}, {"id": 34900951, "subtitle": null, "url": "893945923-698.1410105383383SH764610311.jpg", "cover": false}, {"id": 34900952, "subtitle": null, "url": "893945923-638.7024549126033SH764610321.jpg", "cover": false}, {"id": 34900954, "subtitle": null, "url": "893945923-728.2274030455876SH764610341.jpg", "cover": false}, {"id": 34900956, "subtitle": null, "url": "893945923-533.7066303913956SH764610371.jpg", "cover": false}, {"id": 34900960, "subtitle": null, "url": "893945923-186.1672640351758SH76461039.jpg", "cover": false}, {"id": 34900963, "subtitle": null, "url": "893945923-316.4222373310548SH764610431.jpg", "cover": false}], "photosCategorizedByRooms": [], "relevantRegions": [], "photospheres": [], "specialConditions": ["Exclusivity"], "offers": {"closingRate": 0, "shouldHighlightIcon": true, "shouldShowOfferDialog": false, "shouldShowOffers": false, "summary": []}, "status": "publicado", "showUrlHasBeenCopiedSnackbar": false, "isGalleryModalOpen": false, "error": false, "loaded": true, "loading": false, "loadingCategorizedRooms": false, "selectedMedia": "tenant/HouseMedia/PHOTOS", "video": "", "promotions": [], "condominium": {}, "forRent": true, "forSale": false, "salePrice": 0, "mortgageFirstInstallment": 0, "listings": [{"imovelId": 893945923, "businessContext": "RENT", "status": "publicado", "firstPublicationDate": "2023-01-31T20:25:12.000+0000", "lastPublicationDate": "2023-01-31T20:25:12.000+0000", "listingRentModel": {"listingBusinessContextId": 1447535, "rentalAdministrator": "THIRD_PARTY"}, "houseAgents": [{"name": "Alessandra Maria Ristow Testani", "id": 559324, "relationType": "KEY_HOLDER"}], "keyHolderAgent": {"id": 1116283, "agentId": 5599, "name": "Monica Azevedo Suto"}, "ownership": "THIRD_PARTY"}], "listingTags": [], "businessContext": "", "regionParameters": {"loaded": false, "loading": false, "RENT": {"visitsEnabled": true, "talkToAgentEnabled": false}, "SALE": {"visitsEnabled": true, "talkToAgentEnabled": false}}, "houseAgent": {"isDialogOpen": false, "alreadyOpenedByQueryParam": false}, "tenantServiceFee": 0, "closingStatus": {"loading": false}, "rentalGuarantee": {"minValue": 3122.5, "maxValue": 9367.5}, "reservationAvailability": null, "isPrimaryMarket": false, "macroRegion": {"id": 2737, "name": "SPO 07"}, "suites": 1, "allowsCustomOffer": true, "displayCustomOfferPreference": true, "houseVisitStatus": "ACCEPT_NEW", "visitStatusReason": null, "visitsUnavailable": false, "isReserved": false, "allowDirectOffer": true, "lastPublishedDate": "2023-01-31T20:25:12.000Z", "listingPublication": "not_stranded", "rentOnTermination": false, "constructionYear": null, "categories": []}, "markers": {"lat": -23.5600131, "lng": -46.6673654}, "talkToAgent": {"dialog": {"open": false, "questionType": null, "question": ""}, "agentSupport": {}, "error": null, "autoSubmit": false, "loading": false, "submitting": false, "success": false, "hasLoadedAgentInfo": false, "agent": null, "hasLoadedAgentsInRegion": false, "agentsInRegion": null}}}}, "__N_SSP": true}, "page": "/imovel/[houseId]/[[...slug]]", "query": {"houseId": "893945923", "slug": ["alugar", "apartamento-1-quarto-cerqueira-cesar-sao-paulo"]}, "buildId": "gCr3Bg2lYzV9hxZqGibIQ", "runtimeConfig": {"NEXT_PUBLIC_HOME_ADVERTISING_BANNER": "coupon"}, "isFallback": false, "dynamicIds": [61847, 31265, 66435, 77453, 87356, 60899, 41103, 3232, 72227, 40072, 39327, 19904, 96827], "gssp": true, "customServer": true, "appGip": true, "locale": "pt-BR", "locales": ["pt-BR", "es-MX"], "defaultLocale": "pt-BR", "domainLocales": [{"domain": "www.quintoandar.com.br", "defaultLocale": "pt-BR"}, {"domain": "www.benvi.mx", "defaultLocale": "es-MX"}], "scriptLoader": []}