{"props": {"pageProps": {"initialState": {"route": {"locationBeforeTransitions": {"pathname": "/imovel/893909091/alugar/apartamento-3-quartos-pinheiros-sao-paulo", "search": "", "hash": "", "action": "POP", "query": {}}, "topLevelRouteName": "house details", "businessContext": "RENT", "favoriteListsBusinessContext": "RENT"}, "router": {"location": {"href": "/", "pathname": "/", "search": "", "hash": ""}}, "progress": {"pendingRequests": -1}, "login": {"response": {}, "user": {"isLoggedIn": false, "id": 0, "agentId": 0, "hashId": "", "sessionId": null, "name": "", "email": "", "maskedEmail": "", "jwt": {"app": "", "firebase": ""}, "phone": {"countryCode": "+55", "areaCode": "", "phoneNumber": ""}, "country": "BR", "channel": "", "isPhoneRegistered": false, "acceptWhatsapp": true, "hasDocument": false, "isPartner": false}, "accountForm": {}, "redirectUrl": "", "isRequestOngoing": false}, "captcha": {"token": "", "hasLoadedRemoteConfig": false, "provider": "", "friction": "low", "unavailableCountriesCode": []}, "supportedCities": [], "inAppMessages": {"biomaSurvey": {"isOpen": false, "formId": null, "data": {"opaque": true}}}, "metaData": {"similar_houses_clicked": []}, "appData": {"device": {"type": "desktop", "isSearchEngineCrawler": false}, "experiments": "X-AB-Test=ab_exposed_filter_sale_desktop:1,ab_exposed_filter_sale_v1:1,ab_exposed_filters:1,ab_load_more_v0:-1,ab_new_house_card_v2:0,ab_new_rent_listing_phase2:0,ab_profiling_create_alert_filters:0,ab_scheduling_step_by_step_v1:1,ab_show_floor_sale:0,ab_street_search_retrieval_v1:0"}, "house": {"houseInfo": {"id": "893909091", "displayId": "1209091", "bedrooms": 3, "city": "S\u00e3o Paulo", "bathrooms": 1, "iptu": 81, "amenities": [{"key": "BANHEIRA_DE_HIDROMASSAGEM", "text": "Banheira", "value": "NAO", "optional": false}, {"key": "BOX", "text": "Box", "value": "SIM", "optional": false}, {"key": "VARANDA", "text": "Varanda", "value": "NAO", "optional": false}, {"key": "PISCINA_PRIVATIVA", "text": "Piscina privativa", "value": "NAO", "optional": false}, {"key": "ARMARIOS_EMBUTIDOS_NO_QUARTO", "text": "Arm\u00e1rios no quarto", "value": "SIM", "optional": false}, {"key": "ARMARIOS_NOS_BANHEIROS", "text": "Arm\u00e1rios no banheiro", "value": "SIM", "optional": false}, {"key": "ARMARIOS_NA_COZINHA", "text": "Arm\u00e1rios na cozinha", "value": "SIM", "optional": false}, {"key": "AR_CONDICIONADO", "text": "Ar condicionado", "value": "NAO", "optional": false}, {"key": "CHUVEIRO_A_GAS", "text": "Chuveiro a g\u00e1s", "value": "NAO", "optional": false}, {"key": "QUARTO_DE_SERVICO", "text": "Quarto de servi\u00e7o", "value": "SIM", "optional": false}, {"key": "BANHEIRO_DE_SERVICO", "text": "Banheiro de servi\u00e7o", "value": "SIM", "optional": false}, {"key": "VARANDA_GOURMET", "text": "Varanda gourmet", "value": "NAO", "optional": false}, {"key": "APARTAMENTO_COBERTURA", "text": "Apartamento cobertura", "value": "NAO", "optional": false}, {"key": "QUARTO_EXTRA_REVERSIVEL", "text": "Quarto extra revers\u00edvel", "value": "NAO", "optional": false}, {"key": "FOGAO_INCLUSO", "text": "Fog\u00e3o", "value": "NAO", "optional": false}, {"key": "GELADEIRA_INCLUSO", "text": "Geladeira", "value": "NAO", "optional": false}, {"key": "BANHEIRO_ADAPTADO", "text": "Banheiro adaptado", "value": "NAO", "optional": false}, {"key": "CLOSET", "text": "Closet", "value": "NAO", "optional": false}, {"key": "COZINHA_AMERICANA", "text": "Cozinha americana", "value": "NAO", "optional": false}, {"key": "MESAS_E_CADEIRAS_DE_ESCRITORIO", "text": "Mesas e cadeiras de escrit\u00f3rio", "value": "NAO", "optional": false}, {"key": "JARDIM", "text": "Jardim", "value": "NAO", "optional": false}, {"key": "QUARTOS_E_CORREDORES_COM_PORTAS_AMPLAS", "text": "Quartos e corredores com portas amplas", "value": "SIM", "optional": false}, {"key": "QUINTAL", "text": "Quintal", "value": "NAO", "optional": false}, {"key": "SOMENTE_UMA_CASA_NO_TERRENO", "text": "Somente uma casa no terreno", "value": "NAO", "optional": false}, {"key": "AREA_DE_SERVICO", "text": "\u00c1rea de servi\u00e7o", "value": "SIM", "optional": false}], "comfortCommodities": [{"key": "BANHEIRA_DE_HIDROMASSAGEM", "text": "Banheira", "value": "NAO", "optional": false}, {"key": "PISCINA_PRIVATIVA", "text": "Piscina privativa", "value": "NAO", "optional": false}, {"key": "AR_CONDICIONADO", "text": "Ar condicionado", "value": "NAO", "optional": false}, {"key": "SOL_DA_MANHA", "text": "Sol da manh\u00e3", "value": "SIM", "optional": false}, {"key": "SOL_DA_TARDE", "text": "Sol da tarde", "value": "SIM", "optional": false}, {"key": "CORTINAS_BLACK_OUT", "text": "Cortinas corta luz", "value": "SIM", "optional": false}, {"key": "CORTINAS_DECORATIVAS", "text": "Cortina transl\u00facida", "value": "SIM", "optional": false}, {"key": "JANELA_ANTI_RUIDO", "text": "Janela anti-ru\u00eddo", "value": "SIM", "optional": false}, {"key": "VENTILADOR_DE_TETO", "text": "Ventilador de teto", "value": "NAO", "optional": false}, {"key": "LUMINOSIDADE_NATURAL", "text": "Janelas grandes", "value": "SIM", "optional": false}, {"key": "VISTA_LIVRE", "text": "Vista livre", "value": "SIM", "optional": false}, {"key": "RUA_SILENCIOSA", "text": "Rua silenciosa", "value": "SIM", "optional": false}], "practicalityCommodities": [{"key": "BOX", "text": "Box", "value": "SIM", "optional": false}, {"key": "ARMARIOS_EMBUTIDOS_NO_QUARTO", "text": "Arm\u00e1rios no quarto", "value": "SIM", "optional": false}, {"key": "ARMARIOS_NOS_BANHEIROS", "text": "Arm\u00e1rios no banheiro", "value": "SIM", "optional": false}, {"key": "ARMARIOS_NA_COZINHA", "text": "Arm\u00e1rios na cozinha", "value": "SIM", "optional": false}, {"key": "CHUVEIRO_A_GAS", "text": "Chuveiro a g\u00e1s", "value": "NAO", "optional": false}, {"key": "FOGAO_INCLUSO", "text": "Fog\u00e3o", "value": "NAO", "optional": false}, {"key": "GELADEIRA_INCLUSO", "text": "Geladeira", "value": "NAO", "optional": false}, {"key": "CHUVEIRO_ELETRICO", "text": "Chuveiro el\u00e9trico", "value": "SIM", "optional": false}, {"key": "MICROONDAS", "text": "Microondas", "value": "NAO", "optional": false}, {"key": "SOFA", "text": "Sof\u00e1", "value": "NAO", "optional": false}, {"key": "MAQUINA_DE_LAVAR", "text": "M\u00e1quina de lavar", "value": "NAO", "optional": false}, {"key": "TANQUE", "text": "Tanque", "value": "SIM", "optional": false}, {"key": "REDE_DE_PROTECAO", "text": "Tela nas janelas", "value": "SIM", "optional": false}, {"key": "VARAL_DE_ROUPAS", "text": "Varal de roupas", "value": "SIM", "optional": false}, {"key": "TOMADAS_NOVAS", "text": "Tomadas 3 pinos", "value": "SIM", "optional": false}, {"key": "TELEVISAO", "text": "Televis\u00e3o", "value": "NAO", "optional": false}, {"key": "MESAS_E_CADEIRAS_DE_JANTAR", "text": "Mesas e cadeiras de jantar", "value": "NAO", "optional": false}, {"key": "CHURRASQUEIRA", "text": "Churrasqueira", "value": "SIM", "optional": false}, {"key": "ACESSO_SEM_DEGRAUS", "text": "Acesso sem degraus", "value": "SIM", "optional": false}, {"key": "COOKTOP", "text": "Fog\u00e3o cooktop", "value": "NAO", "optional": false}, {"key": "UTENSILIOS_DE_COZINHA", "text": "Utens\u00edlios de cozinha", "value": "NAO", "optional": false}, {"key": "CAMA_DE_CASAL", "text": "Cama de casal", "value": "NAO", "optional": false}, {"key": "CAMA_DE_SOLTEIRO", "text": "Cama de solteiro", "value": "NAO", "optional": false}, {"key": "ESPELHO_NO_BANHEIRO", "text": "Espelho no banheiro", "value": "SIM", "optional": false}, {"key": "FECHADURA_ELETRONICA", "text": "Fechadura eletr\u00f4nica", "value": "SIM", "optional": false}, {"key": "ENERGIA", "text": "Energia no im\u00f3vel", "value": "SIM", "optional": false}], "area": 86, "installations": [{"key": "PLAYGROUND", "text": "Playground", "value": "NAO"}, {"key": "PISCINA", "text": "Piscina", "value": "NAO"}, {"key": "CHURRASQUEIRA", "text": "Churrasqueira", "value": "NAO"}, {"key": "QUADRA_ESPORTIVA", "text": "Quadra esportiva", "value": "NAO"}, {"key": "ACADEMIA", "text": "Academia", "value": "SIM"}, {"key": "SALAO_DE_FESTAS", "text": "Sal\u00e3o de festas", "value": "SIM"}, {"key": "SAUNA", "text": "Sauna", "value": "NAO"}, {"key": "LAVANDERIA_NO_PREDIO", "text": "Lavanderia no pr\u00e9dio", "value": "NAO"}, {"key": "GAS_ENCANADO", "text": "G\u00e1s encanado", "value": "SIM"}, {"key": "ESPACO_GOURMET_NA_AREA_COMUM", "text": "Espa\u00e7o gourmet na \u00e1rea comum", "value": "SIM"}, {"key": "BRINQUEDOTECA", "text": "Brinquedoteca", "value": "NAO"}, {"key": "CORRIMAO", "text": "Corrim\u00e3o", "value": "NAO"}, {"key": "PISO_TATIL", "text": "Piso t\u00e1til", "value": "NAO"}, {"key": "RAMPAS_DE_ACESSO", "text": "Rampas de acesso", "value": "SIM"}, {"key": "SALAO_DE_JOGOS", "text": "Sal\u00e3o de jogos", "value": "NAO"}, {"key": "VAGA_DE_GARAGEM_ACESSIVEL", "text": "Vaga de garagem acess\u00edvel", "value": "SIM"}, {"key": "AREA_VERDE", "text": "\u00c1rea verde", "value": "SIM"}, {"key": "Elevador", "value": "SIM"}, {"key": "Porteiro24H", "value": "SIM"}], "rentPrice": 3570, "condoPrice": 1270, "condoType": "Normal", "region": {"name": "Pinheiros", "hub": {"loading": "UNSET", "enabled": false, "abSecretariat": false, "isPrimaryMarket": false}, "id": 61}, "type": "Apartamento", "iptuType": "Normal", "totalCost": 5059, "parkingSpaces": 1, "address": {"street": "Rua Fradique Coutinho", "neighborhood": "Pinheiros", "city": "S\u00e3o Paulo", "stateName": "S\u00e3o Paulo", "stateAcronym": "SP", "countryName": "Brasil", "countryCode": "BR", "country": "Brasil"}, "floor": 9, "homeProtection": 46, "remarks": "Im\u00f3vel aconchegante para alugar com 3 quartos, sendo 2 com arm\u00e1rio embutido. Este im\u00f3vel fica situado no 9\u00ba andar. O condom\u00ednio \u00e9 bem equipado com diversas instala\u00e7\u00f5es e fica localizado na Rua Fradique Coutinho no bairro Pinheiros. \u00c9 bem localizado, pr\u00f3ximo a pontos comerciais, col\u00e9gios e a Esta\u00e7\u00e3o do metr\u00f4 Fradique Coutinho.", "acceptsPets": false, "hasFurniture": false, "isNearSubway": true, "placesNearby": [{"name": "Centro Brit\u00e2nico", "type": "SCHOOL", "slug": "centro-britanico-pinheiros-sao-paulo-sp"}, {"name": "Cine Sala", "type": "MUSEUM_THEATRE_OR_CONCERT_HALL", "slug": "cine-sala-pinheiros-sao-paulo-sp"}, {"name": "Galeria 36", "type": "SHOPPING_MALL", "slug": "galeria-36-pinheiros-sao-paulo-sp"}, {"name": "Centro Cultural Rio Verde", "type": "MUSEUM_THEATRE_OR_CONCERT_HALL", "slug": "centro-cultural-rio-verde-pinheiros-sao-paulo-sp"}, {"name": "E.E Fern\u00e3o Dias Paes", "type": "SCHOOL", "slug": "ee-fernao-dias-paes-pinheiros-sao-paulo-sp"}, {"name": "Fradique Coutinho", "type": "ESTACAO_METRO_OU_TREM", "slug": "estacao-fradique-coutinho-sao-paulo-sp"}, {"name": "WIzard", "type": "SCHOOL", "slug": "wizard-pinheiros-sao-paulo-sp"}, {"name": "Espa\u00e7o Contraponto", "type": "MUSEUM_THEATRE_OR_CONCERT_HALL", "slug": "espaco-contraponto-pinheiros-sao-paulo-sp"}, {"name": "Eduardo Fernandes", "type": "MUSEUM_THEATRE_OR_CONCERT_HALL", "slug": "eduardo-fernandes-pinheiros-sao-paulo-sp"}, {"name": "ArtShot", "type": "MUSEUM_THEATRE_OR_CONCERT_HALL", "slug": "artshot-vila-madalena-sao-paulo-sp"}, {"name": "Instituto Tomie Ohtake", "type": "MUSEUM_THEATRE_OR_CONCERT_HALL", "slug": "instituto-tomie-ohtake-pinheiros-sao-paulo-sp"}, {"name": "Teatro CETIP", "type": "MUSEUM_THEATRE_OR_CONCERT_HALL", "slug": "teatro-cetip-pinheiros-sao-paulo-sp"}, {"name": "DeRose Method Vila Madalena", "type": "UNIVERSITY_OR_COLLEGE", "slug": "derose-method-vila-madalena-vila-madalena-sao-paulo-sp"}, {"name": "A CASA", "type": "MUSEUM_THEATRE_OR_CONCERT_HALL", "slug": "a-casa-vila-madalena-sao-paulo-sp"}, {"name": "Faria Lima", "type": "ESTACAO_METRO_OU_TREM", "slug": "estacao-faria-lima-sao-paulo-sp-brasil"}, {"name": "E.E Godofredo Furtado", "type": "SCHOOL", "slug": "ee-godofredo-furtado-pinheiros-sao-paulo-sp"}, {"name": "Pra\u00e7a Gast\u00e3o Vidigal", "type": "PARK_OR_GREEN_AREA", "slug": "praca-gastao-vidigal-jardim-paulistano-sao-paulo-sp-brasil"}, {"name": "Instituto Mindset", "type": "UNIVERSITY_OR_COLLEGE", "slug": "instituto-mindset-pinheiros-sao-paulo-sp"}, {"name": "Unip", "type": "UNIVERSITY_OR_COLLEGE", "slug": "unip-pinheiros-sao-paulo-sp"}, {"name": "St. Paul's School", "type": "SCHOOL", "slug": "st-paul's-school-jardim-paulistano-sao-paulo-sp-brasil"}, {"name": "Shopping Vitrine Iguatemi", "type": "SHOPPING_MALL", "slug": "shopping-vitrine-iguatemi-jardim-paulistano-sao-paulo-sp"}, {"name": "Col\u00e9gio Objetivo", "type": "SCHOOL", "slug": "colegio-objetivo-pinheiros-sao-paulo-sp"}, {"name": "Cl\u00ednica M\u00e9dica Dr. David Uip", "type": "HOSPITAL", "slug": "clinica-medica-dr-david-uip-jardim-america-sao-paulo-sp-brasil"}, {"name": "Col\u00e9gio Madre Alix", "type": "SCHOOL", "slug": "colegio-madre-alix-jardim-paulistano-sao-paulo-sp-brasil"}, {"name": "Col\u00e9gio Oswald de Andrade \u2013 Unidade Girassol", "type": "SCHOOL", "slug": "colegio-oswald-de-andrade-unidade-girassol-vila-madalena-sao-paulo-sp"}, {"name": "Sesc Pinheiros", "type": "MUSEUM_THEATRE_OR_CONCERT_HALL", "slug": "sesc-pinheiros-pinheiros-sao-paulo-sp"}, {"name": "Nilton Travesso Oficina de Atores", "type": "UNIVERSITY_OR_COLLEGE", "slug": "nilton-travesso-oficina-de-atores-pinheiros-sao-paulo-sp"}, {"name": "Esquilinho Jardim Escola", "type": "SCHOOL", "slug": "esquilinho-jardim-escola-vila-madalena-sao-paulo-sp"}, {"name": "Teatro Paulo Autran", "type": "MUSEUM_THEATRE_OR_CONCERT_HALL", "slug": "teatro-paulo-autran-pinheiros-sao-paulo-sp"}, {"name": "Galeria de Arte Andr\u00e9", "type": "MUSEUM_THEATRE_OR_CONCERT_HALL", "slug": "galeria-de-arte-andre-jardim-paulista-sao-paulo-sp"}], "photos": [{"id": 33787869, "subtitle": "Sala", "url": "893909091-93.95851807539057MG2748.jpg", "cover": true}, {"id": 33787877, "subtitle": "Sala", "url": "893909091-634.7811061017178MG2749.jpg", "cover": false}, {"id": 33787883, "subtitle": "Sala", "url": "893909091-246.33528655002758MG2750.jpg", "cover": false}, {"id": 33787901, "subtitle": "Vista da Sala", "url": "893909091-725.1027442967179MG2751.jpg", "cover": false}, {"id": 33787912, "subtitle": "Quarto 1", "url": "893909091-413.8899575104327MG2752.jpg", "cover": false}, {"id": 33787920, "subtitle": "Quarto 1", "url": "893909091-622.2786578027695MG2753.jpg", "cover": false}, {"id": 33787932, "subtitle": "Quarto 1", "url": "893909091-603.3163033186988MG2754.jpg", "cover": false}, {"id": 33787942, "subtitle": "Vista do Quarto 1", "url": "893909091-411.07886786561477MG2755.jpg", "cover": false}, {"id": 33787951, "subtitle": "Quarto 2", "url": "893909091-717.3814848736042MG2756.jpg", "cover": false}, {"id": 33787956, "subtitle": "Quarto 2", "url": "893909091-934.670365525426MG2757.jpg", "cover": false}, {"id": 33787961, "subtitle": "Quarto 2", "url": "893909091-584.2172068105007MG2758.jpg", "cover": false}, {"id": 33787969, "subtitle": "Vista do Quarto 2", "url": "893909091-252.19087171301945MG2759.jpg", "cover": false}, {"id": 33787973, "subtitle": "Quarto 3", "url": "893909091-372.80376337755905MG2760.jpg", "cover": false}, {"id": 33787978, "subtitle": "Quarto 3", "url": "893909091-864.0492539231115MG2761.jpg", "cover": false}, {"id": 33787984, "subtitle": "Quarto 3", "url": "893909091-935.3450004914846MG2762.jpg", "cover": false}, {"id": 33787988, "subtitle": "Vista do Quarto 3", "url": "893909091-263.70203983569917MG2763.jpg", "cover": false}, {"id": 33787994, "subtitle": "Corredor", "url": "893909091-998.4644270644791MG2764.jpg", "cover": false}, {"id": 33787998, "subtitle": "Banheiro Social", "url": "893909091-106.31691508533648MG2766.jpg", "cover": false}, {"id": 33788003, "subtitle": "Banheiro Social", "url": "893909091-444.79134817829737MG2767.jpg", "cover": false}, {"id": 33788006, "subtitle": "Banheiro Social", "url": "893909091-275.6402184290324MG2768.jpg", "cover": false}, {"id": 33788011, "subtitle": "Banheiro Social", "url": "893909091-105.1783398993692MG2769.jpg", "cover": false}, {"id": 33788015, "subtitle": "Cozinha", "url": "893909091-290.1087483661986MG2770.jpg", "cover": false}, {"id": 33788018, "subtitle": "Cozinha", "url": "893909091-377.63285421235827MG2771.jpg", "cover": false}, {"id": 33788022, "subtitle": "Cozinha", "url": "893909091-90.51702912449966MG2772.jpg", "cover": false}, {"id": 33788027, "subtitle": "Cozinha", "url": "893909091-232.6688777963234MG2773.jpg", "cover": false}, {"id": 33788033, "subtitle": "\u00c1rea de Servi\u00e7o", "url": "893909091-327.0002865918741MG2774.jpg", "cover": false}, {"id": 33788037, "subtitle": "\u00c1rea de Servi\u00e7o", "url": "893909091-680.5574643113988MG2775.jpg", "cover": false}, {"id": 33788043, "subtitle": "\u00c1rea de Servi\u00e7o", "url": "893909091-154.06707123310247MG2776.jpg", "cover": false}, {"id": 33788048, "subtitle": "Vista ad \u00c1rea de Servi\u00e7o", "url": "893909091-793.8758478870054MG2777.jpg", "cover": false}, {"id": 33788053, "subtitle": "Quarto de Servi\u00e7o", "url": "893909091-412.9001499773715MG2778.jpg", "cover": false}, {"id": 33788057, "subtitle": "Quarto de Servi\u00e7o", "url": "893909091-996.0647506281108MG2779.jpg", "cover": false}, {"id": 33788063, "subtitle": "Banheiro de Servi\u00e7o", "url": "893909091-843.2501627397734MG2780.jpg", "cover": false}, {"id": 33788067, "subtitle": "Banheiro de Servi\u00e7o", "url": "893909091-873.3577477765652MG2781.jpg", "cover": false}, {"id": 33789919, "subtitle": "\u00c1rea comum", "url": "893909091-523.8850255992435IMG6237.jpg", "cover": false}, {"id": 33789923, "subtitle": "\u00c1rea comum", "url": "893909091-371.3987917663769IMG6238.jpg", "cover": false}, {"id": 33789930, "subtitle": "Sal\u00e3o de festas", "url": "893909091-620.3615866290547IMG6240.jpg", "cover": false}, {"id": 33789933, "subtitle": "Sal\u00e3o de festas", "url": "893909091-290.63053681882025IMG6241.jpg", "cover": false}, {"id": 33789936, "subtitle": "Sal\u00e3o de festas", "url": "893909091-909.6656890304785IMG6242.jpg", "cover": false}, {"id": 33789940, "subtitle": "\u00c1rea comum - Sal\u00e3o de festas", "url": "893909091-51.70718555798304IMG6243.jpg", "cover": false}, {"id": 33789944, "subtitle": "Fachada", "url": "893909091-336.2893918391826MG2982.jpg", "cover": false}], "photosCategorizedByRooms": [], "relevantRegions": [], "photospheres": [], "specialConditions": [], "offers": {"closingRate": 0, "shouldHighlightIcon": true, "shouldShowOfferDialog": false, "shouldShowOffers": false, "summary": []}, "status": "despublicado", "showUrlHasBeenCopiedSnackbar": false, "isGalleryModalOpen": false, "error": false, "loaded": true, "loading": false, "loadingCategorizedRooms": false, "selectedMedia": "tenant/HouseMedia/PHOTOS", "video": "", "promotions": [], "condominium": {"hashId": "0d71sq1ndj", "name": "Copa\u00edba", "slug": "copaiba-pinheiros-sao-paulo", "address": "Rua Fradique Coutinho", "constructionYear": 1971}, "forRent": true, "forSale": true, "salePrice": 1000000, "mortgageFirstInstallment": 0, "listings": [{"imovelId": 893909091, "businessContext": "SALE", "status": "despublicado", "statusReason": "OWNER_GAVE_UP_SALE", "firstPublicationDate": "2023-01-04T00:32:02.000+0000", "lastPublicationDate": "2023-01-04T00:32:02.000+0000", "ownership": "STANDARD"}, {"imovelId": 893909091, "businessContext": "RENT", "status": "despublicado", "statusReason": "RENTED", "firstPublicationDate": "2023-01-04T00:32:02.000+0000", "lastPublicationDate": "2023-01-04T00:32:02.000+0000", "listingRentModel": {"listingBusinessContextId": 1401549, "rentalAdministrator": "QUINTOANDAR"}, "ownership": "STANDARD"}], "listingTags": [], "businessContext": "", "regionParameters": {"loaded": false, "loading": false, "RENT": {"visitsEnabled": true, "talkToAgentEnabled": false}, "SALE": {"visitsEnabled": true, "talkToAgentEnabled": false}}, "houseAgent": {"isDialogOpen": false, "alreadyOpenedByQueryParam": false}, "tenantServiceFee": 92, "closingStatus": {"loading": false}, "rentalGuarantee": {"minValue": 892.5, "maxValue": 2677.5}, "reservationAvailability": null, "isPrimaryMarket": false, "macroRegion": {"id": 2737, "name": "SPO 07"}, "suites": 0, "houseVisitStatus": "ACCEPT_NEW", "visitsUnavailable": false, "isReserved": false, "lastPublishedDate": "2023-01-04T00:32:02.000Z", "listingPublication": "not_stranded", "rentOnTermination": false, "constructionYear": 1971, "categories": []}, "markers": {}, "talkToAgent": {"dialog": {"open": false, "questionType": null, "question": ""}, "agentSupport": {}, "error": null, "autoSubmit": false, "loading": false, "submitting": false, "success": false, "hasLoadedAgentInfo": false, "agent": null, "hasLoadedAgentsInRegion": false, "agentsInRegion": null}}}}, "__N_SSP": true}, "page": "/imovel/[houseId]/[[...slug]]", "query": {"houseId": "893909091", "slug": ["alugar", "apartamento-3-quartos-pinheiros-sao-paulo"]}, "buildId": "gCr3Bg2lYzV9hxZqGibIQ", "runtimeConfig": {"NEXT_PUBLIC_HOME_ADVERTISING_BANNER": "coupon"}, "isFallback": false, "dynamicIds": [61847, 31265, 66435, 77453, 11010, 87356, 60899, 41103, 3232, 72227, 40072, 96827], "gssp": true, "customServer": true, "appGip": true, "locale": "pt-BR", "locales": ["pt-BR", "es-MX"], "defaultLocale": "pt-BR", "domainLocales": [{"domain": "www.quintoandar.com.br", "defaultLocale": "pt-BR"}, {"domain": "www.benvi.mx", "defaultLocale": "es-MX"}], "scriptLoader": []}