{"props": {"pageProps": {"initialState": {"route": {"locationBeforeTransitions": {"pathname": "/imovel/893957606/alugar/apartamento-3-quartos-santo-amaro-sao-paulo", "search": "", "hash": "", "action": "POP", "query": {}}, "topLevelRouteName": "house details", "businessContext": "RENT", "favoriteListsBusinessContext": "RENT"}, "router": {"location": {"href": "/", "pathname": "/", "search": "", "hash": ""}}, "progress": {"pendingRequests": -1}, "login": {"response": {}, "user": {"isLoggedIn": false, "id": 0, "agentId": 0, "hashId": "", "sessionId": null, "name": "", "email": "", "maskedEmail": "", "jwt": {"app": "", "firebase": ""}, "phone": {"countryCode": "+55", "areaCode": "", "phoneNumber": ""}, "country": "BR", "channel": "", "isPhoneRegistered": false, "acceptWhatsapp": true, "hasDocument": false, "isPartner": false}, "accountForm": {}, "redirectUrl": "", "isRequestOngoing": false}, "captcha": {"token": "", "hasLoadedRemoteConfig": false, "provider": "", "friction": "low", "unavailableCountriesCode": []}, "supportedCities": [], "inAppMessages": {"biomaSurvey": {"isOpen": false, "formId": null, "data": {"opaque": true}}}, "metaData": {"similar_houses_clicked": []}, "appData": {"device": {"type": "desktop", "isSearchEngineCrawler": false}, "experiments": "X-AB-Test=ab_exposed_filter_sale_desktop:1,ab_exposed_filter_sale_v1:1,ab_exposed_filters:1,ab_load_more_v0:-1,ab_new_house_card_v2:0,ab_new_rent_listing_phase2:0,ab_profiling_create_alert_filters:0,ab_scheduling_step_by_step_v1:1,ab_show_floor_sale:0,ab_street_search_retrieval_v1:0"}, "house": {"houseInfo": {"id": "893957606", "displayId": "1257606", "bedrooms": 3, "city": "S\u00e3o Paulo", "cityId": 39, "bathrooms": 1, "iptu": 57, "amenities": [{"key": "BANHEIRA_DE_HIDROMASSAGEM", "text": "Banheira", "value": "NAO", "optional": false}, {"key": "BOX", "text": "Box", "value": "SIM", "optional": false}, {"key": "VARANDA", "text": "Varanda", "value": "NAO", "optional": false}, {"key": "PISCINA_PRIVATIVA", "text": "Piscina privativa", "value": "NAO", "optional": false}, {"key": "ARMARIOS_EMBUTIDOS_NO_QUARTO", "text": "Arm\u00e1rios no quarto", "value": "SIM", "optional": false}, {"key": "ARMARIOS_NOS_BANHEIROS", "text": "Arm\u00e1rios no banheiro", "value": "SIM", "optional": false}, {"key": "ARMARIOS_NA_COZINHA", "text": "Arm\u00e1rios na cozinha", "value": "SIM", "optional": false}, {"key": "AR_CONDICIONADO", "text": "Ar condicionado", "value": "NAO", "optional": false}, {"key": "CHUVEIRO_A_GAS", "text": "Chuveiro a g\u00e1s", "value": "SIM", "optional": false}, {"key": "QUARTO_DE_SERVICO", "text": "Quarto de servi\u00e7o", "value": "NAO", "optional": false}, {"key": "BANHEIRO_DE_SERVICO", "text": "Banheiro de servi\u00e7o", "value": "SIM", "optional": false}, {"key": "VARANDA_GOURMET", "text": "Varanda gourmet", "value": "NAO", "optional": false}, {"key": "APARTAMENTO_COBERTURA", "text": "Apartamento cobertura", "value": "NAO", "optional": false}, {"key": "QUARTO_EXTRA_REVERSIVEL", "text": "Quarto extra revers\u00edvel", "value": "NAO", "optional": false}, {"key": "FOGAO_INCLUSO", "text": "Fog\u00e3o", "value": "NAO", "optional": false}, {"key": "GELADEIRA_INCLUSO", "text": "Geladeira", "value": "NAO", "optional": false}, {"key": "BANHEIRO_ADAPTADO", "text": "Banheiro adaptado", "value": "SIM", "optional": false}, {"key": "CLOSET", "text": "Closet", "value": "NAO", "optional": false}, {"key": "COZINHA_AMERICANA", "text": "Cozinha americana", "value": "NAO", "optional": false}, {"key": "MESAS_E_CADEIRAS_DE_ESCRITORIO", "text": "Mesas e cadeiras de escrit\u00f3rio", "value": "SIM", "optional": false}, {"key": "JARDIM", "text": "Jardim", "value": "NAO", "optional": false}, {"key": "QUARTOS_E_CORREDORES_COM_PORTAS_AMPLAS", "text": "Quartos e corredores com portas amplas", "value": "NAO", "optional": false}, {"key": "QUINTAL", "text": "Quintal", "value": "NAO", "optional": false}, {"key": "SOMENTE_UMA_CASA_NO_TERRENO", "text": "Somente uma casa no terreno", "value": "NAO", "optional": false}, {"key": "AREA_DE_SERVICO", "text": "\u00c1rea de servi\u00e7o", "value": "SIM", "optional": false}], "comfortCommodities": [{"key": "BANHEIRA_DE_HIDROMASSAGEM", "text": "Banheira", "value": "NAO", "optional": false}, {"key": "PISCINA_PRIVATIVA", "text": "Piscina privativa", "value": "NAO", "optional": false}, {"key": "AR_CONDICIONADO", "text": "Ar condicionado", "value": "NAO", "optional": false}, {"key": "SOL_DA_MANHA", "text": "Sol da manh\u00e3", "value": "SIM", "optional": false}, {"key": "SOL_DA_TARDE", "text": "Sol da tarde", "value": "NAO", "optional": false}, {"key": "CORTINAS_BLACK_OUT", "text": "Cortinas corta luz", "value": "NAO", "optional": false}, {"key": "CORTINAS_DECORATIVAS", "text": "Cortina transl\u00facida", "value": "NAO", "optional": false}, {"key": "JANELA_ANTI_RUIDO", "text": "Janela anti-ru\u00eddo", "value": "NAO", "optional": false}, {"key": "VENTILADOR_DE_TETO", "text": "Ventilador de teto", "value": "NAO", "optional": false}, {"key": "LUMINOSIDADE_NATURAL", "text": "Janelas grandes", "value": "SIM", "optional": false}, {"key": "VISTA_LIVRE", "text": "Vista livre", "value": "SIM", "optional": false}, {"key": "RUA_SILENCIOSA", "text": "Rua silenciosa", "value": "SIM", "optional": false}], "practicalityCommodities": [{"key": "BOX", "text": "Box", "value": "SIM", "optional": false}, {"key": "ARMARIOS_EMBUTIDOS_NO_QUARTO", "text": "Arm\u00e1rios no quarto", "value": "SIM", "optional": false}, {"key": "ARMARIOS_NOS_BANHEIROS", "text": "Arm\u00e1rios no banheiro", "value": "SIM", "optional": false}, {"key": "ARMARIOS_NA_COZINHA", "text": "Arm\u00e1rios na cozinha", "value": "SIM", "optional": false}, {"key": "CHUVEIRO_A_GAS", "text": "Chuveiro a g\u00e1s", "value": "SIM", "optional": false}, {"key": "FOGAO_INCLUSO", "text": "Fog\u00e3o", "value": "NAO", "optional": false}, {"key": "GELADEIRA_INCLUSO", "text": "Geladeira", "value": "NAO", "optional": false}, {"key": "CHUVEIRO_ELETRICO", "text": "Chuveiro el\u00e9trico", "value": "NAO", "optional": false}, {"key": "MICROONDAS", "text": "Microondas", "value": "NAO", "optional": false}, {"key": "SOFA", "text": "Sof\u00e1", "value": "NAO", "optional": false}, {"key": "MAQUINA_DE_LAVAR", "text": "M\u00e1quina de lavar", "value": "NAO", "optional": false}, {"key": "TANQUE", "text": "Tanque", "value": "SIM", "optional": false}, {"key": "REDE_DE_PROTECAO", "text": "Tela nas janelas", "value": "NAO", "optional": false}, {"key": "VARAL_DE_ROUPAS", "text": "Varal de roupas", "value": "NAO", "optional": false}, {"key": "TOMADAS_NOVAS", "text": "Tomadas 3 pinos", "value": "NAO", "optional": false}, {"key": "TELEVISAO", "text": "Televis\u00e3o", "value": "NAO", "optional": false}, {"key": "MESAS_E_CADEIRAS_DE_JANTAR", "text": "Mesas e cadeiras de jantar", "value": "NAO", "optional": false}, {"key": "CHURRASQUEIRA", "text": "Churrasqueira", "value": "NAO", "optional": false}, {"key": "ACESSO_SEM_DEGRAUS", "text": "Acesso sem degraus", "value": "NAO", "optional": false}, {"key": "COOKTOP", "text": "Fog\u00e3o cooktop", "value": "NAO", "optional": false}, {"key": "UTENSILIOS_DE_COZINHA", "text": "Utens\u00edlios de cozinha", "value": "NAO", "optional": false}, {"key": "CAMA_DE_CASAL", "text": "Cama de casal", "value": "NAO", "optional": false}, {"key": "CAMA_DE_SOLTEIRO", "text": "Cama de solteiro", "value": "NAO", "optional": false}, {"key": "ESPELHO_NO_BANHEIRO", "text": "Espelho no banheiro", "value": "NAO", "optional": false}, {"key": "FECHADURA_ELETRONICA", "text": "Fechadura eletr\u00f4nica", "value": "NAO", "optional": false}, {"key": "ENERGIA", "text": "Energia no im\u00f3vel", "value": "NAO", "optional": false}], "area": 100, "installations": [{"key": "PLAYGROUND", "text": "Playground", "value": "SIM"}, {"key": "PISCINA", "text": "Piscina", "value": "NAO"}, {"key": "CHURRASQUEIRA", "text": "Churrasqueira", "value": "NAO"}, {"key": "QUADRA_ESPORTIVA", "text": "Quadra esportiva", "value": "SIM"}, {"key": "ACADEMIA", "text": "Academia", "value": "SIM"}, {"key": "SALAO_DE_FESTAS", "text": "Sal\u00e3o de festas", "value": "SIM"}, {"key": "SAUNA", "text": "Sauna", "value": "NAO"}, {"key": "LAVANDERIA_NO_PREDIO", "text": "Lavanderia no pr\u00e9dio", "value": "NAO"}, {"key": "GAS_ENCANADO", "text": "G\u00e1s encanado", "value": "NAO"}, {"key": "ESPACO_GOURMET_NA_AREA_COMUM", "text": "Espa\u00e7o gourmet na \u00e1rea comum", "value": "NAO"}, {"key": "BRINQUEDOTECA", "text": "Brinquedoteca", "value": "SIM"}, {"key": "CORRIMAO", "text": "Corrim\u00e3o", "value": "NAO"}, {"key": "PISO_TATIL", "text": "Piso t\u00e1til", "value": "NAO"}, {"key": "RAMPAS_DE_ACESSO", "text": "Rampas de acesso", "value": "NAO"}, {"key": "SALAO_DE_JOGOS", "text": "Sal\u00e3o de jogos", "value": "SIM"}, {"key": "VAGA_DE_GARAGEM_ACESSIVEL", "text": "Vaga de garagem acess\u00edvel", "value": "SIM"}, {"key": "AREA_VERDE", "text": "\u00c1rea verde", "value": "SIM"}, {"key": "Elevador", "value": "SIM"}, {"key": "Porteiro24H", "value": "SIM"}], "rentPrice": 6000, "condoPrice": 1300, "condoType": "Normal", "region": {"name": "Ch\u00e1cara Santo Antonio", "hub": {"loading": "UNSET", "enabled": false, "abSecretariat": false, "isPrimaryMarket": false}, "id": 1280}, "type": "Apartamento", "iptuType": "Normal", "totalCost": 7589, "parkingSpaces": 1, "address": {"street": "Rua Cancioneiro Popular", "neighborhood": "Santo Amaro", "city": "S\u00e3o Paulo", "zipCode": "04710-000", "stateName": "S\u00e3o Paulo", "stateAcronym": "SP", "lat": -23.6310452, "lng": -46.6948992, "countryName": "Brasil", "countryCode": "BR", "country": "Brasil"}, "floor": 3, "homeProtection": 77, "remarks": "\u00d3tima localiza\u00e7\u00e3o. Excelente bairro. Fica a metros do Consulado Americano, Feira, UNIP, Col\u00e9gio Objetivo, P\u00e3o de A\u00e7\u00facar, Extra, farm\u00e1cias,  outras escolas e a um quarteir\u00e3o do metr\u00f4 Borba Gato. \n5 minutos andando do shopping Morumbi e Market Place.\nTodos os c\u00f4modos s\u00e3o grandes, incluindo a lavanderia.", "furniture": "Arm\u00e1rios em todos os c\u00f4modos.", "acceptsPets": true, "hasFurniture": false, "isNearSubway": true, "placesNearby": [{"name": "Universidade Paulista", "type": "UNIVERSITY_OR_COLLEGE", "slug": "universidade-paulista-chacara-santo-antonio-sao-paulo-sp"}, {"name": "Borba Gato", "type": "ESTACAO_METRO_OU_TREM", "slug": "estacao-borba-gato-sao-paulo-sp"}, {"name": "Coreo Dan\u00e7a", "type": "SCHOOL", "slug": "coreo-danca-chacara-santo-antonio-sao-paulo-sp"}, {"name": "Interagir", "type": "SCHOOL", "slug": "interagir-chacara-santo-antonio-sao-paulo-sp"}, {"name": "DeRose Method Verbo Divino", "type": "UNIVERSITY_OR_COLLEGE", "slug": "derose-method-verbo-divino-chacara-santo-antonio-sao-paulo-sp"}, {"name": "Brooklin", "type": "ESTACAO_METRO_OU_TREM", "slug": "estacao-brooklin-sao-paulo-sp-brasil"}, {"name": "Business School S\u00e3o Paulo", "type": "UNIVERSITY_OR_COLLEGE", "slug": "business-school-sao-paulo-brooklin-sao-paulo-sp"}, {"name": "Shopping Morumbi", "type": "SHOPPING_MALL", "slug": "shopping-morumbi-jardim-das-acacias-sao-paulo-sp"}, {"name": "UAM - Anhembi Morumbi", "type": "UNIVERSITY_OR_COLLEGE", "slug": "anhembi-morumbi-jaceru-morumbi-sao-paulo-sp"}, {"name": "Escolinha das Ac\u00e1cias", "type": "SCHOOL", "slug": "escolinha-das-acacias-brooklin-sao-paulo-sp"}, {"name": "Col\u00e9gio Belo Futuro Internacional", "type": "SCHOOL", "slug": "colegio-belo-futuro-internacional-chacara-santo-antonio-sao-paulo-sp"}, {"name": "Casinha Pequenina", "type": "SCHOOL", "slug": "casinha-pequenina-chacara-santo-antonio-sao-paulo-sp"}, {"name": "Beat\u00edssima Virgem Maria", "type": "SCHOOL", "slug": "beatissima-virgem-maria-brooklin-sao-paulo-sp"}, {"name": "Teatro Vivo", "type": "MUSEUM_THEATRE_OR_CONCERT_HALL", "slug": "teatro-vivo-brooklin-sao-paulo-sp"}, {"name": "Sociedade Antropos\u00f3fica do Brasil", "type": "MUSEUM_THEATRE_OR_CONCERT_HALL", "slug": "sociedade-antroposofica-do-brasil-santo-amaro-sao-paulo-sp"}, {"name": "Kinoplex - Parque da Cidade", "type": "MUSEUM_THEATRE_OR_CONCERT_HALL", "slug": "kinoplex-parque-da-cidade-chacara-santo-antonio-sao-paulo-sp"}, {"name": "Escola Waldorf Rudolf Steiner", "type": "SCHOOL", "slug": "escola-waldorf-rudolf-steiner-santo-amaro-sao-paulo-sp"}, {"name": "Escola M. Dias", "type": "SCHOOL", "slug": "escola-m-dias-sao-paulo-sp-brasil"}, {"name": "DeRose Method Brooklin", "type": "UNIVERSITY_OR_COLLEGE", "slug": "derose-method-brooklin-brooklin-sao-paulo-sp"}, {"name": "Centro Cultural Brasil - Turquia", "type": "MUSEUM_THEATRE_OR_CONCERT_HALL", "slug": "centro-cultural-brasil-turquia-santo-amaro-sao-paulo-sp"}], "photos": [{"id": 35864253, "subtitle": "Sala", "url": "893957606-802.219200020983101Sala1.jpg", "cover": true}, {"id": 35864254, "subtitle": "Sala", "url": "893957606-502.553742403584401Sala2.jpg", "cover": false}, {"id": 35864258, "subtitle": "Sala", "url": "893957606-203.8009361703713301Sala3.jpg", "cover": false}, {"id": 35864260, "subtitle": "Sala", "url": "893957606-629.593918060035901Sala4.jpg", "cover": false}, {"id": 35864263, "subtitle": "Sala", "url": "893957606-606.973498909241801Sala5.jpg", "cover": false}, {"id": 35864266, "subtitle": "Sala", "url": "893957606-242.605193507009601Sala6.jpg", "cover": false}, {"id": 35864268, "subtitle": "Sala", "url": "893957606-709.863754356325301Sala7.jpg", "cover": false}, {"id": 35864270, "subtitle": "Quarto 1", "url": "893957606-529.978665840403101Sala8.jpg", "cover": false}, {"id": 35864272, "subtitle": "Quarto 1", "url": "893957606-299.72151910074601Sala9.jpg", "cover": false}, {"id": 35864275, "subtitle": "Quarto 1", "url": "893957606-283.444970643357301Sala10.jpg", "cover": false}, {"id": 35864277, "subtitle": "Quarto 1", "url": "893957606-667.879369380111901Sala11.jpg", "cover": false}, {"id": 35864280, "subtitle": "Quarto 2", "url": "893957606-82.1351486100124801Sala12.jpg", "cover": false}, {"id": 35864283, "subtitle": "Quarto 2", "url": "893957606-54.87676298010957501Sala13.jpg", "cover": false}, {"id": 35864285, "subtitle": "Quarto 2", "url": "893957606-360.682910109762601Sala14.jpg", "cover": false}, {"id": 35864288, "subtitle": "Quarto 2", "url": "893957606-627.664586162500201Sala15.jpg", "cover": false}, {"id": 35864291, "subtitle": "Quarto 2 - Vista", "url": "893957606-847.3789636730801Sala16.jpg", "cover": false}, {"id": 35864297, "subtitle": "Quarto 3", "url": "893957606-801.994931149190701Sala18.jpg", "cover": false}, {"id": 35864305, "subtitle": "Quarto 3", "url": "893957606-765.38059287739201Sala19.jpg", "cover": false}, {"id": 35864313, "subtitle": "Quarto 3", "url": "893957606-103.6131343433043201Sala20.jpg", "cover": false}, {"id": 35864319, "subtitle": "Quarto 3", "url": "893957606-650.123583508040201Sala21.jpg", "cover": false}, {"id": 35864324, "subtitle": "Banheiro", "url": "893957606-628.31815563385301Sala22.jpg", "cover": false}, {"id": 35864328, "subtitle": "Banheiro", "url": "893957606-795.82854511990501Sala23.jpg", "cover": false}, {"id": 35864335, "subtitle": "Banheiro", "url": "893957606-326.471715801808201Sala24.jpg", "cover": false}, {"id": 35864347, "subtitle": "Banheiro", "url": "893957606-571.096701036223601Sala25.jpg", "cover": false}, {"id": 35864350, "subtitle": "Banheiro", "url": "893957606-80.947822094707301Sala26.jpg", "cover": false}, {"id": 35864357, "subtitle": "Cozinha", "url": "893957606-945.88030504682301Sala27.jpg", "cover": false}, {"id": 35864363, "subtitle": "Cozinha", "url": "893957606-665.533774204662701Sala28.jpg", "cover": false}, {"id": 35864367, "subtitle": "Cozinha", "url": "893957606-991.585285580812401Sala29.jpg", "cover": false}, {"id": 35864370, "subtitle": "Cozinha", "url": "893957606-359.766355663115501Sala30.jpg", "cover": false}, {"id": 35864374, "subtitle": "Cozinha", "url": "893957606-316.4551421049582701Sala31.jpg", "cover": false}, {"id": 35864376, "subtitle": "\u00c1rea de Servi\u00e7o", "url": "893957606-226.7031382078128601Sala32.jpg", "cover": false}, {"id": 35864379, "subtitle": "\u00c1rea de Servi\u00e7o", "url": "893957606-590.912306031093601Sala33.jpg", "cover": false}, {"id": 35864383, "subtitle": "\u00c1rea de Servi\u00e7o", "url": "893957606-81.7692306600480401Sala34.jpg", "cover": false}, {"id": 35864387, "subtitle": "\u00c1rea de Servi\u00e7o", "url": "893957606-167.1870419908930801Sala35.jpg", "cover": false}, {"id": 35864392, "subtitle": "\u00c1rea de Servi\u00e7o - Banheiro", "url": "893957606-190.3027124209333201Sala36.jpg", "cover": false}, {"id": 35864394, "subtitle": "\u00c1rea de Servi\u00e7o - Banheiro", "url": "893957606-386.8358882155208701Sala37.jpg", "cover": false}, {"id": 35864399, "subtitle": "\u00c1rea de Servi\u00e7o - Banheiro", "url": "893957606-417.700948932001401Sala38.jpg", "cover": false}, {"id": 35864401, "subtitle": "\u00c1rea de Servi\u00e7o - Banheiro", "url": "893957606-491.399605232039401Sala39.jpg", "cover": false}, {"id": 35864404, "subtitle": "Academia", "url": "893957606-195.577922360434801Sala40.jpg", "cover": false}, {"id": 35864407, "subtitle": "Academia", "url": "893957606-692.995262143948801Sala41.jpg", "cover": false}, {"id": 35864413, "subtitle": "Academia", "url": "893957606-888.536457543334701Sala42.jpg", "cover": false}, {"id": 35864418, "subtitle": "\u00c1rea Comum", "url": "893957606-784.145451186671201Sala43.jpg", "cover": false}, {"id": 35864420, "subtitle": "Sal\u00e3o de Festas", "url": "893957606-360.8892761185693401Sala44.jpg", "cover": false}, {"id": 35864425, "subtitle": "Playground", "url": "893957606-468.201294676671801Sala45.jpg", "cover": false}, {"id": 35864428, "subtitle": "Quadra Esportiva", "url": "893957606-876.216299601489901Sala46.jpg", "cover": false}, {"id": 35864435, "subtitle": "Brinquedoteca", "url": "893957606-896.040060401255301Sala48.jpg", "cover": false}, {"id": 35864439, "subtitle": "Sala de Jogos", "url": "893957606-8.603812713421701Sala49.jpg", "cover": false}, {"id": 35864440, "subtitle": "Sala de Jogos", "url": "893957606-835.316238311123201Sala50.jpg", "cover": false}, {"id": 35864444, "subtitle": "Hall Social", "url": "893957606-594.509199422970601Sala51.jpg", "cover": false}, {"id": 35864448, "subtitle": "\u00c1rea comum", "url": "893957606-105.1615223571655801Sala53.jpg", "cover": false}, {"id": 35864450, "subtitle": "\u00c1rea comum", "url": "893957606-459.04938416163801Sala54.jpg", "cover": false}, {"id": 35864432, "subtitle": "Fachada", "url": "893957606-859.723795081556301Sala47.jpg", "cover": false}, {"id": 35864456, "subtitle": "Fachada", "url": "893957606-372.3716865881305601Sala55.jpg", "cover": false}], "photosCategorizedByRooms": [], "relevantRegions": [], "photospheres": [], "specialConditions": [], "offers": {"closingRate": 0, "shouldHighlightIcon": true, "shouldShowOfferDialog": false, "shouldShowOffers": false, "summary": []}, "status": "publicado", "showUrlHasBeenCopiedSnackbar": false, "isGalleryModalOpen": false, "error": false, "loaded": true, "loading": false, "loadingCategorizedRooms": false, "selectedMedia": "tenant/HouseMedia/PHOTOS", "video": "", "promotions": [], "condominium": {}, "forRent": true, "forSale": true, "salePrice": 730000, "mortgageFirstInstallment": 0, "listings": [{"imovelId": 893957606, "businessContext": "SALE", "status": "publicado", "firstPublicationDate": "2023-02-27T20:43:49.000+0000", "lastPublicationDate": "2023-02-27T20:43:49.000+0000", "ownership": "STANDARD"}, {"imovelId": 893957606, "businessContext": "RENT", "status": "publicado", "firstPublicationDate": "2023-02-27T20:43:49.000+0000", "lastPublicationDate": "2023-02-27T20:43:49.000+0000", "listingRentModel": {"listingBusinessContextId": 1462678, "rentalAdministrator": "QUINTOANDAR"}, "ownership": "STANDARD"}], "listingTags": [], "businessContext": "", "regionParameters": {"loaded": false, "loading": false, "RENT": {"visitsEnabled": true, "talkToAgentEnabled": false}, "SALE": {"visitsEnabled": true, "talkToAgentEnabled": false}}, "houseAgent": {"isDialogOpen": false, "alreadyOpenedByQueryParam": false}, "tenantServiceFee": 155, "closingStatus": {"loading": false}, "rentalGuarantee": {"minValue": 1500, "maxValue": 4500}, "reservationAvailability": null, "isPrimaryMarket": false, "macroRegion": {"id": 2723, "name": "SPO 05"}, "suites": 0, "allowsCustomOffer": true, "displayCustomOfferPreference": true, "houseVisitStatus": "ACCEPT_NEW", "visitStatusReason": null, "visitsUnavailable": false, "isReserved": false, "allowDirectOffer": true, "lastPublishedDate": "2023-02-27T20:43:49.000Z", "listingPublication": "not_stranded", "rentOnTermination": false, "constructionYear": null, "categories": []}, "markers": {"lat": -23.6310452, "lng": -46.6948992}, "talkToAgent": {"dialog": {"open": false, "questionType": null, "question": ""}, "agentSupport": {}, "error": null, "autoSubmit": false, "loading": false, "submitting": false, "success": false, "hasLoadedAgentInfo": false, "agent": null, "hasLoadedAgentsInRegion": false, "agentsInRegion": null}}}}, "__N_SSP": true}, "page": "/imovel/[houseId]/[[...slug]]", "query": {"houseId": "893957606", "slug": ["alugar", "apartamento-3-quartos-santo-amaro-sao-paulo"]}, "buildId": "gCr3Bg2lYzV9hxZqGibIQ", "runtimeConfig": {"NEXT_PUBLIC_HOME_ADVERTISING_BANNER": "coupon"}, "isFallback": false, "dynamicIds": [61847, 31265, 66435, 77453, 87356, 60899, 41103, 3232, 33207, 72227, 40072, 39327, 19904, 96827], "gssp": true, "customServer": true, "appGip": true, "locale": "pt-BR", "locales": ["pt-BR", "es-MX"], "defaultLocale": "pt-BR", "domainLocales": [{"domain": "www.quintoandar.com.br", "defaultLocale": "pt-BR"}, {"domain": "www.benvi.mx", "defaultLocale": "es-MX"}], "scriptLoader": []}