{"props": {"pageProps": {"initialState": {"route": {"locationBeforeTransitions": {"pathname": "/imovel/893974278/alugar/apartamento-3-quartos-aclimacao-sao-paulo", "search": "", "hash": "", "action": "POP", "query": {}}, "topLevelRouteName": "house details", "businessContext": "RENT", "favoriteListsBusinessContext": "RENT"}, "router": {"location": {"href": "/", "pathname": "/", "search": "", "hash": ""}}, "progress": {"pendingRequests": -1}, "login": {"response": {}, "user": {"isLoggedIn": false, "id": 0, "agentId": 0, "hashId": "", "sessionId": null, "name": "", "email": "", "maskedEmail": "", "jwt": {"app": "", "firebase": ""}, "phone": {"countryCode": "+55", "areaCode": "", "phoneNumber": ""}, "country": "BR", "channel": "", "isPhoneRegistered": false, "acceptWhatsapp": true, "hasDocument": false, "isPartner": false}, "accountForm": {}, "redirectUrl": "", "isRequestOngoing": false}, "captcha": {"token": "", "hasLoadedRemoteConfig": false, "provider": "", "friction": "low", "unavailableCountriesCode": []}, "supportedCities": [], "inAppMessages": {"biomaSurvey": {"isOpen": false, "formId": null, "data": {"opaque": true}}}, "metaData": {"similar_houses_clicked": []}, "appData": {"device": {"type": "desktop", "isSearchEngineCrawler": false}, "experiments": "X-AB-Test=ab_exposed_filter_sale_desktop:1,ab_exposed_filter_sale_v1:1,ab_exposed_filters:1,ab_load_more_v0:-1,ab_new_house_card_v2:0,ab_new_rent_listing_phase2:0,ab_profiling_create_alert_filters:0,ab_scheduling_step_by_step_v1:1,ab_show_floor_sale:0,ab_street_search_retrieval_v1:0"}, "house": {"houseInfo": {"id": "893974278", "displayId": "1274278", "bedrooms": 3, "city": "S\u00e3o Paulo", "cityId": 39, "bathrooms": 2, "iptu": 217, "amenities": [{"key": "BANHEIRA_DE_HIDROMASSAGEM", "text": "Banheira", "value": "NAO", "optional": false}, {"key": "BOX", "text": "Box", "value": "NAO", "optional": false}, {"key": "VARANDA", "text": "Varanda", "value": "SIM", "optional": false}, {"key": "PISCINA_PRIVATIVA", "text": "Piscina privativa", "value": "NAO", "optional": false}, {"key": "ARMARIOS_EMBUTIDOS_NO_QUARTO", "text": "Arm\u00e1rios no quarto", "value": "SIM", "optional": false}, {"key": "ARMARIOS_NOS_BANHEIROS", "text": "Arm\u00e1rios no banheiro", "value": "SIM", "optional": false}, {"key": "ARMARIOS_NA_COZINHA", "text": "Arm\u00e1rios na cozinha", "value": "SIM", "optional": false}, {"key": "AR_CONDICIONADO", "text": "Ar condicionado", "value": "NAO", "optional": false}, {"key": "CHUVEIRO_A_GAS", "text": "Chuveiro a g\u00e1s", "value": "NAO", "optional": false}, {"key": "QUARTO_DE_SERVICO", "text": "Quarto de servi\u00e7o", "value": "NAO", "optional": false}, {"key": "BANHEIRO_DE_SERVICO", "text": "Banheiro de servi\u00e7o", "value": "NAO", "optional": false}, {"key": "VARANDA_GOURMET", "text": "Varanda gourmet", "value": "NAO", "optional": false}, {"key": "APARTAMENTO_COBERTURA", "text": "Apartamento cobertura", "value": "NAO", "optional": false}, {"key": "QUARTO_EXTRA_REVERSIVEL", "text": "Quarto extra revers\u00edvel", "value": "NAO", "optional": false}, {"key": "FOGAO_INCLUSO", "text": "Fog\u00e3o", "value": "NAO", "optional": false}, {"key": "GELADEIRA_INCLUSO", "text": "Geladeira", "value": "NAO", "optional": false}, {"key": "BANHEIRO_ADAPTADO", "text": "Banheiro adaptado", "value": "NAO", "optional": false}, {"key": "CLOSET", "text": "Closet", "value": "NAO", "optional": false}, {"key": "COZINHA_AMERICANA", "text": "Cozinha americana", "value": "NAO", "optional": false}, {"key": "MESAS_E_CADEIRAS_DE_ESCRITORIO", "text": "Mesas e cadeiras de escrit\u00f3rio", "value": "NAO", "optional": false}, {"key": "JARDIM", "text": "Jardim", "value": "NAO", "optional": false}, {"key": "QUARTOS_E_CORREDORES_COM_PORTAS_AMPLAS", "text": "Quartos e corredores com portas amplas", "value": "NAO", "optional": false}, {"key": "QUINTAL", "text": "Quintal", "value": "NAO", "optional": false}, {"key": "SOMENTE_UMA_CASA_NO_TERRENO", "text": "Somente uma casa no terreno", "value": "NAO", "optional": false}, {"key": "AREA_DE_SERVICO", "text": "\u00c1rea de servi\u00e7o", "value": "SIM", "optional": false}], "comfortCommodities": [{"key": "BANHEIRA_DE_HIDROMASSAGEM", "text": "Banheira", "value": "NAO", "optional": false}, {"key": "PISCINA_PRIVATIVA", "text": "Piscina privativa", "value": "NAO", "optional": false}, {"key": "AR_CONDICIONADO", "text": "Ar condicionado", "value": "NAO", "optional": false}, {"key": "SOL_DA_MANHA", "text": "Sol da manh\u00e3", "value": "SIM", "optional": false}, {"key": "SOL_DA_TARDE", "text": "Sol da tarde", "value": "NAO", "optional": false}, {"key": "CORTINAS_BLACK_OUT", "text": "Cortinas corta luz", "value": "NAO", "optional": false}, {"key": "CORTINAS_DECORATIVAS", "text": "Cortina transl\u00facida", "value": "NAO", "optional": false}, {"key": "JANELA_ANTI_RUIDO", "text": "Janela anti-ru\u00eddo", "value": "NAO", "optional": false}, {"key": "VENTILADOR_DE_TETO", "text": "Ventilador de teto", "value": "NAO", "optional": false}, {"key": "LUMINOSIDADE_NATURAL", "text": "Janelas grandes", "value": "SIM", "optional": false}, {"key": "VISTA_LIVRE", "text": "Vista livre", "value": "SIM", "optional": false}, {"key": "RUA_SILENCIOSA", "text": "Rua silenciosa", "value": "NAO", "optional": false}], "practicalityCommodities": [{"key": "BOX", "text": "Box", "value": "NAO", "optional": false}, {"key": "ARMARIOS_EMBUTIDOS_NO_QUARTO", "text": "Arm\u00e1rios no quarto", "value": "SIM", "optional": false}, {"key": "ARMARIOS_NOS_BANHEIROS", "text": "Arm\u00e1rios no banheiro", "value": "SIM", "optional": false}, {"key": "ARMARIOS_NA_COZINHA", "text": "Arm\u00e1rios na cozinha", "value": "SIM", "optional": false}, {"key": "CHUVEIRO_A_GAS", "text": "Chuveiro a g\u00e1s", "value": "NAO", "optional": false}, {"key": "FOGAO_INCLUSO", "text": "Fog\u00e3o", "value": "NAO", "optional": false}, {"key": "GELADEIRA_INCLUSO", "text": "Geladeira", "value": "NAO", "optional": false}, {"key": "CHUVEIRO_ELETRICO", "text": "Chuveiro el\u00e9trico", "value": "NAO", "optional": false}, {"key": "MICROONDAS", "text": "Microondas", "value": "NAO", "optional": false}, {"key": "SOFA", "text": "Sof\u00e1", "value": "NAO", "optional": false}, {"key": "MAQUINA_DE_LAVAR", "text": "M\u00e1quina de lavar", "value": "NAO", "optional": false}, {"key": "TANQUE", "text": "Tanque", "value": "SIM", "optional": false}, {"key": "REDE_DE_PROTECAO", "text": "Tela nas janelas", "value": "NAO", "optional": false}, {"key": "VARAL_DE_ROUPAS", "text": "Varal de roupas", "value": "NAO", "optional": false}, {"key": "TOMADAS_NOVAS", "text": "Tomadas 3 pinos", "value": "NAO", "optional": false}, {"key": "TELEVISAO", "text": "Televis\u00e3o", "value": "NAO", "optional": false}, {"key": "MESAS_E_CADEIRAS_DE_JANTAR", "text": "Mesas e cadeiras de jantar", "value": "NAO", "optional": false}, {"key": "CHURRASQUEIRA", "text": "Churrasqueira", "value": "NAO", "optional": false}, {"key": "ACESSO_SEM_DEGRAUS", "text": "Acesso sem degraus", "value": "NAO", "optional": false}, {"key": "COOKTOP", "text": "Fog\u00e3o cooktop", "value": "NAO", "optional": false}, {"key": "UTENSILIOS_DE_COZINHA", "text": "Utens\u00edlios de cozinha", "value": "NAO", "optional": false}, {"key": "CAMA_DE_CASAL", "text": "Cama de casal", "value": "NAO", "optional": false}, {"key": "CAMA_DE_SOLTEIRO", "text": "Cama de solteiro", "value": "NAO", "optional": false}, {"key": "ESPELHO_NO_BANHEIRO", "text": "Espelho no banheiro", "value": "NAO", "optional": false}, {"key": "FECHADURA_ELETRONICA", "text": "Fechadura eletr\u00f4nica", "value": "NAO", "optional": false}, {"key": "ENERGIA", "text": "Energia no im\u00f3vel", "value": "NAO", "optional": false}], "area": 180, "installations": [{"key": "PLAYGROUND", "text": "Playground", "value": "NAO"}, {"key": "PISCINA", "text": "Piscina", "value": "NAO"}, {"key": "CHURRASQUEIRA", "text": "Churrasqueira", "value": "NAO"}, {"key": "QUADRA_ESPORTIVA", "text": "Quadra esportiva", "value": "NAO"}, {"key": "ACADEMIA", "text": "Academia", "value": "NAO"}, {"key": "SALAO_DE_FESTAS", "text": "Sal\u00e3o de festas", "value": "SIM"}, {"key": "SAUNA", "text": "Sauna", "value": "NAO"}, {"key": "LAVANDERIA_NO_PREDIO", "text": "Lavanderia no pr\u00e9dio", "value": "NAO"}, {"key": "GAS_ENCANADO", "text": "G\u00e1s encanado", "value": "NAO"}, {"key": "ESPACO_GOURMET_NA_AREA_COMUM", "text": "Espa\u00e7o gourmet na \u00e1rea comum", "value": "NAO"}, {"key": "BRINQUEDOTECA", "text": "Brinquedoteca", "value": "NAO"}, {"key": "CORRIMAO", "text": "Corrim\u00e3o", "value": "SIM"}, {"key": "PISO_TATIL", "text": "Piso t\u00e1til", "value": "NAO"}, {"key": "RAMPAS_DE_ACESSO", "text": "Rampas de acesso", "value": "SIM"}, {"key": "SALAO_DE_JOGOS", "text": "Sal\u00e3o de jogos", "value": "NAO"}, {"key": "VAGA_DE_GARAGEM_ACESSIVEL", "text": "Vaga de garagem acess\u00edvel", "value": "NAO"}, {"key": "AREA_VERDE", "text": "\u00c1rea verde", "value": "NAO"}, {"key": "Elevador", "value": "SIM"}, {"key": "Porteiro24H", "value": "NAO"}], "rentPrice": 5000, "condoPrice": 1500, "condoType": "Normal", "region": {"name": "Aclima\u00e7\u00e3o", "hub": {"loading": "UNSET", "enabled": false, "abSecretariat": false, "isPrimaryMarket": false}, "id": 52}, "type": "Apartamento", "iptuType": "Normal", "totalCost": 6781, "parkingSpaces": 1, "address": {"street": "Rua Esp\u00edrito Santo", "neighborhood": "Aclima\u00e7\u00e3o", "city": "S\u00e3o Paulo", "zipCode": "01526-020", "stateName": "S\u00e3o Paulo", "stateAcronym": "SP", "lat": -23.5687002, "lng": -46.6306482, "countryName": "Brasil", "countryCode": "BR", "country": "Brasil"}, "floor": 3, "homeProtection": 64, "remarks": "", "acceptsPets": true, "hasFurniture": false, "isNearSubway": false, "placesNearby": [{"name": "Col\u00e9gio Nova Gera\u00e7\u00e3o", "type": "SCHOOL", "slug": "colegio-nova-geracao-aclimacao-sao-paulo-sp"}, {"name": "Hospedaria de Cuidados Palhat", "type": "HOSPITAL", "slug": "hospedaria-de-cuidados-palhat-aclimacao-sao-paulo-sp"}, {"name": "Escola Estadual Caetano de Campos", "type": "SCHOOL", "slug": "escola-estadual-caetano-de-campos-aclimacao-sao-paulo-sp"}, {"name": "Hospital AC Camargo", "type": "HOSPITAL", "slug": "hospital-ac-camargo-liberdade-sao-paulo-sp"}, {"name": "Parque da Aclima\u00e7\u00e3o", "type": "PARK_OR_GREEN_AREA", "slug": "parque-da-aclimacao-sao-paulo-sp-brasil"}, {"name": "Hospital Adventista de S\u00e3o Paulo", "type": "HOSPITAL", "slug": "hospital-adventista-de-sao-paulo-liberdade-sao-paulo-sp"}, {"name": "Anglo Vestibulares", "type": "SCHOOL", "slug": "anglo-vestibulares-liberdade-sao-paulo-sp"}, {"name": "Uninove - Campus Vergueiro", "type": "UNIVERSITY_OR_COLLEGE", "slug": "uninove-vergueiro-liberdade-sao-paulo-sp"}, {"name": "Alfacon", "type": "SCHOOL", "slug": "alfacon-liberdade-sao-paulo-sp"}, {"name": "Escola SENAI", "type": "UNIVERSITY_OR_COLLEGE", "slug": "escola-senai-cambuci-sao-paulo-sp"}, {"name": "Gastrocl\u00ednica", "type": "HOSPITAL", "slug": "gastroclinica-sao-paulo-sp-brasil"}, {"name": "Museu Hist\u00f3rico da Imigra\u00e7\u00e3o Japonesa no Brasil", "type": "MUSEUM_THEATRE_OR_CONCERT_HALL", "slug": "museu-historico-da-imigracao-japonesa-no-brasil-liberdade-sao-paulo-sp"}, {"name": "Hospital do Servidor P\u00fablico Municipal", "type": "HOSPITAL", "slug": "hospital-do-servidor-publico-municipal-aclimacao-sao-paulo-sp"}, {"name": "Santa Margiore", "type": "HOSPITAL", "slug": "santa-margiore-liberdade-sao-paulo-sp"}, {"name": "Centro Cultural S\u00e3o Paulo", "type": "MUSEUM_THEATRE_OR_CONCERT_HALL", "slug": "centro-cultural-sao-paulo-aclimacao-sao-paulo-sp"}, {"name": "Hospital Oswaldo Cruz", "type": "HOSPITAL", "slug": "hospital-oswaldo-cruz-liberdade-sao-paulo-sp"}, {"name": "Col\u00e9gio Adventista da Liberdade", "type": "SCHOOL", "slug": "colegio-adventista-da-liberdade-liberdade-sao-paulo-sp"}, {"name": "Escola Paulista de Direito", "type": "UNIVERSITY_OR_COLLEGE", "slug": "escola-paulista-de-direito-liberdade-sao-paulo-sp"}, {"name": "ETAPA - S\u00e3o Joaquim", "type": "SCHOOL", "slug": "etapa-sao-joaquim-liberdade-sao-paulo-sp"}, {"name": "Hospital Benefic\u00eancia Portuguesa de S\u00e3o Paulo", "type": "HOSPITAL", "slug": "hospital-beneficencia-portuguesa-de-sao-paulo-bela-vista-sao-paulo-sp"}, {"name": "FMU", "type": "UNIVERSITY_OR_COLLEGE", "slug": "fmu-liberdade-sao-paulo-sp"}, {"name": "Hospital Leforte Liberdade", "type": "HOSPITAL", "slug": "hospital-leforte-liberdade-liberdade-sao-paulo-sp"}, {"name": "Hospital Sancta Maggiore Para\u00edso", "type": "HOSPITAL", "slug": "hospital-sancta-maggiore-paraiso-bela-vista-sao-paulo-sp"}, {"name": "Hospital Oswaldo Cruz", "type": "HOSPITAL", "slug": "hospital-oswaldo-cruz-bela-vista-sao-paulo-sp"}, {"name": "Prandiano", "type": "MUSEUM_THEATRE_OR_CONCERT_HALL", "slug": "prandiano-vila-mariana-sao-paulo-sp"}, {"name": "Shopping P\u00e1tio Paulista", "type": "SHOPPING_MALL", "slug": "shopping-patio-paulista-bela-vista-sao-paulo-sp"}, {"name": "EMEI D. Ana Rosa de Ara\u00fajo", "type": "SCHOOL", "slug": "emei-d-ana-rosa-de-araujo-vila-mariana-sao-paulo-sp"}, {"name": "Col\u00e9gio Etapa S\u00e3o Paulo", "type": "SCHOOL", "slug": "colegio-etapa-sao-paulo-vila-mariana-sao-paulo-sp"}, {"name": "EMEF Duque de Caxias", "type": "SCHOOL", "slug": "emef-duque-de-caxias-liberdade-sao-paulo-sp"}, {"name": "Japan House", "type": "MUSEUM_THEATRE_OR_CONCERT_HALL", "slug": "japan-house-bela-vista-sao-paulo-sp"}], "availabilityType": "IMMEDIATE", "photos": [{"id": 35817037, "subtitle": "Sala de Jantar", "url": "893974278-607.9742353850920230225122357.jpg", "cover": true}, {"id": 35817014, "subtitle": "sala de estar", "url": "893974278-358.035635399375820230225122256.jpg", "cover": false}, {"id": 35817015, "subtitle": "sala de estar", "url": "893974278-100.0370642079325720230225122307.jpg", "cover": false}, {"id": 35817016, "subtitle": "sala de estar", "url": "893974278-526.818642506760520230225122317.jpg", "cover": false}, {"id": 35817018, "subtitle": "sala de estar", "url": "893974278-187.0163906052865220230225122328.jpg", "cover": false}, {"id": 35817023, "subtitle": "sala de estar", "url": "893974278-823.077755184632620230225122334.jpg", "cover": false}, {"id": 35817028, "subtitle": "Sala de Jantar", "url": "893974278-495.0621768847991620230225122342.jpg", "cover": false}, {"id": 35817032, "subtitle": "Sala de Jantar", "url": "893974278-399.6717608755958520230225122349.jpg", "cover": false}, {"id": 35817041, "subtitle": "Sala de Jantar", "url": "893974278-27.6187613858028820230225122409.jpg", "cover": false}, {"id": 35817046, "subtitle": "Sala de Jantar", "url": "893974278-848.367897431570820230225122419.jpg", "cover": false}, {"id": 35817050, "subtitle": "Varanda", "url": "893974278-658.040849727296220230225122435.jpg", "cover": false}, {"id": 35817053, "subtitle": "Varanda", "url": "893974278-662.928965725388720230225122445.jpg", "cover": false}, {"id": 35817055, "subtitle": "Lavabo", "url": "893974278-900.007506388136820230225122508.jpg", "cover": false}, {"id": 35817057, "subtitle": "Lavabo", "url": "893974278-398.3639051117130520230225122515.jpg", "cover": false}, {"id": 35817059, "subtitle": "Lavabo", "url": "893974278-340.489297991574620230225122523.jpg", "cover": false}, {"id": 35817063, "subtitle": "Lavabo", "url": "893974278-44.23498312204587520230225122528.jpg", "cover": false}, {"id": 35817065, "subtitle": "Quarto 1", "url": "893974278-859.943837755650120230225122601.jpg", "cover": false}, {"id": 35817066, "subtitle": "Quarto 1", "url": "893974278-323.784403383945420230225122604.jpg", "cover": false}, {"id": 35817067, "subtitle": "Quarto 1", "url": "893974278-534.792793285324720230225122607.jpg", "cover": false}, {"id": 35817068, "subtitle": "Quarto 1", "url": "893974278-734.238663286115520230225122623.jpg", "cover": false}, {"id": 35817069, "subtitle": "Quarto 1", "url": "893974278-483.641828910761420230225122625.jpg", "cover": false}, {"id": 35817070, "subtitle": "Quarto 1", "url": "893974278-950.454141852972520230225122629.jpg", "cover": false}, {"id": 35817071, "subtitle": "Quarto 2", "url": "893974278-60.0523628003519820230225122642.jpg", "cover": false}, {"id": 35817072, "subtitle": "Quarto 2", "url": "893974278-68.463080510032820230225122650.jpg", "cover": false}, {"id": 35817073, "subtitle": "Quarto 2", "url": "893974278-475.925456422955920230225122655.jpg", "cover": false}, {"id": 35817074, "subtitle": "Quarto 2", "url": "893974278-618.384070771745920230225122657.jpg", "cover": false}, {"id": 35817075, "subtitle": "Quarto 2", "url": "893974278-331.7616780277242620230225122704.jpg", "cover": false}, {"id": 35817076, "subtitle": "Quarto 3 - Su\u00edte", "url": "893974278-541.072283614487220230225122719.jpg", "cover": false}, {"id": 35817077, "subtitle": "Quarto 3 - Su\u00edte", "url": "893974278-172.8488634898316420230225122728.jpg", "cover": false}, {"id": 35817078, "subtitle": "Quarto 3 - Su\u00edte", "url": "893974278-442.4197948075272420230225122735.jpg", "cover": false}, {"id": 35817079, "subtitle": "Quarto 3 - Su\u00edte", "url": "893974278-115.5845865913383120230225122739.jpg", "cover": false}, {"id": 35817080, "subtitle": "Quarto 3 - Su\u00edte", "url": "893974278-358.2443844378535720230225122743.jpg", "cover": false}, {"id": 35817081, "subtitle": "Closet Quarto 3 - Su\u00edte", "url": "893974278-72.2571795151680820230225122757.jpg", "cover": false}, {"id": 35817082, "subtitle": "Closet Quarto 3 - Su\u00edte", "url": "893974278-167.586773815019520230225122804.jpg", "cover": false}, {"id": 35817083, "subtitle": "Banheiro Quarto 3 - Su\u00edte", "url": "893974278-339.501904064087220230225122817.jpg", "cover": false}, {"id": 35817084, "subtitle": "Banheiro Quarto 3 - Su\u00edte", "url": "893974278-774.453112823460120230225122823.jpg", "cover": false}, {"id": 35817085, "subtitle": "Banheiro Quarto 3 - Su\u00edte", "url": "893974278-759.369108212821520230225122832.jpg", "cover": false}, {"id": 35817086, "subtitle": "Banheiro Quarto 3 - Su\u00edte", "url": "893974278-209.023045534943920230225122838.jpg", "cover": false}, {"id": 35817087, "subtitle": "Banheiro Quarto 3 - Su\u00edte", "url": "893974278-497.8208784646166720230225122842.jpg", "cover": false}, {"id": 35817088, "subtitle": "Banheiro Social", "url": "893974278-803.198340625642820230225122957.jpg", "cover": false}, {"id": 35817089, "subtitle": "Banheiro Social", "url": "893974278-848.596402740117520230225122959.jpg", "cover": false}, {"id": 35817090, "subtitle": "Banheiro Social", "url": "893974278-300.864370392522720230225123005.jpg", "cover": false}, {"id": 35817091, "subtitle": "Banheiro Social", "url": "893974278-541.897889831470120230225123013.jpg", "cover": false}, {"id": 35817093, "subtitle": "Banheiro Social", "url": "893974278-36.41340391736691420230225123019.jpg", "cover": false}, {"id": 35817095, "subtitle": "Cozinha", "url": "893974278-351.436078621404520230225123049.jpg", "cover": false}, {"id": 35817094, "subtitle": "Cozinha", "url": "893974278-515.164393426513920230225123043.jpg", "cover": false}, {"id": 35817099, "subtitle": "Cozinha", "url": "893974278-358.9258485332977720230225123057.jpg", "cover": false}, {"id": 35817101, "subtitle": "\u00c1rea de Servi\u00e7o", "url": "893974278-463.1860710984074720230225123111.jpg", "cover": false}, {"id": 35817104, "subtitle": "\u00c1rea de Servi\u00e7o", "url": "893974278-807.282776526340120230225123118.jpg", "cover": false}, {"id": 35817107, "subtitle": "\u00c1rea de Servi\u00e7o", "url": "893974278-237.0405365261042320230225123122.jpg", "cover": false}, {"id": 35817108, "subtitle": "\u00c1rea de Servi\u00e7o", "url": "893974278-848.395244441154120230225123127.jpg", "cover": false}, {"id": 35817111, "subtitle": "Quarto de Servi\u00e7o", "url": "893974278-86.9432120576417720230225123136.jpg", "cover": false}, {"id": 35817112, "subtitle": "Quarto de Servi\u00e7o", "url": "893974278-45.767147028822920230225123142.jpg", "cover": false}, {"id": 35817114, "subtitle": "Quarto de Servi\u00e7o", "url": "893974278-610.914007216049320230225123151.jpg", "cover": false}, {"id": 35817115, "subtitle": "Quarto de Servi\u00e7o", "url": "893974278-306.152798014010320230225123156.jpg", "cover": false}, {"id": 35817117, "subtitle": "Hall de entrada", "url": "893974278-897.775265868268220230225123907.jpg", "cover": false}, {"id": 35817118, "subtitle": "Hall de entrada", "url": "893974278-419.5522350580024520230225123912.jpg", "cover": false}, {"id": 35817119, "subtitle": "Hall", "url": "893974278-847.245742654673820230225124156.jpg", "cover": false}, {"id": 35817121, "subtitle": "Hall", "url": "893974278-86.371733735445620230225124200.jpg", "cover": false}, {"id": 35817123, "subtitle": "Fachada", "url": "893974278-812.428392901761520230225124244.jpg", "cover": false}], "photosCategorizedByRooms": [], "relevantRegions": [], "photospheres": [], "specialConditions": ["Exclusivity"], "offers": {"closingRate": 0, "shouldHighlightIcon": true, "shouldShowOfferDialog": false, "shouldShowOffers": false, "summary": []}, "status": "publicado", "showUrlHasBeenCopiedSnackbar": false, "isGalleryModalOpen": false, "error": false, "loaded": true, "loading": false, "loadingCategorizedRooms": false, "selectedMedia": "tenant/HouseMedia/PHOTOS", "video": "", "promotions": [], "condominium": {}, "forRent": true, "forSale": true, "salePrice": 1300000, "mortgageFirstInstallment": 0, "listings": [{"imovelId": 893974278, "businessContext": "SALE", "status": "publicado", "firstPublicationDate": "2023-02-25T22:40:38.000+0000", "lastPublicationDate": "2023-02-25T22:40:38.000+0000", "ownership": "STANDARD"}, {"imovelId": 893974278, "businessContext": "RENT", "status": "publicado", "firstPublicationDate": "2023-03-08T18:19:24.000+0000", "lastPublicationDate": "2023-03-08T18:19:24.000+0000", "listingRentModel": {"listingBusinessContextId": 1503288, "rentalAdministrator": "QUINTOANDAR"}, "ownership": "STANDARD"}], "listingTags": [], "businessContext": "", "regionParameters": {"loaded": false, "loading": false, "RENT": {"visitsEnabled": true, "talkToAgentEnabled": false}, "SALE": {"visitsEnabled": true, "talkToAgentEnabled": false}}, "houseAgent": {"isDialogOpen": false, "alreadyOpenedByQueryParam": false}, "tenantServiceFee": 130, "closingStatus": {"loading": false}, "rentalGuarantee": {"minValue": 1250, "maxValue": 3750}, "reservationAvailability": null, "isPrimaryMarket": false, "macroRegion": {"id": 2728, "name": "SPO 03"}, "suites": 1, "houseVisitStatus": "ACCEPT_NEW", "visitStatusReason": null, "visitsUnavailable": false, "isReserved": false, "allowDirectOffer": true, "lastPublishedDate": "2023-03-08T18:19:24.000Z", "listingPublication": "not_stranded", "rentOnTermination": false, "constructionYear": null, "categories": []}, "markers": {"lat": -23.5687002, "lng": -46.6306482}, "talkToAgent": {"dialog": {"open": false, "questionType": null, "question": ""}, "agentSupport": {}, "error": null, "autoSubmit": false, "loading": false, "submitting": false, "success": false, "hasLoadedAgentInfo": false, "agent": null, "hasLoadedAgentsInRegion": false, "agentsInRegion": null}}}}, "__N_SSP": true}, "page": "/imovel/[houseId]/[[...slug]]", "query": {"houseId": "893974278", "slug": ["alugar", "apartamento-3-quartos-aclimacao-sao-paulo"]}, "buildId": "gCr3Bg2lYzV9hxZqGibIQ", "runtimeConfig": {"NEXT_PUBLIC_HOME_ADVERTISING_BANNER": "coupon"}, "isFallback": false, "dynamicIds": [61847, 31265, 66435, 77453, 87356, 60899, 41103, 3232, 33207, 72227, 40072, 39327, 19904, 96827], "gssp": true, "customServer": true, "appGip": true, "locale": "pt-BR", "locales": ["pt-BR", "es-MX"], "defaultLocale": "pt-BR", "domainLocales": [{"domain": "www.quintoandar.com.br", "defaultLocale": "pt-BR"}, {"domain": "www.benvi.mx", "defaultLocale": "es-MX"}], "scriptLoader": []}