{"props": {"pageProps": {"initialState": {"route": {"locationBeforeTransitions": {"pathname": "/imovel/893979191/alugar/casa-4-quartos-brooklin-sao-paulo", "search": "", "hash": "", "action": "POP", "query": {}}, "topLevelRouteName": "house details", "businessContext": "RENT", "favoriteListsBusinessContext": "RENT"}, "router": {"location": {"href": "/", "pathname": "/", "search": "", "hash": ""}}, "progress": {"pendingRequests": -1}, "login": {"response": {}, "user": {"isLoggedIn": false, "id": 0, "agentId": 0, "hashId": "", "sessionId": null, "name": "", "email": "", "maskedEmail": "", "jwt": {"app": "", "firebase": ""}, "phone": {"countryCode": "+55", "areaCode": "", "phoneNumber": ""}, "country": "BR", "channel": "", "isPhoneRegistered": false, "acceptWhatsapp": true, "hasDocument": false, "isPartner": false}, "accountForm": {}, "redirectUrl": "", "isRequestOngoing": false}, "captcha": {"token": "", "hasLoadedRemoteConfig": false, "provider": "", "friction": "low", "unavailableCountriesCode": []}, "supportedCities": [], "inAppMessages": {"biomaSurvey": {"isOpen": false, "formId": null, "data": {"opaque": true}}}, "metaData": {"similar_houses_clicked": []}, "appData": {"device": {"type": "desktop", "isSearchEngineCrawler": false}, "experiments": "X-AB-Test=ab_exposed_filter_sale_desktop:1,ab_exposed_filter_sale_v1:1,ab_exposed_filters:1,ab_load_more_v0:-1,ab_new_house_card_v2:0,ab_new_rent_listing_phase2:0,ab_profiling_create_alert_filters:0,ab_scheduling_step_by_step_v1:1,ab_show_floor_sale:0,ab_street_search_retrieval_v1:0"}, "house": {"houseInfo": {"id": "893979191", "displayId": "1279191", "bedrooms": 4, "city": "S\u00e3o Paulo", "cityId": 39, "bathrooms": 6, "iptu": 83, "amenities": [{"key": "BANHEIRA_DE_HIDROMASSAGEM", "text": "Banheira", "value": "NAO", "optional": false}, {"key": "BOX", "text": "Box", "value": "NAO", "optional": false}, {"key": "VARANDA", "text": "Varanda", "value": "NAO", "optional": false}, {"key": "PISCINA_PRIVATIVA", "text": "Piscina privativa", "value": "NAO", "optional": false}, {"key": "ARMARIOS_EMBUTIDOS_NO_QUARTO", "text": "Arm\u00e1rios no quarto", "value": "NAO", "optional": false}, {"key": "ARMARIOS_NOS_BANHEIROS", "text": "Arm\u00e1rios no banheiro", "value": "NAO", "optional": false}, {"key": "ARMARIOS_NA_COZINHA", "text": "Arm\u00e1rios na cozinha", "value": "NAO", "optional": false}, {"key": "AR_CONDICIONADO", "text": "Ar condicionado", "value": "NAO", "optional": false}, {"key": "CHUVEIRO_A_GAS", "text": "Chuveiro a g\u00e1s", "value": "NAO", "optional": false}, {"key": "QUARTO_DE_SERVICO", "text": "Quarto de servi\u00e7o", "value": "NAO", "optional": false}, {"key": "BANHEIRO_DE_SERVICO", "text": "Banheiro de servi\u00e7o", "value": "NAO", "optional": false}, {"key": "VARANDA_GOURMET", "text": "Varanda gourmet", "value": "NAO", "optional": false}, {"key": "APARTAMENTO_COBERTURA", "text": "Apartamento cobertura", "value": "NAO", "optional": false}, {"key": "QUARTO_EXTRA_REVERSIVEL", "text": "Quarto extra revers\u00edvel", "value": "NAO", "optional": false}, {"key": "FOGAO_INCLUSO", "text": "Fog\u00e3o", "value": "NAO", "optional": false}, {"key": "GELADEIRA_INCLUSO", "text": "Geladeira", "value": "NAO", "optional": false}, {"key": "BANHEIRO_ADAPTADO", "text": "Banheiro adaptado", "value": "NAO", "optional": false}, {"key": "CLOSET", "text": "Closet", "value": "NAO", "optional": false}, {"key": "COZINHA_AMERICANA", "text": "Cozinha americana", "value": "NAO", "optional": false}, {"key": "MESAS_E_CADEIRAS_DE_ESCRITORIO", "text": "Mesas e cadeiras de escrit\u00f3rio", "value": "NAO", "optional": false}, {"key": "JARDIM", "text": "Jardim", "value": "NAO", "optional": false}, {"key": "QUARTOS_E_CORREDORES_COM_PORTAS_AMPLAS", "text": "Quartos e corredores com portas amplas", "value": "NAO", "optional": false}, {"key": "QUINTAL", "text": "Quintal", "value": "NAO", "optional": false}, {"key": "SOMENTE_UMA_CASA_NO_TERRENO", "text": "Somente uma casa no terreno", "value": "NAO", "optional": false}, {"key": "AREA_DE_SERVICO", "text": "\u00c1rea de servi\u00e7o", "value": "NAO", "optional": false}], "comfortCommodities": [{"key": "BANHEIRA_DE_HIDROMASSAGEM", "text": "Banheira", "value": "NAO", "optional": false}, {"key": "PISCINA_PRIVATIVA", "text": "Piscina privativa", "value": "NAO", "optional": false}, {"key": "AR_CONDICIONADO", "text": "Ar condicionado", "value": "NAO", "optional": false}, {"key": "SOL_DA_MANHA", "text": "Sol da manh\u00e3", "value": "NAO", "optional": false}, {"key": "SOL_DA_TARDE", "text": "Sol da tarde", "value": "NAO", "optional": false}, {"key": "CORTINAS_BLACK_OUT", "text": "Cortinas corta luz", "value": "NAO", "optional": false}, {"key": "CORTINAS_DECORATIVAS", "text": "Cortina transl\u00facida", "value": "NAO", "optional": false}, {"key": "JANELA_ANTI_RUIDO", "text": "Janela anti-ru\u00eddo", "value": "NAO", "optional": false}, {"key": "VENTILADOR_DE_TETO", "text": "Ventilador de teto", "value": "NAO", "optional": false}, {"key": "LUMINOSIDADE_NATURAL", "text": "Janelas grandes", "value": "NAO", "optional": false}, {"key": "VISTA_LIVRE", "text": "Vista livre", "value": "NAO", "optional": false}, {"key": "RUA_SILENCIOSA", "text": "Rua silenciosa", "value": "NAO", "optional": false}], "practicalityCommodities": [{"key": "BOX", "text": "Box", "value": "NAO", "optional": false}, {"key": "ARMARIOS_EMBUTIDOS_NO_QUARTO", "text": "Arm\u00e1rios no quarto", "value": "NAO", "optional": false}, {"key": "ARMARIOS_NOS_BANHEIROS", "text": "Arm\u00e1rios no banheiro", "value": "NAO", "optional": false}, {"key": "ARMARIOS_NA_COZINHA", "text": "Arm\u00e1rios na cozinha", "value": "NAO", "optional": false}, {"key": "CHUVEIRO_A_GAS", "text": "Chuveiro a g\u00e1s", "value": "NAO", "optional": false}, {"key": "FOGAO_INCLUSO", "text": "Fog\u00e3o", "value": "NAO", "optional": false}, {"key": "GELADEIRA_INCLUSO", "text": "Geladeira", "value": "NAO", "optional": false}, {"key": "CHUVEIRO_ELETRICO", "text": "Chuveiro el\u00e9trico", "value": "NAO", "optional": false}, {"key": "MICROONDAS", "text": "Microondas", "value": "NAO", "optional": false}, {"key": "SOFA", "text": "Sof\u00e1", "value": "NAO", "optional": false}, {"key": "MAQUINA_DE_LAVAR", "text": "M\u00e1quina de lavar", "value": "NAO", "optional": false}, {"key": "TANQUE", "text": "Tanque", "value": "NAO", "optional": false}, {"key": "REDE_DE_PROTECAO", "text": "Tela nas janelas", "value": "NAO", "optional": false}, {"key": "VARAL_DE_ROUPAS", "text": "Varal de roupas", "value": "NAO", "optional": false}, {"key": "TOMADAS_NOVAS", "text": "Tomadas 3 pinos", "value": "NAO", "optional": false}, {"key": "TELEVISAO", "text": "Televis\u00e3o", "value": "NAO", "optional": false}, {"key": "MESAS_E_CADEIRAS_DE_JANTAR", "text": "Mesas e cadeiras de jantar", "value": "NAO", "optional": false}, {"key": "CHURRASQUEIRA", "text": "Churrasqueira", "value": "NAO", "optional": false}, {"key": "ACESSO_SEM_DEGRAUS", "text": "Acesso sem degraus", "value": "NAO", "optional": false}, {"key": "COOKTOP", "text": "Fog\u00e3o cooktop", "value": "NAO", "optional": false}, {"key": "UTENSILIOS_DE_COZINHA", "text": "Utens\u00edlios de cozinha", "value": "NAO", "optional": false}, {"key": "CAMA_DE_CASAL", "text": "Cama de casal", "value": "NAO", "optional": false}, {"key": "CAMA_DE_SOLTEIRO", "text": "Cama de solteiro", "value": "NAO", "optional": false}, {"key": "ESPELHO_NO_BANHEIRO", "text": "Espelho no banheiro", "value": "NAO", "optional": false}, {"key": "FECHADURA_ELETRONICA", "text": "Fechadura eletr\u00f4nica", "value": "NAO", "optional": false}, {"key": "ENERGIA", "text": "Energia no im\u00f3vel", "value": "NAO", "optional": false}], "area": 500, "installations": [{"key": "PLAYGROUND", "text": "Playground", "value": "NAO_INFORMADO"}, {"key": "PISCINA", "text": "Piscina", "value": "NAO_INFORMADO"}, {"key": "CHURRASQUEIRA", "text": "Churrasqueira", "value": "NAO_INFORMADO"}, {"key": "QUADRA_ESPORTIVA", "text": "Quadra esportiva", "value": "NAO_INFORMADO"}, {"key": "ACADEMIA", "text": "Academia", "value": "NAO_INFORMADO"}, {"key": "SALAO_DE_FESTAS", "text": "Sal\u00e3o de festas", "value": "NAO_INFORMADO"}, {"key": "SAUNA", "text": "Sauna", "value": "NAO_INFORMADO"}, {"key": "LAVANDERIA_NO_PREDIO", "text": "Lavanderia no pr\u00e9dio", "value": "NAO_INFORMADO"}, {"key": "GAS_ENCANADO", "text": "G\u00e1s encanado", "value": "NAO_INFORMADO"}, {"key": "ESPACO_GOURMET_NA_AREA_COMUM", "text": "Espa\u00e7o gourmet na \u00e1rea comum", "value": "NAO_INFORMADO"}, {"key": "BRINQUEDOTECA", "text": "Brinquedoteca", "value": "NAO_INFORMADO"}, {"key": "CORRIMAO", "text": "Corrim\u00e3o", "value": "NAO_INFORMADO"}, {"key": "PISO_TATIL", "text": "Piso t\u00e1til", "value": "NAO_INFORMADO"}, {"key": "RAMPAS_DE_ACESSO", "text": "Rampas de acesso", "value": "NAO_INFORMADO"}, {"key": "SALAO_DE_JOGOS", "text": "Sal\u00e3o de jogos", "value": "NAO_INFORMADO"}, {"key": "VAGA_DE_GARAGEM_ACESSIVEL", "text": "Vaga de garagem acess\u00edvel", "value": "NAO_INFORMADO"}, {"key": "AREA_VERDE", "text": "\u00c1rea verde", "value": "NAO_INFORMADO"}, {"key": "Elevador", "value": "NAO"}, {"key": "Porteiro24H", "value": "NAO"}], "rentPrice": 12000, "condoPrice": 0, "condoType": "IncluidoNoAluguel", "region": {"name": "Brooklin", "hub": {"loading": "UNSET", "enabled": false, "abSecretariat": false, "isPrimaryMarket": false}, "id": 42}, "type": "Casa", "iptuType": "Normal", "totalCost": 12282, "parkingSpaces": 5, "address": {"street": "Rua Ge\u00f3rgia", "neighborhood": "Brooklin", "city": "S\u00e3o Paulo", "zipCode": "04559-011", "stateName": "S\u00e3o Paulo", "stateAcronym": "SP", "lat": -23.6080146, "lng": -46.6812578, "countryName": "Brasil", "countryCode": "BR", "country": "Brasil"}, "homeProtection": 199, "remarks": "Excelente sobrado no Brooklin,com piscina e \u00e1rea gourmet.Su\u00edte master com closet e hidro.Rico em arm\u00e1rios.Com sa\u00edda f\u00e1cil para principais avenidas .Rua tranquila e arborizada.Marque uma visita e confira!", "acceptsPets": false, "hasFurniture": false, "isNearSubway": false, "placesNearby": [{"name": "Diko Pataca", "type": "SCHOOL", "slug": "diko-pataca-brooklin-sao-paulo-sp"}, {"name": "Universidade Anhembi-Morumbi", "type": "SCHOOL", "slug": "universidade-anhembi-morumbi-vila-olimpia-sao-paulo-sp"}, {"name": "DeRose Method Brooklin", "type": "UNIVERSITY_OR_COLLEGE", "slug": "derose-method-brooklin-brooklin-sao-paulo-sp"}, {"name": "DeRose Method Berrini", "type": "UNIVERSITY_OR_COLLEGE", "slug": "derose-method-berrini-brooklin-sao-paulo-sp"}, {"name": "Hospital Evaldo Foz", "type": "HOSPITAL", "slug": "hospital-evaldo-foz-sao-paulo-sp-brasil"}, {"name": "Insper", "type": "UNIVERSITY_OR_COLLEGE", "slug": "insper-vila-olimpia-sao-paulo-sp"}, {"name": "DeRose Method Moema", "type": "UNIVERSITY_OR_COLLEGE", "slug": "derose-method-moema-moema-sao-paulo-sp"}, {"name": "Shopping Vila Ol\u00edmpia", "type": "SHOPPING_MALL", "slug": "shopping-vila-olimpia-vila-olimpia-sao-paulo-sp"}, {"name": "Escola M. Dias", "type": "SCHOOL", "slug": "escola-m-dias-sao-paulo-sp-brasil"}, {"name": "Shopping Ibirapuera", "type": "SHOPPING_MALL", "slug": "shopping-ibirapuera-indianopolis-sao-paulo-sp"}, {"name": "DeRose Method Vila Ol\u00edmpia", "type": "UNIVERSITY_OR_COLLEGE", "slug": "derose-method-vila-olimpia-vila-olimpia-sao-paulo-sp"}, {"name": "FMU", "type": "UNIVERSITY_OR_COLLEGE", "slug": "fmu-vila-nova-conceicao-sao-paulo-sp-brasil"}, {"name": "Col\u00e9gio da Companhia de Maria", "type": "SCHOOL", "slug": "colegio-da-companhia-de-maria-vila-nova-conceicao-sao-paulo-sp-brasil"}, {"name": "Atelier Hideko Honma", "type": "MUSEUM_THEATRE_OR_CONCERT_HALL", "slug": "atelier-hideko-honma-moema-sao-paulo-sp"}, {"name": "Beat\u00edssima Virgem Maria", "type": "SCHOOL", "slug": "beatissima-virgem-maria-brooklin-sao-paulo-sp"}, {"name": "Escolinha das Ac\u00e1cias", "type": "SCHOOL", "slug": "escolinha-das-acacias-brooklin-sao-paulo-sp"}], "photos": [{"id": 35949927, "subtitle": null, "url": "893979191-120.55385098402782sobradocom4dormitoriossendo4suitevalordevendar2390000oualuguelporr12000mesbrooklinsaopaulosp1667958798312xwyuz.jpg", "cover": true}, {"id": 35949920, "subtitle": null, "url": "893979191-263.64697778313075sobradocom4dormitoriossendo4suitevalordevendar2390000oualuguelporr12000mesbrooklinsaopaulosp1667958634523emipx.jpg", "cover": false}, {"id": 35949921, "subtitle": null, "url": "893979191-909.3965555630502sobradocom4dormitoriossendo4suitevalordevendar2390000oualuguelporr12000mesbrooklinsaopaulosp1667958635450amhxz.jpg", "cover": false}, {"id": 35949936, "subtitle": null, "url": "893979191-207.3918075074206sobradocom4dormitoriossendo4suitevalordevendar2390000oualuguelporr12000mesbrooklinsaopaulosp1667959070459uhfnf.jpg", "cover": false}, {"id": 35949922, "subtitle": null, "url": "893979191-373.1075143830509sobradocom4dormitoriossendo4suitevalordevendar2390000oualuguelporr12000mesbrooklinsaopaulosp1667958661360oudul.jpg", "cover": false}, {"id": 35949925, "subtitle": null, "url": "893979191-866.9370061561048sobradocom4dormitoriossendo4suitevalordevendar2390000oualuguelporr12000mesbrooklinsaopaulosp1667958770436sfrxj.jpg", "cover": false}, {"id": 35949933, "subtitle": null, "url": "893979191-10.269445612706928sobradocom4dormitoriossendo4suitevalordevendar2390000oualuguelporr12000mesbrooklinsaopaulosp1667958895775uelfy.jpg", "cover": false}, {"id": 35949931, "subtitle": null, "url": "893979191-456.63504540423395sobradocom4dormitoriossendo4suitevalordevendar2390000oualuguelporr12000mesbrooklinsaopaulosp1667958893892odbvy.jpg", "cover": false}, {"id": 35949939, "subtitle": null, "url": "893979191-968.4689358750325sobradocom4dormitoriossendo4suitevalordevendar2390000oualuguelporr12000mesbrooklinsaopaulosp1667959177381kzwju.jpg", "cover": false}, {"id": 35949941, "subtitle": null, "url": "893979191-181.45156178416266sobradocom4dormitoriossendo4suitevalordevendar2390000oualuguelporr12000mesbrooklinsaopaulosp1667959179714blatn.jpg", "cover": false}, {"id": 35949926, "subtitle": null, "url": "893979191-972.1237475788844sobradocom4dormitoriossendo4suitevalordevendar2390000oualuguelporr12000mesbrooklinsaopaulosp1667958797311bcnhk.jpg", "cover": false}, {"id": 35949938, "subtitle": null, "url": "893979191-612.3832706036524sobradocom4dormitoriossendo4suitevalordevendar2390000oualuguelporr12000mesbrooklinsaopaulosp1667959176396blhj.jpg", "cover": false}, {"id": 35949924, "subtitle": null, "url": "893979191-436.6661758337402sobradocom4dormitoriossendo4suitevalordevendar2390000oualuguelporr12000mesbrooklinsaopaulosp1667958769491dyrll.jpg", "cover": false}, {"id": 35949928, "subtitle": null, "url": "893979191-457.39016400059495sobradocom4dormitoriossendo4suitevalordevendar2390000oualuguelporr12000mesbrooklinsaopaulosp1667958799275veaml.jpg", "cover": false}, {"id": 35949930, "subtitle": null, "url": "893979191-191.5871652409763sobradocom4dormitoriossendo4suitevalordevendar2390000oualuguelporr12000mesbrooklinsaopaulosp1667958871991zlddg.jpg", "cover": false}, {"id": 35949934, "subtitle": null, "url": "893979191-366.11626714551727sobradocom4dormitoriossendo4suitevalordevendar2390000oualuguelporr12000mesbrooklinsaopaulosp1667958970418ppl.jpg", "cover": false}, {"id": 35949935, "subtitle": null, "url": "893979191-262.2896848462234sobradocom4dormitoriossendo4suitevalordevendar2390000oualuguelporr12000mesbrooklinsaopaulosp1667958971407brbrg.jpg", "cover": false}, {"id": 35949937, "subtitle": null, "url": "893979191-639.1823882333846sobradocom4dormitoriossendo4suitevalordevendar2390000oualuguelporr12000mesbrooklinsaopaulosp1667959175037dyssv.jpg", "cover": false}, {"id": 35949940, "subtitle": null, "url": "893979191-164.15988782788128sobradocom4dormitoriossendo4suitevalordevendar2390000oualuguelporr12000mesbrooklinsaopaulosp1667959178351ytskp.jpg", "cover": false}, {"id": 35949923, "subtitle": null, "url": "893979191-100.53214236646491sobradocom4dormitoriossendo4suitevalordevendar2390000oualuguelporr12000mesbrooklinsaopaulosp1667958768522ipqul.jpg", "cover": false}, {"id": 35949932, "subtitle": null, "url": "893979191-353.99449922937407sobradocom4dormitoriossendo4suitevalordevendar2390000oualuguelporr12000mesbrooklinsaopaulosp1667958894871twxik.jpg", "cover": false}, {"id": 35949929, "subtitle": null, "url": "893979191-691.4471077446839sobradocom4dormitoriossendo4suitevalordevendar2390000oualuguelporr12000mesbrooklinsaopaulosp1667958800252gdcfh.jpg", "cover": false}], "photosCategorizedByRooms": [], "relevantRegions": [], "photospheres": [], "specialConditions": ["Exclusivity"], "offers": {"closingRate": 0, "shouldHighlightIcon": true, "shouldShowOfferDialog": false, "shouldShowOffers": false, "summary": []}, "status": "publicado", "showUrlHasBeenCopiedSnackbar": false, "isGalleryModalOpen": false, "error": false, "loaded": true, "loading": false, "loadingCategorizedRooms": false, "selectedMedia": "tenant/HouseMedia/PHOTOS", "video": "", "promotions": [], "condominium": {}, "forRent": true, "forSale": false, "salePrice": 0, "mortgageFirstInstallment": 0, "listings": [{"imovelId": 893979191, "businessContext": "RENT", "status": "publicado", "firstPublicationDate": "2023-03-14T18:37:00.000+0000", "lastPublicationDate": "2023-03-14T18:37:00.000+0000", "listingRentModel": {"listingBusinessContextId": 1489112, "rentalAdministrator": "THIRD_PARTY"}, "houseAgents": [{"name": "Pablo Santos Bezerra ", "id": 139064, "relationType": "KEY_HOLDER"}], "keyHolderAgent": {"id": 177061, "agentId": 7182, "name": "Elias dos Santos Araujo"}, "ownership": "STANDARD"}], "listingTags": [], "businessContext": "", "regionParameters": {"loaded": false, "loading": false, "RENT": {"visitsEnabled": true, "talkToAgentEnabled": false}, "SALE": {"visitsEnabled": true, "talkToAgentEnabled": false}}, "houseAgent": {"isDialogOpen": false, "alreadyOpenedByQueryParam": false}, "tenantServiceFee": 0, "closingStatus": {"loading": false}, "rentalGuarantee": {"minValue": 3000, "maxValue": 9000}, "reservationAvailability": null, "isPrimaryMarket": false, "macroRegion": {"id": 2723, "name": "SPO 05"}, "suites": 4, "allowsCustomOffer": true, "displayCustomOfferPreference": true, "houseVisitStatus": "ACCEPT_NEW", "visitStatusReason": null, "visitsUnavailable": false, "isReserved": false, "allowDirectOffer": true, "lastPublishedDate": "2023-03-14T18:37:00.000Z", "listingPublication": "not_stranded", "rentOnTermination": false, "constructionYear": null, "categories": []}, "markers": {"lat": -23.6080146, "lng": -46.6812578}, "talkToAgent": {"dialog": {"open": false, "questionType": null, "question": ""}, "agentSupport": {}, "error": null, "autoSubmit": false, "loading": false, "submitting": false, "success": false, "hasLoadedAgentInfo": false, "agent": null, "hasLoadedAgentsInRegion": false, "agentsInRegion": null}}}}, "__N_SSP": true}, "page": "/imovel/[houseId]/[[...slug]]", "query": {"houseId": "893979191", "slug": ["alugar", "casa-4-quartos-brooklin-sao-paulo"]}, "buildId": "gCr3Bg2lYzV9hxZqGibIQ", "runtimeConfig": {"NEXT_PUBLIC_HOME_ADVERTISING_BANNER": "coupon"}, "isFallback": false, "dynamicIds": [61847, 31265, 66435, 77453, 87356, 60899, 41103, 3232, 72227, 40072, 39327, 19904, 96827], "gssp": true, "customServer": true, "appGip": true, "locale": "pt-BR", "locales": ["pt-BR", "es-MX"], "defaultLocale": "pt-BR", "domainLocales": [{"domain": "www.quintoandar.com.br", "defaultLocale": "pt-BR"}, {"domain": "www.benvi.mx", "defaultLocale": "es-MX"}], "scriptLoader": []}