{"props": {"pageProps": {"initialState": {"route": {"locationBeforeTransitions": {"pathname": "/imovel/893972929/alugar/apartamento-2-quartos-moema-sao-paulo", "search": "", "hash": "", "action": "POP", "query": {}}, "topLevelRouteName": "house details", "businessContext": "RENT", "favoriteListsBusinessContext": "RENT"}, "router": {"location": {"href": "/", "pathname": "/", "search": "", "hash": ""}}, "progress": {"pendingRequests": -1}, "login": {"response": {}, "user": {"isLoggedIn": false, "id": 0, "agentId": 0, "hashId": "", "sessionId": null, "name": "", "email": "", "maskedEmail": "", "jwt": {"app": "", "firebase": ""}, "phone": {"countryCode": "+55", "areaCode": "", "phoneNumber": ""}, "country": "BR", "channel": "", "isPhoneRegistered": false, "acceptWhatsapp": true, "hasDocument": false, "isPartner": false}, "accountForm": {}, "redirectUrl": "", "isRequestOngoing": false}, "captcha": {"token": "", "hasLoadedRemoteConfig": false, "provider": "", "friction": "low", "unavailableCountriesCode": []}, "supportedCities": [], "inAppMessages": {"biomaSurvey": {"isOpen": false, "formId": null, "data": {"opaque": true}}}, "metaData": {"similar_houses_clicked": []}, "appData": {"device": {"type": "desktop", "isSearchEngineCrawler": false}, "experiments": "X-AB-Test=ab_exposed_filter_sale_desktop:1,ab_exposed_filter_sale_v1:1,ab_exposed_filters:1,ab_load_more_v0:-1,ab_new_house_card_v2:0,ab_new_rent_listing_phase2:0,ab_profiling_create_alert_filters:0,ab_scheduling_step_by_step_v1:1,ab_show_floor_sale:0,ab_street_search_retrieval_v1:0"}, "house": {"houseInfo": {"id": "893972929", "displayId": "1272929", "bedrooms": 2, "city": "S\u00e3o Paulo", "cityId": 39, "bathrooms": 1, "iptu": 213, "amenities": [{"key": "BANHEIRA_DE_HIDROMASSAGEM", "text": "Banheira", "value": "NAO", "optional": false}, {"key": "BOX", "text": "Box", "value": "SIM", "optional": false}, {"key": "VARANDA", "text": "Varanda", "value": "NAO", "optional": false}, {"key": "PISCINA_PRIVATIVA", "text": "Piscina privativa", "value": "NAO", "optional": false}, {"key": "ARMARIOS_EMBUTIDOS_NO_QUARTO", "text": "Arm\u00e1rios no quarto", "value": "SIM", "optional": false}, {"key": "ARMARIOS_NOS_BANHEIROS", "text": "Arm\u00e1rios no banheiro", "value": "SIM", "optional": false}, {"key": "ARMARIOS_NA_COZINHA", "text": "Arm\u00e1rios na cozinha", "value": "SIM", "optional": false}, {"key": "AR_CONDICIONADO", "text": "Ar condicionado", "value": "NAO", "optional": false}, {"key": "CHUVEIRO_A_GAS", "text": "Chuveiro a g\u00e1s", "value": "NAO", "optional": false}, {"key": "QUARTO_DE_SERVICO", "text": "Quarto de servi\u00e7o", "value": "NAO", "optional": false}, {"key": "BANHEIRO_DE_SERVICO", "text": "Banheiro de servi\u00e7o", "value": "NAO", "optional": false}, {"key": "VARANDA_GOURMET", "text": "Varanda gourmet", "value": "NAO", "optional": false}, {"key": "APARTAMENTO_COBERTURA", "text": "Apartamento cobertura", "value": "NAO", "optional": false}, {"key": "QUARTO_EXTRA_REVERSIVEL", "text": "Quarto extra revers\u00edvel", "value": "NAO", "optional": false}, {"key": "FOGAO_INCLUSO", "text": "Fog\u00e3o", "value": "NAO", "optional": false}, {"key": "GELADEIRA_INCLUSO", "text": "Geladeira", "value": "NAO", "optional": false}, {"key": "BANHEIRO_ADAPTADO", "text": "Banheiro adaptado", "value": "NAO", "optional": false}, {"key": "CLOSET", "text": "Closet", "value": "NAO", "optional": false}, {"key": "COZINHA_AMERICANA", "text": "Cozinha americana", "value": "NAO", "optional": false}, {"key": "MESAS_E_CADEIRAS_DE_ESCRITORIO", "text": "Mesas e cadeiras de escrit\u00f3rio", "value": "NAO", "optional": false}, {"key": "JARDIM", "text": "Jardim", "value": "NAO", "optional": false}, {"key": "QUARTOS_E_CORREDORES_COM_PORTAS_AMPLAS", "text": "Quartos e corredores com portas amplas", "value": "SIM", "optional": false}, {"key": "QUINTAL", "text": "Quintal", "value": "NAO", "optional": false}, {"key": "SOMENTE_UMA_CASA_NO_TERRENO", "text": "Somente uma casa no terreno", "value": "NAO", "optional": false}, {"key": "AREA_DE_SERVICO", "text": "\u00c1rea de servi\u00e7o", "value": "SIM", "optional": false}], "comfortCommodities": [{"key": "BANHEIRA_DE_HIDROMASSAGEM", "text": "Banheira", "value": "NAO", "optional": false}, {"key": "PISCINA_PRIVATIVA", "text": "Piscina privativa", "value": "NAO", "optional": false}, {"key": "AR_CONDICIONADO", "text": "Ar condicionado", "value": "NAO", "optional": false}, {"key": "SOL_DA_MANHA", "text": "Sol da manh\u00e3", "value": "NAO", "optional": false}, {"key": "SOL_DA_TARDE", "text": "Sol da tarde", "value": "SIM", "optional": false}, {"key": "CORTINAS_BLACK_OUT", "text": "Cortinas corta luz", "value": "NAO", "optional": false}, {"key": "CORTINAS_DECORATIVAS", "text": "Cortina transl\u00facida", "value": "NAO", "optional": false}, {"key": "JANELA_ANTI_RUIDO", "text": "Janela anti-ru\u00eddo", "value": "NAO", "optional": false}, {"key": "VENTILADOR_DE_TETO", "text": "Ventilador de teto", "value": "SIM", "optional": false}, {"key": "LUMINOSIDADE_NATURAL", "text": "Janelas grandes", "value": "SIM", "optional": false}, {"key": "VISTA_LIVRE", "text": "Vista livre", "value": "SIM", "optional": false}, {"key": "RUA_SILENCIOSA", "text": "Rua silenciosa", "value": "SIM", "optional": false}], "practicalityCommodities": [{"key": "BOX", "text": "Box", "value": "SIM", "optional": false}, {"key": "ARMARIOS_EMBUTIDOS_NO_QUARTO", "text": "Arm\u00e1rios no quarto", "value": "SIM", "optional": false}, {"key": "ARMARIOS_NOS_BANHEIROS", "text": "Arm\u00e1rios no banheiro", "value": "SIM", "optional": false}, {"key": "ARMARIOS_NA_COZINHA", "text": "Arm\u00e1rios na cozinha", "value": "SIM", "optional": false}, {"key": "CHUVEIRO_A_GAS", "text": "Chuveiro a g\u00e1s", "value": "NAO", "optional": false}, {"key": "FOGAO_INCLUSO", "text": "Fog\u00e3o", "value": "NAO", "optional": false}, {"key": "GELADEIRA_INCLUSO", "text": "Geladeira", "value": "NAO", "optional": false}, {"key": "CHUVEIRO_ELETRICO", "text": "Chuveiro el\u00e9trico", "value": "NAO", "optional": false}, {"key": "MICROONDAS", "text": "Microondas", "value": "NAO", "optional": false}, {"key": "SOFA", "text": "Sof\u00e1", "value": "NAO", "optional": false}, {"key": "MAQUINA_DE_LAVAR", "text": "M\u00e1quina de lavar", "value": "NAO", "optional": false}, {"key": "TANQUE", "text": "Tanque", "value": "SIM", "optional": false}, {"key": "REDE_DE_PROTECAO", "text": "Tela nas janelas", "value": "NAO", "optional": false}, {"key": "VARAL_DE_ROUPAS", "text": "Varal de roupas", "value": "NAO", "optional": false}, {"key": "TOMADAS_NOVAS", "text": "Tomadas 3 pinos", "value": "NAO", "optional": false}, {"key": "TELEVISAO", "text": "Televis\u00e3o", "value": "NAO", "optional": false}, {"key": "MESAS_E_CADEIRAS_DE_JANTAR", "text": "Mesas e cadeiras de jantar", "value": "NAO", "optional": false}, {"key": "CHURRASQUEIRA", "text": "Churrasqueira", "value": "NAO", "optional": false}, {"key": "ACESSO_SEM_DEGRAUS", "text": "Acesso sem degraus", "value": "NAO", "optional": false}, {"key": "COOKTOP", "text": "Fog\u00e3o cooktop", "value": "NAO", "optional": false}, {"key": "UTENSILIOS_DE_COZINHA", "text": "Utens\u00edlios de cozinha", "value": "NAO", "optional": false}, {"key": "CAMA_DE_CASAL", "text": "Cama de casal", "value": "NAO", "optional": false}, {"key": "CAMA_DE_SOLTEIRO", "text": "Cama de solteiro", "value": "NAO", "optional": false}, {"key": "ESPELHO_NO_BANHEIRO", "text": "Espelho no banheiro", "value": "NAO", "optional": false}, {"key": "FECHADURA_ELETRONICA", "text": "Fechadura eletr\u00f4nica", "value": "NAO", "optional": false}, {"key": "ENERGIA", "text": "Energia no im\u00f3vel", "value": "NAO", "optional": false}], "area": 112, "installations": [{"key": "PLAYGROUND", "text": "Playground", "value": "NAO"}, {"key": "PISCINA", "text": "Piscina", "value": "NAO"}, {"key": "CHURRASQUEIRA", "text": "Churrasqueira", "value": "NAO"}, {"key": "QUADRA_ESPORTIVA", "text": "Quadra esportiva", "value": "NAO"}, {"key": "ACADEMIA", "text": "Academia", "value": "NAO"}, {"key": "SALAO_DE_FESTAS", "text": "Sal\u00e3o de festas", "value": "SIM"}, {"key": "SAUNA", "text": "Sauna", "value": "NAO"}, {"key": "LAVANDERIA_NO_PREDIO", "text": "Lavanderia no pr\u00e9dio", "value": "NAO"}, {"key": "GAS_ENCANADO", "text": "G\u00e1s encanado", "value": "NAO"}, {"key": "ESPACO_GOURMET_NA_AREA_COMUM", "text": "Espa\u00e7o gourmet na \u00e1rea comum", "value": "NAO"}, {"key": "BRINQUEDOTECA", "text": "Brinquedoteca", "value": "NAO"}, {"key": "CORRIMAO", "text": "Corrim\u00e3o", "value": "SIM"}, {"key": "PISO_TATIL", "text": "Piso t\u00e1til", "value": "NAO"}, {"key": "RAMPAS_DE_ACESSO", "text": "Rampas de acesso", "value": "SIM"}, {"key": "SALAO_DE_JOGOS", "text": "Sal\u00e3o de jogos", "value": "NAO"}, {"key": "VAGA_DE_GARAGEM_ACESSIVEL", "text": "Vaga de garagem acess\u00edvel", "value": "SIM"}, {"key": "AREA_VERDE", "text": "\u00c1rea verde", "value": "SIM"}, {"key": "Elevador", "value": "SIM"}, {"key": "Porteiro24H", "value": "SIM"}], "rentPrice": 5000, "condoPrice": 1454, "condoType": "Normal", "region": {"name": "Moema", "hub": {"loading": "UNSET", "enabled": false, "abSecretariat": false, "isPrimaryMarket": false}, "id": 46}, "type": "Apartamento", "iptuType": "Normal", "totalCost": 6860, "parkingSpaces": 1, "address": {"street": "Avenida Rouxinol", "neighborhood": "Moema", "city": "S\u00e3o Paulo", "zipCode": "04516-000", "stateName": "S\u00e3o Paulo", "stateAcronym": "SP", "lat": -23.6029956, "lng": -46.6713478, "countryName": "Brasil", "countryCode": "BR", "country": "Brasil"}, "floor": 12, "homeProtection": 64, "remarks": "", "acceptsPets": true, "hasFurniture": false, "isNearSubway": true, "placesNearby": [{"name": "DeRose Method Moema", "type": "UNIVERSITY_OR_COLLEGE", "slug": "derose-method-moema-moema-sao-paulo-sp"}, {"name": "Atelier Hideko Honma", "type": "MUSEUM_THEATRE_OR_CONCERT_HALL", "slug": "atelier-hideko-honma-moema-sao-paulo-sp"}, {"name": "Universidade Anhembi-Morumbi", "type": "SCHOOL", "slug": "universidade-anhembi-morumbi-vila-olimpia-sao-paulo-sp"}, {"name": "Insper", "type": "UNIVERSITY_OR_COLLEGE", "slug": "insper-vila-olimpia-sao-paulo-sp"}, {"name": "CONSA - Col\u00e9gio Franciscano N. S. Aparecida", "type": "SCHOOL", "slug": "consa-colegio-franciscano-n-s-aparecida-moema-sao-paulo-sp"}, {"name": "Col\u00e9gio da Companhia de Maria", "type": "SCHOOL", "slug": "colegio-da-companhia-de-maria-vila-nova-conceicao-sao-paulo-sp-brasil"}, {"name": "FMU", "type": "UNIVERSITY_OR_COLLEGE", "slug": "fmu-vila-nova-conceicao-sao-paulo-sp-brasil"}, {"name": "Eucaliptos", "type": "ESTACAO_METRO_OU_TREM", "slug": "estacao-eucaliptos-sao-paulo-sp"}, {"name": "Shopping Ibirapuera", "type": "SHOPPING_MALL", "slug": "shopping-ibirapuera-indianopolis-sao-paulo-sp"}, {"name": "Pra\u00e7a Pereira Coutinho", "type": "PARK_OR_GREEN_AREA", "slug": "praca-pereira-coutinho-vila-nova-conceicao-sao-paulo-sp-brasil"}, {"name": "Grupo Escolar Martim Francisco", "type": "SCHOOL", "slug": "grupo-escolar-martim-francisco-vila-nova-conceicao-sao-paulo-sp-brasil"}, {"name": "DeRose Method Vila Nova Concei\u00e7\u00e3o", "type": "UNIVERSITY_OR_COLLEGE", "slug": "derose-method-vila-nova-conceicao-vila-nova-conceicao-sao-paulo-sp"}, {"name": "Diko Pataca", "type": "SCHOOL", "slug": "diko-pataca-brooklin-sao-paulo-sp"}, {"name": "Hospital Evaldo Foz", "type": "HOSPITAL", "slug": "hospital-evaldo-foz-sao-paulo-sp-brasil"}, {"name": "DeRose Method Vila Ol\u00edmpia", "type": "UNIVERSITY_OR_COLLEGE", "slug": "derose-method-vila-olimpia-vila-olimpia-sao-paulo-sp"}, {"name": "Centro Cultural Banco do Brasil", "type": "MUSEUM_THEATRE_OR_CONCERT_HALL", "slug": "centro-cultural-banco-do-brasil-moema-sao-paulo-sp"}, {"name": "Escola Louren\u00e7o Castanho", "type": "SCHOOL", "slug": "escola-lourenco-castanho-vila-nova-conceicao-sao-paulo-sp-brasil"}, {"name": "Hospital Moriah", "type": "HOSPITAL", "slug": "hospital-moriah-moema-sao-paulo-sp"}, {"name": "Shopping Vila Ol\u00edmpia", "type": "SHOPPING_MALL", "slug": "shopping-vila-olimpia-vila-olimpia-sao-paulo-sp"}, {"name": "Espa\u00e7o Daniel Borges", "type": "UNIVERSITY_OR_COLLEGE", "slug": "espaco-daniel-borges-moema-sao-paulo-sp"}], "photos": [{"id": 35825185, "subtitle": "Sala", "url": "893972929-901.4589377680265CFA3B75FAA4EB9B0EE7C2AFE33EF68.jpeg", "cover": true}, {"id": 35825187, "subtitle": "Sala", "url": "893972929-103.215412228175429A50B97E3C4548748800903974CE5476.jpeg", "cover": false}, {"id": 35825188, "subtitle": "Sala", "url": "893972929-550.415234006239856DBDE52EA0E4968973C1E2D02D4816B.jpeg", "cover": false}, {"id": 35825189, "subtitle": "Sala", "url": "893972929-226.954991647823459D5D29275B348DE999BDA55FDE6694F.jpeg", "cover": false}, {"id": 35825190, "subtitle": "Sala", "url": "893972929-842.799900904909D3DF783F5D2943A7A6236BA390FFFC2E.jpeg", "cover": false}, {"id": 35825192, "subtitle": "Sala", "url": "893972929-407.59037342063621A4D2A9A9F6048BC94222511DB83F44A.jpeg", "cover": false}, {"id": 35825191, "subtitle": "Vista", "url": "893972929-302.2845740985569637A827FE22D4AD7AD2A0F1105F6A18C.jpeg", "cover": false}, {"id": 35825194, "subtitle": "Quarto 1", "url": "893972929-526.638244771571187D8C143A9A43178BAEBDAD0BF5A834.jpeg", "cover": false}, {"id": 35825193, "subtitle": "Quarto 1", "url": "893972929-768.3034248592559A033C30A703C4CD9B431E3FF9295DB71.jpeg", "cover": false}, {"id": 35825195, "subtitle": "Quarto 1", "url": "893972929-737.77680646806473A4B7B203FB842F0A51598502A8D20A2.jpeg", "cover": false}, {"id": 35825250, "subtitle": "Quarto 1", "url": "893972929-853.22790397943D2715D5E31794FF3A3DE19BB92329A17.jpeg", "cover": false}, {"id": 35825196, "subtitle": "Vista", "url": "893972929-743.63826420196788C75DDB22CC84C73867B271277873752.jpeg", "cover": false}, {"id": 35825197, "subtitle": "Quarto 2", "url": "893972929-649.8876771031962E963749F99CE459FB53CDD34FC423843.jpeg", "cover": false}, {"id": 35825198, "subtitle": "Quarto 2", "url": "893972929-410.8054597683892F8E15AC8F691495483A32EAFBE8CABC9.jpeg", "cover": false}, {"id": 35825199, "subtitle": "Quarto 2", "url": "893972929-447.6345491495103BFAF707CB4C64C4FAF6FCAC27590DCC7.jpeg", "cover": false}, {"id": 35825200, "subtitle": "Quarto 2", "url": "893972929-943.94882382948579AFB9D3CDFB9493BA853F0B8B339A069.jpeg", "cover": false}, {"id": 35825201, "subtitle": "Quarto 2", "url": "893972929-914.18738214768896EB874234F1B462DA841ACCDF6EB27B6.jpeg", "cover": false}, {"id": 35825202, "subtitle": "Vista", "url": "893972929-677.6132970056387D4719236CD540708AD5B2F78B29A7B0.jpeg", "cover": false}, {"id": 35825204, "subtitle": "Banheiro", "url": "893972929-933.6103622067435F80B55B921F1497C9A37AFC3408742B8.jpeg", "cover": false}, {"id": 35825205, "subtitle": "Banheiro", "url": "893972929-403.170782207792949D24A7422D3496C9DEDAB15581F49B7.jpeg", "cover": false}, {"id": 35825207, "subtitle": "Banheiro", "url": "893972929-433.19614756917946BBB37E7FCA834994A6EED9A866027A21.jpeg", "cover": false}, {"id": 35825210, "subtitle": "Banheiro", "url": "893972929-182.56358228084335C69F00807DCB4FD9BF85942FACAF4F72.jpeg", "cover": false}, {"id": 35825213, "subtitle": "Banheiro", "url": "893972929-957.83880872369728F303BB4EE124DBE8153A5B91E6D410E.jpeg", "cover": false}, {"id": 35825215, "subtitle": "Cozinha", "url": "893972929-673.9832352944668E58C80EDE4604A7C995F53A0325680FA.jpeg", "cover": false}, {"id": 35825233, "subtitle": "Cozinha", "url": "893972929-783.30223672501470608AE3609664D559ACF1D8CB4A0F004.jpeg", "cover": false}, {"id": 35825236, "subtitle": "Cozinha", "url": "893972929-446.943609406917D7BCB04F9F154001A3C4DD618233BC70.jpeg", "cover": false}, {"id": 35825240, "subtitle": "Cozinha", "url": "893972929-996.493887424411E8F7BCB8D76D4D2687BEDE6E15173624.jpeg", "cover": false}, {"id": 35825243, "subtitle": "Cozinha", "url": "893972929-640.496847459070164C35922AB4048EDAA8356D0A1D16DBA.jpeg", "cover": false}, {"id": 35825246, "subtitle": "\u00c1rea de Servi\u00e7o", "url": "893972929-157.88586664236982426B995AA1FB4CA5B74FA808DB6B74C5.jpeg", "cover": false}, {"id": 35825254, "subtitle": "\u00c1rea de Servi\u00e7o", "url": "893972929-109.351990002606989F7A44F9546D4619B41681DA681D0F7C.jpeg", "cover": false}, {"id": 35825256, "subtitle": "\u00c1rea de Servi\u00e7o", "url": "893972929-485.81884375445711A11AF11CE1D4CB2B1826733225BD634.jpeg", "cover": false}, {"id": 35825259, "subtitle": "\u00c1rea de Servi\u00e7o", "url": "893972929-641.560496931554791D3622F46C440CDA755E8FDCC9FFC0F.jpeg", "cover": false}, {"id": 35825261, "subtitle": "Vista", "url": "893972929-509.48760070452204CD0BFE25EF4C4705AC5F8086497C524E.jpeg", "cover": false}, {"id": 35825264, "subtitle": "Quarto de Servi\u00e7o", "url": "893972929-528.06196466185166E572C86A68D4022AB732FAAB1C9C99E.jpeg", "cover": false}, {"id": 35826763, "subtitle": "Quarto de Servi\u00e7o", "url": "893972929-218.09938507243976D80DA3D2E0774E9B9482A089BE731267.jpeg", "cover": false}, {"id": 35825266, "subtitle": "Quarto de Servi\u00e7o", "url": "893972929-980.5958027825443259A70FCDFD48B6955896818AAA31BF.jpeg", "cover": false}, {"id": 35825269, "subtitle": "Quarto de Servi\u00e7o", "url": "893972929-358.9422726656888B6E2705B1F78449FA99EA1A423BC3B97.jpeg", "cover": false}, {"id": 35825272, "subtitle": "Quarto de Servi\u00e7o", "url": "893972929-853.7558352198993203EDFDC2B0544F890936C0F01B6F791.jpeg", "cover": false}, {"id": 35825275, "subtitle": "Banheiro de servi\u00e7o", "url": "893972929-327.7655258624784DD4E5FA6D6554355B66D94DA4BB09483.jpeg", "cover": false}, {"id": 35825277, "subtitle": "Banheiro de servi\u00e7o", "url": "893972929-391.370319804434885A34ABFB88B4DB688D17CDF6FA999D8.jpeg", "cover": false}, {"id": 35825280, "subtitle": "Banheiro de servi\u00e7o", "url": "893972929-831.2548969428736D802CB5D1F764AF39BC155873617530C.jpeg", "cover": false}, {"id": 35825284, "subtitle": "Banheiro de servi\u00e7o", "url": "893972929-529.3729590088674487C1D691AA04FD5BD0D0A8D101E4DAC.jpeg", "cover": false}, {"id": 35825292, "subtitle": "Banheiro de servi\u00e7o", "url": "893972929-110.49155142388089D769BDBC20394376BB7022796A8BE3CE.jpeg", "cover": false}, {"id": 35825287, "subtitle": "Hall", "url": "893972929-501.6783565551441502AD07A250984BBA8E79D9C1C96EF270.jpeg", "cover": false}, {"id": 35825290, "subtitle": "Sal\u00e3o de Festas", "url": "893972929-507.5221672752195CB8F6500A145475DA8CCD5BCFD14055B.jpeg", "cover": false}, {"id": 35825294, "subtitle": "Sal\u00e3o de Festas", "url": "893972929-349.33167645966523A3FEF3A3BE6E447E951EAD46F59B65CD.jpeg", "cover": false}, {"id": 35825296, "subtitle": "\u00c1rea externa", "url": "893972929-377.71686549270661527B50A4EC74E478AF124BAA6E03976.jpeg", "cover": false}, {"id": 35825297, "subtitle": "Fachada", "url": "893972929-665.7302792427594D49ACCE400940E3BDFCDBB1A4B35A70.jpeg", "cover": false}, {"id": 35825299, "subtitle": "Fachada", "url": "893972929-672.3141672179459B8FD6EF25E4432692A54305E35F603C.jpeg", "cover": false}], "photosCategorizedByRooms": [], "relevantRegions": [], "photospheres": [], "specialConditions": ["Exclusivity"], "offers": {"closingRate": 0, "shouldHighlightIcon": true, "shouldShowOfferDialog": false, "shouldShowOffers": false, "summary": []}, "status": "publicado", "showUrlHasBeenCopiedSnackbar": false, "isGalleryModalOpen": false, "error": false, "loaded": true, "loading": false, "loadingCategorizedRooms": false, "selectedMedia": "tenant/HouseMedia/PHOTOS", "video": "", "promotions": [], "condominium": {"hashId": "ndv7swe3ed", "name": "Julia Maria", "slug": "julia-maria-vila-uberabinha-sao-paulo", "address": "Av. Rouxinol"}, "forRent": true, "forSale": true, "salePrice": 1200000, "mortgageFirstInstallment": 0, "listings": [{"imovelId": 893972929, "businessContext": "SALE", "status": "publicado", "firstPublicationDate": "2023-02-26T01:22:46.000+0000", "lastPublicationDate": "2023-02-26T01:22:46.000+0000", "ownership": "STANDARD"}, {"imovelId": 893972929, "businessContext": "RENT", "status": "publicado", "firstPublicationDate": "2023-02-26T01:22:46.000+0000", "lastPublicationDate": "2023-02-26T01:22:46.000+0000", "listingRentModel": {"listingBusinessContextId": 1481317, "rentalAdministrator": "QUINTOANDAR"}, "ownership": "STANDARD"}], "listingTags": [], "businessContext": "", "regionParameters": {"loaded": false, "loading": false, "RENT": {"visitsEnabled": true, "talkToAgentEnabled": false}, "SALE": {"visitsEnabled": true, "talkToAgentEnabled": false}}, "houseAgent": {"isDialogOpen": false, "alreadyOpenedByQueryParam": false}, "tenantServiceFee": 129, "closingStatus": {"loading": false}, "rentalGuarantee": {"minValue": 1250, "maxValue": 3750}, "reservationAvailability": null, "isPrimaryMarket": false, "macroRegion": {"id": 2720, "name": "SPO 06"}, "suites": 0, "allowsCustomOffer": true, "displayCustomOfferPreference": true, "houseVisitStatus": "ACCEPT_NEW", "visitStatusReason": null, "visitsUnavailable": false, "isReserved": false, "allowDirectOffer": true, "lastPublishedDate": "2023-02-26T01:22:46.000Z", "listingPublication": "not_stranded", "rentOnTermination": false, "constructionYear": null, "categories": []}, "markers": {"lat": -23.6029956, "lng": -46.6713478}, "talkToAgent": {"dialog": {"open": false, "questionType": null, "question": ""}, "agentSupport": {}, "error": null, "autoSubmit": false, "loading": false, "submitting": false, "success": false, "hasLoadedAgentInfo": false, "agent": null, "hasLoadedAgentsInRegion": false, "agentsInRegion": null}}}}, "__N_SSP": true}, "page": "/imovel/[houseId]/[[...slug]]", "query": {"houseId": "893972929", "slug": ["alugar", "apartamento-2-quartos-moema-sao-paulo"]}, "buildId": "gCr3Bg2lYzV9hxZqGibIQ", "runtimeConfig": {"NEXT_PUBLIC_HOME_ADVERTISING_BANNER": "coupon"}, "isFallback": false, "dynamicIds": [61847, 31265, 66435, 77453, 87356, 60899, 41103, 3232, 33207, 72227, 40072, 39327, 19904, 96827], "gssp": true, "customServer": true, "appGip": true, "locale": "pt-BR", "locales": ["pt-BR", "es-MX"], "defaultLocale": "pt-BR", "domainLocales": [{"domain": "www.quintoandar.com.br", "defaultLocale": "pt-BR"}, {"domain": "www.benvi.mx", "defaultLocale": "es-MX"}], "scriptLoader": []}